asset_id,display_name,current_status,binary_result,previous_strict_status,changed_from_previous_submission,expected_body_family,global_body_template_risk,near_identical_silhouette_neighbors,body_plan,torso,head,eyes,legs_wings_appendages,rear_tail_flukes,signature_traits,current_assessment_and_required_fix,filename,width,height,mode,sha256,previous_sha256
Aardvark,Aardvark,FAIL,FAIL,FAIL,True,Unusual African mammals,HIGH,,FAIL,FAIL,FAIL,PASS,FAIL,FAIL,FAIL,The current animal is still a generic hoofed/rabbit-like quadruped. Rebuild the torso with an arched back and low shoulders; lengthen the tubular snout; enlarge the ears; add heavy digging forelimbs with claws; and replace the thin tail with a thick tapering aardvark tail.,Aardvark.png,440,440,RGBA,70eb2ea56791cea584d3ce302c777d0e8bd8f53eddda6272cf55289b0d4ffe69,def503f353511e828047c30463a5d7b425af325c0673b1af85872987d637246e
Abalone,Abalone,PASS,PASS,PASS,True,Gastropods,LOW,,PASS,PASS,PASS,PASS,PASS,PASS,PASS,PASS — Leave alone at the current stylized resolution. Major body regions and defining silhouette are sufficiently represented.,Abalone.png,440,440,RGBA,090323a519a8409b61444defe221193bced4d988a90c526be10bf82829f3f5d2,1ff811aca9ae33b2dbee083ce93e531543e5cc5fb28ff21a2fe3f7be2b40e622
African_Elephant,African Elephant,HOLD,FAIL,HOLD,True,Elephants and relatives,MEDIUM,,PASS,POLISH,POLISH,PASS,POLISH,POLISH,"Broad family anatomy is usable, but the portrait still shares simplified global body templates and should retain stronger species markers.","Differentiate more strongly from Asian Elephant: larger ears, more concave back, heavier body. Use correct insect anatomy: distinct head/thorax/abdomen, six articulated legs, correct wing count and attachment, antennae, mouthparts and species-specific shell/body proportions.",African_Elephant.png,440,440,RGBA,5ce5e90a4801cd48867c272fe2f1a6f962e2f24ca3ad44032f473d17166a6ed6,b3971439341ed10ca90408fbf358b7202ccb02de34594c0d59bb75428a3bbdce
African_Wild_Dog,African Wild Dog,FAIL,FAIL,FAIL,True,Dogs and dog-like mammals,HIGH,,FAIL,FAIL,FAIL,PASS,FAIL,FAIL,FAIL,"The coat pattern and large ears read, but the body is still a straight-legged hoofed ungulate. Use a lean canid chest, digitigrade legs and paws, canine muzzle, sloped abdomen, and a full brush tail.",African_Wild_Dog.png,440,440,RGBA,5d6c3ec14bbca403c8c9da9b40e116ac871fcd1934072a966f6c50e3209ea8cf,d4e64ee2bd1b988182f416ee80fd238699c67e2c01fb4ebc34e4c81681139dc3
Agama,Agama,FAIL,FAIL,HOLD,True,Medium and small lizards,MEDIUM,,PASS,POLISH,POLISH,POLISH,POLISH,POLISH,"Broad family anatomy is usable, but the portrait still shares simplified global body templates and should retain stronger species markers.","The blue-green color and dorsal spines suggest a fantasy lizard more than an agama. Use a low, broad lizard torso, four clearly articulated splayed legs, triangular agama head, long tapering tail, and species-appropriate crest/color zones.",Agama.png,440,440,RGBA,6b34486186d6fe54237decb79d6f68ac305e3e979e385e4c212244a5d9f5d8f2,b8c2ce3a3ab9035a8df5266bfc4837bcacc92b35880127e74a0efb94a29c9002
Agouti,Agouti,HOLD,FAIL,HOLD,True,Rodents,MEDIUM,,PASS,POLISH,POLISH,POLISH,POLISH,POLISH,"Broad family anatomy is usable, but the portrait still shares simplified global body templates and should retain stronger species markers.","No critical routing, clipping, eye, or life-stage issue found in the full-size visual pass. Recognizable within the established stylized family language. Verify rodent/lagomorph skull, incisors/muzzle, fore/hind foot proportions, body posture and tail; several currently inherit the rabbit-like template.",Agouti.png,440,440,RGBA,3dc9ea55041aaa902f1368d8104fcea51fe27339c72aa67286a39948745f4473,f56281cceb3864a8928485ea5cff521428a5d0f752a6463451a3343626d1b810
Albatross,Albatross,FAIL,FAIL,FAIL,True,Seabirds,HIGH,,FAIL,FAIL,FAIL,PASS,FAIL,FAIL,FAIL,"The image is a compact generic bird with a long tail. An albatross needs an oceanic seabird body, very long narrow wings, short tail, large hooked/tubular bill, and webbed feet.",Albatross.png,440,440,RGBA,3951012b6223c54ae7b1acc63593aa2f719714572da13d6105c60252996de305,62d380f69641125b065b16acf138b069394afabe3c9de1bedd749c13d392e9b6
Alligator,Alligator,FAIL,FAIL,FAIL,True,Crocodilians,HIGH,,FAIL,FAIL,FAIL,PASS,FAIL,FAIL,FAIL,"The body remains a narrow lizard. Widen and flatten the torso, add a broad U-shaped snout, strong splayed limbs, dorsal scutes, and a thick muscular tail.",Alligator.png,440,440,RGBA,b6194a9a7aa0c6cdbc488f6e25457e4b503a9d4d2992c39a8d22273003e1a494,7c078afddc082ea5c1aaf78967ba28e1328d86dfbe17eb4cc0090eb9fb6bea73
Alligator_Lizard,Alligator Lizard,HOLD,FAIL,HOLD,True,Specialized lizards,MEDIUM,,PASS,POLISH,POLISH,POLISH,POLISH,POLISH,"Broad family anatomy is usable, but the portrait still shares simplified global body templates and should retain stronger species markers.","No critical routing, clipping, eye, or life-stage issue found in the full-size visual pass. Recognizable within the established stylized family language. Verify skull/head profile, limb state, body thickness, scale texture, tail and any crest/frill/horn; do not rely on color alone.",Alligator_Lizard.png,440,440,RGBA,769727550dbeb8696c8f2a63840dff4045dc9ff9252bf946158d56482cd561a1,38d6fb8a37919cbdde203478bd57c2463a4765d59843c897347fec6791dd1f45
Alpaca,Alpaca,PASS,PASS,FAIL,True,Camels,HIGH,,PASS,PASS,PASS,PASS,PASS,PASS,PASS,"The current long-necked, woolly camelid silhouette, small head, upright ears and compact legs are sufficiently recognizable at this stylized scale.",Alpaca.png,440,440,RGBA,c03abde175b913ed686746c6405439441032295273abe929d34b0f79e7071206,76238edbee977e9722c4080cee7018bc23504463fc75cf284325ca68faf52b2a
Alpine_Salamander,Alpine Salamander,PASS,PASS,FAIL,True,Salamanders,HIGH,,PASS,PASS,PASS,PASS,PASS,PASS,PASS,"The low salamander body, four splayed limbs and dark coloration are sufficiently readable; leave the current stylized form alone.",Alpine_Salamander.png,440,440,RGBA,c1212554b185c82cfd88285abd907dfe21d461c1a4a955e316d1f87e4f576f62,de7c54054dd24fc10d99a46214a8ac373cb2442f1f1da445c8138e9a7c08d5fe
Amphipod,Amphipod,HOLD,FAIL,HOLD,True,Ice and cave insects,MEDIUM,,PASS,POLISH,POLISH,POLISH,POLISH,POLISH,"Broad family anatomy is usable, but the portrait still shares simplified global body templates and should retain stronger species markers.","No critical routing, clipping, eye, or life-stage issue found in the full-size visual pass. Recognizable within the established stylized family language. Use correct insect anatomy: distinct head/thorax/abdomen, six articulated legs, correct wing count and attachment, antennae, mouthparts and species-specific shell/body proportions.",Amphipod.png,440,440,RGBA,858c1603aa6e8ecc8a4f1d2c7c554fa0764b70950c08b74d6d8638ab66e923fe,33051489e2e5b207191da5ccec388cb77ebe9ff514229451d88346f7f3b93bf1
Anaconda,Anaconda,HOLD,FAIL,HOLD,True,Constricting snakes,HIGH,Whip_Snake,PASS,POLISH,POLISH,POLISH,POLISH,POLISH,"Broad family anatomy is usable, but the portrait still shares simplified global body templates and should retain stronger species markers.","No critical routing, clipping, eye, or life-stage issue found in the full-size visual pass. Recognizable within the established stylized family language. Verify skull/head profile, limb state, body thickness, scale texture, tail and any crest/frill/horn; do not rely on color alone.",Anaconda.png,440,440,RGBA,0690989b62ce2a69a4475f9328496510f82919039323e30bad593ad95f48a92c,99942b6487b7ea119cca972973a9a494c26e9f67591208afab51027bf87eddb2
Anchovy,Anchovy,HOLD,FAIL,HOLD,True,Schooling ocean fish,MEDIUM,,PASS,POLISH,POLISH,POLISH,POLISH,POLISH,"Broad family anatomy is usable, but the portrait still shares simplified global body templates and should retain stronger species markers.","No critical routing, clipping, eye, or life-stage issue found in the full-size visual pass. Recognizable within the established stylized family language. The portrait relies on a generic torpedo fish. Correct body depth, head/mouth position, dorsal/anal/pectoral fin shape, caudal fin, markings and any diagnostic appendage.",Anchovy.png,440,440,RGBA,9dda72e4f2dd977329980d61b24cc9e5c4a6085ecef9f1151412e8ae56a91980,693926de234c91d8bc76f75cfccbfbe5dfaa00c1ef20273e5e52eee28e661284
Angelfish,Angelfish,PASS,PASS,HOLD,True,Reef fish,MEDIUM,,PASS,PASS,PASS,PASS,PASS,PASS,PASS,"The deep laterally compressed body, tall dorsal/anal fins and trailing rays now clearly read as an angelfish.",Angelfish.png,440,440,RGBA,ff5e5b9da2fa4a183f3144f73166802fdaa44c3e428634af2c34a831a37b9ad5,ef2db5927387819acb45fecf8eecb0aa5c0b807e48d19f1bc8ce87aec5a98ca3
Anglerfish,Anglerfish,HOLD,FAIL,HOLD,True,Strange deep-sea fish,MEDIUM,,PASS,POLISH,POLISH,POLISH,POLISH,POLISH,"Broad family anatomy is usable, but the portrait still shares simplified global body templates and should retain stronger species markers.","No critical routing, clipping, eye, or life-stage issue found in the full-size visual pass. Recognizable within the established stylized family language. The portrait relies on a generic torpedo fish. Correct body depth, head/mouth position, dorsal/anal/pectoral fin shape, caudal fin, markings and any diagnostic appendage.",Anglerfish.png,440,440,RGBA,282b4fcf4bcada4b56039803522b5091097a6869c16d7c6341cad2b89c60d4d7,95c2521c4a45eefd92951001b8cda5fe33684c2c67ad479f537c42fb29dabc40
Anole,Anole,HOLD,FAIL,HOLD,True,Medium and small lizards,MEDIUM,,PASS,POLISH,POLISH,POLISH,POLISH,POLISH,"Broad family anatomy is usable, but the portrait still shares simplified global body templates and should retain stronger species markers.","No critical routing, clipping, eye, or life-stage issue found in the full-size visual pass. Recognizable within the established stylized family language. Verify skull/head profile, limb state, body thickness, scale texture, tail and any crest/frill/horn; do not rely on color alone.",Anole.png,440,440,RGBA,301590958857d7670546c4e2e29958edc3faa381d05c9c523fc27a313942f1fd,ff83e5b73ad97206cd4c7cf7f95686c00560dce4c1a963b1437564d34c8093bd
Ant,Ant,HOLD,FAIL,HOLD,True,Insects,MEDIUM,,PASS,POLISH,POLISH,POLISH,POLISH,POLISH,"Broad family anatomy is usable, but the portrait still shares simplified global body templates and should retain stronger species markers.","No critical routing, clipping, eye, or life-stage issue found in the full-size visual pass. Recognizable within the established stylized family language. Use correct insect anatomy: distinct head/thorax/abdomen, six articulated legs, correct wing count and attachment, antennae, mouthparts and species-specific shell/body proportions.",Ant.png,440,440,RGBA,7e2a3e8183016194859bd68903558458dc4d165cc1ebf6a432ca3edaf5c6b42e,89e84b2f81c0d4df6950810490d946be2137d9d693f6f932ffba8819b8deb0d8
Antelope,Antelope,HOLD,FAIL,HOLD,True,Cattle and bovids,MEDIUM,,PASS,POLISH,POLISH,POLISH,POLISH,POLISH,"Broad family anatomy is usable, but the portrait still shares simplified global body templates and should retain stronger species markers.","No critical routing, clipping, eye, or life-stage issue found in the full-size visual pass. Recognizable within the established stylized family language. The ungulate base is usable, but the named species must have correct horn/antler geometry, neck, shoulder/croup mass, leg length, hooves, head and tail.",Antelope.png,440,440,RGBA,5675cba2f8f7a0a3a6e5a78f6cae99c2d1ffb48677012a55d6a0ab701437d9eb,d9e08092f77d78578522347bd2012f6f93e317b23cb0c417f34c73893a6c5e3d
Aphid,Aphid,HOLD,FAIL,HOLD,True,True bugs,HIGH,Black_Fly | Cicada | Cold-Adapted_Insect | Orchid_Bee | Termite | Thrips,PASS,POLISH,POLISH,POLISH,POLISH,POLISH,"Broad family anatomy is usable, but the portrait still shares simplified global body templates and should retain stronger species markers.","No critical routing, clipping, eye, or life-stage issue found in the full-size visual pass. Recognizable within the established stylized family language. Use correct insect anatomy: distinct head/thorax/abdomen, six articulated legs, correct wing count and attachment, antennae, mouthparts and species-specific shell/body proportions.",Aphid.png,440,440,RGBA,126638030493421a65926eaeccdbd35314745dd8d71bf448f10e7b57e085b7aa,c96a679532a4f60348ae884826f2fa54ce5d5b2d513ad01edc44f12b0ba37b16
Arapaima,Arapaima,HOLD,FAIL,HOLD,True,Predatory tropical freshwater fish,MEDIUM,,PASS,POLISH,POLISH,POLISH,POLISH,POLISH,"Broad family anatomy is usable, but the portrait still shares simplified global body templates and should retain stronger species markers.","No critical routing, clipping, eye, or life-stage issue found in the full-size visual pass. Recognizable within the established stylized family language. The portrait relies on a generic torpedo fish. Correct body depth, head/mouth position, dorsal/anal/pectoral fin shape, caudal fin, markings and any diagnostic appendage.",Arapaima.png,440,440,RGBA,09a4930c3c51b7a4c5111f1b247b4ab55aa6c0a5fc0d1e7eaeb5d9c221fcea0b,a1210baf8bfe220b52bb9864915a3840655a5944bf170c004bdce84a59890c0a
Archerfish,Archerfish,HOLD,FAIL,HOLD,True,Other or uncertain,MEDIUM,,PASS,POLISH,POLISH,POLISH,POLISH,POLISH,"Broad family anatomy is usable, but the portrait still shares simplified global body templates and should retain stronger species markers.","No critical routing, clipping, eye, or life-stage issue found in the full-size visual pass. Recognizable within the established stylized family language. Broad family routing may be usable, but Archerfish still needs an unlabeled silhouette check for body plan, head, eyes/sensory structures, appendages and rear/terminal anatomy.",Archerfish.png,440,440,RGBA,b62911fba7c21463fefff6bd20268474d68e0c7c2bec0be9e6a0803805e23ae9,cc5ab17598bc066c6be10b7c4b9a631b22f8643760f1d12c446062dde506c2b4
Arctic_Cod,Arctic Cod,HOLD,FAIL,HOLD,True,Fish,MEDIUM,,PASS,POLISH,POLISH,POLISH,POLISH,POLISH,"Broad family anatomy is usable, but the portrait still shares simplified global body templates and should retain stronger species markers.","No critical routing, clipping, eye, or life-stage issue found in the full-size visual pass. Recognizable within the established stylized family language. The portrait relies on a generic torpedo fish. Correct body depth, head/mouth position, dorsal/anal/pectoral fin shape, caudal fin, markings and any diagnostic appendage.",Arctic_Cod.png,440,440,RGBA,1a8c45890b1a776890e2df8fb803d06552016679a3faf5348d252f4def478166,7bd5df60eb3969d88ec5333a95f38b412996526e1f172c5cc32b5ec01cb302c2
Arctic_Fox,Arctic Fox,FAIL,FAIL,HOLD,True,Dogs and dog-like mammals,MEDIUM,,FAIL,FAIL,FAIL,FAIL,FAIL,FAIL,FAIL,"The white coat identifies the label, but the body remains a deer-like quadruped rather than a compact canid. Use a deep canine chest, digitigrade paws, short muzzle/ears adapted to cold and a full brush tail.",Arctic_Fox.png,440,440,RGBA,0154b793bd6ef35c0ef1a4505c3a37472824e77593fa6a2d4e2845933925adb0,b8b7dd3640c2759a43def16b91ab103d1e2f95a7a073b1df0d1cd605c7ae32a6
Arctic_Hare,Arctic Hare,HOLD,FAIL,HOLD,True,Lagomorphs,MEDIUM,,PASS,POLISH,POLISH,POLISH,POLISH,POLISH,"Broad family anatomy is usable, but the portrait still shares simplified global body templates and should retain stronger species markers.","No critical routing, clipping, eye, or life-stage issue found in the full-size visual pass. Recognizable within the established stylized family language. Verify rodent/lagomorph skull, incisors/muzzle, fore/hind foot proportions, body posture and tail; several currently inherit the rabbit-like template.",Arctic_Hare.png,440,440,RGBA,2ad4ae3d443257f474eff60b32f8df6b6afbaa21141f8da16f015e6bf5a027ec,1a7456bb0c55e966b6222f7f812374a57a4515b2c1ae2ffddbc8392cc4c69c70
Armadillo,Armadillo,PASS,PASS,PASS,True,Armadillos and relatives,LOW,,PASS,PASS,PASS,PASS,PASS,PASS,PASS,PASS — Leave alone at the current stylized resolution. Major body regions and defining silhouette are sufficiently represented.,Armadillo.png,440,440,RGBA,33cd5b904f7b6cce4b9ffd88b7fd7024ace137cb67d8ce54ffbd5d0fe43c3b70,82cb6c346f40c005ac0dfe20c7df8d85a1c48bc77b571f81f11bbad5126b2c23
Arowana,Arowana,HOLD,FAIL,HOLD,True,Predatory tropical freshwater fish,MEDIUM,,PASS,POLISH,POLISH,PASS,POLISH,POLISH,"Broad family anatomy is usable, but the portrait still shares simplified global body templates and should retain stronger species markers.","Add upturned mouth, long dorsal/anal fins, and larger metallic scales. The portrait relies on a generic torpedo fish. Correct body depth, head/mouth position, dorsal/anal/pectoral fin shape, caudal fin, markings and any diagnostic appendage.",Arowana.png,440,440,RGBA,64350675db3ab6ad1f607b70373f81fcf40f88b6f4f86a49d8b811e5e6d8494d,f180eeb2a1908d1cc292a2c5862fe7fbbcf5a4c6abf26dd62263257f55b22655
Asian_Elephant,Asian Elephant,HOLD,FAIL,HOLD,True,Elephants and relatives,MEDIUM,,PASS,POLISH,POLISH,PASS,POLISH,POLISH,"Broad family anatomy is usable, but the portrait still shares simplified global body templates and should retain stronger species markers.","Differentiate from African Elephant: smaller rounded ears, domed head, arched back. Use correct insect anatomy: distinct head/thorax/abdomen, six articulated legs, correct wing count and attachment, antennae, mouthparts and species-specific shell/body proportions.",Asian_Elephant.png,440,440,RGBA,f13d7bd7a83f0d9e3e870dc2a51a4629fbe0af710f1d53e0117abd4e0512f8b6,e31136c00d19f54a7d1e572a3f44c128dba89b178106e23e50412292e652b6ae
Auk,Auk,HOLD,FAIL,HOLD,True,Seabirds,MEDIUM,,PASS,POLISH,POLISH,PASS,POLISH,POLISH,"Broad family anatomy is usable, but the portrait still shares simplified global body templates and should retain stronger species markers.","Strengthen compact diving-bird body and short wings. The named bird relies too heavily on the shared side-bird template. Correct the bill, neck, body depth, wing length, leg type, tail and crest/display structures for the species.",Auk.png,440,440,RGBA,525f33b41fd86f198eee5d70570018f33ae614c0c49a1e73061f753cb12678bf,61eb6d6153c56326d8999f125b2c00e88d1e8aeaed402f78af3767233f83aa54
Avocet,Avocet,FAIL,FAIL,HOLD,True,Shorebirds,MEDIUM,,PASS,POLISH,POLISH,PASS,POLISH,POLISH,"Broad family anatomy is usable, but the portrait still shares simplified global body templates and should retain stronger species markers.","The current white wader has a straight yellow bill. Add the avocet’s very long upcurved black bill, black-and-white head/wing pattern, longer blue-gray legs, and more slender shorebird torso.",Avocet.png,440,440,RGBA,89e43c9fd6ad9223b3693e2066691468ee30891ab22a325961e9186a9fbcea42,c14e4bbbdf1b8ae62e93ef3d42fcc7dcd0ab67d88718b57be8b2de635733b06a
Axolotl,Axolotl,HOLD,FAIL,HOLD,True,Permanently aquatic amphibians,MEDIUM,,PASS,POLISH,POLISH,POLISH,POLISH,POLISH,"Broad family anatomy is usable, but the portrait still shares simplified global body templates and should retain stronger species markers.","No critical routing, clipping, eye, or life-stage issue found in the full-size visual pass. Recognizable within the established stylized family language. Broad family routing may be usable, but Axolotl still needs an unlabeled silhouette check for body plan, head, eyes/sensory structures, appendages and rear/terminal anatomy.",Axolotl.png,440,440,RGBA,9d72d1f988d41a33cf9c3fbfc5c784b4aacbec93c5e0215baba8038de3671b6f,29351b9849fcf0c13cdb3f09e613f7f4b577c6876f863a042165cba112391ba2
Aye-Aye,Aye Aye,HOLD,FAIL,HOLD,True,Other or uncertain,MEDIUM,,PASS,POLISH,POLISH,POLISH,POLISH,POLISH,"Broad family anatomy is usable, but the portrait still shares simplified global body templates and should retain stronger species markers.","The primate category reads, but the defining long middle finger, very large ears, bushy tail, elongated incisors/muzzle and skeletal hand proportions are not visible enough.",Aye-Aye.png,440,440,RGBA,85537f1a35ff7f19057a855bca3907c8d0524d9c7030108339a82b0b36edb73a,036247ebaf082c4fad80f1b954529e0761e18a3a576263be352aeec52365b76f
Baboon,Baboon,HOLD,FAIL,HOLD,True,Primates,MEDIUM,,PASS,POLISH,POLISH,POLISH,POLISH,POLISH,"Broad family anatomy is usable, but the portrait still shares simplified global body templates and should retain stronger species markers.","No critical routing, clipping, eye, or life-stage issue found in the full-size visual pass. Recognizable within the established stylized family language. Verify torso posture, arm/leg ratio, hands/feet, face shape and tail state for the named primate.",Baboon.png,440,440,RGBA,1d668554d07264dd0058dda27ce45694bf14c12a9738ee8fad673f0a214f7980,b80ae4c06f89b888bd04ca489a4e4f70d9e675b35a46d27e6aee43e56f70ef66
Bactrian_Camel,Bactrian Camel,FAIL,FAIL,FAIL,True,Camels,HIGH,,FAIL,FAIL,FAIL,PASS,FAIL,FAIL,FAIL,"Two humps are present, but they sit on a deer/horse scaffold. Rebuild with a long curved camelid neck and head, deep chest, padded two-toed feet, integrated humps, and a shorter tufted tail.",Bactrian_Camel.png,440,440,RGBA,0c126dc2cb110bd870402ab976bfb06c22bba84ab0806030f51c30ef5cb31ff5,0a3ace8887a53ae19721584c21c625ac9df16adccf3c9e1a845fb49e5d95e902
Badger,Badger,HOLD,FAIL,HOLD,True,Weasels and relatives,MEDIUM,,PASS,POLISH,POLISH,POLISH,POLISH,POLISH,"Broad family anatomy is usable, but the portrait still shares simplified global body templates and should retain stronger species markers.","No critical routing, clipping, eye, or life-stage issue found in the full-size visual pass. Recognizable within the established stylized family language. Use the correct low flexible carnivoran torso, pawed limbs, skull/muzzle, and species-specific tail instead of one shared long-body template.",Badger.png,440,440,RGBA,77a1a2e1b0d0cf32972152ac34704b183b12523086e8dcd993dc60573b195b78,55626180dc49fb32bbb19e2e6512d31e7a351a5823f1c4ac7e1288f8fbeb37d2
Banana_Slug,Banana Slug,HOLD,FAIL,HOLD,True,Gastropods,MEDIUM,,PASS,POLISH,POLISH,POLISH,POLISH,POLISH,"Broad family anatomy is usable, but the portrait still shares simplified global body templates and should retain stronger species markers.","No critical routing, clipping, eye, or life-stage issue found in the full-size visual pass. Recognizable within the established stylized family language. Broad family routing may be usable, but Banana Slug still needs an unlabeled silhouette check for body plan, head, eyes/sensory structures, appendages and rear/terminal anatomy.",Banana_Slug.png,440,440,RGBA,ecf9eee5be3e1c464455c6b9a0fb13f72796036d40c6afc68276141e987479b5,11015061ff2d0f67aee5b8817bb631e7240ac43f14036e03daeb5dfae226aad8
Banteng,Banteng,HOLD,FAIL,HOLD,True,Cattle and bovids,MEDIUM,,PASS,POLISH,POLISH,POLISH,POLISH,POLISH,"Broad family anatomy is usable, but the portrait still shares simplified global body templates and should retain stronger species markers.","No critical routing, clipping, eye, or life-stage issue found in the full-size visual pass. Recognizable within the established stylized family language. The ungulate base is usable, but the named species must have correct horn/antler geometry, neck, shoulder/croup mass, leg length, hooves, head and tail.",Banteng.png,440,440,RGBA,23f6cd6e138d9b07598cae5319864177dd55c0d882acbde544866a5fdf1ab953,170553f18ea7caa9af59778b3b00016bc43435c94f14c609d80bc72fc146344f
Barnacle,Barnacle,HOLD,FAIL,HOLD,True,Ice and cave insects,MEDIUM,,PASS,POLISH,POLISH,POLISH,POLISH,POLISH,"Broad family anatomy is usable, but the portrait still shares simplified global body templates and should retain stronger species markers.","No critical routing, clipping, eye, or life-stage issue found in the full-size visual pass. Recognizable within the established stylized family language. Use correct insect anatomy: distinct head/thorax/abdomen, six articulated legs, correct wing count and attachment, antennae, mouthparts and species-specific shell/body proportions.",Barnacle.png,440,440,RGBA,e1fd95ec6681b69aed64d31ab2b6388cdd2ffd8cb766cd4e61a170e56803724c,1c02e404fab3d0260c3eb2f2e0841a597b2c51e80de4d514472e073e67c3a8d2
Barracuda,Barracuda,HOLD,FAIL,HOLD,True,Ocean predators,MEDIUM,,PASS,POLISH,POLISH,POLISH,POLISH,POLISH,"Broad family anatomy is usable, but the portrait still shares simplified global body templates and should retain stronger species markers.","No critical routing, clipping, eye, or life-stage issue found in the full-size visual pass. Recognizable within the established stylized family language. The portrait relies on a generic torpedo fish. Correct body depth, head/mouth position, dorsal/anal/pectoral fin shape, caudal fin, markings and any diagnostic appendage.",Barracuda.png,440,440,RGBA,c400ce79493e3d2e94fccad7f84edc64918f114be634c0a63c90aa65c3f2875f,05419e3e14588f477f3d968f5113029a4a0761f2e9a938cd94057b2d8296b033
Barreleye,Barreleye,PASS,PASS,PASS,True,Strange deep-sea fish,LOW,,PASS,PASS,PASS,PASS,PASS,PASS,PASS,PASS — Leave alone at the current stylized resolution. Major body regions and defining silhouette are sufficiently represented.,Barreleye.png,440,440,RGBA,9c035ebe58dc9a6757b8095d3838e54669fff02615e3cd76309c61ccab625e1e,200370d1d11c33076d9a7c3bb77262a990d7dc8de25d73b56c3ce11fadc756f5
Basking_Shark,Basking Shark,PASS,PASS,PASS,True,Sharks,LOW,,PASS,PASS,PASS,PASS,PASS,PASS,PASS,PASS — Leave alone at the current stylized resolution. Major body regions and defining silhouette are sufficiently represented.,Basking_Shark.png,440,440,RGBA,1134ed987036ea1a9d784895a221d14d7156f9ace27e35ac357bfcf716cd2761,a20a353b277ae280b760fdac912144dc451515ae80debee9bc7709db0d5eb550
Bass,Bass,HOLD,FAIL,HOLD,True,Perch-like freshwater fish,MEDIUM,,PASS,POLISH,POLISH,POLISH,POLISH,POLISH,"Broad family anatomy is usable, but the portrait still shares simplified global body templates and should retain stronger species markers.","No critical routing, clipping, eye, or life-stage issue found in the full-size visual pass. Recognizable within the established stylized family language. The portrait relies on a generic torpedo fish. Correct body depth, head/mouth position, dorsal/anal/pectoral fin shape, caudal fin, markings and any diagnostic appendage.",Bass.png,440,440,RGBA,08fe633d81fe725f3609c5e19042c36f7a64db65d6f9ea98f040c03172026789,0664058e7a97f87a0d81e9bd7de8665fc1f58b126be2259122f7c89abbe7356b
Bat,Bat,HOLD,FAIL,HOLD,True,Flying mammals,MEDIUM,,PASS,POLISH,POLISH,POLISH,POLISH,POLISH,"Broad family anatomy is usable, but the portrait still shares simplified global body templates and should retain stronger species markers.","No critical routing, clipping, eye, or life-stage issue found in the full-size visual pass. Recognizable within the established stylized family language. Broad family routing may be usable, but Bat still needs an unlabeled silhouette check for body plan, head, eyes/sensory structures, appendages and rear/terminal anatomy.",Bat.png,440,440,RGBA,dfb1bcdf43e57e4079fccca25135d25f5fa2177385314660e23dd15649a7a95c,d9434bbf47da957c99f9e19ce24192b951abc314da719ed67a66b3f36f864993
Beaked_Whale,Beaked Whale,HOLD,FAIL,FAIL,False,Marine mammals,LOW,,POLISH,POLISH,POLISH,PASS,POLISH,POLISH,POLISH,"The long marine body and small beak are present, but the silhouette remains shark-like. Reduce the dorsal profile, clarify tail flukes and pectoral flippers, and shape the forehead/beak transition as a beaked whale.",Beaked_Whale.png,440,440,RGBA,fa0ec1dc3ec32ac9cea8fbe2b48571e7895a8d1c1eda49752cf6e947f7a1a2bc,fa0ec1dc3ec32ac9cea8fbe2b48571e7895a8d1c1eda49752cf6e947f7a1a2bc
Bear,Bear,FAIL,FAIL,FAIL,False,Bears,HIGH,,FAIL,FAIL,FAIL,PASS,FAIL,FAIL,FAIL,"The current body is a boxy pig/ungulate with stiff legs. Use a heavy plantigrade bear torso, broad shoulders, large paws, short tail, thick neck and ursid skull.",Bear.png,440,440,RGBA,aa3c46e57adb04da492bc206d4c27adbb15cc409795c67c4aaa447e068fc477a,aa3c46e57adb04da492bc206d4c27adbb15cc409795c67c4aaa447e068fc477a
Beaver,Beaver,HOLD,FAIL,HOLD,True,Rodents,MEDIUM,,PASS,POLISH,POLISH,POLISH,POLISH,POLISH,"Broad family anatomy is usable, but the portrait still shares simplified global body templates and should retain stronger species markers.","No critical routing, clipping, eye, or life-stage issue found in the full-size visual pass. Recognizable within the established stylized family language. Verify rodent/lagomorph skull, incisors/muzzle, fore/hind foot proportions, body posture and tail; several currently inherit the rabbit-like template.",Beaver.png,440,440,RGBA,66d310dbbd810208997adf5668df358bf4b614090e81df1290bc9234a65a8761,4c12c14c738051ebd657edf6709498fabc465468013b5ea99e71467171fd15ac
Bee,Bee,FAIL,FAIL,FAIL,True,Insects,HIGH,,FAIL,FAIL,FAIL,PASS,FAIL,FAIL,FAIL,"Current bead-like insect lacks two wing pairs, thorax/abdomen separation, six legs, and bee body hair. Use correct insect anatomy: distinct head/thorax/abdomen, six articulated legs, correct wing count and attachment, antennae, mouthparts and species-specific shell/body proportions.",Bee.png,440,440,RGBA,6bc3b2e57b37b13330f9da35daef19c6853ccd5504318d8dd352d62a74cd4670,0b0399d907a007fd9da89f0b4d7845346b107f201f6e4b3ded7cec12961f5bdc
Beetle,Beetle,HOLD,FAIL,HOLD,True,Insects,MEDIUM,,PASS,POLISH,POLISH,POLISH,POLISH,POLISH,"Broad family anatomy is usable, but the portrait still shares simplified global body templates and should retain stronger species markers.","No critical routing, clipping, eye, or life-stage issue found in the full-size visual pass. Recognizable within the established stylized family language. Use correct insect anatomy: distinct head/thorax/abdomen, six articulated legs, correct wing count and attachment, antennae, mouthparts and species-specific shell/body proportions.",Beetle.png,440,440,RGBA,54ebd7091e4a0cb0cc0779668f9593e80e696a6cfb922c47ec3c57a01382b905,64744cd6fe503d1969e189a4943033a15b45ffc7601f96eabc127ed682374097
Beluga,Beluga,HOLD,FAIL,HOLD,True,Marine mammals,HIGH,Narwhal | Right_Whale | Sperm_Whale,PASS,POLISH,POLISH,POLISH,POLISH,POLISH,"Broad family anatomy is usable, but the portrait still shares simplified global body templates and should retain stronger species markers.","No critical routing, clipping, eye, or life-stage issue found in the full-size visual pass. Recognizable within the established stylized family language. Strengthen real marine-mammal proportions: streamlined body, species-correct rostrum/head, dorsal fin placement, pectoral flippers, peduncle and horizontal flukes.",Beluga.png,440,440,RGBA,c0df62fffba9bc9990348b99a95ebd23e75f8471677bfe42d2f4e4a095c63bb1,0cc86d857865bb6f6fe60a1642d95116dd9d70df16e2ca4267691624f6ce8091
Bison,Bison,FAIL,FAIL,HOLD,True,Cattle and bovids,MEDIUM,,PASS,POLISH,POLISH,PASS,POLISH,POLISH,"Broad family anatomy is usable, but the portrait still shares simplified global body templates and should retain stronger species markers.","The animal reads more like a sheep or long-bodied bovine. Add a dominant shoulder hump, massive shaggy forequarters, low head, short hindquarters, curved horns and a compact tail.",Bison.png,440,440,RGBA,f03ffb5981c2057ee02c257e0cba51cafa83316fe46dd23f25e932c01ebc6a1c,b19a0c31416bfe70fad42dc3329e06e0cef2b9b583115f7ae48887bed8a9de3d
Bittern,Bittern,HOLD,FAIL,HOLD,True,Herons and wetland birds,MEDIUM,,PASS,POLISH,POLISH,PASS,POLISH,POLISH,"Broad family anatomy is usable, but the portrait still shares simplified global body templates and should retain stronger species markers.","Use a long-necked cryptic heron silhouette rather than a generic compact bird. Keep the wader family but correct the exact bill geometry, neck length, leg/foot proportions, body depth and tail for the named species.",Bittern.png,440,440,RGBA,ee4ec8459657d98b4911c55da49a46ec3b3102ec5014a78e42a51c7ac2097af7,ecf7201b7aeee0b371176925fcb94b603196146cefc2f357c22de67a533d2070
Black_Bear,Black Bear,FAIL,FAIL,FAIL,True,Bears,HIGH,,FAIL,FAIL,FAIL,PASS,FAIL,FAIL,FAIL,"The dark coat is correct, but the body remains sheep/pig-like with hoofed-looking feet. Use a plantigrade bear scaffold with large paws, broad shoulders, short tail and a true bear head.",Black_Bear.png,440,440,RGBA,4676772a1a62e5a421a75a731d0b2add6fe8ae3d2fa0d200e7c49749cad42e97,4bcef068d4e0a92ef15633ba6669943a12aecccab552539a04b8c11b0cd4a543
Black_Fly,Black Fly,FAIL,FAIL,FAIL,True,Mosquitoes and midges,HIGH,Aphid | Cicada | Cold-Adapted_Insect | Orchid_Bee | Termite | Thrips,FAIL,FAIL,FAIL,FAIL,FAIL,FAIL,FAIL,"The image is a small black oval with wings but weak segmentation and legs. Show a compact fly head, thorax and abdomen, six articulated legs, short antennae and broad wings.",Black_Fly.png,440,440,RGBA,734e0f362f579a8ad0da254d9730ae14e03b75ba017c64d26d60d5a45a0b1b70,edf5151f6b49eca10e2e1e69a93e6882ed66c4779352d92a259ed35f6bef4ee3
Blenny,Blenny,HOLD,FAIL,HOLD,True,Reef fish,MEDIUM,,PASS,POLISH,POLISH,POLISH,POLISH,POLISH,"Broad family anatomy is usable, but the portrait still shares simplified global body templates and should retain stronger species markers.","No critical routing, clipping, eye, or life-stage issue found in the full-size visual pass. Recognizable within the established stylized family language. The portrait relies on a generic torpedo fish. Correct body depth, head/mouth position, dorsal/anal/pectoral fin shape, caudal fin, markings and any diagnostic appendage.",Blenny.png,440,440,RGBA,2efcafbdd873707aa9d7aa1a1effd82766110cd46958b22f50b221457531c69a,6c0d18eca10ab3355c7b4c005df1d8849f53275a724409923c2997b5e90abd7a
Blind_Fish,Blind Fish,HOLD,FAIL,HOLD,True,Fish,HIGH,Wrasse,PASS,POLISH,POLISH,POLISH,POLISH,POLISH,"Broad family anatomy is usable, but the portrait still shares simplified global body templates and should retain stronger species markers.","No critical routing, clipping, eye, or life-stage issue found in the full-size visual pass. Recognizable within the established stylized family language. The portrait relies on a generic torpedo fish. Correct body depth, head/mouth position, dorsal/anal/pectoral fin shape, caudal fin, markings and any diagnostic appendage.",Blind_Fish.png,440,440,RGBA,bc06cadeefd70afdda0207915b3a88e3b561cf1bbb6f6c1af8c25787d6ba0b90,d559e28de9a5b688f5bc43c7522879bda15e514a751e899894d4f8a627840f85
Blind_Salamander,Blind Salamander,HOLD,FAIL,HOLD,True,Salamanders,MEDIUM,,PASS,POLISH,POLISH,POLISH,POLISH,POLISH,"Broad family anatomy is usable, but the portrait still shares simplified global body templates and should retain stronger species markers.","No critical routing, clipping, eye, or life-stage issue found in the full-size visual pass. Recognizable within the established stylized family language. Verify body width, head/mouth, eye placement, fore/hind limb proportions, toes, tail state and skin texture; color alone should not define the species.",Blind_Salamander.png,440,440,RGBA,eda4da5ef6ab40ca6c55fa74c1be70997a1b5af16efbe8020b42cab27e7b1eaf,dadec0cb7503d561762979dd1b190d65350b00f1ca1aaf850653de831970d2fd
Blobfish,Blobfish,FAIL,FAIL,FAIL,True,Strange deep-sea fish,LOW,,PASS,PASS,PASS,PASS,PASS,PASS,All major regions and defining features are readable at the current stylized scale.,"The current round red fish is still a normal oval fish. Use either the natural deep-water form with a large head and tapering body or the decompressed form, but preserve the broad drooping face and gelatinous silhouette.",Blobfish.png,440,440,RGBA,b9269e4da45c2bc51330457621f62342a61fea403089a81002a91900395c3f73,2a1b157075d7c53c5b59589f9fe8a34661b0f3d09bb157a128711659e22b1c35
Blue_Whale,Blue Whale,HOLD,FAIL,HOLD,True,Marine mammals,HIGH,Dolphin | River_Dolphin,PASS,POLISH,POLISH,PASS,POLISH,POLISH,"Broad family anatomy is usable, but the portrait still shares simplified global body templates and should retain stronger species markers.","Lengthen and streamline the body; current profile is short and inflated. Strengthen real marine-mammal proportions: streamlined body, species-correct rostrum/head, dorsal fin placement, pectoral flippers, peduncle and horizontal flukes.",Blue_Whale.png,440,440,RGBA,5200a99f48a807a8bcf22552748456e4b5a9771af012185a715e980c81631c18,7170fefd4c5c606f8924ff27297796d0535d5925ef48ce6690f642566003eeff
Boa,Boa,HOLD,FAIL,HOLD,True,Constricting snakes,MEDIUM,,PASS,POLISH,POLISH,POLISH,POLISH,POLISH,"Broad family anatomy is usable, but the portrait still shares simplified global body templates and should retain stronger species markers.","No critical routing, clipping, eye, or life-stage issue found in the full-size visual pass. Recognizable within the established stylized family language. Verify skull/head profile, limb state, body thickness, scale texture, tail and any crest/frill/horn; do not rely on color alone.",Boa.png,440,440,RGBA,d44a3e4d026182089b55885ab231fbb96127d7d0d62427354827af7e48d47e2b,e5a0483272b77e3444ee4effbb7d709367afb1fbaae372faddeb69b02aedbfae
Bobcat,Bobcat,FAIL,FAIL,FAIL,True,Big cats,HIGH,,FAIL,FAIL,FAIL,PASS,FAIL,FAIL,FAIL,"Spots and short tail are not enough; the animal still uses a hoofed ungulate body. Use a compact feline torso, digitigrade legs and paws, broad cheek ruff, short bobbed tail and tufted ears.",Bobcat.png,440,440,RGBA,e2ebcd0c85d1764af571e2816e65de942e933c84e8946b14e8168c24467cec56,3f48a1af929b7a9f5c9fbe9a5c074bd73ed512163b108a63a0e1348d919c9808
Bonefish,Bonefish,HOLD,FAIL,HOLD,True,Coastal fish,MEDIUM,,PASS,POLISH,POLISH,POLISH,POLISH,POLISH,"Broad family anatomy is usable, but the portrait still shares simplified global body templates and should retain stronger species markers.","No critical routing, clipping, eye, or life-stage issue found in the full-size visual pass. Recognizable within the established stylized family language. The portrait relies on a generic torpedo fish. Correct body depth, head/mouth position, dorsal/anal/pectoral fin shape, caudal fin, markings and any diagnostic appendage.",Bonefish.png,440,440,RGBA,16fa2dba4617ac53428563c77bc4dbdec8b41724051d6552e73c4bc2c5faefa8,484c5eecdc2d487cc5f2c2d736622427befd8f63f10a90f37bce6804ffdfa069
Bongo,Bongo,HOLD,FAIL,HOLD,True,Other or uncertain,MEDIUM,,PASS,POLISH,POLISH,POLISH,POLISH,POLISH,"Broad family anatomy is usable, but the portrait still shares simplified global body templates and should retain stronger species markers.","No critical routing, clipping, eye, or life-stage issue found in the full-size visual pass. Recognizable within the established stylized family language. Broad family routing may be usable, but Bongo still needs an unlabeled silhouette check for body plan, head, eyes/sensory structures, appendages and rear/terminal anatomy.",Bongo.png,440,440,RGBA,28b09b5a9dc0129c4bac4d0d3f9422534b10f7c2d6f28011e31098394d92ccd2,0236d9fdfe39d8d16b84801cc3ab154823879b7a395abb489c4238be54cf0fb3
Booby,Booby,HOLD,FAIL,HOLD,True,Pelicans and diving waterbirds,MEDIUM,,PASS,POLISH,POLISH,PASS,POLISH,POLISH,"Broad family anatomy is usable, but the portrait still shares simplified global body templates and should retain stronger species markers.","Strengthen long pointed bill, streamlined seabird body, and webbed feet. Broad family routing may be usable, but Booby still needs an unlabeled silhouette check for body plan, head, eyes/sensory structures, appendages and rear/terminal anatomy.",Booby.png,440,440,RGBA,dba33f7eee8d7533900f340b63d612827caf1ce806fd09dbe96b8ca335c17a72,c848534a938b237119f9a14f4005b2f8b6bef6b0d25bae5d83e09933d881aaf1
Bowfin,Bowfin,HOLD,FAIL,HOLD,True,Primitive fish,MEDIUM,,PASS,POLISH,POLISH,POLISH,POLISH,POLISH,"Broad family anatomy is usable, but the portrait still shares simplified global body templates and should retain stronger species markers.","No critical routing, clipping, eye, or life-stage issue found in the full-size visual pass. Recognizable within the established stylized family language. The portrait relies on a generic torpedo fish. Correct body depth, head/mouth position, dorsal/anal/pectoral fin shape, caudal fin, markings and any diagnostic appendage.",Bowfin.png,440,440,RGBA,1e9073c78c0d67c78b972c0d54651b465d985ab1434dc3be23986f6cb4f51340,b708596686b73f7bccc20f3120c8ee9a0b8bbbb24ae0c65c1cf8608deec12ced
Box_Turtle,Box Turtle,HOLD,FAIL,HOLD,True,Turtles and tortoises,MEDIUM,,PASS,POLISH,POLISH,POLISH,POLISH,POLISH,"Broad family anatomy is usable, but the portrait still shares simplified global body templates and should retain stronger species markers.","No critical routing, clipping, eye, or life-stage issue found in the full-size visual pass. Recognizable within the established stylized family language. Use species-correct shell profile, neck/head, limb type (flipper, webbed foot or columnar leg), tail and shell texture rather than one generic turtle.",Box_Turtle.png,440,440,RGBA,70d65c6525eaf89ea2dc635996df58f411069b8fc0e038958d680094270e76ba,7a3c3ad6fc46e1be722b0e160d3c845d4b683018add36b6630bfbf1822de5618
Boxfish,Boxfish,HOLD,FAIL,HOLD,True,Puffer-like fish,MEDIUM,,PASS,POLISH,POLISH,POLISH,POLISH,POLISH,"Broad family anatomy is usable, but the portrait still shares simplified global body templates and should retain stronger species markers.","No critical routing, clipping, eye, or life-stage issue found in the full-size visual pass. Recognizable within the established stylized family language. The portrait relies on a generic torpedo fish. Correct body depth, head/mouth position, dorsal/anal/pectoral fin shape, caudal fin, markings and any diagnostic appendage.",Boxfish.png,440,440,RGBA,d7eaff187f0f02f170e015370892008b802cd50aa5fb486d09b4d96e7f445fa0,ed19717ac50561982ae133c920068cc3646fb5babc6d5801e34cb006a889cbfb
Brine_Shrimp,Brine Shrimp,HOLD,FAIL,HOLD,True,Crustaceans,HIGH,Fairy_Shrimp | Goby | Hummingbird | Lanternfish,PASS,POLISH,POLISH,POLISH,POLISH,POLISH,"Broad family anatomy is usable, but the portrait still shares simplified global body templates and should retain stronger species markers.","No critical routing, clipping, eye, or life-stage issue found in the full-size visual pass. Recognizable within the established stylized family language. Verify segmented carapace, correct leg/claw count, antennae, abdomen/tail fan and the named species’ defining asymmetry or shell form.",Brine_Shrimp.png,440,440,RGBA,4919f3cc0baf01f8a71079b0e42f5d40af48d3c6f90771e355e96ef72bf72535,ee1e0c52022c3fd6ccf1c197ac8e118fa3ac05a3b7e6b8183aa4b8b696fb0416
Brittle_Star,Brittle Star,HOLD,FAIL,HOLD,True,Other mollusks,MEDIUM,,PASS,POLISH,POLISH,POLISH,POLISH,POLISH,"Broad family anatomy is usable, but the portrait still shares simplified global body templates and should retain stronger species markers.","No critical routing, clipping, eye, or life-stage issue found in the full-size visual pass. Recognizable within the established stylized family language. Broad family routing may be usable, but Brittle Star still needs an unlabeled silhouette check for body plan, head, eyes/sensory structures, appendages and rear/terminal anatomy.",Brittle_Star.png,440,440,RGBA,24c9176bce683ac383a5005d1467c5006e920d66980163099005753202575bb1,e7e07205e6ee165c6268a3bbf798f4b07241527a709fcfee57f9be372bb289fc
Brown_Bear,Brown Bear,FAIL,FAIL,FAIL,True,Bears,HIGH,,FAIL,FAIL,FAIL,PASS,FAIL,FAIL,FAIL,"The current silhouette has a long low body and small canine head. Add heavy bear shoulders, plantigrade paws, short tail, thicker neck and rounded ursid skull.",Brown_Bear.png,440,440,RGBA,5f5c6e9b140beeba7c33ddd830df95f4673a116f1b5ad5782b981cf75666f452,0cfd0e3ff50b83f590ed9175af300d7d5e50f05e540ed0632df15c948e08877d
Buffalo,Buffalo,HOLD,FAIL,HOLD,True,Cattle and bovids,MEDIUM,,PASS,POLISH,POLISH,POLISH,POLISH,POLISH,"Broad family anatomy is usable, but the portrait still shares simplified global body templates and should retain stronger species markers.","No critical routing, clipping, eye, or life-stage issue found in the full-size visual pass. Recognizable within the established stylized family language. The ungulate base is usable, but the named species must have correct horn/antler geometry, neck, shoulder/croup mass, leg length, hooves, head and tail.",Buffalo.png,440,440,RGBA,b0b64ba4b03f7006f2024032503a178af9d26f8cd64de33689409f472946c2f4,0695bd38af5b84d487eae02e0c070713c1670ace699073ff12dac51bb17e8271
Bull,Bull,PASS,PASS,FAIL,True,Cattle and bovids,HIGH,,PASS,PASS,PASS,PASS,PASS,PASS,PASS,"The current bovine torso, horns, head and stance are sufficiently recognizable as a bull at the project’s stylized scale.",Bull.png,440,440,RGBA,211e9ac47f6754381cc72ab05abd83eb7c1b064d46d59a34adb57f17d791ac46,1a0bea2ee8820686d4ba4f255c92fa68dfbd14952472d4f1b57f447876f1b861
Bullfrog,Bullfrog,HOLD,FAIL,HOLD,True,Frogs,MEDIUM,,PASS,POLISH,POLISH,POLISH,POLISH,POLISH,"Broad family anatomy is usable, but the portrait still shares simplified global body templates and should retain stronger species markers.","No critical routing, clipping, eye, or life-stage issue found in the full-size visual pass. Recognizable within the established stylized family language. Verify body width, head/mouth, eye placement, fore/hind limb proportions, toes, tail state and skin texture; color alone should not define the species.",Bullfrog.png,440,440,RGBA,9aa20691c3f1a959fbc16c3dda46a6cadfd12e2a3bf70a750abb0e5bbe8a479d,8bb7bb9b70d72d7b427f361b09ded635d0f132ee394600dbceba6c517ea9ae6e
Bumblebee,Bumblebee,PASS,PASS,FAIL,True,Bees,HIGH,,PASS,PASS,PASS,PASS,PASS,PASS,PASS,"The round striped body, wings and insect segmentation are readable; leave alone.",Bumblebee.png,440,440,RGBA,2a13d885841019053fb5c98465abe13887345b691b85c7303e104c6fe86d29a8,c2a54c03668df104b2a01b5754dbdf37f78d06c9eb9b66076f9ce13ceaf13a1c
Bustard,Bustard,HOLD,FAIL,HOLD,True,Other distinctive birds,MEDIUM,,PASS,POLISH,POLISH,POLISH,POLISH,POLISH,"Broad family anatomy is usable, but the portrait still shares simplified global body templates and should retain stronger species markers.","No critical routing, clipping, eye, or life-stage issue found in the full-size visual pass. Recognizable within the established stylized family language. Broad family routing may be usable, but Bustard still needs an unlabeled silhouette check for body plan, head, eyes/sensory structures, appendages and rear/terminal anatomy.",Bustard.png,440,440,RGBA,8464521a3ab804c768ff1f1937b641f268495bf71abfb0f342f61e85ab12b520,93ae2018515deed8233a6617ee5b26491f487a75fd7f0eeb775e5a75cb504978
Butterfly,Butterfly,PASS,PASS,PASS,True,Insects,LOW,,PASS,PASS,PASS,PASS,PASS,PASS,PASS,PASS — Leave alone at the current stylized resolution. Major body regions and defining silhouette are sufficiently represented.,Butterfly.png,440,440,RGBA,20437108a2c9f3c9c2b4681f7e915b7211a17045463ca68c6ef75c7bebd4e7f5,7d20c738ae3c0f6cb2237eee3c117ae0e30cc9efd765e2edd4bd6cd0d133ee54
Butterflyfish,Butterflyfish,PASS,PASS,FAIL,True,Reef fish,LOW,,PASS,PASS,PASS,PASS,PASS,PASS,PASS,"The deep reef-fish body, dorsal spines and eye-marking treatment are recognizable enough for the stylized catalog.",Butterflyfish.png,440,440,RGBA,83fadaa5c6ed5ebb21699337809c5e3a80b999d2fd419f410c9de85e6288c53c,d1b78f1b6445b05cd1c90ebf3c2c3e945d1beed1eb3686bcb3530e617a6f5f46
Caddisfly,Caddisfly,FAIL,FAIL,HOLD,True,Insects,MEDIUM,,PASS,POLISH,POLISH,POLISH,POLISH,POLISH,"Broad family anatomy is usable, but the portrait still shares simplified global body templates and should retain stronger species markers.",The current form resembles a small wasp/bee. Use long threadlike antennae and two pairs of hairy wings held tent-like over a slender body; avoid the compact hymenopteran silhouette.,Caddisfly.png,440,440,RGBA,002856a5ae8e8417c93c3349fd1c96b6169312e87723c7155b76cd08fadfe211,10427de7dc121d072fff7da210c4a896e0b51ef33777ff936cb4f2d192e5ef62
Caecilian,Caecilian,HOLD,FAIL,HOLD,True,Other or uncertain,MEDIUM,,PASS,POLISH,POLISH,POLISH,POLISH,POLISH,"Broad family anatomy is usable, but the portrait still shares simplified global body templates and should retain stronger species markers.","No critical routing, clipping, eye, or life-stage issue found in the full-size visual pass. Recognizable within the established stylized family language. Broad family routing may be usable, but Caecilian still needs an unlabeled silhouette check for body plan, head, eyes/sensory structures, appendages and rear/terminal anatomy.",Caecilian.png,440,440,RGBA,0bed0d45b90defb8faf05e507c9a19add8db31a28cb8d4f7e1322db1dd251b2e,88a8f0ddb582ae0b253d52b3ca324d86580322ceb4468aa400f52ad8ab5640d9
Caiman,Caiman,FAIL,FAIL,FAIL,True,Crocodilians,HIGH,,FAIL,FAIL,FAIL,PASS,FAIL,FAIL,FAIL,"The current image is still a narrow lizard. Use a broad low crocodilian torso, robust splayed legs, armored back, shorter broader snout than a gharial, and thick tail.",Caiman.png,440,440,RGBA,50283f3238489e79402c8197b16e34d7c2c9dbea188c50ba8f5be60f2c05dc48,ed108521c830cbdb987d5404ddde1aa4a4d4f1906e053452d543f926dd0cabd0
Camel,Camel,FAIL,FAIL,FAIL,True,Camels,HIGH,,FAIL,FAIL,FAIL,PASS,FAIL,FAIL,FAIL,"The single hump is added to a generic deer body. Rebuild the full camelid anatomy: long neck/head, deep chest, integrated hump, padded feet and tufted tail.",Camel.png,440,440,RGBA,9747ad95eb5276cdf88c2bdeeb210f34c728da86f665d4205ceea4686bb44444,1afa7ded82a4bacfb5ed4fd3ba0d1d39ed3756b1b2f9294a464ab4280db2bc85
Camel_Spider,Camel Spider,HOLD,FAIL,HOLD,True,Ice and cave insects,MEDIUM,,PASS,POLISH,POLISH,POLISH,POLISH,POLISH,"Broad family anatomy is usable, but the portrait still shares simplified global body templates and should retain stronger species markers.","No critical routing, clipping, eye, or life-stage issue found in the full-size visual pass. Recognizable within the established stylized family language. Use correct insect anatomy: distinct head/thorax/abdomen, six articulated legs, correct wing count and attachment, antennae, mouthparts and species-specific shell/body proportions.",Camel_Spider.png,440,440,RGBA,3235fe7279a28564effe2629c58d503372cb134b7c8acb136533ab815ed55e68,225a79fe184e37107ae7789df1a491eb357d2f37a49578eb4099fb6da3112dfa
Capuchin,Capuchin,HOLD,FAIL,HOLD,True,Primates,MEDIUM,,PASS,POLISH,POLISH,POLISH,POLISH,POLISH,"Broad family anatomy is usable, but the portrait still shares simplified global body templates and should retain stronger species markers.","No critical routing, clipping, eye, or life-stage issue found in the full-size visual pass. Recognizable within the established stylized family language. Verify torso posture, arm/leg ratio, hands/feet, face shape and tail state for the named primate.",Capuchin.png,440,440,RGBA,2031e92477e7125fbeab11d3da173e8f25e97fa8c5ab95b9d8a47f0c9873a962,f5cd3163d1d0833a956b394682fefe7c4bf886ca2e79e55e900d4b6766983419
Capybara,Capybara,HOLD,FAIL,HOLD,True,Rodents,MEDIUM,,PASS,POLISH,POLISH,POLISH,POLISH,POLISH,"Broad family anatomy is usable, but the portrait still shares simplified global body templates and should retain stronger species markers.","No critical routing, clipping, eye, or life-stage issue found in the full-size visual pass. Recognizable within the established stylized family language. Verify rodent/lagomorph skull, incisors/muzzle, fore/hind foot proportions, body posture and tail; several currently inherit the rabbit-like template.",Capybara.png,440,440,RGBA,9d86f319d8fcfd63715a5e53e8ddd4fa300f895cce1f81368920b2c6cc2af5ef,db3d4fb5a5c54577f3b7e5c25d82ded4a4c8fcab0cd8de7df06bcc909edbdf8f
Caracal,Caracal,FAIL,FAIL,FAIL,True,Big cats,HIGH,,FAIL,FAIL,FAIL,PASS,FAIL,FAIL,FAIL,"Ear tufts are present, but the body is a hoofed ungulate. Use a long-legged but clearly feline torso, digitigrade paws, short coat, wedge-shaped cat head and short tail.",Caracal.png,440,440,RGBA,c5c260ca327df0244d2007e3e83a6a6a462fce95a3ff1346a97df69b6a1ccccb,66f6d9e1351f7bad443aa03f540510eff4f567e0ade4394b28dd6ea060db7ede
Cardinal,Cardinal,HOLD,FAIL,HOLD,True,Songbirds,MEDIUM,,PASS,POLISH,POLISH,PASS,POLISH,POLISH,"Broad family anatomy is usable, but the portrait still shares simplified global body templates and should retain stronger species markers.","Add crest and cardinal-specific conical bill. The named bird relies too heavily on the shared side-bird template. Correct the bill, neck, body depth, wing length, leg type, tail and crest/display structures for the species.",Cardinal.png,440,440,RGBA,101a75fd59d268ca169c128e473f5afcb4fb0b9d5ae2f2c950c3a9466323140e,a529e4d43591c90b2dc5b0c55e72db6a1778e40219061dc30e551ecd0fd3a416
Cardinalfish,Cardinalfish,HOLD,FAIL,HOLD,True,Reef fish,MEDIUM,,PASS,POLISH,POLISH,POLISH,POLISH,POLISH,"Broad family anatomy is usable, but the portrait still shares simplified global body templates and should retain stronger species markers.","No critical routing, clipping, eye, or life-stage issue found in the full-size visual pass. Recognizable within the established stylized family language. The portrait relies on a generic torpedo fish. Correct body depth, head/mouth position, dorsal/anal/pectoral fin shape, caudal fin, markings and any diagnostic appendage.",Cardinalfish.png,440,440,RGBA,7ad118f0a2020226c449c36354ed3d1ff2402c97e327f556bf510e3328cf7206,772946fa20ef1d897b10e2c17d3e238fc5406f890557338745ad7f689bd5f0d7
Caribou,Caribou,HOLD,FAIL,HOLD,True,Deer and relatives,MEDIUM,,PASS,POLISH,POLISH,POLISH,POLISH,POLISH,"Broad family anatomy is usable, but the portrait still shares simplified global body templates and should retain stronger species markers.","No critical routing, clipping, eye, or life-stage issue found in the full-size visual pass. Recognizable within the established stylized family language. The ungulate base is usable, but the named species must have correct horn/antler geometry, neck, shoulder/croup mass, leg length, hooves, head and tail.",Caribou.png,440,440,RGBA,ee6df15b250f66f32f6b815945426f4de3ecd2d951cef343bb0c778ef6b7849c,31b3e36298774aaacd38a41db0d8a4f81bbb8004c4bf1f4856ee7cd72385dcb8
Carp,Carp,HOLD,FAIL,HOLD,True,Carp-like fish,MEDIUM,,PASS,POLISH,POLISH,POLISH,POLISH,POLISH,"Broad family anatomy is usable, but the portrait still shares simplified global body templates and should retain stronger species markers.","No critical routing, clipping, eye, or life-stage issue found in the full-size visual pass. Recognizable within the established stylized family language. The portrait relies on a generic torpedo fish. Correct body depth, head/mouth position, dorsal/anal/pectoral fin shape, caudal fin, markings and any diagnostic appendage.",Carp.png,440,440,RGBA,db480462a2a4717d8775a983f2d91efe45ade292958980ac2d8aff6cca71db2c,29511817ed8bf7e550b2a2d93e0b8b5565046c283ad527b7efe508336e95e728
Carrion_Beetle,Carrion Beetle,HOLD,FAIL,HOLD,True,Beetles,HIGH,Dung_Beetle | Ladybug,PASS,POLISH,POLISH,POLISH,POLISH,POLISH,"Broad family anatomy is usable, but the portrait still shares simplified global body templates and should retain stronger species markers.","No critical routing, clipping, eye, or life-stage issue found in the full-size visual pass. Recognizable within the established stylized family language. Use correct insect anatomy: distinct head/thorax/abdomen, six articulated legs, correct wing count and attachment, antennae, mouthparts and species-specific shell/body proportions.",Carrion_Beetle.png,440,440,RGBA,b0f086d7609dc7012b10f71994ded99deab81f2980df210c19e87e8a9740ebd4,df20680298fb50c9d7541ae25992fbfc30826cfa0482a87047fed806ba5e9ce6
Cassowary,Cassowary,HOLD,FAIL,FAIL,True,Flightless birds,HIGH,,POLISH,POLISH,POLISH,PASS,POLISH,POLISH,POLISH,"The casque and tall flightless-bird concept read, but the body is too round and tail-like. Add a heavy pear-shaped torso, powerful three-toed legs, tiny wing stubs, dark shaggy feather mass and colored neck wattles.",Cassowary.png,440,440,RGBA,246e6aee31176eb1f1cbd94485e2cbd50971364866245509c34e8a2e9b610548,f3091108f6b11d098483a175b5fd7025423b697958a35c8aef2d8b4e48847db8
Cat,Cat,FAIL,FAIL,FAIL,True,Cats,HIGH,,FAIL,FAIL,FAIL,PASS,FAIL,FAIL,FAIL,"The striped coat is placed on a zebra/deer body. Replace it with a true domestic-cat scaffold: flexible feline spine, lower shoulders, digitigrade legs and paws, cat skull/muzzle and correctly attached tail.",Cat.png,440,440,RGBA,d36967554e474e9d42b2257dab7a48d089d347f019c3533657dcef5f664e8da3,f07a2ec3b4b407e9af487fb641c28253f339edb29a6246eeb393ebc27b3aed0e
Catfish,Catfish,HOLD,FAIL,HOLD,True,Other or uncertain,MEDIUM,,PASS,POLISH,POLISH,POLISH,POLISH,POLISH,"Broad family anatomy is usable, but the portrait still shares simplified global body templates and should retain stronger species markers.","No critical routing, clipping, eye, or life-stage issue found in the full-size visual pass. Recognizable within the established stylized family language. Broad family routing may be usable, but Catfish still needs an unlabeled silhouette check for body plan, head, eyes/sensory structures, appendages and rear/terminal anatomy.",Catfish.png,440,440,RGBA,966f40c4eee0c3f39199db3ff56382dd787ae15349f9eb44a8c5501d2040ed56,9e4b3da85c3408d6f8ec9ae83108325da97930a8066f9384ed698eb3ce03c3f3
Cattle,Cattle,PASS,PASS,FAIL,True,Other or uncertain,HIGH,,PASS,PASS,PASS,PASS,PASS,PASS,PASS,"The bovine head, torso, horns and stance are coherent enough; leave alone.",Cattle.png,440,440,RGBA,28b1588955b09c45b9d41fa54a9eb83c994dceef5f73506c0a28c5fd71fa722f,5da405ab7458590f86d50a192381b2e659d5194980d0b36a5e1919914fa30ef6
Cave_Cricket,Cave Cricket,FAIL,FAIL,FAIL,True,Ice and cave insects,HIGH,,FAIL,FAIL,FAIL,PASS,FAIL,FAIL,FAIL,"The current image is a legless caterpillar-like chain. A cave/camel cricket needs six very long articulated legs, especially enlarged jumping hind legs, long antennae and a hunched wingless insect body.",Cave_Cricket.png,440,440,RGBA,00ccda0f27a1ffc2770aad0bc03ecb1e7b12e2f846f97701d0e3d34be330d65f,9ae922b9fb669fe74192806f8ca71aa6b700eb6214cba488660e4dbd1d4eb908
Cave_Fish,Cave Fish,HOLD,FAIL,HOLD,True,Fish,MEDIUM,,PASS,POLISH,POLISH,POLISH,POLISH,POLISH,"Broad family anatomy is usable, but the portrait still shares simplified global body templates and should retain stronger species markers.","No critical routing, clipping, eye, or life-stage issue found in the full-size visual pass. Recognizable within the established stylized family language. The portrait relies on a generic torpedo fish. Correct body depth, head/mouth position, dorsal/anal/pectoral fin shape, caudal fin, markings and any diagnostic appendage.",Cave_Fish.png,440,440,RGBA,455b47b55699252514b95a8f15f00993b7f312da228284dc45745f444d47f304,66580ec529ff7fbcc4777f66ab106649de5b2a474a6247f3faa5f659299a42a5
Cave_Frog,Cave Frog,HOLD,FAIL,HOLD,True,Frogs and toads,MEDIUM,,PASS,POLISH,POLISH,POLISH,POLISH,POLISH,"Broad family anatomy is usable, but the portrait still shares simplified global body templates and should retain stronger species markers.","No critical routing, clipping, eye, or life-stage issue found in the full-size visual pass. Recognizable within the established stylized family language. Verify body width, head/mouth, eye placement, fore/hind limb proportions, toes, tail state and skin texture; color alone should not define the species.",Cave_Frog.png,440,440,RGBA,f982929c422c4daff0cecf60660e25ad77dd70b929a0a522a0ca3ba1cd861829,0da6bdccf2ef7e459a008d569142eb00903ce85728e2cf1cf6151235181a7802
Cave_Shrimp,Cave Shrimp,HOLD,FAIL,HOLD,True,Crustaceans,MEDIUM,,PASS,POLISH,POLISH,POLISH,POLISH,POLISH,"Broad family anatomy is usable, but the portrait still shares simplified global body templates and should retain stronger species markers.","No critical routing, clipping, eye, or life-stage issue found in the full-size visual pass. Recognizable within the established stylized family language. Verify segmented carapace, correct leg/claw count, antennae, abdomen/tail fan and the named species’ defining asymmetry or shell form.",Cave_Shrimp.png,440,440,RGBA,f43591b9a37d75fbf0ae1a63cd484d99bdca8ea475cfa28aaff9170dfb297cc6,8f0fa781a8cdb85b39705459c03646d4f5f677fbcbe544d4e5b310573dbdab18
Cave_Snake,Cave Snake,HOLD,FAIL,HOLD,True,Snakes,HIGH,Cottonmouth,PASS,POLISH,POLISH,POLISH,POLISH,POLISH,"Broad family anatomy is usable, but the portrait still shares simplified global body templates and should retain stronger species markers.","No critical routing, clipping, eye, or life-stage issue found in the full-size visual pass. Recognizable within the established stylized family language. Verify skull/head profile, limb state, body thickness, scale texture, tail and any crest/frill/horn; do not rely on color alone.",Cave_Snake.png,440,440,RGBA,3c65edf0f129298cf2bd739dc2a393f6140fe66e09d8ab05cdef5b0b293cf4d0,ca03561cd94ce03d32504f5ea8421d316af3d30cf9c49662f571aa04b5407e76
Centipede,Centipede,HOLD,FAIL,HOLD,True,Ice and cave insects,MEDIUM,,PASS,POLISH,POLISH,POLISH,POLISH,POLISH,"Broad family anatomy is usable, but the portrait still shares simplified global body templates and should retain stronger species markers.","No critical routing, clipping, eye, or life-stage issue found in the full-size visual pass. Recognizable within the established stylized family language. Use correct insect anatomy: distinct head/thorax/abdomen, six articulated legs, correct wing count and attachment, antennae, mouthparts and species-specific shell/body proportions.",Centipede.png,440,440,RGBA,8725e54bdf766efa9eea82862da73337fe1686466e60b82e5246e7314106c91b,fe8601319eeba7c54aed841abd049df63bb2b549e050c35089d0a07c9a5b0a92
Chameleon,Chameleon,HOLD,FAIL,HOLD,True,Specialized lizards,MEDIUM,,PASS,POLISH,POLISH,POLISH,POLISH,POLISH,"Broad family anatomy is usable, but the portrait still shares simplified global body templates and should retain stronger species markers.","Strengthen the curled prehensile tail, casque, turreted eye, and grasping feet. Verify skull/head profile, limb state, body thickness, scale texture, tail and any crest/frill/horn; do not rely on color alone.",Chameleon.png,440,440,RGBA,dcbbcce4488e58b38bb1522d979a51d108b9ab589259ac29f7667efc194282aa,7d837f9f1766a13f2d464afb5c785e6d1f02957b1c3b2f75efd3c48e76431e16
Chamois,Chamois,FAIL,FAIL,FAIL,True,Sheep and goats,HIGH,,FAIL,FAIL,FAIL,PASS,FAIL,FAIL,FAIL,"Current generic deer body lacks short hooked horns, compact mountain-goat torso, and sure-footed hoof/leg proportions. The ungulate base is usable, but the named species must have correct horn/antler geometry, neck, shoulder/croup mass, leg length, hooves, head and tail.",Chamois.png,440,440,RGBA,f51ff528e441787d56fab64accdcf43439e0f9d1206adc36abe96cff5a8ce9d3,b704a9aa95362e5e65f5ccd8ae3e9aaa9517280eb64710329febbd5f9fdd1aaa
Char,Char,HOLD,FAIL,HOLD,True,Salmon-like fish,MEDIUM,,PASS,POLISH,POLISH,POLISH,POLISH,POLISH,"Broad family anatomy is usable, but the portrait still shares simplified global body templates and should retain stronger species markers.","No critical routing, clipping, eye, or life-stage issue found in the full-size visual pass. Recognizable within the established stylized family language. The portrait relies on a generic torpedo fish. Correct body depth, head/mouth position, dorsal/anal/pectoral fin shape, caudal fin, markings and any diagnostic appendage.",Char.png,440,440,RGBA,cc3fc8d256320fe42cea4848798edfb6346ce6e5793f335ee3df375bfe605127,b413564b677103b29d9c98ce54017de67dbc2d6cd488fb03f5a9c4ba70e6814b
Cheetah,Cheetah,FAIL,FAIL,FAIL,True,Big cats,HIGH,,FAIL,FAIL,FAIL,PASS,FAIL,FAIL,FAIL,"Spots are correct, but the animal still has hoofed legs and an ungulate torso. Use a deep-chested, narrow-waisted feline body, long digitigrade legs with paws, small rounded head, tear marks and long tail.",Cheetah.png,440,440,RGBA,1cbc8d4b5807e0e6eee04a4099cb22b38b97e5198e5ff7012093be5b43d6aa13,b79943773e443bf87ac8e1ca769d7496eb7f362541a1a0cdc730d4c93524007e
Chicken,Chicken,FAIL,FAIL,FAIL,True,Gamebirds,HIGH,,FAIL,FAIL,FAIL,PASS,FAIL,FAIL,FAIL,"The current bird is a decorative generic side-bird. Use a compact chicken body, clear breast, short rounded wings, sturdy scaled legs/feet, comb and wattles, and a short raised tail.",Chicken.png,440,440,RGBA,0934fcce9ec4db2b5c06fbd265dafd035408683f90c416b356f01d1024040ca6,76d47a9e979eae30c5c3552a2775bbf7c6c2af80d5869ff00a99579cfc6642f8
Chimpanzee,Chimpanzee,HOLD,FAIL,HOLD,True,Primates,MEDIUM,,PASS,POLISH,POLISH,POLISH,POLISH,POLISH,"Broad family anatomy is usable, but the portrait still shares simplified global body templates and should retain stronger species markers.","No critical routing, clipping, eye, or life-stage issue found in the full-size visual pass. Recognizable within the established stylized family language. Verify torso posture, arm/leg ratio, hands/feet, face shape and tail state for the named primate.",Chimpanzee.png,440,440,RGBA,9111189aa6eb26a717fe1bc35490afa071cbffe4464486217062889039e6a751,cb98fe66d70e2ea018b7360b7a65e3a5d373123b7008de6717eb374bae006c43
Chipmunk,Chipmunk,HOLD,FAIL,HOLD,True,Rodents,MEDIUM,,PASS,POLISH,POLISH,POLISH,POLISH,POLISH,"Broad family anatomy is usable, but the portrait still shares simplified global body templates and should retain stronger species markers.","No critical routing, clipping, eye, or life-stage issue found in the full-size visual pass. Recognizable within the established stylized family language. Verify rodent/lagomorph skull, incisors/muzzle, fore/hind foot proportions, body posture and tail; several currently inherit the rabbit-like template.",Chipmunk.png,440,440,RGBA,6feb981032ceb45e9ca15e9cb2f3707ffba1003b4fd94971625a09d46f5fd893,b623c0ac59cded9931b919cf20d024ef4cdcef11a0a9a6385ccc8be9b38c0589
Chiton,Chiton,HOLD,FAIL,HOLD,True,Other mollusks,HIGH,Water_Strider,PASS,POLISH,POLISH,POLISH,POLISH,POLISH,"Broad family anatomy is usable, but the portrait still shares simplified global body templates and should retain stronger species markers.","No critical routing, clipping, eye, or life-stage issue found in the full-size visual pass. Recognizable within the established stylized family language. Broad family routing may be usable, but Chiton still needs an unlabeled silhouette check for body plan, head, eyes/sensory structures, appendages and rear/terminal anatomy.",Chiton.png,440,440,RGBA,8d68c08f5b20d29406cde164819fde6ab355b779f7a9872111a9db39836da8ba,91c5118fb6e93420967a452f4079292d77d9477b58eda52c3e3d3c61ad9a55b5
Chough,Chough,HOLD,FAIL,HOLD,True,Corvids,MEDIUM,,PASS,POLISH,POLISH,POLISH,POLISH,POLISH,"Broad family anatomy is usable, but the portrait still shares simplified global body templates and should retain stronger species markers.","No critical routing, clipping, eye, or life-stage issue found in the full-size visual pass. Recognizable within the established stylized family language. The named bird relies too heavily on the shared side-bird template. Correct the bill, neck, body depth, wing length, leg type, tail and crest/display structures for the species.",Chough.png,440,440,RGBA,90592353c21f54a15228413ba7911bf529db545d4ff1578e4240489149f74ad9,c51664c3629cc5209c157d62c47e0462e4b2e1ed1cdc36f5390a93a89004b57c
Cicada,Cicada,HOLD,FAIL,FAIL,True,True bugs,HIGH,Aphid | Black_Fly | Cold-Adapted_Insect | Orchid_Bee | Termite | Thrips,POLISH,POLISH,POLISH,POLISH,POLISH,POLISH,POLISH,"The insect category reads, but the broad transparent wings, large lateral eyes, wedge-shaped head and stout cicada thorax should be stronger.",Cicada.png,440,440,RGBA,39a6f7e12b7099002a94ae3195eb7a232cd0cff3f25493db324a5fee70e7c73f,dbefccba765dde3760df4d87c1374fae534eaf3c7f3ed6c1726212c6544072e9
Cichlid,Cichlid,HOLD,FAIL,HOLD,True,Fish,MEDIUM,,PASS,POLISH,POLISH,POLISH,POLISH,POLISH,"Broad family anatomy is usable, but the portrait still shares simplified global body templates and should retain stronger species markers.","No critical routing, clipping, eye, or life-stage issue found in the full-size visual pass. Recognizable within the established stylized family language. The portrait relies on a generic torpedo fish. Correct body depth, head/mouth position, dorsal/anal/pectoral fin shape, caudal fin, markings and any diagnostic appendage.",Cichlid.png,440,440,RGBA,80175b2896cadf05c891c2119cee18e19a3b7e72043c0143e942c09af6b838a6,5008ebe0e7cd7d52883a2d501dc9276af630fc912125c30a799bb7948f219f89
Civet,Civet,FAIL,FAIL,HOLD,True,Civets and mongooses,MEDIUM,,PASS,POLISH,POLISH,POLISH,POLISH,POLISH,"Broad family anatomy is usable, but the portrait still shares simplified global body templates and should retain stronger species markers.","The spots and ringed tail are applied to an ungulate. Use a long low carnivoran body, short digitigrade legs and paws, pointed civet muzzle and properly attached ringed tail.",Civet.png,440,440,RGBA,9c16cd2d4a07de6dfa8cc22ddc10f74d0bdd1976e3b5854533c0e340f95ab7a5,5917b09cdb30b703a599b262774fe0b7ac93ff5151a33147821583410ab18b68
Clam,Clam,HOLD,FAIL,HOLD,True,Bivalves,MEDIUM,,PASS,POLISH,POLISH,POLISH,POLISH,POLISH,"Broad family anatomy is usable, but the portrait still shares simplified global body templates and should retain stronger species markers.","No critical routing, clipping, eye, or life-stage issue found in the full-size visual pass. Recognizable within the established stylized family language. Broad family routing may be usable, but Clam still needs an unlabeled silhouette check for body plan, head, eyes/sensory structures, appendages and rear/terminal anatomy.",Clam.png,440,440,RGBA,da8fc209f5165cdcce92806174acee585341b7bb9b5c785a23ce6c2095005df3,af558148fe5a6236f8e751f835361c6208696b284ed4a8f86cf799c8425126d7
Clouded_Leopard,Clouded Leopard,FAIL,FAIL,FAIL,True,Big cats,HIGH,,FAIL,FAIL,FAIL,PASS,FAIL,FAIL,FAIL,"The cloud markings read, but the body remains hoofed. Use a muscular arboreal cat body, large paws, short powerful legs, long heavy tail and large cloud-shaped blotches.",Clouded_Leopard.png,440,440,RGBA,4219df5707a71345e9a08021ee065ffa3f0edabdc29b7017f3e6e9f907b04869,0c2ac721661f70f91f623652e940ff1250dd4a28cae7274e1ef5a8cd52a041be
Clownfish,Clownfish,FAIL,FAIL,HOLD,True,Reef fish,MEDIUM,,PASS,POLISH,POLISH,POLISH,POLISH,POLISH,"Broad family anatomy is usable, but the portrait still shares simplified global body templates and should retain stronger species markers.",The orange fish lacks the defining white vertical bars and black edging. Keep the reef-fish body but add the three bold bands and rounded anemonefish fin profile.,Clownfish.png,440,440,RGBA,77428d8df99fe960731e96cfd4c7fa8642079478b610a996bba254e14c231b79,86384c06ea36b3b08af2bf45f625db84391fa169d4a1ad33262afb78cd298e6d
Coastal_Lizard,Coastal Lizard,HOLD,FAIL,HOLD,True,Lizards,MEDIUM,,PASS,POLISH,POLISH,POLISH,POLISH,POLISH,"Broad family anatomy is usable, but the portrait still shares simplified global body templates and should retain stronger species markers.","No critical routing, clipping, eye, or life-stage issue found in the full-size visual pass. Recognizable within the established stylized family language. Verify skull/head profile, limb state, body thickness, scale texture, tail and any crest/frill/horn; do not rely on color alone.",Coastal_Lizard.png,440,440,RGBA,a400ecb7b800396b13d200806d63b76440106173d6061427a84d67a25a96e3bd,fa0d4c624d2c396052631df8c683f10df7fa818f821b396ba8cb02cdec6d2761
Coati,Coati,FAIL,FAIL,FAIL,True,Raccoon-like mammals,HIGH,,FAIL,FAIL,FAIL,PASS,FAIL,FAIL,FAIL,"The ringed tail is present, but the torso and legs remain hoofed. Use a long low procyonid body, clawed paws, long flexible snout and upright ringed tail.",Coati.png,440,440,RGBA,c827780e0092a8cedf2731f804e6f39822c5447c47bc642668ed6966429cbb35,67f0f58e413571bc8fee2286b054bf30f8b6d4a41bd4af342f360410f81ee596
Cobra,Cobra,HOLD,FAIL,HOLD,True,Venomous snakes,MEDIUM,,PASS,POLISH,POLISH,POLISH,POLISH,POLISH,"Broad family anatomy is usable, but the portrait still shares simplified global body templates and should retain stronger species markers.","No critical routing, clipping, eye, or life-stage issue found in the full-size visual pass. Recognizable within the established stylized family language. Verify skull/head profile, limb state, body thickness, scale texture, tail and any crest/frill/horn; do not rely on color alone.",Cobra.png,440,440,RGBA,7f9e3894fc77b1848c155f9397399153eafbd6273b5478b6fc88dffcd1544498,ce3d4478b24a8f7f7115dd7daa9789a72875f6d1fa69f30ce0fec159ab9efe87
Cockatoo,Cockatoo,HOLD,FAIL,HOLD,True,Parrots,MEDIUM,,PASS,POLISH,POLISH,POLISH,POLISH,POLISH,"Broad family anatomy is usable, but the portrait still shares simplified global body templates and should retain stronger species markers.","No critical routing, clipping, eye, or life-stage issue found in the full-size visual pass. Recognizable within the established stylized family language. The named bird relies too heavily on the shared side-bird template. Correct the bill, neck, body depth, wing length, leg type, tail and crest/display structures for the species.",Cockatoo.png,440,440,RGBA,dfbfb6211ab5c4801d6ba33d3f21bc27ce053a5ed6eb19c55b312d1954abd63f,5b4f5471d053bd124b152283d8f490fb09e52956aa252efd12ab4655e04b993d
Cockroach,Cockroach,FAIL,FAIL,FAIL,True,Cockroaches,HIGH,,FAIL,FAIL,FAIL,PASS,FAIL,FAIL,FAIL,"Current bead body lacks flattened oval torso, long antennae, six spiny legs, and folded wings. Use correct insect anatomy: distinct head/thorax/abdomen, six articulated legs, correct wing count and attachment, antennae, mouthparts and species-specific shell/body proportions.",Cockroach.png,440,440,RGBA,c85f8ced8b53b0ae665cff6de2685150c9a0e081b75a4cf762498f5c733c4808,68059aad3be7431268cd8c4e06902bba540801b5f24c414946059a9565aba9aa
Coconut_Crab,Coconut Crab,HOLD,FAIL,HOLD,True,Ice and cave insects,MEDIUM,,PASS,POLISH,POLISH,POLISH,POLISH,POLISH,"Broad family anatomy is usable, but the portrait still shares simplified global body templates and should retain stronger species markers.","No critical routing, clipping, eye, or life-stage issue found in the full-size visual pass. Recognizable within the established stylized family language. Use correct insect anatomy: distinct head/thorax/abdomen, six articulated legs, correct wing count and attachment, antennae, mouthparts and species-specific shell/body proportions.",Coconut_Crab.png,440,440,RGBA,46ea2d9e10ca66f918ea260b38b7d37375888acf6bef15226b5fea93b0fd31f9,30741b2086cd327cebb40ebaad5b209d4a6ad5606b9337ebbae7f94991f9a2dc
Cod,Cod,HOLD,FAIL,HOLD,True,Cod-like fish,MEDIUM,,PASS,POLISH,POLISH,POLISH,POLISH,POLISH,"Broad family anatomy is usable, but the portrait still shares simplified global body templates and should retain stronger species markers.","No critical routing, clipping, eye, or life-stage issue found in the full-size visual pass. Recognizable within the established stylized family language. The portrait relies on a generic torpedo fish. Correct body depth, head/mouth position, dorsal/anal/pectoral fin shape, caudal fin, markings and any diagnostic appendage.",Cod.png,440,440,RGBA,3cd5033a73470e4ef62c5384bbd34277f7e1b5b43550ef90d5ee9e2a914b8d92,b4d9fbcdcb7ba7c17405885646a33a8be181fdd7a240fd86986e9868885c2371
Coelacanth,Coelacanth,HOLD,FAIL,HOLD,True,Primitive fish,MEDIUM,,PASS,POLISH,POLISH,POLISH,POLISH,POLISH,"Broad family anatomy is usable, but the portrait still shares simplified global body templates and should retain stronger species markers.","No critical routing, clipping, eye, or life-stage issue found in the full-size visual pass. Recognizable within the established stylized family language. The portrait relies on a generic torpedo fish. Correct body depth, head/mouth position, dorsal/anal/pectoral fin shape, caudal fin, markings and any diagnostic appendage.",Coelacanth.png,440,440,RGBA,090c6b97a4303f1c149e00a03a39bb9c3df079279b88343c1f26cf5d5e344cac,03a7e7f3f0776ba11a1ccb5e0e5e7b7ccc3eaafd50c3e41cda3e0640b4df5a03
Cold-Adapted_Insect,Cold Adapted Insect,HOLD,FAIL,HOLD,True,Other or uncertain,HIGH,Aphid | Black_Fly | Cicada | Orchid_Bee | Termite | Thrips,PASS,POLISH,POLISH,POLISH,POLISH,POLISH,"Broad family anatomy is usable, but the portrait still shares simplified global body templates and should retain stronger species markers.","No critical routing, clipping, eye, or life-stage issue found in the full-size visual pass. Recognizable within the established stylized family language. Broad family routing may be usable, but Cold Adapted Insect still needs an unlabeled silhouette check for body plan, head, eyes/sensory structures, appendages and rear/terminal anatomy.",Cold-Adapted_Insect.png,440,440,RGBA,9c2b792abc972af253876611dde61f28792939467fb6841df684cf8830cb2863,6e4ff171f4055f3a71a806f0a3da383a8b3e602af832f52d1442254a5dc94485
Cold-Water_Coral,Cold Water Coral,HOLD,FAIL,HOLD,True,Sessile marine life,MEDIUM,,PASS,POLISH,POLISH,POLISH,POLISH,POLISH,"Broad family anatomy is usable, but the portrait still shares simplified global body templates and should retain stronger species markers.","No critical routing, clipping, eye, or life-stage issue found in the full-size visual pass. Recognizable within the established stylized family language. Broad family routing may be usable, but Cold Water Coral still needs an unlabeled silhouette check for body plan, head, eyes/sensory structures, appendages and rear/terminal anatomy.",Cold-Water_Coral.png,440,440,RGBA,1a816d7963c89b4a06a1a49ced628ee7613ead98d0b8028fa5995bb06491cf6f,a9c33bd3babdc62432c0fec7f57627edea5fe0e684abc58851eab6e1d01f596e
Cold-Water_Fish,Cold Water Fish,HOLD,FAIL,HOLD,True,Fish,MEDIUM,,PASS,POLISH,POLISH,POLISH,POLISH,POLISH,"Broad family anatomy is usable, but the portrait still shares simplified global body templates and should retain stronger species markers.","No critical routing, clipping, eye, or life-stage issue found in the full-size visual pass. Recognizable within the established stylized family language. The portrait relies on a generic torpedo fish. Correct body depth, head/mouth position, dorsal/anal/pectoral fin shape, caudal fin, markings and any diagnostic appendage.",Cold-Water_Fish.png,440,440,RGBA,5dd4b23bedb1daa13601117adf97a702fde0076c0da0bc08ea98e95395d83085,238271e4bbedf690fd3a64091aa0ba7707b9dbca88ab5aab3d1f3fb54bfe00b6
Colugo,Colugo,FAIL,FAIL,FAIL,True,Flying mammals,HIGH,,FAIL,FAIL,FAIL,PASS,FAIL,FAIL,FAIL,"The current image is a tiny spotted quadruped with no gliding membrane. Add the continuous patagium from neck to fingers, toes and tail, with a flattened arboreal body and clawed limbs.",Colugo.png,440,440,RGBA,ff32b2e790ba62215beef415a8c4b60540c46954a167b1d87031b8e183be9af8,c99e033ad9a8dca9c1aadce71490925f826ced211613bec7587be0b90f4d4f29
Comb_Jelly,Comb Jelly,HOLD,FAIL,HOLD,True,Other mollusks,MEDIUM,,PASS,POLISH,POLISH,POLISH,POLISH,POLISH,"Broad family anatomy is usable, but the portrait still shares simplified global body templates and should retain stronger species markers.","No critical routing, clipping, eye, or life-stage issue found in the full-size visual pass. Recognizable within the established stylized family language. Broad family routing may be usable, but Comb Jelly still needs an unlabeled silhouette check for body plan, head, eyes/sensory structures, appendages and rear/terminal anatomy.",Comb_Jelly.png,440,440,RGBA,efeeb15060df7f7a1c2165e92c90ca4d61c6ee55b3d9db4c3d298a1a4e1dff5d,c53b4a1ae84ee83d5bbeaee59437dd1325716e5c0c1c0dbed79e5b0a71342eb8
Conch,Conch,HOLD,FAIL,HOLD,True,Gastropods,MEDIUM,,PASS,POLISH,POLISH,POLISH,POLISH,POLISH,"Broad family anatomy is usable, but the portrait still shares simplified global body templates and should retain stronger species markers.","No critical routing, clipping, eye, or life-stage issue found in the full-size visual pass. Recognizable within the established stylized family language. Broad family routing may be usable, but Conch still needs an unlabeled silhouette check for body plan, head, eyes/sensory structures, appendages and rear/terminal anatomy.",Conch.png,440,440,RGBA,41895b6065fd12be84de815a9b61c7e2508501baf623e599ec6b62abf3d5f5e7,6cba5d41c882f81ba3df5d13e6c4402a47713ebff6af988ab7525ade9445de09
Condor,Condor,HOLD,FAIL,HOLD,True,Birds of prey,MEDIUM,,PASS,POLISH,POLISH,POLISH,POLISH,POLISH,"Broad family anatomy is usable, but the portrait still shares simplified global body templates and should retain stronger species markers.","No critical routing, clipping, eye, or life-stage issue found in the full-size visual pass. Recognizable within the established stylized family language. Replace the generic compact bird body with species-correct raptor mass, hooked bill, wing proportions, talons, tail and head/crest.",Condor.png,440,440,RGBA,e8085ff4361464ff5c99464b129e25b51934f2204250ff508ea8a6cdfdb01a44,51df682aca7aeaf80a8dab618800640f445d8bd5bc18215b957f2c736bdd896f
Coot,Coot,HOLD,FAIL,HOLD,True,Cranes and rails,MEDIUM,,PASS,POLISH,POLISH,PASS,POLISH,POLISH,"Broad family anatomy is usable, but the portrait still shares simplified global body templates and should retain stronger species markers.","Add frontal shield and rail-like body/feet. Broad family routing may be usable, but Coot still needs an unlabeled silhouette check for body plan, head, eyes/sensory structures, appendages and rear/terminal anatomy.",Coot.png,440,440,RGBA,c1b4c71a23d1a05b7c5971fd96a7803f9f3ae33f50fd4bcf2165d96f479a8787,b812f756ee651748d9c874bac74fb632c969131c4657fdc0b190817021de5510
Copepod,Copepod,HOLD,FAIL,HOLD,True,Ice and cave insects,MEDIUM,,PASS,POLISH,POLISH,POLISH,POLISH,POLISH,"Broad family anatomy is usable, but the portrait still shares simplified global body templates and should retain stronger species markers.","No critical routing, clipping, eye, or life-stage issue found in the full-size visual pass. Recognizable within the established stylized family language. Use correct insect anatomy: distinct head/thorax/abdomen, six articulated legs, correct wing count and attachment, antennae, mouthparts and species-specific shell/body proportions.",Copepod.png,440,440,RGBA,b97e1864f511621602a11e7a0bfa148b45aeff4dea07025ca2eb46d00199f9fd,3e329dc9c59c163321651b2b9f9761eb9d75e93a862c4b5c50ab3ffe54b04900
Coral,Coral,HOLD,FAIL,HOLD,True,Sessile marine life,MEDIUM,,PASS,POLISH,POLISH,POLISH,POLISH,POLISH,"Broad family anatomy is usable, but the portrait still shares simplified global body templates and should retain stronger species markers.","No critical routing, clipping, eye, or life-stage issue found in the full-size visual pass. Recognizable within the established stylized family language. Broad family routing may be usable, but Coral still needs an unlabeled silhouette check for body plan, head, eyes/sensory structures, appendages and rear/terminal anatomy.",Coral.png,440,440,RGBA,3e01c941ffcd85d2ddd8f44ed17a4720789de8e62959a3b6f70c53d85e81a020,41b02733440732c64877d6a2161fc33ad7870212b5a2857f8eabc7e825320628
Cormorant,Cormorant,HOLD,FAIL,HOLD,True,Pelicans and diving waterbirds,MEDIUM,,PASS,POLISH,POLISH,PASS,POLISH,POLISH,"Broad family anatomy is usable, but the portrait still shares simplified global body templates and should retain stronger species markers.","Add long hooked bill, low aquatic body, and longer tail. Broad family routing may be usable, but Cormorant still needs an unlabeled silhouette check for body plan, head, eyes/sensory structures, appendages and rear/terminal anatomy.",Cormorant.png,440,440,RGBA,b8611861ad62fc3053060bb9bd1e8a47268c7e3db36bfbc9b8d1d4bc19be16db,887c15a37e6b87db2323aeacbd940afeb69210a545aca98ae4bf06482257cef0
Cottonmouth,Cottonmouth,HOLD,FAIL,HOLD,True,Venomous snakes,HIGH,Cave_Snake,PASS,POLISH,POLISH,POLISH,POLISH,POLISH,"Broad family anatomy is usable, but the portrait still shares simplified global body templates and should retain stronger species markers.","No critical routing, clipping, eye, or life-stage issue found in the full-size visual pass. Recognizable within the established stylized family language. Verify skull/head profile, limb state, body thickness, scale texture, tail and any crest/frill/horn; do not rely on color alone.",Cottonmouth.png,440,440,RGBA,b9050abf97d5bf268089bffd1ca8156e702a324ada23b30a8efe7688707207ef,d61676a97d21f9539f823fa602b88ddd34b50dfe39bc30b8a1812aba7f624143
Cougar,Cougar,FAIL,FAIL,FAIL,True,Big cats,HIGH,,FAIL,FAIL,FAIL,PASS,FAIL,FAIL,FAIL,"The animal is still a tan ungulate. Use a large plain-coated feline scaffold with powerful shoulders/hindquarters, paws, rounded cat head and long heavy tail.",Cougar.png,440,440,RGBA,cdd4f5b80872b1d0e89a776b1cdd49d9b748825002dd6469e22b9e34cdb87653,ca442564482aaba62bc5962e4b9523cade2b110435e6edf3078dde1c1c588f40
Cow,Cow,HOLD,FAIL,HOLD,True,Cattle and bovids,MEDIUM,,PASS,POLISH,POLISH,POLISH,POLISH,POLISH,"Broad family anatomy is usable, but the portrait still shares simplified global body templates and should retain stronger species markers.","No critical routing, clipping, eye, or life-stage issue found in the full-size visual pass. Recognizable within the established stylized family language. The ungulate base is usable, but the named species must have correct horn/antler geometry, neck, shoulder/croup mass, leg length, hooves, head and tail.",Cow.png,440,440,RGBA,1d4c939def0f975fa1650cad48e773b6435a4c34ebd23f4345564ff25c52091b,8228dc5c236c5d9b59067251b0135eb088eda4311d614d582b3f82924ed9d462
Cowrie,Cowrie,HOLD,FAIL,HOLD,True,Gastropods,MEDIUM,,PASS,POLISH,POLISH,POLISH,POLISH,POLISH,"Broad family anatomy is usable, but the portrait still shares simplified global body templates and should retain stronger species markers.","No critical routing, clipping, eye, or life-stage issue found in the full-size visual pass. Recognizable within the established stylized family language. Broad family routing may be usable, but Cowrie still needs an unlabeled silhouette check for body plan, head, eyes/sensory structures, appendages and rear/terminal anatomy.",Cowrie.png,440,440,RGBA,469c5c5dfcb2b0ef053179a367244250ed8088196acc025221d9c6ec243a89d4,e506417961d433f8d58ee8783a035aeecc560bde7d67c183d71e7ee3c0b6bbb3
Coyote,Coyote,FAIL,FAIL,FAIL,True,Dogs and dog-like mammals,HIGH,,FAIL,FAIL,FAIL,PASS,FAIL,FAIL,FAIL,"The current form is deer-like. Use a lean canid chest, narrow waist, digitigrade paws, long pointed muzzle, upright ears and bushy low-carried tail.",Coyote.png,440,440,RGBA,20c53812875d39fa4fd9093cabb5ad2d0034d616446c57e7f903bac1d5ebc95d,b8dffde3f488a46ca4f5f580cf17ddfa4636b53760445913437f19f20ebd7f44
Crab,Crab,HOLD,FAIL,HOLD,True,Ice and cave insects,MEDIUM,,PASS,POLISH,POLISH,POLISH,POLISH,POLISH,"Broad family anatomy is usable, but the portrait still shares simplified global body templates and should retain stronger species markers.","No critical routing, clipping, eye, or life-stage issue found in the full-size visual pass. Recognizable within the established stylized family language. Use correct insect anatomy: distinct head/thorax/abdomen, six articulated legs, correct wing count and attachment, antennae, mouthparts and species-specific shell/body proportions.",Crab.png,440,440,RGBA,bebdcedee006c6bb838a71f0220396d2168699c5c907e48ba7f5e7092c55c367,ef70c1829a45055117cffd07a0965585dd1db3921e89124effcf74a1eaf00ce5
Crane,Crane,HOLD,FAIL,HOLD,True,Cranes and rails,MEDIUM,,PASS,POLISH,POLISH,POLISH,POLISH,POLISH,"Broad family anatomy is usable, but the portrait still shares simplified global body templates and should retain stronger species markers.","No critical routing, clipping, eye, or life-stage issue found in the full-size visual pass. Recognizable within the established stylized family language. Broad family routing may be usable, but Crane still needs an unlabeled silhouette check for body plan, head, eyes/sensory structures, appendages and rear/terminal anatomy.",Crane.png,440,440,RGBA,cf25f322e7d187e91380a37527c4d7a7f978a2e4831f13fbfc24f82550ac5b39,42a8e84c888d24baa31a09731e75b5441f2a4a580dd93690e7e7ba8d051db51c
Crayfish,Crayfish,HOLD,FAIL,HOLD,True,Ice and cave insects,MEDIUM,,PASS,POLISH,POLISH,POLISH,POLISH,POLISH,"Broad family anatomy is usable, but the portrait still shares simplified global body templates and should retain stronger species markers.","No critical routing, clipping, eye, or life-stage issue found in the full-size visual pass. Recognizable within the established stylized family language. Use correct insect anatomy: distinct head/thorax/abdomen, six articulated legs, correct wing count and attachment, antennae, mouthparts and species-specific shell/body proportions.",Crayfish.png,440,440,RGBA,d43e10abfb060ce8226a1dbf747db0148929f311082747036a361793c5c7a40f,eb9c469ccc2ca2921bbea8d1c7e7d0427e140c38bd55b27ff542d9cb025c3dca
Cricket,Cricket,HOLD,FAIL,HOLD,True,Grasshoppers and relatives,MEDIUM,,PASS,POLISH,POLISH,POLISH,POLISH,POLISH,"Broad family anatomy is usable, but the portrait still shares simplified global body templates and should retain stronger species markers.","No critical routing, clipping, eye, or life-stage issue found in the full-size visual pass. Recognizable within the established stylized family language. Use correct insect anatomy: distinct head/thorax/abdomen, six articulated legs, correct wing count and attachment, antennae, mouthparts and species-specific shell/body proportions.",Cricket.png,440,440,RGBA,f71169ee680a802418a2dd820d43a35e36b79d641d41ea371f006a0d5bac4a8d,c145195310bc7799968b6fe844dbf96a4a54cf359127a8ffbf92d239cb161f56
Crocodile,Crocodile,FAIL,FAIL,FAIL,True,Crocodilians,HIGH,,FAIL,FAIL,FAIL,PASS,FAIL,FAIL,FAIL,"The narrow arrow-like body and weak legs remain. Widen the torso, add a V-shaped robust skull, strong splayed limbs, dorsal armor and thick tapering tail.",Crocodile.png,440,440,RGBA,5cb34e227e875670ec0f565bd669b527c32e5265ea8622c482429afa388956ec,1979a0a1c72fcfed173643528a9e8d9f6fc6d151086141e31d28dc59513d03d1
Crow,Crow,HOLD,FAIL,HOLD,True,Corvids,MEDIUM,,PASS,POLISH,POLISH,POLISH,POLISH,POLISH,"Broad family anatomy is usable, but the portrait still shares simplified global body templates and should retain stronger species markers.","No critical routing, clipping, eye, or life-stage issue found in the full-size visual pass. Recognizable within the established stylized family language. The named bird relies too heavily on the shared side-bird template. Correct the bill, neck, body depth, wing length, leg type, tail and crest/display structures for the species.",Crow.png,440,440,RGBA,4126c9a6f7b878dcec936bd9d9cdc469d3da1816a2b34bd2d437f80cbc8d95d6,804b6d6f2faa2817e800c6cdf7861c17619097b0866245bdbbbc6568864a2f02
Curlew,Curlew,HOLD,FAIL,HOLD,True,Shorebirds,MEDIUM,,PASS,POLISH,POLISH,PASS,POLISH,POLISH,"Broad family anatomy is usable, but the portrait still shares simplified global body templates and should retain stronger species markers.","The wader body is acceptable, but the defining very long downcurved bill should be much more prominent.",Curlew.png,440,440,RGBA,a81a66209662b51f75a59c27b6cdd14aa240371151adcbe373224914ec978bcd,22ea4193e427f180b6f71450089d8a2e0752d604ca623808fd17f477e313027a
Cuttlefish,Cuttlefish,FAIL,FAIL,FAIL,False,Cephalopods,LOW,,PASS,PASS,PASS,PASS,PASS,PASS,All major regions and defining features are readable at the current stylized scale.,"The image is still a jelly/bell form. Use a broad oval mantle, continuous lateral fin skirt, visible cephalopod head and eyes, eight short arms plus two longer feeding tentacles.",Cuttlefish.png,440,440,RGBA,b5494df91d21b5282c92ea2723e9c034d7296962e36c25819b7bdf1c5d77c62f,b5494df91d21b5282c92ea2723e9c034d7296962e36c25819b7bdf1c5d77c62f
Damselfish,Damselfish,HOLD,FAIL,HOLD,True,Reef fish,MEDIUM,,PASS,POLISH,POLISH,POLISH,POLISH,POLISH,"Broad family anatomy is usable, but the portrait still shares simplified global body templates and should retain stronger species markers.","No critical routing, clipping, eye, or life-stage issue found in the full-size visual pass. Recognizable within the established stylized family language. The portrait relies on a generic torpedo fish. Correct body depth, head/mouth position, dorsal/anal/pectoral fin shape, caudal fin, markings and any diagnostic appendage.",Damselfish.png,440,440,RGBA,09e419e96a84fa0ea24d3ed318373147c70c0bf2c3394ee326c94283791240e0,d9aea64b2df6d195b521f96f88c8f68bc51a161c44d5df2a33a7d90c789f538c
Damselfly,Damselfly,FAIL,FAIL,PASS,True,Dragonflies,LOW,,PASS,PASS,PASS,PASS,PASS,PASS,All major regions and defining features are readable at the current stylized scale.,"The current blue segmented form does not show adult damselfly wings. Add two pairs of narrow wings, huge eyes, six thoracic legs and a very slender abdomen; resting wings should align together above the body.",Damselfly.png,440,440,RGBA,485c69a2cc2806af9c333aad5bb42f4cb20506d156348d0d5e9c7253adc5ccc8,0be788360714373fc7231ce96d985d5ad8f2ae05f4647ff3d949e441e1680644
Deep-Sea_Fish,Deep Sea Fish,HOLD,FAIL,HOLD,True,Fish,MEDIUM,,PASS,POLISH,POLISH,POLISH,POLISH,POLISH,"Broad family anatomy is usable, but the portrait still shares simplified global body templates and should retain stronger species markers.","No critical routing, clipping, eye, or life-stage issue found in the full-size visual pass. Recognizable within the established stylized family language. The portrait relies on a generic torpedo fish. Correct body depth, head/mouth position, dorsal/anal/pectoral fin shape, caudal fin, markings and any diagnostic appendage.",Deep-Sea_Fish.png,440,440,RGBA,3d12a9ed931162809ef58d08dff3a7539f730a4fa4aca4bbce30485a4c05d425,25b8ade947562e40e9d33a96ab74b1fe5e1c3262d06d2b37118d51a9d68c803f
Deep-Sea_Octopus,Deep Sea Octopus,HOLD,FAIL,HOLD,True,Cephalopods,MEDIUM,,PASS,POLISH,POLISH,POLISH,POLISH,POLISH,"Broad family anatomy is usable, but the portrait still shares simplified global body templates and should retain stronger species markers.","No critical routing, clipping, eye, or life-stage issue found in the full-size visual pass. Recognizable within the established stylized family language. Verify mantle form, eye/head placement, arm count, feeding tentacles, fin skirt/fins and rear mantle taper for the named cephalopod.",Deep-Sea_Octopus.png,440,440,RGBA,32f2cbf17c60c5aa8b3869353d67417827766a60c7565677a29e172bd7a0c2d5,6017692e1af4a4cb3b362dffcd2ba115d0b126a737fc5da3a1faa6ea1337a437
Deep-Water_Coral,Deep Water Coral,HOLD,FAIL,HOLD,True,Sessile marine life,MEDIUM,,PASS,POLISH,POLISH,POLISH,POLISH,POLISH,"Broad family anatomy is usable, but the portrait still shares simplified global body templates and should retain stronger species markers.","No critical routing, clipping, eye, or life-stage issue found in the full-size visual pass. Recognizable within the established stylized family language. Broad family routing may be usable, but Deep Water Coral still needs an unlabeled silhouette check for body plan, head, eyes/sensory structures, appendages and rear/terminal anatomy.",Deep-Water_Coral.png,440,440,RGBA,f0d3e2873bc46e46b3e31639b6dc89a1c03a42a22d4f63e98a60d82e2b3f1ebe,6c65384623dbbb8bfc7e100ae422a7b10b6e942491af3d69e4bf7ffc8e83f86d
Deer,Deer,HOLD,FAIL,HOLD,True,Deer and relatives,MEDIUM,,PASS,POLISH,POLISH,POLISH,POLISH,POLISH,"Broad family anatomy is usable, but the portrait still shares simplified global body templates and should retain stronger species markers.","No critical routing, clipping, eye, or life-stage issue found in the full-size visual pass. Recognizable within the established stylized family language. The ungulate base is usable, but the named species must have correct horn/antler geometry, neck, shoulder/croup mass, leg length, hooves, head and tail.",Deer.png,440,440,RGBA,0d7870dc19861749ec75c7702386e0946386019b6aa4ba3b698f3e9649e4f0f0,71599e7101145954339e46b721024424c5e82a20e8dbeb819cc8295ea1c274d8
Deer_Tick,Deer Tick,HOLD,FAIL,HOLD,True,Arachnids,MEDIUM,,PASS,POLISH,POLISH,POLISH,POLISH,POLISH,"Broad family anatomy is usable, but the portrait still shares simplified global body templates and should retain stronger species markers.","No critical routing, clipping, eye, or life-stage issue found in the full-size visual pass. Recognizable within the established stylized family language. Broad family routing may be usable, but Deer Tick still needs an unlabeled silhouette check for body plan, head, eyes/sensory structures, appendages and rear/terminal anatomy.",Deer_Tick.png,440,440,RGBA,465d5a3b8fa70432f3d3dd9ca59fc3dff08f21c0267e1978590c257f329a50e4,d15f1c87eb94762d07ae0b5aaf432bede056818052324688e13dd2fb1ab6fffc
Desert_Owl,Desert Owl,HOLD,FAIL,HOLD,True,Raptors and owls,MEDIUM,,PASS,POLISH,POLISH,POLISH,POLISH,POLISH,"Broad family anatomy is usable, but the portrait still shares simplified global body templates and should retain stronger species markers.","No critical routing, clipping, eye, or life-stage issue found in the full-size visual pass. Recognizable within the established stylized family language. Replace the generic compact bird body with species-correct raptor mass, hooked bill, wing proportions, talons, tail and head/crest.",Desert_Owl.png,440,440,RGBA,962d7c68195523b34bcad51bc4ce5dd760e85f5f7a8212a6cc73be5892e70b42,49277c99cea2a98293b1f74c11964297e59d2592d92fd9e43efc2f97a985d561
Dingo,Dingo,FAIL,FAIL,FAIL,True,Canids,HIGH,,FAIL,FAIL,FAIL,PASS,FAIL,FAIL,FAIL,"The body remains a hoofed deer-like quadruped. Use a lean domestic-dog/canid body, paws, pointed muzzle, upright ears and a full brush tail.",Dingo.png,440,440,RGBA,e4c766d50c1094bce4878e977ed7404a7e7ce6b6de1d210acb06057c599ba360,2737fbd26a099febdbe1656c0b0e89a849c35671e99d7069179fa894c60b111a
Diving_Beetle,Diving Beetle,HOLD,FAIL,HOLD,True,Beetles,HIGH,Water_Beetle,PASS,POLISH,POLISH,POLISH,POLISH,POLISH,"Broad family anatomy is usable, but the portrait still shares simplified global body templates and should retain stronger species markers.","No critical routing, clipping, eye, or life-stage issue found in the full-size visual pass. Recognizable within the established stylized family language. Use correct insect anatomy: distinct head/thorax/abdomen, six articulated legs, correct wing count and attachment, antennae, mouthparts and species-specific shell/body proportions.",Diving_Beetle.png,440,440,RGBA,c5ebe3fabd777b99eaaf8b61224957efa15df31d012894f38f76d2176b24eee2,7f05c9bc2a1cb3c0314d45f13d4b477e2622343caa16c2ecb008d29a0272a5ea
Dobsonfly,Dobsonfly,HOLD,FAIL,HOLD,True,Insects,MEDIUM,,PASS,POLISH,POLISH,PASS,POLISH,POLISH,"Broad family anatomy is usable, but the portrait still shares simplified global body templates and should retain stronger species markers.","Add clearer adult insect wings and enlarged mandibles where appropriate. Use correct insect anatomy: distinct head/thorax/abdomen, six articulated legs, correct wing count and attachment, antennae, mouthparts and species-specific shell/body proportions.",Dobsonfly.png,440,440,RGBA,2a7b203c2ad285731101e40a9cdcdd03dfb0f1093d3f08d6b8e3a9fb450139a9,67c8868eb02957d79013315c04156bb101157422932d75aa3cdf45eb66644a96
Dog,Dog,FAIL,FAIL,FAIL,True,Canids,HIGH,,FAIL,FAIL,FAIL,PASS,FAIL,FAIL,FAIL,"The current animal still uses an equid/deer body with hoof-like feet. Replace it with a canine chest, shoulders, hocks, paws, muzzle and tail.",Dog.png,440,440,RGBA,7bfe8b3f6c20e6c27066ba5f034d2fac21cb00848c921d631d5d0eb58b06eee8,e1ea4d73595e24b3f8495d10d77710a93640c552c9a2ec3565ab989700a37ee4
Dolphin,Dolphin,HOLD,FAIL,HOLD,True,Marine mammals,HIGH,Blue_Whale | River_Dolphin,PASS,POLISH,POLISH,POLISH,POLISH,POLISH,"Broad family anatomy is usable, but the portrait still shares simplified global body templates and should retain stronger species markers.","No critical routing, clipping, eye, or life-stage issue found in the full-size visual pass. Recognizable within the established stylized family language. Strengthen real marine-mammal proportions: streamlined body, species-correct rostrum/head, dorsal fin placement, pectoral flippers, peduncle and horizontal flukes.",Dolphin.png,440,440,RGBA,d3db2d624e06ed97ece05cfd879e2e3878f5bfea3a3f98d438adc7672aea2cd7,7478a4dbebc8af53c10c5b2bd0d87e04c0d370e471524d205bcbeeb9a7c69b84
Donkey,Donkey,FAIL,FAIL,HOLD,True,Horses and relatives,MEDIUM,,FAIL,FAIL,FAIL,FAIL,FAIL,FAIL,FAIL,"The large ears help, but the body is still the same deer-like global ungulate scaffold. Rebuild it on the corrected equid base with a deep barrel, withers, sloped shoulder, articulated equid joints and hooves, a short upright mane and a tufted tail.",Donkey.png,440,440,RGBA,a130ea313b41e572ac2f4b359adc49fdf25486312fca7da81e1625b652f97283,30ce4e018d9612e8b13ecd0e0b0ad3c811e0adadaa1ad8fc6403498dbd05af69
Dove,Dove,HOLD,FAIL,HOLD,True,Pigeons,HIGH,Pigeon,PASS,POLISH,POLISH,POLISH,POLISH,POLISH,"Broad family anatomy is usable, but the portrait still shares simplified global body templates and should retain stronger species markers.","No critical routing, clipping, eye, or life-stage issue found in the full-size visual pass. Recognizable within the established stylized family language. The named bird relies too heavily on the shared side-bird template. Correct the bill, neck, body depth, wing length, leg type, tail and crest/display structures for the species.",Dove.png,440,440,RGBA,3c67c0c725683cf939ed055b50d635ef6e14ef31a298cf2fedc6a0f2fc1553b1,f67a28e466979d246d706932315bfdaf8714835fe9929fb3c0ff6ddff06df6a1
Dragonfish,Dragonfish,HOLD,FAIL,HOLD,True,Strange deep-sea fish,HIGH,Eel,PASS,POLISH,POLISH,POLISH,POLISH,POLISH,"Broad family anatomy is usable, but the portrait still shares simplified global body templates and should retain stronger species markers.","No critical routing, clipping, eye, or life-stage issue found in the full-size visual pass. Recognizable within the established stylized family language. The portrait relies on a generic torpedo fish. Correct body depth, head/mouth position, dorsal/anal/pectoral fin shape, caudal fin, markings and any diagnostic appendage.",Dragonfish.png,440,440,RGBA,55adfb63b034da34fcd2fe665146e1717c11586a96955e012434a011ca51ce0a,9654022fd7728aa13f326befe6ca32214eadcee620bf21ccaf6e576265c66bda
Dragonfly,Dragonfly,PASS,PASS,PASS,True,Dragonflies,LOW,,PASS,PASS,PASS,PASS,PASS,PASS,PASS,The adult now has a long segmented abdomen and two wing pairs; the silhouette is sufficiently recognizable.,Dragonfly.png,440,440,RGBA,fc9a9f790489288be17577be5a137f596241e3501c28aa44ec6da17a23ff5a38,80bc0b1a3282d3f0a36d7eeadda6fb42a435a2cbb7456ea9e8e34046339723bf
Dromedary_Camel,Dromedary Camel,FAIL,FAIL,FAIL,True,Camelids,HIGH,,FAIL,FAIL,FAIL,PASS,FAIL,FAIL,FAIL,"One hump is visible but the underlying body is still deer-like. Use a proper long-necked camelid body with padded feet, deep chest and integrated single hump.",Dromedary_Camel.png,440,440,RGBA,bdccabcbe9b0703a418428a5e1c30cff94bdf439d40350b44b90b12deee7a79a,8dc7e705707d8455e97d71d0f9a6e6b8435ca81ea8663a1d8c3a766847dceefb
Duck,Duck,HOLD,FAIL,HOLD,True,Waterfowl,MEDIUM,,PASS,POLISH,POLISH,POLISH,POLISH,POLISH,"Broad family anatomy is usable, but the portrait still shares simplified global body templates and should retain stronger species markers.","No critical routing, clipping, eye, or life-stage issue found in the full-size visual pass. Recognizable within the established stylized family language. Broad family routing may be usable, but Duck still needs an unlabeled silhouette check for body plan, head, eyes/sensory structures, appendages and rear/terminal anatomy.",Duck.png,440,440,RGBA,fe6b90af0c2e14a2097dbb97367d9d6de012d2b97f4736ba49cfc7e34c9a30ea,06494a7e0ffa0503e59713d4c056437dc9ad73513d5c51699a2b78b726900559
Dugong,Dugong,HOLD,FAIL,FAIL,False,Marine mammals,LOW,,POLISH,POLISH,POLISH,PASS,POLISH,POLISH,POLISH,"The broad marine-mammal body and paddle tail read, but clarify the downturned snout, foreflippers and horizontal tail flukes while reducing the fish-like segmentation.",Dugong.png,440,440,RGBA,867d48300dd6d7b957abee406c53cddddbf4e5b7c4e346edeedf4c7ee8b0b55a,867d48300dd6d7b957abee406c53cddddbf4e5b7c4e346edeedf4c7ee8b0b55a
Duiker,Duiker,HOLD,FAIL,HOLD,True,Other or uncertain,MEDIUM,,PASS,POLISH,POLISH,POLISH,POLISH,POLISH,"Broad family anatomy is usable, but the portrait still shares simplified global body templates and should retain stronger species markers.","No critical routing, clipping, eye, or life-stage issue found in the full-size visual pass. Recognizable within the established stylized family language. Broad family routing may be usable, but Duiker still needs an unlabeled silhouette check for body plan, head, eyes/sensory structures, appendages and rear/terminal anatomy.",Duiker.png,440,440,RGBA,af31c92be4ddd0400a0f1f81c682d4f4962ccbc4f231233059df04ea1a227c31,1e0676ca03b6520e575fb3e1a2b7d2672a5c896c1a107cc36a7ee985ef1d39bd
Dung_Beetle,Dung Beetle,HOLD,FAIL,HOLD,True,Beetles,HIGH,Carrion_Beetle | Ladybug,PASS,POLISH,POLISH,POLISH,POLISH,POLISH,"Broad family anatomy is usable, but the portrait still shares simplified global body templates and should retain stronger species markers.","No critical routing, clipping, eye, or life-stage issue found in the full-size visual pass. Recognizable within the established stylized family language. Use correct insect anatomy: distinct head/thorax/abdomen, six articulated legs, correct wing count and attachment, antennae, mouthparts and species-specific shell/body proportions.",Dung_Beetle.png,440,440,RGBA,95c5865ea85b37abbb4d0d4429c56ea2bf56c0e37aa89f8c4561a18ef479e95a,9b0f55edd7d86cff1cf4a218e783daee1f92ce7fc28c0312df03a7b65d3930a0
Eagle,Eagle,FAIL,FAIL,FAIL,True,Birds of prey,HIGH,,FAIL,FAIL,FAIL,PASS,FAIL,FAIL,FAIL,"The current eagle is a generic rounded bird. Add a strong hooked beak, brow, broad chest, large layered wings, powerful talons and shorter wedge/fan tail.",Eagle.png,440,440,RGBA,670102c61e831eff58c7f234505ba5cc2f2325e2b9af2bbef463d3d526d6c688,956998a9caa2deaa74176a9acc2b3ea97801d856b553a266d543625362d768e0
Eagle_Ray,Eagle Ray,HOLD,FAIL,HOLD,True,Rays and skates,MEDIUM,,PASS,POLISH,POLISH,POLISH,POLISH,POLISH,"Broad family anatomy is usable, but the portrait still shares simplified global body templates and should retain stronger species markers.","No critical routing, clipping, eye, or life-stage issue found in the full-size visual pass. Recognizable within the established stylized family language. Broad family routing may be usable, but Eagle Ray still needs an unlabeled silhouette check for body plan, head, eyes/sensory structures, appendages and rear/terminal anatomy.",Eagle_Ray.png,440,440,RGBA,3ad53b8dd8bad7ca0c0a94319198f15a0f6505c4494601ec554b5fea851f18c8,995d43f29f11306d203f1d0b1dac0b9a38ce91724ab99abd361a201b34cfa025
Earthworm,Earthworm,HOLD,FAIL,HOLD,True,Other mollusks,MEDIUM,,PASS,POLISH,POLISH,POLISH,POLISH,POLISH,"Broad family anatomy is usable, but the portrait still shares simplified global body templates and should retain stronger species markers.","No critical routing, clipping, eye, or life-stage issue found in the full-size visual pass. Recognizable within the established stylized family language. Broad family routing may be usable, but Earthworm still needs an unlabeled silhouette check for body plan, head, eyes/sensory structures, appendages and rear/terminal anatomy.",Earthworm.png,440,440,RGBA,c6267a30d69202ff584d7ee5770cc623b62a3c268882f717df33bca19f914054,551808d4d4d7c9f76e36491fc85679c75d7bf23a5c199bd55cc9639b203c780c
Echidna,Echidna,HOLD,FAIL,HOLD,True,Egg-laying mammals,MEDIUM,,PASS,POLISH,POLISH,POLISH,POLISH,POLISH,"Broad family anatomy is usable, but the portrait still shares simplified global body templates and should retain stronger species markers.","No critical routing, clipping, eye, or life-stage issue found in the full-size visual pass. Recognizable within the established stylized family language. Broad family routing may be usable, but Echidna still needs an unlabeled silhouette check for body plan, head, eyes/sensory structures, appendages and rear/terminal anatomy.",Echidna.png,440,440,RGBA,ee0cc04a255a57f93aaabe96e813461967fdf4e01d2d66a5def93b3b57f6a852,e28e5fd8b72960ab5f243580be3a2d4ef32b909c095325b77956799c61195650
Eel,Eel,HOLD,FAIL,HOLD,True,Elongate fish,HIGH,Dragonfish,PASS,POLISH,POLISH,POLISH,POLISH,POLISH,"Broad family anatomy is usable, but the portrait still shares simplified global body templates and should retain stronger species markers.","No critical routing, clipping, eye, or life-stage issue found in the full-size visual pass. Recognizable within the established stylized family language. The portrait relies on a generic torpedo fish. Correct body depth, head/mouth position, dorsal/anal/pectoral fin shape, caudal fin, markings and any diagnostic appendage.",Eel.png,440,440,RGBA,939599c1f16497df5809b15bf14e5dd4acacf3b23b2a4ab0a462790b19ecec1c,a8d5ef18158f8459452407658ed88a8cb5c15e3157d594a4924b0e02573b5952
Egret,Egret,HOLD,FAIL,HOLD,True,Herons and wetland birds,MEDIUM,,PASS,POLISH,POLISH,POLISH,POLISH,POLISH,"Broad family anatomy is usable, but the portrait still shares simplified global body templates and should retain stronger species markers.","No critical routing, clipping, eye, or life-stage issue found in the full-size visual pass. Recognizable within the established stylized family language. Keep the wader family but correct the exact bill geometry, neck length, leg/foot proportions, body depth and tail for the named species.",Egret.png,440,440,RGBA,195d6ace8d78858280ff8e5afc3f24421ee8d970b07415add9b87dd0cf266103,44aec1fdfbba1dfedcb95951ad460697cb0d1758a5745cf932f963fb29f5650d
Eider_Duck,Eider Duck,HOLD,FAIL,HOLD,True,Waterfowl,MEDIUM,,PASS,POLISH,POLISH,POLISH,POLISH,POLISH,"Broad family anatomy is usable, but the portrait still shares simplified global body templates and should retain stronger species markers.","No critical routing, clipping, eye, or life-stage issue found in the full-size visual pass. Recognizable within the established stylized family language. Broad family routing may be usable, but Eider Duck still needs an unlabeled silhouette check for body plan, head, eyes/sensory structures, appendages and rear/terminal anatomy.",Eider_Duck.png,440,440,RGBA,4aab594bd269d3e8036da7f7cb31dfef898bea55b9c2c51e13723316ca5ee35b,9fe001148201345fbab3260a497166874b196f241284090705586954adef920d
Eland,Eland,HOLD,FAIL,HOLD,True,Cattle and bovids,MEDIUM,,PASS,POLISH,POLISH,POLISH,POLISH,POLISH,"Broad family anatomy is usable, but the portrait still shares simplified global body templates and should retain stronger species markers.","No critical routing, clipping, eye, or life-stage issue found in the full-size visual pass. Recognizable within the established stylized family language. The ungulate base is usable, but the named species must have correct horn/antler geometry, neck, shoulder/croup mass, leg length, hooves, head and tail.",Eland.png,440,440,RGBA,9191679e05d4171b1434a50f2a9cb3613426804ef023b8e0b3ef1ff68f0bc7dc,9293712560ddec83225b36b725d224dab110ed62b587b282b105f6beb8a63bbc
Electric_Eel,Electric Eel,HOLD,FAIL,HOLD,True,Eels,MEDIUM,,PASS,POLISH,POLISH,POLISH,POLISH,POLISH,"Broad family anatomy is usable, but the portrait still shares simplified global body templates and should retain stronger species markers.","No critical routing, clipping, eye, or life-stage issue found in the full-size visual pass. Recognizable within the established stylized family language. Broad family routing may be usable, but Electric Eel still needs an unlabeled silhouette check for body plan, head, eyes/sensory structures, appendages and rear/terminal anatomy.",Electric_Eel.png,440,440,RGBA,9cbca38997712b456314e1b638a33efd514d788753c898e61411795a9e7f3515,c93138237edd68cee717a3bb88bbecb9ddd53d37f0b73852ab91e0f8e54b0cae
Elephant,Elephant,HOLD,FAIL,HOLD,True,Elephants,MEDIUM,,PASS,POLISH,POLISH,POLISH,POLISH,POLISH,"Broad family anatomy is usable, but the portrait still shares simplified global body templates and should retain stronger species markers.","No critical routing, clipping, eye, or life-stage issue found in the full-size visual pass. Recognizable within the established stylized family language. Use correct insect anatomy: distinct head/thorax/abdomen, six articulated legs, correct wing count and attachment, antennae, mouthparts and species-specific shell/body proportions.",Elephant.png,440,440,RGBA,0e3fd7d8383c5150ee6cff140e5e795c7fa506a25683f793810ef875ecda0a92,fce270318a34ff4276230aac2b8145ce9dfedecb192d31ae8053b7eca481657f
Elk,Elk,HOLD,FAIL,HOLD,True,Deer and relatives,MEDIUM,,PASS,POLISH,POLISH,POLISH,POLISH,POLISH,"Broad family anatomy is usable, but the portrait still shares simplified global body templates and should retain stronger species markers.","No critical routing, clipping, eye, or life-stage issue found in the full-size visual pass. Recognizable within the established stylized family language. The ungulate base is usable, but the named species must have correct horn/antler geometry, neck, shoulder/croup mass, leg length, hooves, head and tail.",Elk.png,440,440,RGBA,b7b6287b28fc77086371d2a082e2464d88940fd15a3baed24c9992b9f33d8474,5e01112cb86b57d4193a083905a9674319c4192e65bd765e4739c5c9cf15c0ff
Emu,Emu,HOLD,FAIL,FAIL,True,Flightless birds,HIGH,,POLISH,POLISH,POLISH,PASS,POLISH,POLISH,POLISH,"The long legs and flightless body read, but the torso is too spherical and the neck too short. Use a deeper shaggy body, longer neck, stronger legs and tiny wing stubs.",Emu.png,440,440,RGBA,0d2e583501a0c6e9d551fa7bc75190eb19aca13537196645583d2c226e87a246,8be33316a0a033edd5eb46fed2bb9570998e72edb4e2c76df4717653bf1e950b
Fairy_Shrimp,Fairy Shrimp,HOLD,FAIL,HOLD,True,Crustaceans,HIGH,Brine_Shrimp | Goby | Hummingbird | Lanternfish,PASS,POLISH,POLISH,POLISH,POLISH,POLISH,"Broad family anatomy is usable, but the portrait still shares simplified global body templates and should retain stronger species markers.","No critical routing, clipping, eye, or life-stage issue found in the full-size visual pass. Recognizable within the established stylized family language. Verify segmented carapace, correct leg/claw count, antennae, abdomen/tail fan and the named species’ defining asymmetry or shell form.",Fairy_Shrimp.png,440,440,RGBA,d6084571824881485515a3c1fddd8f46c270c1f537e5a95fffaebcf1760f4d19,116ac4a4b8ebbd326dd01f96fae132b981c41a2312e97fcc54302c72b63bed7e
Falcon,Falcon,FAIL,FAIL,HOLD,True,Birds of prey,MEDIUM,,PASS,POLISH,POLISH,POLISH,POLISH,POLISH,"Broad family anatomy is usable, but the portrait still shares simplified global body templates and should retain stronger species markers.","The image remains a generic compact bird. Use a streamlined raptor torso, hooked beak, long pointed wings, strong talons and narrow tail.",Falcon.png,440,440,RGBA,d64372231af0d3bb7935abf5ff40df8c2c061b5ebd5da2cf61dfe238fc6e3f52,715b8917b13cb8af4cc2dd002286a04ea5f95fec31e46f36c2c7b6aa04ef01b1
Fangtooth,Fangtooth,PASS,PASS,PASS,True,Strange deep-sea fish,LOW,,PASS,PASS,PASS,PASS,PASS,PASS,PASS,PASS — Leave alone at the current stylized resolution. Major body regions and defining silhouette are sufficiently represented.,Fangtooth.png,440,440,RGBA,e3d711faacaece03607162ee6fd533c11d4e23ab10d78dc8979364464302fa28,c964f51f91cd79c57b9f317bc81a75f6df173d9bd281cb7539837631d5988dce
Fennec_Fox,Fennec Fox,FAIL,FAIL,FAIL,True,Dogs and dog-like mammals,LOW,,PASS,PASS,PASS,PASS,PASS,PASS,All major regions and defining features are readable at the current stylized scale.,"Large ears are present, but the body is rabbit/deer-like. Use a small canid torso, narrow fox muzzle, digitigrade paws and an oversized bushy tail.",Fennec_Fox.png,440,440,RGBA,1f0307f389b9b9b4878dcb04c4a91fb71217aede1e479aea9cf2a8f12b749143,4c1be2a032625d235f512f6cecefc0114fd47cfa405c88940f1356b93f820241
Fiddler_Crab,Fiddler Crab,PASS,PASS,PASS,True,Ice and cave insects,LOW,,PASS,PASS,PASS,PASS,PASS,PASS,PASS,PASS — Leave alone at the current stylized resolution. Major body regions and defining silhouette are sufficiently represented.,Fiddler_Crab.png,440,440,RGBA,17fbe2e9c8954c661e32e05a6aa68f5bccd9dc5412ad480369ef9bdd2a896f23,4a712a5a9f33a32eb2e9675ac42c4d4bb342b8558a15d86e90e0fa411b04cba4
Finch,Finch,HOLD,FAIL,HOLD,True,Songbirds,HIGH,Lark | Plover | Robin | Sparrow | Spider | Starling | Swallow | Swift | Tanager | Weaverbird,PASS,POLISH,POLISH,POLISH,POLISH,POLISH,"Broad family anatomy is usable, but the portrait still shares simplified global body templates and should retain stronger species markers.","No critical routing, clipping, eye, or life-stage issue found in the full-size visual pass. Recognizable within the established stylized family language. The named bird relies too heavily on the shared side-bird template. Correct the bill, neck, body depth, wing length, leg type, tail and crest/display structures for the species.",Finch.png,440,440,RGBA,50c211f24a9306a38897df1878a94f9ff37bece82d1f850139d973f4e78140d5,94651f4f9f99c3ecea99e5e0f26ae40f13dba2ee345db95e386df6354b0def16
Firefly,Firefly,HOLD,FAIL,HOLD,True,Beetles,MEDIUM,,PASS,POLISH,POLISH,POLISH,POLISH,POLISH,"Broad family anatomy is usable, but the portrait still shares simplified global body templates and should retain stronger species markers.","No critical routing, clipping, eye, or life-stage issue found in the full-size visual pass. Recognizable within the established stylized family language. Use correct insect anatomy: distinct head/thorax/abdomen, six articulated legs, correct wing count and attachment, antennae, mouthparts and species-specific shell/body proportions.",Firefly.png,440,440,RGBA,2a32f7c4b47166b2dbabe3e5e5a34164447120d5edec4e633b5d8775be3a29c3,7a64e81237d3d48207eea514261636ddc3c283d8fda0c582cf4b04b59bae9ab7
Fisher,Fisher,HOLD,FAIL,HOLD,True,Weasels and relatives,MEDIUM,,PASS,POLISH,POLISH,POLISH,POLISH,POLISH,"Broad family anatomy is usable, but the portrait still shares simplified global body templates and should retain stronger species markers.","No critical routing, clipping, eye, or life-stage issue found in the full-size visual pass. Recognizable within the established stylized family language. Use the correct low flexible carnivoran torso, pawed limbs, skull/muzzle, and species-specific tail instead of one shared long-body template.",Fisher.png,440,440,RGBA,c097c2fda8936ed4153d8f4c85824defa43aa28071e03a387983c0954ad279f2,b9d9635bb32d03d8be0413443527329f48243ce0cc44367065cd707628634645
Fishing_Cat,Fishing Cat,FAIL,FAIL,FAIL,True,Small and domestic cats,HIGH,,FAIL,FAIL,FAIL,PASS,FAIL,FAIL,FAIL,"Spots are placed on an ungulate body. Use a stocky semiaquatic cat scaffold with short strong legs, broad paws, short tail and feline head.",Fishing_Cat.png,440,440,RGBA,f49398b87158248c4ea33d75bfb20cb26a637bbbfe43d6c088e76c06259cb92c,06e16cfd80768b15205cb2ab9587d4cecd6cf323caec526e1fb3dbef7b33accb
Flamingo,Flamingo,HOLD,FAIL,HOLD,True,Herons and wetland birds,MEDIUM,,PASS,POLISH,POLISH,POLISH,POLISH,POLISH,"Broad family anatomy is usable, but the portrait still shares simplified global body templates and should retain stronger species markers.","The pink color reads, but the neck is too short and straight. Add the long S-curved neck, bent filter-feeding bill, extremely long legs and compact body.",Flamingo.png,440,440,RGBA,714fd19e55734279fc6274d718a228319faa5edb6b24fe37864987b460403005,8f470327128eb72164f80bf9add82b420f7fa6c82a5780f7346c992966890ee8
Flatworm,Flatworm,HOLD,FAIL,HOLD,True,Other mollusks,MEDIUM,,PASS,POLISH,POLISH,POLISH,POLISH,POLISH,"Broad family anatomy is usable, but the portrait still shares simplified global body templates and should retain stronger species markers.","No critical routing, clipping, eye, or life-stage issue found in the full-size visual pass. Recognizable within the established stylized family language. Broad family routing may be usable, but Flatworm still needs an unlabeled silhouette check for body plan, head, eyes/sensory structures, appendages and rear/terminal anatomy.",Flatworm.png,440,440,RGBA,7a496123f791924e5a3124c6dd672bd87c5781a77cf051dd60d9f87ec0ee5152,e4728332a7ac167ed56fbbcb762074475a9e322bd08057bf4b55003c94dd6604
Flounder,Flounder,HOLD,FAIL,HOLD,True,Flatfish,HIGH,Halibut,PASS,POLISH,POLISH,POLISH,POLISH,POLISH,"Broad family anatomy is usable, but the portrait still shares simplified global body templates and should retain stronger species markers.","No critical routing, clipping, eye, or life-stage issue found in the full-size visual pass. Recognizable within the established stylized family language. The portrait relies on a generic torpedo fish. Correct body depth, head/mouth position, dorsal/anal/pectoral fin shape, caudal fin, markings and any diagnostic appendage.",Flounder.png,440,440,RGBA,62ce17f614334330b152e9daba1ecca7c23c7530f306190a8c95ca786957a180,d7064516d0e6615eb751630e97846cd38f727ce755bd98e9805653f6a3cce3d5
Fly,Fly,HOLD,FAIL,HOLD,True,Insects,MEDIUM,,PASS,POLISH,POLISH,POLISH,POLISH,POLISH,"Broad family anatomy is usable, but the portrait still shares simplified global body templates and should retain stronger species markers.","No critical routing, clipping, eye, or life-stage issue found in the full-size visual pass. Recognizable within the established stylized family language. Use correct insect anatomy: distinct head/thorax/abdomen, six articulated legs, correct wing count and attachment, antennae, mouthparts and species-specific shell/body proportions.",Fly.png,440,440,RGBA,a2ff72d14c32feac5c2073b07b3f582747d548ad6d78d025bd54ef034cce56bf,3f68a0e5b83198a439b5fdc8a852c195c9d59145bdb1f9b8b730b58baed0029b
Fly_Larvae,Fly Larvae,PASS,PASS,PASS,True,Insects,LOW,,PASS,PASS,PASS,PASS,PASS,PASS,PASS,PASS — Leave alone at the current stylized resolution. Major body regions and defining silhouette are sufficiently represented.,Fly_Larvae.png,440,440,RGBA,f93b92cdd225d9aaa6e0057a8e997250708636cb7b6809555e10c502cd5cdfd2,0bff8ad7f377b08ca61e3501b969137f259111816fb380a224bf53b09c313c05
Flying_Fish,Flying Fish,PASS,PASS,PASS,True,Flying and climbing fish,LOW,,PASS,PASS,PASS,PASS,PASS,PASS,PASS,PASS — Leave alone at the current stylized resolution. Major body regions and defining silhouette are sufficiently represented.,Flying_Fish.png,440,440,RGBA,3c6d3464cd1cceaa2acc8260bfca735d4dc3b64c125ea8bf61a6ae8c710cb0fa,c38ff7e15c193f93007ff3ece64aec0016f80a863807f1e4bea8899d981a1ea7
Flying_Gurnard,Flying Gurnard,PASS,PASS,PASS,True,Other or uncertain,LOW,,PASS,PASS,PASS,PASS,PASS,PASS,PASS,PASS — Leave alone at the current stylized resolution. Major body regions and defining silhouette are sufficiently represented.,Flying_Gurnard.png,440,440,RGBA,273c65fe9ad70f9fdf7ef56162f8325ad4d1523388fbc67172a81a3f49983a9c,8f84d4a7619982da69ce094980bba87ca91120a89b7081dba549452849dcebff
Flying_Squirrel,Flying Squirrel,FAIL,FAIL,FAIL,True,Rodents,HIGH,,FAIL,FAIL,FAIL,PASS,FAIL,FAIL,FAIL,"The current image is a rabbit-like rodent with no gliding surface. Add a broad patagium between fore- and hindlimbs, flattened tail and squirrel head/paws.",Flying_Squirrel.png,440,440,RGBA,338936a8d898b18f874793d89293a75664e85d9af63d5425b229e26cc5ba43fc,4e0ed6dd64abcb630c6d1870c18d55207bbcf6763bb1b0ee87878ce713a5e98b
Forest_Elephant,Forest Elephant,HOLD,FAIL,HOLD,True,Elephants and relatives,MEDIUM,,PASS,POLISH,POLISH,POLISH,POLISH,POLISH,"Broad family anatomy is usable, but the portrait still shares simplified global body templates and should retain stronger species markers.","No critical routing, clipping, eye, or life-stage issue found in the full-size visual pass. Recognizable within the established stylized family language. Use correct insect anatomy: distinct head/thorax/abdomen, six articulated legs, correct wing count and attachment, antennae, mouthparts and species-specific shell/body proportions.",Forest_Elephant.png,440,440,RGBA,d264f24bdfc69202fddd7ea731da47ff892c85769d2dee3b2119cd276f6320aa,277444cc7f1b2bdd10f9eb52a0e7c899dc092a602ec164a5164112a8f1844282
Fox,Fox,FAIL,FAIL,FAIL,True,Dogs and dog-like mammals,HIGH,,FAIL,FAIL,FAIL,PASS,FAIL,FAIL,FAIL,"The coat and tail color are present, but the body is still deer-like. Use a low canid body with paws, pointed muzzle, triangular ears and a large brush tail.",Fox.png,440,440,RGBA,0f12025eee00a0ba24fcbf77c5d36459703348c57f4da6874670ede29c11cc67,9f7d8ea957fabbe63a1e623a7b5d79a1858165be8b2a3c0594ceb16d0e603f18
Freshwater_Crab,Freshwater Crab,HOLD,FAIL,HOLD,True,Crustaceans,MEDIUM,,PASS,POLISH,POLISH,POLISH,POLISH,POLISH,"Broad family anatomy is usable, but the portrait still shares simplified global body templates and should retain stronger species markers.","No critical routing, clipping, eye, or life-stage issue found in the full-size visual pass. Recognizable within the established stylized family language. Verify segmented carapace, correct leg/claw count, antennae, abdomen/tail fan and the named species’ defining asymmetry or shell form.",Freshwater_Crab.png,440,440,RGBA,6ba09b8940f8d74fe5c71e194a55b6ea3e0248183b4a1834ab2599068d0fbd85,46cc2d0509ab5e1bb903f68978df8a5eac281bdf95286f7894f3718308dc5d37
Freshwater_Shrimp,Freshwater Shrimp,HOLD,FAIL,HOLD,True,Crustaceans,MEDIUM,,PASS,POLISH,POLISH,POLISH,POLISH,POLISH,"Broad family anatomy is usable, but the portrait still shares simplified global body templates and should retain stronger species markers.","No critical routing, clipping, eye, or life-stage issue found in the full-size visual pass. Recognizable within the established stylized family language. Verify segmented carapace, correct leg/claw count, antennae, abdomen/tail fan and the named species’ defining asymmetry or shell form.",Freshwater_Shrimp.png,440,440,RGBA,309014c97e49d34344f25129b7be899d9e05b89a2f359062f23a11ecb2375be9,1fefefb65132ac7a39bf2c51d1c9d3d778c7741a791e784d500d7f1452d12ec4
Freshwater_Snail,Freshwater Snail,HOLD,FAIL,HOLD,True,Gastropods,HIGH,Snail,PASS,POLISH,POLISH,POLISH,POLISH,POLISH,"Broad family anatomy is usable, but the portrait still shares simplified global body templates and should retain stronger species markers.","No critical routing, clipping, eye, or life-stage issue found in the full-size visual pass. Recognizable within the established stylized family language. Broad family routing may be usable, but Freshwater Snail still needs an unlabeled silhouette check for body plan, head, eyes/sensory structures, appendages and rear/terminal anatomy.",Freshwater_Snail.png,440,440,RGBA,d1c4eade7a0604d34ee3054165ce22826b785af629ee58d7d0310ae2f0098f40,dc28b0d469634bc9a6c0448290f74e704cc85717282f964959fe634f2804849a
Frigatebird,Frigatebird,FAIL,FAIL,HOLD,True,Pelicans and diving waterbirds,MEDIUM,,PASS,POLISH,POLISH,PASS,POLISH,POLISH,"Broad family anatomy is usable, but the portrait still shares simplified global body templates and should retain stronger species markers.","The current black generic bird lacks the defining enormous angular wings, deeply forked tail, hooked bill and male throat pouch.",Frigatebird.png,440,440,RGBA,d70c9f228dcf4e2af807c40365f608087be51d3c454c481ced0461eabf71a595,ae44004b2618e7d25d8ad6a6421028b954cebdb2f4d805beff5659b71ad11ba1
Frilled_Lizard,Frilled Lizard,HOLD,FAIL,HOLD,True,Specialized lizards,MEDIUM,,PASS,POLISH,POLISH,POLISH,POLISH,POLISH,"Broad family anatomy is usable, but the portrait still shares simplified global body templates and should retain stronger species markers.","No critical routing, clipping, eye, or life-stage issue found in the full-size visual pass. Recognizable within the established stylized family language. Verify skull/head profile, limb state, body thickness, scale texture, tail and any crest/frill/horn; do not rely on color alone.",Frilled_Lizard.png,440,440,RGBA,ebd75f2c05449eb293871d8eba7028fdd245b28332adb2698f423a321cb3b147,5b119258e84274f61667b1a185d9112c1d12afebc47ca32776c0ac5d4e71b1ae
Frog,Frog,HOLD,FAIL,HOLD,True,Frogs and toads,MEDIUM,,PASS,POLISH,POLISH,POLISH,POLISH,POLISH,"Broad family anatomy is usable, but the portrait still shares simplified global body templates and should retain stronger species markers.","No critical routing, clipping, eye, or life-stage issue found in the full-size visual pass. Recognizable within the established stylized family language. Verify body width, head/mouth, eye placement, fore/hind limb proportions, toes, tail state and skin texture; color alone should not define the species.",Frog.png,440,440,RGBA,be76f40a49733569d419807b84c5e3e67d7da8a47483408b27896aebb2efaa3b,0f83fbf5b464da22cf5143e934fe1d663927cd664cdf5f7718058b971e8acf61
Fruit_Bat,Fruit Bat,HOLD,FAIL,HOLD,True,Bats,MEDIUM,,PASS,POLISH,POLISH,POLISH,POLISH,POLISH,"Broad family anatomy is usable, but the portrait still shares simplified global body templates and should retain stronger species markers.","No critical routing, clipping, eye, or life-stage issue found in the full-size visual pass. Recognizable within the established stylized family language. Broad family routing may be usable, but Fruit Bat still needs an unlabeled silhouette check for body plan, head, eyes/sensory structures, appendages and rear/terminal anatomy.",Fruit_Bat.png,440,440,RGBA,b5a27ff1935e376510bb13a900c3b510e5c14e260ed2d9c308db928370ee4700,6b73b404db6cd0a4eaae4a38ed013ec75cbe51e85a5bf33f01d07cf6b5e6b3e7
Fur_Seal,Fur Seal,HOLD,FAIL,HOLD,True,Marine mammals,MEDIUM,,PASS,POLISH,POLISH,POLISH,POLISH,POLISH,"Broad family anatomy is usable, but the portrait still shares simplified global body templates and should retain stronger species markers.","No critical routing, clipping, eye, or life-stage issue found in the full-size visual pass. Recognizable within the established stylized family language. Strengthen real marine-mammal proportions: streamlined body, species-correct rostrum/head, dorsal fin placement, pectoral flippers, peduncle and horizontal flukes.",Fur_Seal.png,440,440,RGBA,f53b39e8e95b9f079de64dcf208c2478fb88d478601ae3b1333679c662652c44,11ccbe68a6423d38c0df4089b5edbe2d923b90661d9dd74391a01d165013ff8b
Gannet,Gannet,HOLD,FAIL,HOLD,True,Pelicans and diving waterbirds,MEDIUM,,PASS,POLISH,POLISH,POLISH,POLISH,POLISH,"Broad family anatomy is usable, but the portrait still shares simplified global body templates and should retain stronger species markers.","No critical routing, clipping, eye, or life-stage issue found in the full-size visual pass. Recognizable within the established stylized family language. Broad family routing may be usable, but Gannet still needs an unlabeled silhouette check for body plan, head, eyes/sensory structures, appendages and rear/terminal anatomy.",Gannet.png,440,440,RGBA,7bd6fc99f3a39af660688e44a40d6e10fbcecea0a9a6a020da72dbef1ba7fcbc,400d53c23d63685e0f828b726a0fdbf8cc4114197505800ad0ec559cb38a88ca
Gar,Gar,HOLD,FAIL,HOLD,True,Primitive fish,MEDIUM,,PASS,POLISH,POLISH,POLISH,POLISH,POLISH,"Broad family anatomy is usable, but the portrait still shares simplified global body templates and should retain stronger species markers.","No critical routing, clipping, eye, or life-stage issue found in the full-size visual pass. Recognizable within the established stylized family language. The portrait relies on a generic torpedo fish. Correct body depth, head/mouth position, dorsal/anal/pectoral fin shape, caudal fin, markings and any diagnostic appendage.",Gar.png,440,440,RGBA,75efdee73220aee8e683015b216ed61357133193509dff7e9d09d778ad9791fc,afdf35c4676de561b56d545d9956406152399decaf02d5c9cf51c0e1b5509cc7
Garter_Snake,Garter Snake,HOLD,FAIL,HOLD,True,Other snakes,HIGH,Sand_Boa,PASS,POLISH,POLISH,POLISH,POLISH,POLISH,"Broad family anatomy is usable, but the portrait still shares simplified global body templates and should retain stronger species markers.","No critical routing, clipping, eye, or life-stage issue found in the full-size visual pass. Recognizable within the established stylized family language. Verify skull/head profile, limb state, body thickness, scale texture, tail and any crest/frill/horn; do not rely on color alone.",Garter_Snake.png,440,440,RGBA,15e5014e7c35cbf84aed6b9904c933d3b8d9d1be4060c083d5f4964774524127,9ad0df4c4589fc472689ead2e508267cdb136635378527d88bf52fd0c76bd63a
Gaur,Gaur,HOLD,FAIL,HOLD,True,Cattle and bovids,MEDIUM,,PASS,POLISH,POLISH,POLISH,POLISH,POLISH,"Broad family anatomy is usable, but the portrait still shares simplified global body templates and should retain stronger species markers.","No critical routing, clipping, eye, or life-stage issue found in the full-size visual pass. Recognizable within the established stylized family language. The ungulate base is usable, but the named species must have correct horn/antler geometry, neck, shoulder/croup mass, leg length, hooves, head and tail.",Gaur.png,440,440,RGBA,435a8e9260148269ee118ae0ee238487a7c8220f5520c2697c3ec0757dc1115f,a0f868c6eb4a95e316f8d6899d8efc8a439562cbdfb861bf35a717b66ca84d97
Gazelle,Gazelle,HOLD,FAIL,HOLD,True,Cattle and bovids,MEDIUM,,PASS,POLISH,POLISH,POLISH,POLISH,POLISH,"Broad family anatomy is usable, but the portrait still shares simplified global body templates and should retain stronger species markers.","No critical routing, clipping, eye, or life-stage issue found in the full-size visual pass. Recognizable within the established stylized family language. The ungulate base is usable, but the named species must have correct horn/antler geometry, neck, shoulder/croup mass, leg length, hooves, head and tail.",Gazelle.png,440,440,RGBA,c9e59a787ad87d793d317dba2c199b3acbd2f9d545596cbb5e392c2f996672c7,920476d8526952bc35586574c2d537e908b5a81cd362bd771359e4551428c947
Gecko,Gecko,HOLD,FAIL,HOLD,True,Medium and small lizards,MEDIUM,,PASS,POLISH,POLISH,POLISH,POLISH,POLISH,"Broad family anatomy is usable, but the portrait still shares simplified global body templates and should retain stronger species markers.","No critical routing, clipping, eye, or life-stage issue found in the full-size visual pass. Recognizable within the established stylized family language. Verify skull/head profile, limb state, body thickness, scale texture, tail and any crest/frill/horn; do not rely on color alone.",Gecko.png,440,440,RGBA,6651527a2c79d8a553e12e745499b144d4231709f27c023ac40de2de380456ea,1316ff1fca21c9c324ce401937ede7aeb1ec69c7a145c19b58aa7111b52a7c4c
Gerbil,Gerbil,HOLD,FAIL,HOLD,True,Rodents,MEDIUM,,PASS,POLISH,POLISH,POLISH,POLISH,POLISH,"Broad family anatomy is usable, but the portrait still shares simplified global body templates and should retain stronger species markers.","No critical routing, clipping, eye, or life-stage issue found in the full-size visual pass. Recognizable within the established stylized family language. Verify rodent/lagomorph skull, incisors/muzzle, fore/hind foot proportions, body posture and tail; several currently inherit the rabbit-like template.",Gerbil.png,440,440,RGBA,e111d680533f1205dc99a127a1c3ea24799fb5563381885f457c9a7f601001d0,a8832a70c678c5899004599dcf1f4c2437b36901a28f411419182495b9a94b22
Gerenuk,Gerenuk,PASS,PASS,PASS,True,Other or uncertain,LOW,,PASS,PASS,PASS,PASS,PASS,PASS,PASS,PASS — Leave alone at the current stylized resolution. Major body regions and defining silhouette are sufficiently represented.,Gerenuk.png,440,440,RGBA,8531ac24b352fa977bc5b2e8db70340f89ec25ca74400937ccc7edc89c85086d,34ac0d17e8fac29fa6b0ea2028ab11436d32000233118251b64a0195468374ae
Gharial,Gharial,FAIL,FAIL,FAIL,True,Crocodilians,HIGH,,FAIL,FAIL,FAIL,PASS,FAIL,FAIL,FAIL,"The long snout is present, but the body is still a narrow lizard. Add a broad crocodilian trunk, robust splayed limbs, armor and a thick tail while retaining the extremely slender jaws.",Gharial.png,440,440,RGBA,867f3845009d34425086e47d7886884d95e08970e3a1759dae1448bcf9004668,65dedff44c1ed21abcd57b2345166e55edaf9cca6ea633a80745d7bf5ad34e81
Giant_Anteater,Giant Anteater,HOLD,FAIL,HOLD,True,Other or uncertain,MEDIUM,,PASS,POLISH,POLISH,POLISH,POLISH,POLISH,"Broad family anatomy is usable, but the portrait still shares simplified global body templates and should retain stronger species markers.","No critical routing, clipping, eye, or life-stage issue found in the full-size visual pass. Recognizable within the established stylized family language. Broad family routing may be usable, but Giant Anteater still needs an unlabeled silhouette check for body plan, head, eyes/sensory structures, appendages and rear/terminal anatomy.",Giant_Anteater.png,440,440,RGBA,e25d7dd1d791297d482858cbcd69896391d047556c22c7533590e78a7cd78a2d,db16e24da89b21ce20b8378404c5de7cf70fab0553ae1b5599c4e2bb03b2379b
Giant_Centipede,Giant Centipede,HOLD,FAIL,HOLD,True,Ice and cave insects,MEDIUM,,PASS,POLISH,POLISH,POLISH,POLISH,POLISH,"Broad family anatomy is usable, but the portrait still shares simplified global body templates and should retain stronger species markers.","No critical routing, clipping, eye, or life-stage issue found in the full-size visual pass. Recognizable within the established stylized family language. Use correct insect anatomy: distinct head/thorax/abdomen, six articulated legs, correct wing count and attachment, antennae, mouthparts and species-specific shell/body proportions.",Giant_Centipede.png,440,440,RGBA,2bc6b727af88230d80e59c919bcf2a64ae8decc0e2c28485f7c78931eeccdefe,f8872c4cb659dd99385ab933f30f00f5bfce6e11060388c82bfeb1908f7f745d
Giant_Clam,Giant Clam,HOLD,FAIL,HOLD,True,Bivalves,MEDIUM,,PASS,POLISH,POLISH,POLISH,POLISH,POLISH,"Broad family anatomy is usable, but the portrait still shares simplified global body templates and should retain stronger species markers.","No critical routing, clipping, eye, or life-stage issue found in the full-size visual pass. Recognizable within the established stylized family language. Broad family routing may be usable, but Giant Clam still needs an unlabeled silhouette check for body plan, head, eyes/sensory structures, appendages and rear/terminal anatomy.",Giant_Clam.png,440,440,RGBA,16f1d4dc56ef998cb0378c0e8b38e69ba2070dc8e57c7c4cce8ba37db7142884,a24ed1e4bca8585a68ac75dc1b150534d2c3e37751c7d700a5536c7cf7b7614f
Giant_Isopod,Giant Isopod,PASS,PASS,FAIL,True,Crustaceans,HIGH,,PASS,PASS,PASS,PASS,PASS,PASS,PASS,"The segmented plated body, many legs and deep-sea isopod silhouette are recognizable.",Giant_Isopod.png,440,440,RGBA,d2e1c6625cbeb95b5bbcc7f115bb4a2c9a0ba8af2a4c029326382dd69308ea45,53dc8206682d715186ec2bbcbc40caec8f7be8180e92df6fae39e242c94b1ad3
Giant_Octopus,Giant Octopus,HOLD,FAIL,HOLD,True,Cephalopods,MEDIUM,,PASS,POLISH,POLISH,POLISH,POLISH,POLISH,"Broad family anatomy is usable, but the portrait still shares simplified global body templates and should retain stronger species markers.","Make all eight arms clearly readable and more irregular; mantle/eye placement can be stronger. Verify mantle form, eye/head placement, arm count, feeding tentacles, fin skirt/fins and rear mantle taper for the named cephalopod.",Giant_Octopus.png,440,440,RGBA,7507b3329905439630edd1013f608160ade45786bc4d8761e8a2d09ecc7c8107,258f8c73076a8fe1fa4a56f992a76a2ebab7e5fc0ded198f2b8e2b1cd7561bbe
Giant_Otter,Giant Otter,HOLD,FAIL,HOLD,True,Other or uncertain,MEDIUM,,PASS,POLISH,POLISH,POLISH,POLISH,POLISH,"Broad family anatomy is usable, but the portrait still shares simplified global body templates and should retain stronger species markers.","No critical routing, clipping, eye, or life-stage issue found in the full-size visual pass. Recognizable within the established stylized family language. Broad family routing may be usable, but Giant Otter still needs an unlabeled silhouette check for body plan, head, eyes/sensory structures, appendages and rear/terminal anatomy.",Giant_Otter.png,440,440,RGBA,b8af385c78a6e29006515b53c36e6186e4aca888768a84f21c5f9d02697ede2c,ce9574ca75ae857c13445db7941ccaef0b0251deb78990602729cc1f6e73019b
Giant_Salamander,Giant Salamander,HOLD,FAIL,HOLD,True,Salamanders,MEDIUM,,PASS,POLISH,POLISH,POLISH,POLISH,POLISH,"Broad family anatomy is usable, but the portrait still shares simplified global body templates and should retain stronger species markers.","No critical routing, clipping, eye, or life-stage issue found in the full-size visual pass. Recognizable within the established stylized family language. Verify body width, head/mouth, eye placement, fore/hind limb proportions, toes, tail state and skin texture; color alone should not define the species.",Giant_Salamander.png,440,440,RGBA,a09e413ee49e265684e1cc7400989b2665d48a7058cf4e468c52044c36f13dc4,aa555d00b50c646ee16834a53be522cc6ddfbdc1503830603fa27d969a696610
Giant_Squid,Giant Squid,HOLD,FAIL,HOLD,True,Cephalopods,MEDIUM,,PASS,POLISH,POLISH,POLISH,POLISH,POLISH,"Broad family anatomy is usable, but the portrait still shares simplified global body templates and should retain stronger species markers.","No critical routing, clipping, eye, or life-stage issue found in the full-size visual pass. Recognizable within the established stylized family language. Verify mantle form, eye/head placement, arm count, feeding tentacles, fin skirt/fins and rear mantle taper for the named cephalopod.",Giant_Squid.png,440,440,RGBA,9a8b630a66e911968b22b8038ad807747017a9714fd7b4077cb87be6b6b5bb7e,e9bd08aa5c91f4f42ebb94aa7ab4f5e717b320e741040e3f5e62c8045d928205
Giant_Tube_Worm,Giant Tube Worm,HOLD,FAIL,HOLD,True,Other mollusks,MEDIUM,,PASS,POLISH,POLISH,POLISH,POLISH,POLISH,"Broad family anatomy is usable, but the portrait still shares simplified global body templates and should retain stronger species markers.","No critical routing, clipping, eye, or life-stage issue found in the full-size visual pass. Recognizable within the established stylized family language. Broad family routing may be usable, but Giant Tube Worm still needs an unlabeled silhouette check for body plan, head, eyes/sensory structures, appendages and rear/terminal anatomy.",Giant_Tube_Worm.png,440,440,RGBA,01797d804cdcc6562c609f40003f24703c7875a050ab31279bd8c4948ebfad4a,2c4cbc9641b0ce74ee5f3cfe514ffcc1098c172ee68dc56c8abed058cd599c8f
Giant_Water_Bug,Giant Water Bug,PASS,PASS,FAIL,True,True bugs,HIGH,,PASS,PASS,PASS,PASS,PASS,PASS,PASS,The broad flattened bug body and enlarged grasping forelegs now read sufficiently well.,Giant_Water_Bug.png,440,440,RGBA,2a128d348402190dd894837fa62c86ed73e26e896e99c31225aa5e8ba1ce530c,ad792580026bb0c3186eb820c26b40e73204707993ffe0a70efd716be576829d
Gibbon,Gibbon,HOLD,FAIL,HOLD,True,Primates,MEDIUM,,PASS,POLISH,POLISH,POLISH,POLISH,POLISH,"Broad family anatomy is usable, but the portrait still shares simplified global body templates and should retain stronger species markers.","No critical routing, clipping, eye, or life-stage issue found in the full-size visual pass. Recognizable within the established stylized family language. Verify torso posture, arm/leg ratio, hands/feet, face shape and tail state for the named primate.",Gibbon.png,440,440,RGBA,7eb0c931d093dc00451cbdc3b2306fd45f2c13db47f7ca793555ab42862c7756,0144da2317326674737e995276d3bbffd70c643a1c6d88ae8dbf5597c9f02507
Gila_Monster,Gila Monster,HOLD,FAIL,HOLD,True,Specialized lizards,MEDIUM,,PASS,POLISH,POLISH,POLISH,POLISH,POLISH,"Broad family anatomy is usable, but the portrait still shares simplified global body templates and should retain stronger species markers.","No critical routing, clipping, eye, or life-stage issue found in the full-size visual pass. Recognizable within the established stylized family language. Verify skull/head profile, limb state, body thickness, scale texture, tail and any crest/frill/horn; do not rely on color alone.",Gila_Monster.png,440,440,RGBA,b1394fdcda721b03c28dab18de5f9c2bb21d416f3a80bb51e9202793267b12c5,ceb4b6f303f7eae85ec9a69f65fac608ab3d267b3e80047c15a512570c3b4799
Giraffe,Giraffe,HOLD,FAIL,HOLD,True,Giraffes and relatives,MEDIUM,,PASS,POLISH,POLISH,POLISH,POLISH,POLISH,"Broad family anatomy is usable, but the portrait still shares simplified global body templates and should retain stronger species markers.","No critical routing, clipping, eye, or life-stage issue found in the full-size visual pass. Recognizable within the established stylized family language. The ungulate base is usable, but the named species must have correct horn/antler geometry, neck, shoulder/croup mass, leg length, hooves, head and tail.",Giraffe.png,440,440,RGBA,0b68811baceb4a1d3bc3d219a21ce377b6ae32089024df748acddf34852ab9e5,9ae4342bbd577e670d53cc4afe90d64d64113e9fac71bc9d1ec0a81af37e3c7e
Glass_Frog,Glass Frog,HOLD,FAIL,HOLD,True,Frogs,MEDIUM,,PASS,POLISH,POLISH,PASS,POLISH,POLISH,"Broad family anatomy is usable, but the portrait still shares simplified global body templates and should retain stronger species markers.","Increase belly translucency/internal visibility; current form mainly differs by color. Verify body width, head/mouth, eye placement, fore/hind limb proportions, toes, tail state and skin texture; color alone should not define the species.",Glass_Frog.png,440,440,RGBA,400041b9a2e312f2f6e2694c2702d1ecd1085e201db9f991fc0fa891004ce880,18347c0e596aba341ef34fa7bf23f7fd2d314380360ae3995bb9e99932474247
Goat,Goat,PASS,PASS,FAIL,True,Sheep and goats,HIGH,,PASS,PASS,PASS,PASS,PASS,PASS,PASS,"The current caprine body, head, horns and hooves are sufficiently recognizable.",Goat.png,440,440,RGBA,485aa5e0a0551a13f492e39d4d41cb481dc0ba88b21dda2d420e6cf338e5f3c8,3d0082c0dae3a71c48c53c420561f3438cdef11c752ad2a27953169b1a0b8fb6
Goby,Goby,HOLD,FAIL,HOLD,True,Reef fish,HIGH,Brine_Shrimp | Fairy_Shrimp | Hummingbird | Lanternfish,PASS,POLISH,POLISH,POLISH,POLISH,POLISH,"Broad family anatomy is usable, but the portrait still shares simplified global body templates and should retain stronger species markers.","No critical routing, clipping, eye, or life-stage issue found in the full-size visual pass. Recognizable within the established stylized family language. The portrait relies on a generic torpedo fish. Correct body depth, head/mouth position, dorsal/anal/pectoral fin shape, caudal fin, markings and any diagnostic appendage.",Goby.png,440,440,RGBA,d81c77ebcf79ca5e46841a582ee0b890b0eb4b5af918650a27c3f246e066769d,c6998adce5501b0631ccea54e776a28f302fdb6327ee4792861c05a371c4ace4
Godwit,Godwit,HOLD,FAIL,HOLD,True,Shorebirds,MEDIUM,,PASS,POLISH,POLISH,PASS,POLISH,POLISH,"Broad family anatomy is usable, but the portrait still shares simplified global body templates and should retain stronger species markers.","Strengthen the long slightly upturned bill. Keep the wader family but correct the exact bill geometry, neck length, leg/foot proportions, body depth and tail for the named species.",Godwit.png,440,440,RGBA,5fbb3af21de15cdcbba251f982e368efa686236ca58ef5e2aa98319a49561b0f,8940f49c6372fb665950a3666f1f2b9a6c47cd86f07ffd55d117c6e88f14e387
Goldfish,Goldfish,HOLD,FAIL,HOLD,True,Carp-like fish,MEDIUM,,PASS,POLISH,POLISH,POLISH,POLISH,POLISH,"Broad family anatomy is usable, but the portrait still shares simplified global body templates and should retain stronger species markers.","No critical routing, clipping, eye, or life-stage issue found in the full-size visual pass. Recognizable within the established stylized family language. The portrait relies on a generic torpedo fish. Correct body depth, head/mouth position, dorsal/anal/pectoral fin shape, caudal fin, markings and any diagnostic appendage.",Goldfish.png,440,440,RGBA,4f98aa8fc2bc3bec8ad0c9642650e43e2d1177efe849625303bb28a44bdb1a8b,3197e67356056a1d7499baaf47f25322c836dab48b288bd142f3775a52484f65
Goose,Goose,HOLD,FAIL,HOLD,True,Waterfowl,MEDIUM,,PASS,POLISH,POLISH,POLISH,POLISH,POLISH,"Broad family anatomy is usable, but the portrait still shares simplified global body templates and should retain stronger species markers.","No critical routing, clipping, eye, or life-stage issue found in the full-size visual pass. Recognizable within the established stylized family language. Broad family routing may be usable, but Goose still needs an unlabeled silhouette check for body plan, head, eyes/sensory structures, appendages and rear/terminal anatomy.",Goose.png,440,440,RGBA,f58abc9a451af7198500463568cd6d133d2c77e4c73a72a6311fb4e5331a4b80,cfb0349253642ab3af6480be35a3f263483c90e753726fed9602bf1d21e4214f
Gopher,Gopher,HOLD,FAIL,HOLD,True,Rodents,MEDIUM,,PASS,POLISH,POLISH,POLISH,POLISH,POLISH,"Broad family anatomy is usable, but the portrait still shares simplified global body templates and should retain stronger species markers.","No critical routing, clipping, eye, or life-stage issue found in the full-size visual pass. Recognizable within the established stylized family language. Verify rodent/lagomorph skull, incisors/muzzle, fore/hind foot proportions, body posture and tail; several currently inherit the rabbit-like template.",Gopher.png,440,440,RGBA,46526a6d742783d6874b3433c0eabc27649136e7ed3d68db926a823bded3173d,dc4f58a63ff5eaafaefc5c3a7b15b754876ead79ee92351fdbd291c025b8d5c9
Gorilla,Gorilla,HOLD,FAIL,HOLD,True,Primates,MEDIUM,,PASS,POLISH,POLISH,POLISH,POLISH,POLISH,"Broad family anatomy is usable, but the portrait still shares simplified global body templates and should retain stronger species markers.","No critical routing, clipping, eye, or life-stage issue found in the full-size visual pass. Recognizable within the established stylized family language. Verify torso posture, arm/leg ratio, hands/feet, face shape and tail state for the named primate.",Gorilla.png,440,440,RGBA,1bc0d7eebfd9de50086615f5c5fa6e912727e99ce823cef753c935f2c7428fea,1c9d3a07c25c5e891610412c00dddbdde7c4cea9bf20a5d50493a2811f9b59f9
Grass_Snake,Grass Snake,HOLD,FAIL,HOLD,True,Other snakes,MEDIUM,,PASS,POLISH,POLISH,POLISH,POLISH,POLISH,"Broad family anatomy is usable, but the portrait still shares simplified global body templates and should retain stronger species markers.","No critical routing, clipping, eye, or life-stage issue found in the full-size visual pass. Recognizable within the established stylized family language. Verify skull/head profile, limb state, body thickness, scale texture, tail and any crest/frill/horn; do not rely on color alone.",Grass_Snake.png,440,440,RGBA,4837393b9f2763450990d8af9689657c5e8e6932f8eb0931a2bc7bd826d02173,5626a91e1c04c938578a51ad9ae2273a0cce14903d8bf4c0ecbf09be79e4c687
Grasshopper,Grasshopper,HOLD,FAIL,FAIL,True,Grasshoppers and relatives,HIGH,,POLISH,POLISH,POLISH,PASS,POLISH,POLISH,POLISH,"The insect body and wings read, but enlarge and articulate the jumping hind legs and clarify head-thorax-abdomen segmentation.",Grasshopper.png,440,440,RGBA,3071cbcf41a89fe6c9a5cf6d9d1eddbe03d12a98cf3a1fd7438d8085ba0deff2,a7bc388a4f634c73115cb3404257fdb04c3c45092f75579dc4e26d26bfcf4eba
Gray_Whale,Gray Whale,HOLD,FAIL,HOLD,True,Marine mammals,MEDIUM,,PASS,POLISH,POLISH,PASS,POLISH,POLISH,"Broad family anatomy is usable, but the portrait still shares simplified global body templates and should retain stronger species markers.","Add a longer mottled body and reduced/absent dorsal fin identity. Strengthen real marine-mammal proportions: streamlined body, species-correct rostrum/head, dorsal fin placement, pectoral flippers, peduncle and horizontal flukes.",Gray_Whale.png,440,440,RGBA,599cb9a60d09ce1999e53d7a3e56f2962f7c740e51ac346f1901585b4c74699d,6490644899a3d26596a9178d05c428bdc60e34eab83953344e6f78e9f28c2746
Grayling,Grayling,HOLD,FAIL,HOLD,True,Salmon-like fish,MEDIUM,,PASS,POLISH,POLISH,POLISH,POLISH,POLISH,"Broad family anatomy is usable, but the portrait still shares simplified global body templates and should retain stronger species markers.","No critical routing, clipping, eye, or life-stage issue found in the full-size visual pass. Recognizable within the established stylized family language. The portrait relies on a generic torpedo fish. Correct body depth, head/mouth position, dorsal/anal/pectoral fin shape, caudal fin, markings and any diagnostic appendage.",Grayling.png,440,440,RGBA,dd5b3fafc52bc9029c31f485af48a6f79ea72eba5aa2f8f665ea0648a1ef9768,1a578deab744a6f321b6f5ed134e84b4b2f3e0890872a6c0dbba5471c811631b
Great_White_Shark,Great White Shark,HOLD,FAIL,HOLD,True,Sharks,MEDIUM,,PASS,POLISH,POLISH,POLISH,POLISH,POLISH,"Broad family anatomy is usable, but the portrait still shares simplified global body templates and should retain stronger species markers.","No critical routing, clipping, eye, or life-stage issue found in the full-size visual pass. Recognizable within the established stylized family language. The portrait relies on a generic torpedo fish. Correct body depth, head/mouth position, dorsal/anal/pectoral fin shape, caudal fin, markings and any diagnostic appendage.",Great_White_Shark.png,440,440,RGBA,83d35e54655c272e2006cb0f5195ba10fb30d83fdd8f02020698d15b3fcf1569,bc7b63d8a61df20908a371d311ee53d5800c45e9fa00e04e7f1866efa052d33e
Grebe,Grebe,HOLD,FAIL,HOLD,True,Other distinctive birds,MEDIUM,,PASS,POLISH,POLISH,POLISH,POLISH,POLISH,"Broad family anatomy is usable, but the portrait still shares simplified global body templates and should retain stronger species markers.","No critical routing, clipping, eye, or life-stage issue found in the full-size visual pass. Recognizable within the established stylized family language. Broad family routing may be usable, but Grebe still needs an unlabeled silhouette check for body plan, head, eyes/sensory structures, appendages and rear/terminal anatomy.",Grebe.png,440,440,RGBA,d6c1995853d6590c53ee514d7c51cce424025c78d6bf6fc1319c167abbd16f81,945864c5e4dfbba6a8a4ac5700edc4696e295366bcd5df338ad1fb354d2c2227
Grizzly_Bear,Grizzly Bear,FAIL,FAIL,FAIL,True,Bears,HIGH,,FAIL,FAIL,FAIL,PASS,FAIL,FAIL,FAIL,"The animal remains a sheep/pig-shaped quadruped. Add a strong shoulder hump, heavy plantigrade paws, short tail, thick neck and grizzly skull.",Grizzly_Bear.png,440,440,RGBA,b99bf6e0e882e07d4417c3fe283c2ef1fcc65be2fcb19485a71b28f8b57d17c9,fd3a84f1e94c6b49c3bdac8e33f22cb8f7cd3aa1b929fa8e7601a57e5d1977ef
Ground_Squirrel,Ground Squirrel,HOLD,FAIL,HOLD,True,Rodents,MEDIUM,,PASS,POLISH,POLISH,POLISH,POLISH,POLISH,"Broad family anatomy is usable, but the portrait still shares simplified global body templates and should retain stronger species markers.","No critical routing, clipping, eye, or life-stage issue found in the full-size visual pass. Recognizable within the established stylized family language. Verify rodent/lagomorph skull, incisors/muzzle, fore/hind foot proportions, body posture and tail; several currently inherit the rabbit-like template.",Ground_Squirrel.png,440,440,RGBA,4c455b83b44355f8417ff0abd7e9dfe658d3138f7987a6a9caf8bae4805843e9,2b87d23dfb01ad4a35fd5fc899f6f8fcfc5607391ce185daa15d414d0539cf0a
Grouper,Grouper,HOLD,FAIL,HOLD,True,Groupers and snappers,MEDIUM,,PASS,POLISH,POLISH,POLISH,POLISH,POLISH,"Broad family anatomy is usable, but the portrait still shares simplified global body templates and should retain stronger species markers.","No critical routing, clipping, eye, or life-stage issue found in the full-size visual pass. Recognizable within the established stylized family language. Broad family routing may be usable, but Grouper still needs an unlabeled silhouette check for body plan, head, eyes/sensory structures, appendages and rear/terminal anatomy.",Grouper.png,440,440,RGBA,d2b74199429ab8f644c43ae94b69a52e0c5fce3ad5766fb4c1f4a3c9376f02b7,75c14311377ca1364001357d47348f44fe447fff947f998e7f838b5b3c75c88a
Grouse,Grouse,HOLD,FAIL,HOLD,True,Gamebirds,MEDIUM,,PASS,POLISH,POLISH,POLISH,POLISH,POLISH,"Broad family anatomy is usable, but the portrait still shares simplified global body templates and should retain stronger species markers.","No critical routing, clipping, eye, or life-stage issue found in the full-size visual pass. Recognizable within the established stylized family language. The named bird relies too heavily on the shared side-bird template. Correct the bill, neck, body depth, wing length, leg type, tail and crest/display structures for the species.",Grouse.png,440,440,RGBA,13624c295a317f05d15d3e27acba4d07e04bfa898430fd8456de75f1486128c0,6a9e0bfdbf6b5ed0954a4a387e49aafae37c8dfeb7e4a863b351f9b4f9a9d657
Guillemot,Guillemot,HOLD,FAIL,HOLD,True,Seabirds,MEDIUM,,PASS,POLISH,POLISH,POLISH,POLISH,POLISH,"Broad family anatomy is usable, but the portrait still shares simplified global body templates and should retain stronger species markers.","No critical routing, clipping, eye, or life-stage issue found in the full-size visual pass. Recognizable within the established stylized family language. The named bird relies too heavily on the shared side-bird template. Correct the bill, neck, body depth, wing length, leg type, tail and crest/display structures for the species.",Guillemot.png,440,440,RGBA,364213cd0ef7a76201f9b782cbebf1f35c144da5c5ec14c9e708725cf0edf5e9,3644e7094e4285af88f10e447926749486bf09408ab0bb78cf679562bc176d9f
Guinea_Pig,Guinea Pig,HOLD,FAIL,HOLD,True,Rodents,MEDIUM,,PASS,POLISH,POLISH,POLISH,POLISH,POLISH,"Broad family anatomy is usable, but the portrait still shares simplified global body templates and should retain stronger species markers.","No critical routing, clipping, eye, or life-stage issue found in the full-size visual pass. Recognizable within the established stylized family language. Verify rodent/lagomorph skull, incisors/muzzle, fore/hind foot proportions, body posture and tail; several currently inherit the rabbit-like template.",Guinea_Pig.png,440,440,RGBA,981bdb6c5fa87ee1c9511c230344e698eb6c3fc4c81d8bb136653f8e52d84280,bb8577d0bdd962b121a252f004c4376fd34673fb41160c740eda1ce3a70542b1
Guineafowl,Guineafowl,HOLD,FAIL,HOLD,True,Gamebirds,MEDIUM,,PASS,POLISH,POLISH,POLISH,POLISH,POLISH,"Broad family anatomy is usable, but the portrait still shares simplified global body templates and should retain stronger species markers.","No critical routing, clipping, eye, or life-stage issue found in the full-size visual pass. Recognizable within the established stylized family language. The named bird relies too heavily on the shared side-bird template. Correct the bill, neck, body depth, wing length, leg type, tail and crest/display structures for the species.",Guineafowl.png,440,440,RGBA,064c1e64ad8f5079ead8bf24877c53b9a0634304ae36c62d8bf5ac4ec6e803c0,7d202006ac02b03bce49904e6c37d936542d401e358e45df5613c3e2a4f6a3a3
Gull,Gull,HOLD,FAIL,HOLD,True,Seabirds,MEDIUM,,PASS,POLISH,POLISH,POLISH,POLISH,POLISH,"Broad family anatomy is usable, but the portrait still shares simplified global body templates and should retain stronger species markers.","No critical routing, clipping, eye, or life-stage issue found in the full-size visual pass. Recognizable within the established stylized family language. The named bird relies too heavily on the shared side-bird template. Correct the bill, neck, body depth, wing length, leg type, tail and crest/display structures for the species.",Gull.png,440,440,RGBA,1baeecdd434ecf2fa7429902bfde52354a1f275860863a27d6b2672d3b8ee374,2149af999147cc650cb6553bf250db7c6fa53de26157f79b488fa71d0b10af17
Gulper_Eel,Gulper Eel,HOLD,FAIL,HOLD,True,Eels,MEDIUM,,PASS,POLISH,POLISH,POLISH,POLISH,POLISH,"Broad family anatomy is usable, but the portrait still shares simplified global body templates and should retain stronger species markers.","No critical routing, clipping, eye, or life-stage issue found in the full-size visual pass. Recognizable within the established stylized family language. Broad family routing may be usable, but Gulper Eel still needs an unlabeled silhouette check for body plan, head, eyes/sensory structures, appendages and rear/terminal anatomy.",Gulper_Eel.png,440,440,RGBA,e7f8696d7eb6a4464d74755e8adc5288b94c213a5aa32f2ed4f0489fb7de4cb9,c2a5211897464b60e1cb2d8c134852ded1856ab1178e9c42c039637662842bd1
Haddock,Haddock,HOLD,FAIL,HOLD,True,Cod-like fish,MEDIUM,,PASS,POLISH,POLISH,POLISH,POLISH,POLISH,"Broad family anatomy is usable, but the portrait still shares simplified global body templates and should retain stronger species markers.","No critical routing, clipping, eye, or life-stage issue found in the full-size visual pass. Recognizable within the established stylized family language. The portrait relies on a generic torpedo fish. Correct body depth, head/mouth position, dorsal/anal/pectoral fin shape, caudal fin, markings and any diagnostic appendage.",Haddock.png,440,440,RGBA,f37141ad0b54d31257784bcd82fe3b36e17108309230ce3a08a673d4beaae3db,a4518767f2aa7192182e9515db1d8f489a128667f8d1ff787d288db207783e08
Halibut,Halibut,HOLD,FAIL,HOLD,True,Flatfish,HIGH,Flounder,PASS,POLISH,POLISH,POLISH,POLISH,POLISH,"Broad family anatomy is usable, but the portrait still shares simplified global body templates and should retain stronger species markers.","No critical routing, clipping, eye, or life-stage issue found in the full-size visual pass. Recognizable within the established stylized family language. The portrait relies on a generic torpedo fish. Correct body depth, head/mouth position, dorsal/anal/pectoral fin shape, caudal fin, markings and any diagnostic appendage.",Halibut.png,440,440,RGBA,f66af1452cd661b68e16eed801f067f1f5b8e2751f772204a523f68c4d69d628,496616e7703979b982180369b78cefaf93b61ce18ea7558a7291848ab91d5e53
Hammerhead_Shark,Hammerhead Shark,PASS,PASS,FAIL,True,Sharks,HIGH,,PASS,PASS,PASS,PASS,PASS,PASS,PASS,"The lateral hammer-shaped head, shark body and fins are readable; leave alone.",Hammerhead_Shark.png,440,440,RGBA,300c274b5a2ded9dd5df9bfaa27396d80b443123ea294a8162315237aade9c24,cc15d0f0187399afad8da4062892639dccc40b440ae36f7f9694c555f3727ea2
Hamster,Hamster,HOLD,FAIL,HOLD,True,Rodents,MEDIUM,,PASS,POLISH,POLISH,POLISH,POLISH,POLISH,"Broad family anatomy is usable, but the portrait still shares simplified global body templates and should retain stronger species markers.","No critical routing, clipping, eye, or life-stage issue found in the full-size visual pass. Recognizable within the established stylized family language. Verify rodent/lagomorph skull, incisors/muzzle, fore/hind foot proportions, body posture and tail; several currently inherit the rabbit-like template.",Hamster.png,440,440,RGBA,1c43f5153867920349c427af5b9753e24e3abb4a1b99d2ca019b295f28624287,ca5a2b28352c7fe132a9e8ef2b4c05a4e1788ad28c4e914b8b2ec5cfe283eb08
Hare,Hare,HOLD,FAIL,HOLD,True,Rabbits and relatives,MEDIUM,,PASS,POLISH,POLISH,POLISH,POLISH,POLISH,"Broad family anatomy is usable, but the portrait still shares simplified global body templates and should retain stronger species markers.","No critical routing, clipping, eye, or life-stage issue found in the full-size visual pass. Recognizable within the established stylized family language. Broad family routing may be usable, but Hare still needs an unlabeled silhouette check for body plan, head, eyes/sensory structures, appendages and rear/terminal anatomy.",Hare.png,440,440,RGBA,bb6ed122954db8dbd85cf84c0b11c8555fd01be3f915eab48379405d80dcc84a,1743efac1b38ba8a50a5cb38e2db83d20a91c3ffc092fc23088fe43c8f33371d
Harpy_Eagle,Harpy Eagle,FAIL,FAIL,FAIL,True,Raptors and owls,HIGH,,FAIL,FAIL,FAIL,PASS,FAIL,FAIL,FAIL,"The current image is a generic long-tailed bird. Add the massive raptor head and crest, deep chest, broad rounded wings and oversized talons.",Harpy_Eagle.png,440,440,RGBA,1109444e2241407410562ca2523aacb1e32152ffef61d75c303690efdc3b8a37,c05a3627adc4ad6235deaeddb59165e021fa4611e7ac1d5a1e4144474b4854c7
Hartebeest,Hartebeest,HOLD,FAIL,HOLD,True,Cattle and bovids,MEDIUM,,PASS,POLISH,POLISH,POLISH,POLISH,POLISH,"Broad family anatomy is usable, but the portrait still shares simplified global body templates and should retain stronger species markers.","No critical routing, clipping, eye, or life-stage issue found in the full-size visual pass. Recognizable within the established stylized family language. The ungulate base is usable, but the named species must have correct horn/antler geometry, neck, shoulder/croup mass, leg length, hooves, head and tail.",Hartebeest.png,440,440,RGBA,0be0d2dd9cf4b37d892b6d7a89ccb784bcb1cb3c8758b1266452370525544ded,de4b32b8790b8a97872c2f35f43689a5955c34462b29733fdb4f17b908093238
Harvestman,Harvestman,HOLD,FAIL,HOLD,True,Ice and cave insects,MEDIUM,,PASS,POLISH,POLISH,POLISH,POLISH,POLISH,"Broad family anatomy is usable, but the portrait still shares simplified global body templates and should retain stronger species markers.","No critical routing, clipping, eye, or life-stage issue found in the full-size visual pass. Recognizable within the established stylized family language. Use correct insect anatomy: distinct head/thorax/abdomen, six articulated legs, correct wing count and attachment, antennae, mouthparts and species-specific shell/body proportions.",Harvestman.png,440,440,RGBA,eda2c13c63fb90d93cd8965da31c3c9aaf89759cec85606e9add51df22a83d5f,fa58572978c7b98379f9d60ca967c3b8cfe8997b8612112a79cf10b966d34095
Hawk,Hawk,HOLD,FAIL,HOLD,True,Birds of prey,HIGH,Osprey,PASS,POLISH,POLISH,POLISH,POLISH,POLISH,"Broad family anatomy is usable, but the portrait still shares simplified global body templates and should retain stronger species markers.","No critical routing, clipping, eye, or life-stage issue found in the full-size visual pass. Recognizable within the established stylized family language. Replace the generic compact bird body with species-correct raptor mass, hooked bill, wing proportions, talons, tail and head/crest.",Hawk.png,440,440,RGBA,befb8d9234178455cf563559d7d58d35911520ee8ad33dc2bb20ca07b3d0a01b,be6c23306750f2c452ac3f020926bd3ac2ac2075a6d05b2696b9ed247e8fa1cb
Hedgehog,Hedgehog,HOLD,FAIL,HOLD,True,Insect-eating and burrowing mammals,MEDIUM,,PASS,POLISH,POLISH,POLISH,POLISH,POLISH,"Broad family anatomy is usable, but the portrait still shares simplified global body templates and should retain stronger species markers.","No critical routing, clipping, eye, or life-stage issue found in the full-size visual pass. Recognizable within the established stylized family language. Use correct insect anatomy: distinct head/thorax/abdomen, six articulated legs, correct wing count and attachment, antennae, mouthparts and species-specific shell/body proportions.",Hedgehog.png,440,440,RGBA,1307794b5ada9cf8e6964376b83986ba1562443ebf4bcc2ed0a46fe6bfd03d2c,8b7c324ef885738c2ac680fefa12037deb2c2c4223b7d4ee4ef66357411dd63e
Hermit_Crab,Hermit Crab,HOLD,FAIL,HOLD,True,Ice and cave insects,MEDIUM,,PASS,POLISH,POLISH,POLISH,POLISH,POLISH,"Broad family anatomy is usable, but the portrait still shares simplified global body templates and should retain stronger species markers.","No critical routing, clipping, eye, or life-stage issue found in the full-size visual pass. Recognizable within the established stylized family language. Use correct insect anatomy: distinct head/thorax/abdomen, six articulated legs, correct wing count and attachment, antennae, mouthparts and species-specific shell/body proportions.",Hermit_Crab.png,440,440,RGBA,b0b23075e1e60474a1328e759496adabcc1ac6765bf1ea9a9c859af1257a7c0b,89f19c0d837b432e05d30ab08b31233a0fba2986ca369f038d0bfc96b4258e20
Heron,Heron,HOLD,FAIL,HOLD,True,Herons and wetland birds,MEDIUM,,PASS,POLISH,POLISH,POLISH,POLISH,POLISH,"Broad family anatomy is usable, but the portrait still shares simplified global body templates and should retain stronger species markers.","No critical routing, clipping, eye, or life-stage issue found in the full-size visual pass. Recognizable within the established stylized family language. Keep the wader family but correct the exact bill geometry, neck length, leg/foot proportions, body depth and tail for the named species.",Heron.png,440,440,RGBA,984287e47f5a27e47f490dc03685a4847c9f8bb017f7bd6a15130160fca1d7ae,108944e78b803ef1084cbe5aea0cca337432be4eb5227f99ef4ec550f0362845
Herring,Herring,HOLD,FAIL,HOLD,True,Schooling ocean fish,MEDIUM,,PASS,POLISH,POLISH,POLISH,POLISH,POLISH,"Broad family anatomy is usable, but the portrait still shares simplified global body templates and should retain stronger species markers.","No critical routing, clipping, eye, or life-stage issue found in the full-size visual pass. Recognizable within the established stylized family language. The portrait relies on a generic torpedo fish. Correct body depth, head/mouth position, dorsal/anal/pectoral fin shape, caudal fin, markings and any diagnostic appendage.",Herring.png,440,440,RGBA,09a25313baa2ccf8b8ac85039ceb1f3dd166ca8311548a7fe4d345e95057cb25,d6aad08e06828e1873bc8f1d6c7287be1b426b1552f2c523a77f6f4a309dad0f
Hippopotamus,Hippopotamus,HOLD,FAIL,HOLD,True,Hippopotamuses,MEDIUM,,PASS,POLISH,POLISH,POLISH,POLISH,POLISH,"Broad family anatomy is usable, but the portrait still shares simplified global body templates and should retain stronger species markers.","No critical routing, clipping, eye, or life-stage issue found in the full-size visual pass. Recognizable within the established stylized family language. Broad family routing may be usable, but Hippopotamus still needs an unlabeled silhouette check for body plan, head, eyes/sensory structures, appendages and rear/terminal anatomy.",Hippopotamus.png,440,440,RGBA,5596e8db71ff7ea2d2f06e09aca4021b6fac954db49e8cd66c39852869c2b6e9,7872de629acde99055215a545d4890bdcc064c2a254b4a0af8e8734fa34e7410
Hoatzin,Hoatzin,FAIL,FAIL,FAIL,True,Other birds,HIGH,,FAIL,FAIL,FAIL,PASS,FAIL,FAIL,FAIL,"The current long-tailed generic bird lacks the hoatzin’s large crest, blue face/red eye, bulky crop and broad wing/body profile.",Hoatzin.png,440,440,RGBA,e98ed8edfcb16762cd52561f76df8b11d525a557b3940653bf889bababd886be,16094dab242788a814e30a352b3a70264fac3f35a165c37de49a0d2212302d6f
Honeybee,Honeybee,PASS,PASS,FAIL,True,Bees,HIGH,,PASS,PASS,PASS,PASS,PASS,PASS,PASS,"Striped abdomen, wings and insect structure are readable enough.",Honeybee.png,440,440,RGBA,2aa16b83b1f350a113281ea9f6d1a7b5365af2a9702cfd2bffc3eb2a3ff1aef5,00b511bd96cf3da8189147b19887dfb0a9081cee1d16903fe5995ee6a37f6dec
Hornbill,Hornbill,HOLD,FAIL,HOLD,True,Tropical display birds,MEDIUM,,PASS,POLISH,POLISH,POLISH,POLISH,POLISH,"Broad family anatomy is usable, but the portrait still shares simplified global body templates and should retain stronger species markers.","No critical routing, clipping, eye, or life-stage issue found in the full-size visual pass. Recognizable within the established stylized family language. Broad family routing may be usable, but Hornbill still needs an unlabeled silhouette check for body plan, head, eyes/sensory structures, appendages and rear/terminal anatomy.",Hornbill.png,440,440,RGBA,5fa744c194a9cb032e6d519aab807d2d3e8d9fe70bd7d69c53bdcb3c023f3705,f5adf43fd0f8680d00123cad6e24ca22978223a3d9666487c6be29d7d7096e11
Horned_Lizard,Horned Lizard,PASS,PASS,FAIL,True,Specialized lizards,HIGH,,PASS,PASS,PASS,PASS,PASS,PASS,PASS,"The broad flattened lizard body, cranial horns and spiny texture are recognizable.",Horned_Lizard.png,440,440,RGBA,b77cb28e83daaf2528890c7936937530b4aecdd2464f171b18d1f08909717ed0,9b7aac3d282ba0209c497ca7fecbf8ea6dec91a54b13bd799cd8a7b704e07b17
Horse,Horse,FAIL,FAIL,FAIL,True,Horses and relatives,HIGH,,FAIL,FAIL,FAIL,PASS,FAIL,FAIL,FAIL,"The full silhouette is not equine. The torso is a flat rectangle rather than a deep barrel with withers; the head is short and rounded instead of a long wedge-shaped horse skull; the neck rises too vertically and lacks a mane; all four legs are straight rods without knees, hocks, fetlocks, pasterns or hooves; the hindquarters are square and under-muscled; and the tail is a short radial tuft. Build a dedicated equid scaffold with sloped shoulders, deep chest, muscular croup, articulated limbs, real hooves, mane and a long flowing tail.",Horse.png,440,440,RGBA,07ef2dbd320bc3b03937e7f962cb168776bbd8b01f5f1519c8371965c88f85fb,e91632032ac22f9e8e32c6524c122e6f78f3055c8146587df7888ace27636644
Horseshoe_Crab,Horseshoe Crab,PASS,PASS,PASS,False,Ice and cave insects,LOW,,PASS,PASS,PASS,PASS,PASS,PASS,PASS,The broad horseshoe carapace and long rigid tail spine now clearly distinguish it from true crabs.,Horseshoe_Crab.png,440,440,RGBA,fd0267b89bae554df3152acd163c1e039adcafa60cebd9deacd9ac26adf21be2,fd0267b89bae554df3152acd163c1e039adcafa60cebd9deacd9ac26adf21be2
Howler_Monkey,Howler Monkey,HOLD,FAIL,HOLD,True,Primates,MEDIUM,,PASS,POLISH,POLISH,POLISH,POLISH,POLISH,"Broad family anatomy is usable, but the portrait still shares simplified global body templates and should retain stronger species markers.","No critical routing, clipping, eye, or life-stage issue found in the full-size visual pass. Recognizable within the established stylized family language. Verify torso posture, arm/leg ratio, hands/feet, face shape and tail state for the named primate.",Howler_Monkey.png,440,440,RGBA,631faeecfd57ce3c1fba7705d4fc5cbbd25ac39f92c65bc20cb05fa603a77edf,1e47b756152580df0a76d2e1dbb990b580000344e3b115953eed77e2dbd28924
Hummingbird,Hummingbird,HOLD,FAIL,HOLD,True,Hummingbirds and nectar birds,HIGH,Brine_Shrimp | Fairy_Shrimp | Goby | Lanternfish,PASS,POLISH,POLISH,POLISH,POLISH,POLISH,"Broad family anatomy is usable, but the portrait still shares simplified global body templates and should retain stronger species markers.","The small size and color read, but use a much longer needle-like bill, compact torso and visible narrow rapidly beating wings.",Hummingbird.png,440,440,RGBA,efa142a457d85c2cabe596b949fbc00f72f4884d930f193fac59c0ce4e55646c,1f0ba87aa908d47136dababe1e7cea72aac72692eb50dc085b06baf28d93d9b6
Humpback_Whale,Humpback Whale,HOLD,FAIL,FAIL,False,Marine mammals,LOW,,POLISH,POLISH,POLISH,PASS,POLISH,POLISH,POLISH,"The long pectoral fins help, but the body still reads partly as a shark. Clarify horizontal tail flukes, knobbly head, small dorsal hump and whale-like body taper.",Humpback_Whale.png,440,440,RGBA,a1ff4f266fd016345b9bbc1d53861dc575f251f0d51822532ebfdf73468471f2,a1ff4f266fd016345b9bbc1d53861dc575f251f0d51822532ebfdf73468471f2
Hyena,Hyena,FAIL,FAIL,FAIL,True,Other or uncertain,HIGH,,FAIL,FAIL,FAIL,PASS,FAIL,FAIL,FAIL,"The animal is still a spotted horned/hoofed ungulate. Use heavy forequarters, sloping back, large head/jaws, shorter hind legs, paws and short brush tail.",Hyena.png,440,440,RGBA,507c720c1f11bf36e6f1d2429bc15420d1970c3b13179c0fa6bcbe3ea4270e0f,92aec2b7d3b15603e246fb1bb8f309ff4a10a7ef31cb1f448e6cd4448ebaf413
Hyrax,Hyrax,FAIL,FAIL,HOLD,True,Elephants and relatives,MEDIUM,,PASS,POLISH,POLISH,POLISH,POLISH,POLISH,"Broad family anatomy is usable, but the portrait still shares simplified global body templates and should retain stronger species markers.","The current body resembles a small sheep. Use a compact guinea-pig-like torso, short clawed feet, rounded ears, short muzzle and almost no visible tail.",Hyrax.png,440,440,RGBA,df52ebe6baefdfa14ed7753a124408ffa34f11ac92d1728a93fcb0c7118b9256,3377c5bad8d2938c45ea5a97302d24d5b85ceebc9fe6395cf5812088cfc97bdc
Ibex,Ibex,HOLD,FAIL,HOLD,True,Sheep and goats,MEDIUM,,PASS,POLISH,POLISH,POLISH,POLISH,POLISH,"Broad family anatomy is usable, but the portrait still shares simplified global body templates and should retain stronger species markers.","No critical routing, clipping, eye, or life-stage issue found in the full-size visual pass. Recognizable within the established stylized family language. The ungulate base is usable, but the named species must have correct horn/antler geometry, neck, shoulder/croup mass, leg length, hooves, head and tail.",Ibex.png,440,440,RGBA,ea878d21246ef6ffa367b06f4389afaf8a5a4de68d0b61ae326727605232feff,141c4d10f3131b63c9e75c15d0c457f02075d268a7e57b2eb7089d3002f7a0d6
Ibis,Ibis,HOLD,FAIL,HOLD,True,Herons and wetland birds,MEDIUM,,PASS,POLISH,POLISH,PASS,POLISH,POLISH,"Broad family anatomy is usable, but the portrait still shares simplified global body templates and should retain stronger species markers.","The long-legged bird reads, but add the strongly downcurved bill and more slender ibis neck/body.",Ibis.png,440,440,RGBA,cdf7acf7cea8805f5edd1dd06363f0325e5d25098fd94d59996055d7cd754b9b,8f25201d118543a6c8c50309c7fca05ca66886eeb6b09f3ef2b54092ffcac70f
Ice_Worm,Ice Worm,HOLD,FAIL,HOLD,True,Worm-like animals,MEDIUM,,PASS,POLISH,POLISH,POLISH,POLISH,POLISH,"Broad family anatomy is usable, but the portrait still shares simplified global body templates and should retain stronger species markers.","No critical routing, clipping, eye, or life-stage issue found in the full-size visual pass. Recognizable within the established stylized family language. Broad family routing may be usable, but Ice Worm still needs an unlabeled silhouette check for body plan, head, eyes/sensory structures, appendages and rear/terminal anatomy.",Ice_Worm.png,440,440,RGBA,7736753e5df77c6bf6638a2fd256520bb2d5c7057cfc34a1da839b6313d65677,b73c48426eddd645e1443e0bd25993bac8239463ad71d373553ed9d0be80a0b9
Icefish,Icefish,HOLD,FAIL,HOLD,True,Other or uncertain,MEDIUM,,PASS,POLISH,POLISH,POLISH,POLISH,POLISH,"Broad family anatomy is usable, but the portrait still shares simplified global body templates and should retain stronger species markers.","No critical routing, clipping, eye, or life-stage issue found in the full-size visual pass. Recognizable within the established stylized family language. Broad family routing may be usable, but Icefish still needs an unlabeled silhouette check for body plan, head, eyes/sensory structures, appendages and rear/terminal anatomy.",Icefish.png,440,440,RGBA,c6f686d8d075c17f34b7b12e638ddf4c6150adc16b6fe172c69361b2884abb1a,209fc71eb94186bac1d10e25851ff363e16b328097ecd89058c509646b1ac5c4
Iguana,Iguana,HOLD,FAIL,HOLD,True,Large lizards,MEDIUM,,PASS,POLISH,POLISH,POLISH,POLISH,POLISH,"Broad family anatomy is usable, but the portrait still shares simplified global body templates and should retain stronger species markers.","No critical routing, clipping, eye, or life-stage issue found in the full-size visual pass. Recognizable within the established stylized family language. Verify skull/head profile, limb state, body thickness, scale texture, tail and any crest/frill/horn; do not rely on color alone.",Iguana.png,440,440,RGBA,7ebf9b19b03f9487f0c45c338d4b832f149e08435e4e9fc2ba8e40877e77de5a,15f39468468b3d0c2bfd6ba666844f6f576515a84ca1e403d7ea477bd153f1bb
Impala,Impala,HOLD,FAIL,HOLD,True,Cattle and bovids,MEDIUM,,PASS,POLISH,POLISH,POLISH,POLISH,POLISH,"Broad family anatomy is usable, but the portrait still shares simplified global body templates and should retain stronger species markers.","No critical routing, clipping, eye, or life-stage issue found in the full-size visual pass. Recognizable within the established stylized family language. The ungulate base is usable, but the named species must have correct horn/antler geometry, neck, shoulder/croup mass, leg length, hooves, head and tail.",Impala.png,440,440,RGBA,114fc76ced207481a22b29409341a3a2025d933550efcebc9b795e999d532d36,82cafacd73cb4aa53f5d2a85082be8dbff80524978e506efb65d8dc45daed627
Insect-Eating_Bat,Insect Eating Bat,PASS,PASS,BLOCKER,True,Flying mammals,LOW,,PASS,PASS,PASS,PASS,PASS,PASS,PASS,"The current version is correctly a bat, with wing membranes, ears and mammalian body; the prior classification error is resolved.",Insect-Eating_Bat.png,440,440,RGBA,3af8875159e4c0f0dc475f88f11b0269ddfdf68b3922c311043d3e4c81f69834,99b65fa8142a5dda78df1cb452f4b9380bc116e8c4097a2bea40d2ecf08a744d
Isopod,Isopod,FAIL,FAIL,FAIL,True,Ice and cave insects,HIGH,,FAIL,FAIL,FAIL,PASS,FAIL,FAIL,FAIL,"Current shrimp-like form lacks the flattened segmented isopod body and repeated similar walking legs. Use correct insect anatomy: distinct head/thorax/abdomen, six articulated legs, correct wing count and attachment, antennae, mouthparts and species-specific shell/body proportions.",Isopod.png,440,440,RGBA,cc99fa5e039d95e5c4b64fc80168903b69021b21fa37bfdad4f09b4e9111a2e3,2ae7ef82e6b1a10f11afd5928198d773759f3b823d04f1e00c87d9e8ea18cf4a
Jackal,Jackal,FAIL,FAIL,FAIL,True,Dogs and dog-like mammals,HIGH,,FAIL,FAIL,FAIL,PASS,FAIL,FAIL,FAIL,"The image remains a deer-like quadruped. Use a light canid torso, paws, long muzzle, large ears and brush tail.",Jackal.png,440,440,RGBA,3efb6a14b8ef3b6bd44945e3b89c33bf4a8fa4fad8b6e13f40b3df778b516941,c9d185dcdc1f3799d92cc2566ec1538d949bcf5b925105438d492309ba16c2f2
Jackrabbit,Jackrabbit,HOLD,FAIL,HOLD,True,Rabbits and relatives,MEDIUM,,PASS,POLISH,POLISH,POLISH,POLISH,POLISH,"Broad family anatomy is usable, but the portrait still shares simplified global body templates and should retain stronger species markers.","No critical routing, clipping, eye, or life-stage issue found in the full-size visual pass. Recognizable within the established stylized family language. Broad family routing may be usable, but Jackrabbit still needs an unlabeled silhouette check for body plan, head, eyes/sensory structures, appendages and rear/terminal anatomy.",Jackrabbit.png,440,440,RGBA,f4265b62f5fe81ac9b7c77b6462ef2b3ee542d46079bd7c4c72c72460a09edb1,10e330a3716b7edd170cfa74085fbc3b5369cb71714a6334476fcad83b2dddd2
Jaguar,Jaguar,FAIL,FAIL,FAIL,True,Big cats,HIGH,,FAIL,FAIL,FAIL,PASS,FAIL,FAIL,FAIL,"Rosettes are correct, but the body is a hoofed ungulate. Use a stocky big-cat scaffold with large head, broad chest, powerful short legs/paws and thick tail.",Jaguar.png,440,440,RGBA,7f7932fab717b318b976ec83adb84e24b0417293f6618543b6fe316ec5d3dcab,6fba3241f30dd11e9df0adfb685aa738bcd2053deeeea2ba61ba73c62e7f94b6
Jay,Jay,HOLD,FAIL,HOLD,True,Corvids,MEDIUM,,PASS,POLISH,POLISH,POLISH,POLISH,POLISH,"Broad family anatomy is usable, but the portrait still shares simplified global body templates and should retain stronger species markers.","No critical routing, clipping, eye, or life-stage issue found in the full-size visual pass. Recognizable within the established stylized family language. The named bird relies too heavily on the shared side-bird template. Correct the bill, neck, body depth, wing length, leg type, tail and crest/display structures for the species.",Jay.png,440,440,RGBA,e616a23fdbcc545235e6e3bde34ecf9a359be326590251815e0da2b1fe0ded9b,6b95c641d8b3e65052e1dff6673d74b3c68ce3d050221aef4195ba2acd030f28
Jellyfish,Jellyfish,HOLD,FAIL,HOLD,True,Other mollusks,MEDIUM,,PASS,POLISH,POLISH,POLISH,POLISH,POLISH,"Broad family anatomy is usable, but the portrait still shares simplified global body templates and should retain stronger species markers.","No critical routing, clipping, eye, or life-stage issue found in the full-size visual pass. Recognizable within the established stylized family language. Broad family routing may be usable, but Jellyfish still needs an unlabeled silhouette check for body plan, head, eyes/sensory structures, appendages and rear/terminal anatomy.",Jellyfish.png,440,440,RGBA,40a55fe4deaf5ae0686e8273c89842f939463bb05034bd46950c4a3a03c92bc8,e1eab74cadaf97ff4584e124569989e9a5f4e753c7611c2d318ae83e47271581
Jerboa,Jerboa,FAIL,FAIL,HOLD,True,Rodents,MEDIUM,,PASS,POLISH,POLISH,POLISH,POLISH,POLISH,"Broad family anatomy is usable, but the portrait still shares simplified global body templates and should retain stronger species markers.","The current form is a normal rabbit-like rodent. Add greatly elongated hind legs, tiny forelimbs, long balancing tail with tuft and upright hopping posture.",Jerboa.png,440,440,RGBA,439e5cfbe2bda4db4d87d0d9e398dc863debcae240eb848b675abfdf2e811a59,c7e39177d8ba8294753e00dd59751ba71e3ecb7ce3a56f2a6cd12d71ad53659c
Juvenile_Shark,Juvenile Shark,HOLD,FAIL,HOLD,True,Sharks,MEDIUM,,PASS,POLISH,POLISH,POLISH,POLISH,POLISH,"Broad family anatomy is usable, but the portrait still shares simplified global body templates and should retain stronger species markers.","No critical routing, clipping, eye, or life-stage issue found in the full-size visual pass. Recognizable within the established stylized family language. The portrait relies on a generic torpedo fish. Correct body depth, head/mouth position, dorsal/anal/pectoral fin shape, caudal fin, markings and any diagnostic appendage.",Juvenile_Shark.png,440,440,RGBA,1e252ad6430280071e56b9c5d711ae4799121f68335addb12316aa4734567e63,ba7d8fec7832b8aa75f079b99fe0f0db6c73feab5c8e98bda935d3ce0a43a37c
Kakapo,Kakapo,HOLD,FAIL,FAIL,True,Flightless birds,HIGH,,POLISH,POLISH,POLISH,PASS,POLISH,POLISH,POLISH,"The green parrot identity reads, but make the body lower, heavier and flightless, with a broader facial disk, shorter wings and stronger feet.",Kakapo.png,440,440,RGBA,2b4358cb1b665bcb01de8defddf6e72f9ced97e3836f75f4637f8a85584a3fb9,3e9bdd0390a2c92fc9b0fb0114e64911913bb631d093cdfd7eba415626f39be6
Kangaroo,Kangaroo,HOLD,FAIL,HOLD,True,Marsupials,MEDIUM,,PASS,POLISH,POLISH,POLISH,POLISH,POLISH,"Broad family anatomy is usable, but the portrait still shares simplified global body templates and should retain stronger species markers.","No critical routing, clipping, eye, or life-stage issue found in the full-size visual pass. Recognizable within the established stylized family language. Broad family routing may be usable, but Kangaroo still needs an unlabeled silhouette check for body plan, head, eyes/sensory structures, appendages and rear/terminal anatomy.",Kangaroo.png,440,440,RGBA,f4a37f2f74923340e96297a5b9ad07dc251a915c20e9409eedcf913e6dbe67b4,e6ce13d880154440247e54bc4942a81197b6518f47b2a2b0bf8228065ce36b4f
Kestrel,Kestrel,FAIL,FAIL,HOLD,True,Birds of prey,MEDIUM,,PASS,POLISH,POLISH,POLISH,POLISH,POLISH,"Broad family anatomy is usable, but the portrait still shares simplified global body templates and should retain stronger species markers.","The image is a generic bird. Use a small falcon silhouette with hooked beak, pointed wings, talons and long narrow tail.",Kestrel.png,440,440,RGBA,06ff95457eea2ea2e7c6c7cf580a839e8a35a894be88f8c2f9fad1f2e64f2341,e326a0023fe0fb38f2eab6c247b2dd074c58efd4648f92a845c181e80cff65d1
Killifish,Killifish,HOLD,FAIL,HOLD,True,Surface and aquarium fish,MEDIUM,,PASS,POLISH,POLISH,POLISH,POLISH,POLISH,"Broad family anatomy is usable, but the portrait still shares simplified global body templates and should retain stronger species markers.","No critical routing, clipping, eye, or life-stage issue found in the full-size visual pass. Recognizable within the established stylized family language. The portrait relies on a generic torpedo fish. Correct body depth, head/mouth position, dorsal/anal/pectoral fin shape, caudal fin, markings and any diagnostic appendage.",Killifish.png,440,440,RGBA,219299a4a1a25b7cbc63e36a6360264cd03ce8f5b79a6e8e3b98b5cb2166f502,d1290a5ed2790da3e3b1cb001a42c651ceddd570b6fa421a104a41357e2c1969
King_Snake,King Snake,HOLD,FAIL,HOLD,True,Other snakes,MEDIUM,,PASS,POLISH,POLISH,POLISH,POLISH,POLISH,"Broad family anatomy is usable, but the portrait still shares simplified global body templates and should retain stronger species markers.","No critical routing, clipping, eye, or life-stage issue found in the full-size visual pass. Recognizable within the established stylized family language. Verify skull/head profile, limb state, body thickness, scale texture, tail and any crest/frill/horn; do not rely on color alone.",King_Snake.png,440,440,RGBA,8da59f3943740aac38375915e0711538d01c06205d4e9d9ef3d32fe71e5f96fa,d0434d224717314f8ce9d4c78cacaefefa925d23a8451dbb3cbc8bf9f68ca6c8
Kingfisher,Kingfisher,HOLD,FAIL,HOLD,True,Kingfishers and relatives,MEDIUM,,PASS,POLISH,POLISH,POLISH,POLISH,POLISH,"Broad family anatomy is usable, but the portrait still shares simplified global body templates and should retain stronger species markers.","No critical routing, clipping, eye, or life-stage issue found in the full-size visual pass. Recognizable within the established stylized family language. The portrait relies on a generic torpedo fish. Correct body depth, head/mouth position, dorsal/anal/pectoral fin shape, caudal fin, markings and any diagnostic appendage.",Kingfisher.png,440,440,RGBA,3079db0df43e8e07453f86c73c0d7b9c835e3db36a8d323a3acd9287a94dc20b,920839f7c40a84d5decc204a1e1a63d72f1465b81a148c1cc354a67d23d01af3
Kinkajou,Kinkajou,HOLD,FAIL,FAIL,True,Raccoon-like mammals,HIGH,,POLISH,POLISH,POLISH,PASS,POLISH,POLISH,POLISH,"The mammal category reads, but add a rounder arboreal carnivoran body, grasping paws, short muzzle and very long prehensile tail.",Kinkajou.png,440,440,RGBA,51484828602196f7104d41070d37390dc4c05e42d78f9452452f2742b5acea8c,8e203043bde1dda93fcb628b3e028a4f1b07eecd8f4cd7af4207259d0b48417d
Kiwi,Kiwi,PASS,PASS,PASS,False,Flightless birds,LOW,,PASS,PASS,PASS,PASS,PASS,PASS,PASS,"The current fuzzy round flightless body, long slender bill and short legs are clearly recognizable as a kiwi.",Kiwi.png,440,440,RGBA,12df003186d02718a86ee93a28acd93757558bb92f7be25e1a4c0d523d305e20,12df003186d02718a86ee93a28acd93757558bb92f7be25e1a4c0d523d305e20
Knifefish,Knifefish,HOLD,FAIL,HOLD,True,Other or uncertain,MEDIUM,,PASS,POLISH,POLISH,POLISH,POLISH,POLISH,"Broad family anatomy is usable, but the portrait still shares simplified global body templates and should retain stronger species markers.","No critical routing, clipping, eye, or life-stage issue found in the full-size visual pass. Recognizable within the established stylized family language. Broad family routing may be usable, but Knifefish still needs an unlabeled silhouette check for body plan, head, eyes/sensory structures, appendages and rear/terminal anatomy.",Knifefish.png,440,440,RGBA,293c643766603a1341091b107a70f01f4c0a6e16782cd312bf37e32dd1aec07c,75d5d36c47914368be8b8fc46bd9f1299cd4a1ef1a84e50d7104b38b2981318b
Koala,Koala,PASS,PASS,PASS,False,Marsupials,LOW,,PASS,PASS,PASS,PASS,PASS,PASS,PASS,"The round ears, large dark nose, compact climbing body and tree attachment are recognizable.",Koala.png,440,440,RGBA,2812501392072134455b731343181bb81de82fce079da09abcf2e6270d01e8f5,2812501392072134455b731343181bb81de82fce079da09abcf2e6270d01e8f5
Komodo_Dragon,Komodo Dragon,HOLD,FAIL,FAIL,True,Large lizards,HIGH,,POLISH,POLISH,POLISH,PASS,POLISH,POLISH,POLISH,"The large lizard concept reads, but increase body mass, broaden the head, strengthen the splayed limbs and make the thick tail/neck more powerful.",Komodo_Dragon.png,440,440,RGBA,ad1e3ff3d019c49e84d685e5cbff2018809822158364da86a8b9046f994e2dd8,39692674128345d857e671e0f68c3e8be75eb16601354d1b323b354467738c77
Kookaburra,Kookaburra,HOLD,FAIL,FAIL,True,Other birds,LOW,,POLISH,POLISH,POLISH,PASS,POLISH,POLISH,POLISH,"The oversized bill helps, but use a larger kingfisher head, stockier body and shorter tail to separate it from generic birds.",Kookaburra.png,440,440,RGBA,b580aca29494a2980497c6d1872e0ada9884a4066316c51f063274605393475c,b6e2c8c362395596ca1cded3c11b6d620e441cb61a1836f061d958a1243c4477
Krill,Krill,HOLD,FAIL,HOLD,True,Ice and cave insects,MEDIUM,,PASS,POLISH,POLISH,POLISH,POLISH,POLISH,"Broad family anatomy is usable, but the portrait still shares simplified global body templates and should retain stronger species markers.","No critical routing, clipping, eye, or life-stage issue found in the full-size visual pass. Recognizable within the established stylized family language. Use correct insect anatomy: distinct head/thorax/abdomen, six articulated legs, correct wing count and attachment, antennae, mouthparts and species-specific shell/body proportions.",Krill.png,440,440,RGBA,f2a7ae03f4ed8919df1ae71121eeb9aa9c1e61ab4c4336d929466484f0e7bf74,6d9fce5f23ed59c08c5522139497f2554bca3e5c144f9419eb5028eb167bbca8
Kudu,Kudu,HOLD,FAIL,HOLD,True,Cattle and bovids,MEDIUM,,PASS,POLISH,POLISH,POLISH,POLISH,POLISH,"Broad family anatomy is usable, but the portrait still shares simplified global body templates and should retain stronger species markers.","No critical routing, clipping, eye, or life-stage issue found in the full-size visual pass. Recognizable within the established stylized family language. The ungulate base is usable, but the named species must have correct horn/antler geometry, neck, shoulder/croup mass, leg length, hooves, head and tail.",Kudu.png,440,440,RGBA,fd029cd5c3ff982d5ac5ea4372d8ea98a5a49c32985ea96737c9ea75aac162d7,933340d1f4cab3a91d07a004b4a6d06120345cb109524e23f7aeb03221a10ef5
Ladybug,Ladybug,HOLD,FAIL,HOLD,True,Beetles,HIGH,Carrion_Beetle | Dung_Beetle,PASS,POLISH,POLISH,POLISH,POLISH,POLISH,"Broad family anatomy is usable, but the portrait still shares simplified global body templates and should retain stronger species markers.","No critical routing, clipping, eye, or life-stage issue found in the full-size visual pass. Recognizable within the established stylized family language. Use correct insect anatomy: distinct head/thorax/abdomen, six articulated legs, correct wing count and attachment, antennae, mouthparts and species-specific shell/body proportions.",Ladybug.png,440,440,RGBA,a0c225978ce2410a8d77c66e0b3a8d96504e36ddf1878ed0eb2ea71b5dc682fd,7b915d708ce6be43af6d33106585207b5504cbaf2369e10cb2a1a9d9a065f9dc
Lamprey,Lamprey,PASS,PASS,PASS,False,Primitive fish,LOW,,PASS,PASS,PASS,PASS,PASS,PASS,PASS,PASS — Leave alone at the current stylized resolution. Major body regions and defining silhouette are sufficiently represented.,Lamprey.png,440,440,RGBA,a731ab8398a0cd91cbc480b52aadb19cea3796cdc2c04ae421c26701cc88e7f5,a731ab8398a0cd91cbc480b52aadb19cea3796cdc2c04ae421c26701cc88e7f5
Lancelet,Lancelet,HOLD,FAIL,HOLD,True,Worm-like animals,MEDIUM,,PASS,POLISH,POLISH,POLISH,POLISH,POLISH,"Broad family anatomy is usable, but the portrait still shares simplified global body templates and should retain stronger species markers.","No critical routing, clipping, eye, or life-stage issue found in the full-size visual pass. Recognizable within the established stylized family language. Broad family routing may be usable, but Lancelet still needs an unlabeled silhouette check for body plan, head, eyes/sensory structures, appendages and rear/terminal anatomy.",Lancelet.png,440,440,RGBA,5afa007702a933eca25ed08d86cc01c4afe8959d87d37690ec856e061bb1f022,84c87cdc53bcb59d552ec2c322f9bb47ea89804c0d2ad3edd9c2be1a2078e386
Land_Iguana,Land Iguana,HOLD,FAIL,HOLD,True,Lizards,MEDIUM,,PASS,POLISH,POLISH,POLISH,POLISH,POLISH,"Broad family anatomy is usable, but the portrait still shares simplified global body templates and should retain stronger species markers.","No critical routing, clipping, eye, or life-stage issue found in the full-size visual pass. Recognizable within the established stylized family language. Verify skull/head profile, limb state, body thickness, scale texture, tail and any crest/frill/horn; do not rely on color alone.",Land_Iguana.png,440,440,RGBA,a607609e4821af44828fa8657a832583c7723a0b579ba1155c9d50ca3db00313,a1c24f5015ede37f8af3e9e093dcfe41b7d62bc6f6a3fc81b14ef15d8db3c450
Land_Snail,Land Snail,HOLD,FAIL,HOLD,True,Gastropods,MEDIUM,,PASS,POLISH,POLISH,POLISH,POLISH,POLISH,"Broad family anatomy is usable, but the portrait still shares simplified global body templates and should retain stronger species markers.","No critical routing, clipping, eye, or life-stage issue found in the full-size visual pass. Recognizable within the established stylized family language. Broad family routing may be usable, but Land Snail still needs an unlabeled silhouette check for body plan, head, eyes/sensory structures, appendages and rear/terminal anatomy.",Land_Snail.png,440,440,RGBA,ed2c760607447051de90c31bec123de5816b6bcbaf1a51416686acf0cb0e69fe,7dd117cf0f50d409ed6903325c35ba9c819fa57e8f2d241bfeffa1034fa5a6c9
Langur,Langur,HOLD,FAIL,HOLD,True,Primates,MEDIUM,,PASS,POLISH,POLISH,POLISH,POLISH,POLISH,"Broad family anatomy is usable, but the portrait still shares simplified global body templates and should retain stronger species markers.","No critical routing, clipping, eye, or life-stage issue found in the full-size visual pass. Recognizable within the established stylized family language. Verify torso posture, arm/leg ratio, hands/feet, face shape and tail state for the named primate.",Langur.png,440,440,RGBA,0254664d2d85192c4e5d46ffb1e0ea176690fd62805fab9af21dc0bfb739d07b,546455b01ee2b6a886a7d2f8b9f9d776ad41a7f1ca02860ba7c059080ae94263
Lanternfish,Lanternfish,HOLD,FAIL,HOLD,True,Strange deep-sea fish,HIGH,Brine_Shrimp | Fairy_Shrimp | Goby | Hummingbird,PASS,POLISH,POLISH,PASS,POLISH,POLISH,"Broad family anatomy is usable, but the portrait still shares simplified global body templates and should retain stronger species markers.","Add visible photophores and a more characteristic deep-sea head/body. The portrait relies on a generic torpedo fish. Correct body depth, head/mouth position, dorsal/anal/pectoral fin shape, caudal fin, markings and any diagnostic appendage.",Lanternfish.png,440,440,RGBA,7289f632073948485f3298df1149318a7309d9d7ad8a30bd039dbbed09c21317,d1b405cb1fe661e414a7bc93cd5b9c0e261637745866bf2220b9e1d643465525
Lark,Lark,HOLD,FAIL,HOLD,True,Songbirds,HIGH,Finch | Plover | Robin | Sparrow | Spider | Starling | Swallow | Swift | Tanager | Weaverbird,PASS,POLISH,POLISH,POLISH,POLISH,POLISH,"Broad family anatomy is usable, but the portrait still shares simplified global body templates and should retain stronger species markers.","No critical routing, clipping, eye, or life-stage issue found in the full-size visual pass. Recognizable within the established stylized family language. The named bird relies too heavily on the shared side-bird template. Correct the bill, neck, body depth, wing length, leg type, tail and crest/display structures for the species.",Lark.png,440,440,RGBA,d71c7a987da81e404f7b951a293bf574e1c536060d926b62b575e5638f78e3b7,aa4ad2bff969f79e72a3263ed3dfe5ca5d2e7d657f543f8d9ee92e568ab3e57c
Leafcutter_Ant,Leafcutter Ant,HOLD,FAIL,HOLD,True,Ants,MEDIUM,,PASS,POLISH,POLISH,POLISH,POLISH,POLISH,"Broad family anatomy is usable, but the portrait still shares simplified global body templates and should retain stronger species markers.","No critical routing, clipping, eye, or life-stage issue found in the full-size visual pass. Recognizable within the established stylized family language. Use correct insect anatomy: distinct head/thorax/abdomen, six articulated legs, correct wing count and attachment, antennae, mouthparts and species-specific shell/body proportions.",Leafcutter_Ant.png,440,440,RGBA,20f52db552b809ea89bc3d7f79b617bbb3ba937be24c2a3ecf156825f9a8bd1a,534b764301003d984f5825e29dd9acc09a4b02dfeb7a315f506c898e3b0fad53
Leech,Leech,HOLD,FAIL,HOLD,True,Other mollusks,MEDIUM,,PASS,POLISH,POLISH,POLISH,POLISH,POLISH,"Broad family anatomy is usable, but the portrait still shares simplified global body templates and should retain stronger species markers.","No critical routing, clipping, eye, or life-stage issue found in the full-size visual pass. Recognizable within the established stylized family language. Broad family routing may be usable, but Leech still needs an unlabeled silhouette check for body plan, head, eyes/sensory structures, appendages and rear/terminal anatomy.",Leech.png,440,440,RGBA,5673fa333c0461f4b6e6252b0c2908b1c306c90387b2cc08439917a1f9a8dbd1,24f494a7f981484c84b73c364f64231022f9e413a4471f8c0ca605dea313bbe2
Lemming,Lemming,HOLD,FAIL,HOLD,True,Rodents,MEDIUM,,PASS,POLISH,POLISH,POLISH,POLISH,POLISH,"Broad family anatomy is usable, but the portrait still shares simplified global body templates and should retain stronger species markers.","No critical routing, clipping, eye, or life-stage issue found in the full-size visual pass. Recognizable within the established stylized family language. Verify rodent/lagomorph skull, incisors/muzzle, fore/hind foot proportions, body posture and tail; several currently inherit the rabbit-like template.",Lemming.png,440,440,RGBA,e18761d58e8ba597ee8b5cc921e26114a693c17f0eb9e75c37cd46725ead9fe2,3516813562fecab2de6f9c910348543dbc202794f4c90572dd296fce4a888d3f
Lemur,Lemur,HOLD,FAIL,HOLD,True,Primates,MEDIUM,,PASS,POLISH,POLISH,POLISH,POLISH,POLISH,"Broad family anatomy is usable, but the portrait still shares simplified global body templates and should retain stronger species markers.","No critical routing, clipping, eye, or life-stage issue found in the full-size visual pass. Recognizable within the established stylized family language. Verify torso posture, arm/leg ratio, hands/feet, face shape and tail state for the named primate.",Lemur.png,440,440,RGBA,b20d531e9417923b64e3ad06ae075446d36277bddecf3cd60e5e0fa9b6bbb4c8,86a2491bff449f6fb7980f718ded7be487ac004666d16705b6d675708efcf9f3
Leopard,Leopard,FAIL,FAIL,FAIL,True,Big cats,HIGH,,FAIL,FAIL,FAIL,PASS,FAIL,FAIL,FAIL,"The rosettes are applied to an ungulate body. Use a true feline torso, paws, cat skull and long tail; keep the smaller dense rosettes.",Leopard.png,440,440,RGBA,254f718ecf0264a10f8e20a0f628afdc60b767ed8db62310cf1937f620306ebf,f23598121765c41746df5cab87329bea4972e98a614d26d5feb4abc294eac331
Limpet,Limpet,HOLD,FAIL,HOLD,True,Gastropods,MEDIUM,,PASS,POLISH,POLISH,POLISH,POLISH,POLISH,"Broad family anatomy is usable, but the portrait still shares simplified global body templates and should retain stronger species markers.","No critical routing, clipping, eye, or life-stage issue found in the full-size visual pass. Recognizable within the established stylized family language. Broad family routing may be usable, but Limpet still needs an unlabeled silhouette check for body plan, head, eyes/sensory structures, appendages and rear/terminal anatomy.",Limpet.png,440,440,RGBA,f97c075265e3d1278bf58c34f85b779db365feaa3a3f2bb4b3fffe5195774dd9,689cd411003db97a0f2409a68017afa43b5c6a6fc5c4fc4b93d0b12ec4ff8c93
Lion,Lion,FAIL,FAIL,HOLD,True,Big cats,MEDIUM,,PASS,POLISH,POLISH,POLISH,POLISH,POLISH,"Broad family anatomy is usable, but the portrait still shares simplified global body templates and should retain stronger species markers.","The mane is present but the body is an ungulate with hooves. Use a muscular feline chest, flexible torso, paws, cat head/muzzle and long tufted tail.",Lion.png,440,440,RGBA,dbdd0c1acde0881847727e05578b1a3376bdcbfc49b73939946e89baf0c96832,62d92f10ce8fb94fe7001fafb19db4f2a0c1c038812b353d1f18df1b7c82ee61
Lionfish,Lionfish,HOLD,FAIL,HOLD,True,Reef fish,MEDIUM,,PASS,POLISH,POLISH,PASS,POLISH,POLISH,"Broad family anatomy is usable, but the portrait still shares simplified global body templates and should retain stronger species markers.","The stripes and radiating spines read, but replace the round disk body with a more elongated reef-fish torso and broad fan-like pectoral fins.",Lionfish.png,440,440,RGBA,a45fce0761629b7cbaa602d30caf579e74d69f5afff15714ed009bbd08533387,79e3949d4fe8f49d961ca4b829c43ae8607db375f405ce7c5e98e470624ef9af
Lizard,Lizard,HOLD,FAIL,HOLD,True,Lizards,MEDIUM,,PASS,POLISH,POLISH,POLISH,POLISH,POLISH,"Broad family anatomy is usable, but the portrait still shares simplified global body templates and should retain stronger species markers.","No critical routing, clipping, eye, or life-stage issue found in the full-size visual pass. Recognizable within the established stylized family language. Verify skull/head profile, limb state, body thickness, scale texture, tail and any crest/frill/horn; do not rely on color alone.",Lizard.png,440,440,RGBA,9b8b744de347e201ac4a67c1cbdee3d396bcad8f76fa4b6823301edecf8524a6,a735e27551168194222066346333ea00e96a52ecc6d41513a2a196f992839cd1
Llama,Llama,HOLD,FAIL,HOLD,True,Camels,MEDIUM,,PASS,POLISH,POLISH,POLISH,POLISH,POLISH,"Broad family anatomy is usable, but the portrait still shares simplified global body templates and should retain stronger species markers.","No critical routing, clipping, eye, or life-stage issue found in the full-size visual pass. Recognizable within the established stylized family language. Current forms read as deer with humps. Build a camelid neck/chest, padded two-toed feet, long camelid head, integrated hump anatomy, and species-correct coat/tail.",Llama.png,440,440,RGBA,25dee09a45629f1ad306e4e65d749fe96f02cd142e4e61ead90c3a300dc2a460,07895ce394ed7ca14b2ed477c186387452373c53fdb72a5b3100a18f668f57c7
Lobster,Lobster,HOLD,FAIL,FAIL,True,Ice and cave insects,HIGH,,POLISH,POLISH,POLISH,PASS,POLISH,POLISH,POLISH,"The lobster silhouette is present but very dark. Increase contrast and clarify the large claws, segmented abdomen, antennae and tail fan.",Lobster.png,440,440,RGBA,f2b3748e73e6a9313dcc93f174058f2bd56ce21dd3e5b578a0f07bcad17b69dc,99c84d0119547436f2b08c8f82073ec619447be6c007bf8f8ce61477e5cc64bd
Locust,Locust,PASS,PASS,FAIL,True,Grasshoppers and relatives,HIGH,,PASS,PASS,PASS,PASS,PASS,PASS,PASS,"The enlarged hind legs, wings and segmented insect body are sufficiently readable.",Locust.png,440,440,RGBA,357bb70d6636d686893a87c40a804195e1235adb7ad4f2c1c747754ea240a567,7a81b122fd01df368c2d927f24adaf0395a284fd2207fa6416d35395204d1aa6
Loon,Loon,HOLD,FAIL,HOLD,True,Other distinctive birds,MEDIUM,,PASS,POLISH,POLISH,POLISH,POLISH,POLISH,"Broad family anatomy is usable, but the portrait still shares simplified global body templates and should retain stronger species markers.","No critical routing, clipping, eye, or life-stage issue found in the full-size visual pass. Recognizable within the established stylized family language. Broad family routing may be usable, but Loon still needs an unlabeled silhouette check for body plan, head, eyes/sensory structures, appendages and rear/terminal anatomy.",Loon.png,440,440,RGBA,d40d5f499bbd069315c65461e09736981087fa0d47034d216f50359031899eaf,d45ec8ed8ae68425a9fae04a9e5bd68817d960bb2a540d7670a07a2022d6ba20
Lungfish,Lungfish,HOLD,FAIL,HOLD,True,Primitive fish,MEDIUM,,PASS,POLISH,POLISH,POLISH,POLISH,POLISH,"Broad family anatomy is usable, but the portrait still shares simplified global body templates and should retain stronger species markers.","No critical routing, clipping, eye, or life-stage issue found in the full-size visual pass. Recognizable within the established stylized family language. The portrait relies on a generic torpedo fish. Correct body depth, head/mouth position, dorsal/anal/pectoral fin shape, caudal fin, markings and any diagnostic appendage.",Lungfish.png,440,440,RGBA,c7ee0b8e753ab7198b0c2cd2de7be3cfe1ed2fa0d67157efcb715469a612bab9,66f36be8878cacb48e74c14580b1649b40bde51365daa67c9ed8966c8ff32901
Lynx,Lynx,FAIL,FAIL,FAIL,True,Big cats,HIGH,,FAIL,FAIL,FAIL,PASS,FAIL,FAIL,FAIL,"Spots and ear tufts are placed on a hoofed body. Use a compact cat scaffold, paws, short bob tail and prominent cheek/ear tufts.",Lynx.png,440,440,RGBA,7db14f4d0cd1fafa3e4af680d427e66d50b0b6667424fb3189c510736f398990,e6c966761d733f2318e1fa0a57e3ffb628de41a4cb4b26e3c503937c6f688e9a
Macaque,Macaque,HOLD,FAIL,HOLD,True,Primates,MEDIUM,,PASS,POLISH,POLISH,POLISH,POLISH,POLISH,"Broad family anatomy is usable, but the portrait still shares simplified global body templates and should retain stronger species markers.","No critical routing, clipping, eye, or life-stage issue found in the full-size visual pass. Recognizable within the established stylized family language. Verify torso posture, arm/leg ratio, hands/feet, face shape and tail state for the named primate.",Macaque.png,440,440,RGBA,5709fe29653b78338281b2760209ef9f5605211f7fa85410ef1e1fe58ac82cfa,5ddf62e30837be7bb70248ac38ce0d0e137f815f99e4520b89135169fa2075c3
Macaw,Macaw,PASS,PASS,FAIL,True,Parrots,HIGH,,PASS,PASS,PASS,PASS,PASS,PASS,PASS,"The bright parrot body, hooked-bill direction and long tail are sufficiently recognizable.",Macaw.png,440,440,RGBA,785623ce7587c7c2ab00eae8b89064f008687af04e5865136ec262efed74d8e4,ff4397d5fb9ecabe5248442f825b82780dc774ca2d16b6bfdb1b8f2b33b97c6e
Mackerel,Mackerel,HOLD,FAIL,HOLD,True,Schooling ocean fish,MEDIUM,,PASS,POLISH,POLISH,POLISH,POLISH,POLISH,"Broad family anatomy is usable, but the portrait still shares simplified global body templates and should retain stronger species markers.","No critical routing, clipping, eye, or life-stage issue found in the full-size visual pass. Recognizable within the established stylized family language. The portrait relies on a generic torpedo fish. Correct body depth, head/mouth position, dorsal/anal/pectoral fin shape, caudal fin, markings and any diagnostic appendage.",Mackerel.png,440,440,RGBA,be40c9c9d1c5ad233647c4b67bdfc5c5610bd8c2d366c8cf2fcb64342039c1fa,594cc3b367d713632fbe7330571c758882bfb15244f15afdcf70050d544435d8
Magpie,Magpie,HOLD,FAIL,HOLD,True,Corvids,MEDIUM,,PASS,POLISH,POLISH,POLISH,POLISH,POLISH,"Broad family anatomy is usable, but the portrait still shares simplified global body templates and should retain stronger species markers.","No critical routing, clipping, eye, or life-stage issue found in the full-size visual pass. Recognizable within the established stylized family language. The named bird relies too heavily on the shared side-bird template. Correct the bill, neck, body depth, wing length, leg type, tail and crest/display structures for the species.",Magpie.png,440,440,RGBA,ac159bfed25cee73b724bce225c6d0c527e4a6a7475374455a16f4b71da7733a,d6f58985680a70ecd1353f1f5ba620b9876a29cc8eb80dc3818a53dc31ac3fb1
Mahi-Mahi,Mahi Mahi,HOLD,FAIL,HOLD,True,Other or uncertain,MEDIUM,,PASS,POLISH,POLISH,POLISH,POLISH,POLISH,"Broad family anatomy is usable, but the portrait still shares simplified global body templates and should retain stronger species markers.","No critical routing, clipping, eye, or life-stage issue found in the full-size visual pass. Recognizable within the established stylized family language. Broad family routing may be usable, but Mahi Mahi still needs an unlabeled silhouette check for body plan, head, eyes/sensory structures, appendages and rear/terminal anatomy.",Mahi-Mahi.png,440,440,RGBA,0fc12be119d1279683f43ca9e8bec12c6da6b75da5c6603bd9a19ec6a2dca412,04ab1d7994cfd3c81ebf270538f3bc63d7b51409fdc5c5eb14a380284d74f9f7
Mako_Shark,Mako Shark,HOLD,FAIL,HOLD,True,Sharks,MEDIUM,,PASS,POLISH,POLISH,POLISH,POLISH,POLISH,"Broad family anatomy is usable, but the portrait still shares simplified global body templates and should retain stronger species markers.","No critical routing, clipping, eye, or life-stage issue found in the full-size visual pass. Recognizable within the established stylized family language. The portrait relies on a generic torpedo fish. Correct body depth, head/mouth position, dorsal/anal/pectoral fin shape, caudal fin, markings and any diagnostic appendage.",Mako_Shark.png,440,440,RGBA,7dc3257f0d3a6d63316a2f7b548240305a2f931a13b86553a2d50898d8822066,22705d0c270c019cbd199014aac4abc0ea2aeb4445424ecbe57eb64aeef20a22
Mamba,Mamba,HOLD,FAIL,HOLD,True,Venomous snakes,MEDIUM,,PASS,POLISH,POLISH,POLISH,POLISH,POLISH,"Broad family anatomy is usable, but the portrait still shares simplified global body templates and should retain stronger species markers.","No critical routing, clipping, eye, or life-stage issue found in the full-size visual pass. Recognizable within the established stylized family language. Verify skull/head profile, limb state, body thickness, scale texture, tail and any crest/frill/horn; do not rely on color alone.",Mamba.png,440,440,RGBA,7e533aec27d4f2400a3543f572f4173268efddd97434afd01a4d617477375895,92360f4072af40e1c5141827a0e2d2e13015d5a4feb6a0b1a644c65427ec470e
Manatee,Manatee,PASS,PASS,PASS,False,Marine mammals,LOW,,PASS,PASS,PASS,PASS,PASS,PASS,PASS,PASS — Leave alone at the current stylized resolution. Major body regions and defining silhouette are sufficiently represented.,Manatee.png,440,440,RGBA,8cd6213ccc1d2841fa8b32d884d6299451f92eb30653809efe02b8f3cdd7d64b,8cd6213ccc1d2841fa8b32d884d6299451f92eb30653809efe02b8f3cdd7d64b
Mandrill,Mandrill,HOLD,FAIL,HOLD,True,Primates,MEDIUM,,PASS,POLISH,POLISH,POLISH,POLISH,POLISH,"Broad family anatomy is usable, but the portrait still shares simplified global body templates and should retain stronger species markers.","The primate body reads, but add the elongated muzzle, vivid facial ridges, beard and colored rump that define a mandrill.",Mandrill.png,440,440,RGBA,335c78b1735dcd8b8e7a9d9edbaf487c129e447aad5c17d7dc9009bf5ab69f9d,8bb30659f01f31ceadee504dd4432f5edf08bb6aa635f472a0e02654c7e9982d
Maned_Wolf,Maned Wolf,FAIL,FAIL,HOLD,True,Dogs and dog-like mammals,MEDIUM,,PASS,POLISH,POLISH,POLISH,POLISH,POLISH,"Broad family anatomy is usable, but the portrait still shares simplified global body templates and should retain stronger species markers.","The long legs and orange color read, but the body remains deer-like. Use a tall-legged canid chest, paws, black lower legs, long narrow muzzle and mane along the shoulders.",Maned_Wolf.png,440,440,RGBA,6f03794140b99b2a3770620d7cd575b6f3c4b3ad2ed07fa936743246319a3529,a3b7a68fbe3df91a7aee365f6db90db983926fe87ca7a2c4c5e0f3e4f52c4ad7
Manta_Ray,Manta Ray,HOLD,FAIL,HOLD,True,Rays and skates,MEDIUM,,PASS,POLISH,POLISH,POLISH,POLISH,POLISH,"Broad family anatomy is usable, but the portrait still shares simplified global body templates and should retain stronger species markers.","No critical routing, clipping, eye, or life-stage issue found in the full-size visual pass. Recognizable within the established stylized family language. Broad family routing may be usable, but Manta Ray still needs an unlabeled silhouette check for body plan, head, eyes/sensory structures, appendages and rear/terminal anatomy.",Manta_Ray.png,440,440,RGBA,44c5995270b06eb49a9299851e57433b39c0fa142dcaa93f76daac5715eb525a,cfca52de5266b5f81d4c3b9c1f2ead0e36802a5c387d6e25644a97fe5a92ef89
Mantis,Mantis,PASS,PASS,FAIL,True,Insects,HIGH,,PASS,PASS,PASS,PASS,PASS,PASS,PASS,"The triangular head, elongated thorax, wings and grasping forelegs read as a mantis.",Mantis.png,440,440,RGBA,a02cdc4adc7966cde205f91c3c4973439d5cbab5d96952abeca945b2210c962f,0188bdca4a0e6df79557ab69791928fbc5455286f99f0a773525801d7095b6f1
Mara,Mara,HOLD,FAIL,HOLD,True,Rodents,MEDIUM,,PASS,POLISH,POLISH,POLISH,POLISH,POLISH,"Broad family anatomy is usable, but the portrait still shares simplified global body templates and should retain stronger species markers.","No critical routing, clipping, eye, or life-stage issue found in the full-size visual pass. Recognizable within the established stylized family language. Verify rodent/lagomorph skull, incisors/muzzle, fore/hind foot proportions, body posture and tail; several currently inherit the rabbit-like template.",Mara.png,440,440,RGBA,df9fba657d5928dc7adf1601a7303ebd9699db7f6f14f3d033f0ac7ac8a26bfa,180645af8490270871b18be4375103a29afc9248e6644e3a0b6f8f22463a50ee
Marine_Iguana,Marine Iguana,HOLD,FAIL,HOLD,True,Large lizards,MEDIUM,,PASS,POLISH,POLISH,POLISH,POLISH,POLISH,"Broad family anatomy is usable, but the portrait still shares simplified global body templates and should retain stronger species markers.","No critical routing, clipping, eye, or life-stage issue found in the full-size visual pass. Recognizable within the established stylized family language. Verify skull/head profile, limb state, body thickness, scale texture, tail and any crest/frill/horn; do not rely on color alone.",Marine_Iguana.png,440,440,RGBA,6a1de87f8687eec1196f151842558f217f5cc5037ec0197febdb864c5248f64f,8ad86ab7fd0af5adb6a1a00e4fb4851f82ac15b2977d26349bba0ca54ee29b5f
Marine_Worm,Marine Worm,HOLD,FAIL,HOLD,True,Worm-like animals,MEDIUM,,PASS,POLISH,POLISH,POLISH,POLISH,POLISH,"Broad family anatomy is usable, but the portrait still shares simplified global body templates and should retain stronger species markers.","No critical routing, clipping, eye, or life-stage issue found in the full-size visual pass. Recognizable within the established stylized family language. Broad family routing may be usable, but Marine Worm still needs an unlabeled silhouette check for body plan, head, eyes/sensory structures, appendages and rear/terminal anatomy.",Marine_Worm.png,440,440,RGBA,664482c469422dfcd48a6443da8e3fe131d8e3c07be4a7133bf61da2f1fccc5d,1482a7278a84a0162be6587ee739a9df1cdf209d24091b88d9af5bf21b33152f
Marlin,Marlin,HOLD,FAIL,HOLD,True,Ocean predators,MEDIUM,,PASS,POLISH,POLISH,POLISH,POLISH,POLISH,"Broad family anatomy is usable, but the portrait still shares simplified global body templates and should retain stronger species markers.","No critical routing, clipping, eye, or life-stage issue found in the full-size visual pass. Recognizable within the established stylized family language. The portrait relies on a generic torpedo fish. Correct body depth, head/mouth position, dorsal/anal/pectoral fin shape, caudal fin, markings and any diagnostic appendage.",Marlin.png,440,440,RGBA,bf906325dced39bf2e1a4188c3f56b69803ea1649d44b01d69b342111a10d072,076f90c8ec4462843cb57dc0efaf3b95ad03a2ee12beec535188a02c2edbdbdb
Marmoset,Marmoset,HOLD,FAIL,HOLD,True,Primates,MEDIUM,,PASS,POLISH,POLISH,POLISH,POLISH,POLISH,"Broad family anatomy is usable, but the portrait still shares simplified global body templates and should retain stronger species markers.","No critical routing, clipping, eye, or life-stage issue found in the full-size visual pass. Recognizable within the established stylized family language. Verify torso posture, arm/leg ratio, hands/feet, face shape and tail state for the named primate.",Marmoset.png,440,440,RGBA,ec807b74864d0e8f28b38fd0e1cd53317078682fd75e5dcc8c8d99f5fb5555df,46c658e03dd6bbe3b7eb115593b0b63f3087d2bad4f1d7d3f67bd43e1794f977
Marmot,Marmot,HOLD,FAIL,HOLD,True,Rodents,MEDIUM,,PASS,POLISH,POLISH,POLISH,POLISH,POLISH,"Broad family anatomy is usable, but the portrait still shares simplified global body templates and should retain stronger species markers.","No critical routing, clipping, eye, or life-stage issue found in the full-size visual pass. Recognizable within the established stylized family language. Verify rodent/lagomorph skull, incisors/muzzle, fore/hind foot proportions, body posture and tail; several currently inherit the rabbit-like template.",Marmot.png,440,440,RGBA,c0c7cc65f0a57d902b54ee3c0366d5f515022fc19a31523ad8c7794230b37aaa,3711f08278cff993733a277f4bed8b92c6d3b64e6f6cbfc5810cc666331a2f9e
Marsh_Rodent,Marsh Rodent,HOLD,FAIL,HOLD,True,Other or uncertain,MEDIUM,,PASS,POLISH,POLISH,POLISH,POLISH,POLISH,"Broad family anatomy is usable, but the portrait still shares simplified global body templates and should retain stronger species markers.","No critical routing, clipping, eye, or life-stage issue found in the full-size visual pass. Recognizable within the established stylized family language. Broad family routing may be usable, but Marsh Rodent still needs an unlabeled silhouette check for body plan, head, eyes/sensory structures, appendages and rear/terminal anatomy.",Marsh_Rodent.png,440,440,RGBA,96f3f2ab382a3b46cf0262c15e2faa8864dc25fa94ae96960d5c91b7c7fda984,519d8e688af569d8d3f0789e8405ca08b92d3249f735e3a40848f5ecb196638f
Marten,Marten,HOLD,FAIL,HOLD,True,Weasels and relatives,MEDIUM,,PASS,POLISH,POLISH,POLISH,POLISH,POLISH,"Broad family anatomy is usable, but the portrait still shares simplified global body templates and should retain stronger species markers.","No critical routing, clipping, eye, or life-stage issue found in the full-size visual pass. Recognizable within the established stylized family language. Use the correct low flexible carnivoran torso, pawed limbs, skull/muzzle, and species-specific tail instead of one shared long-body template.",Marten.png,440,440,RGBA,e390370b1333cff8eb539c56c929b900e1d14b451252cac8c6b24746f4ecdf73,7f580e9964bb3d3dbbe83f34597163e86a1983b238d9bacb5bcba5b39c7daeae
Mayfly,Mayfly,HOLD,FAIL,HOLD,True,Mayflies and stoneflies,MEDIUM,,PASS,POLISH,POLISH,POLISH,POLISH,POLISH,"Broad family anatomy is usable, but the portrait still shares simplified global body templates and should retain stronger species markers.","No critical routing, clipping, eye, or life-stage issue found in the full-size visual pass. Recognizable within the established stylized family language. Use correct insect anatomy: distinct head/thorax/abdomen, six articulated legs, correct wing count and attachment, antennae, mouthparts and species-specific shell/body proportions.",Mayfly.png,440,440,RGBA,7d1bbec2f4a0169c42d725c180979963ebc19b7a2870a26fcaddee08aab91328,4f42071f160672c8930c86a84862d023455f6cfd31d243223bfaf3f56b2034fc
Meerkat,Meerkat,PASS,PASS,FAIL,True,Civets and mongooses,HIGH,,PASS,PASS,PASS,PASS,PASS,PASS,PASS,"The upright sentry posture, small head, long tail and slender body are recognizable.",Meerkat.png,440,440,RGBA,0332d1b91948e76818274a9e4063775267ff371c63ad322380b468b950b02083,29854e969d2855c6be1dd5147e05630d2b4144776c1bb5289edf00c41040f300
Millipede,Millipede,HOLD,FAIL,HOLD,True,Ice and cave insects,MEDIUM,,PASS,POLISH,POLISH,POLISH,POLISH,POLISH,"Broad family anatomy is usable, but the portrait still shares simplified global body templates and should retain stronger species markers.","No critical routing, clipping, eye, or life-stage issue found in the full-size visual pass. Recognizable within the established stylized family language. Use correct insect anatomy: distinct head/thorax/abdomen, six articulated legs, correct wing count and attachment, antennae, mouthparts and species-specific shell/body proportions.",Millipede.png,440,440,RGBA,07b40f8e6e3bc5d70f0b71a8dd97c99c9763c65e95c918e75f8c58113ee12186,7fbd6c322634b761b84ea652d1169f133ce3ef27cc43c9a14c0a838131e24294
Mink,Mink,HOLD,FAIL,HOLD,True,Weasels and relatives,MEDIUM,,PASS,POLISH,POLISH,POLISH,POLISH,POLISH,"Broad family anatomy is usable, but the portrait still shares simplified global body templates and should retain stronger species markers.","No critical routing, clipping, eye, or life-stage issue found in the full-size visual pass. Recognizable within the established stylized family language. Use the correct low flexible carnivoran torso, pawed limbs, skull/muzzle, and species-specific tail instead of one shared long-body template.",Mink.png,440,440,RGBA,4ec2d9f12ab795472b8a6dbca65ddee6ea52aae1a5aed5280a5d41ec74e698b2,4f4a7f87f37a567a6abe50c54b1db16a51497126326b252fb26ecd6c21f9beb2
Minnow,Minnow,HOLD,FAIL,HOLD,True,Carp-like fish,MEDIUM,,PASS,POLISH,POLISH,POLISH,POLISH,POLISH,"Broad family anatomy is usable, but the portrait still shares simplified global body templates and should retain stronger species markers.","No critical routing, clipping, eye, or life-stage issue found in the full-size visual pass. Recognizable within the established stylized family language. The portrait relies on a generic torpedo fish. Correct body depth, head/mouth position, dorsal/anal/pectoral fin shape, caudal fin, markings and any diagnostic appendage.",Minnow.png,440,440,RGBA,87b62d5fe87564a7b0fb4ce534f9d10327cab86966dbaeecee27c012cd657878,bd5f27ed6923e46daee2b6d5453ebf9030da0eacf66a5771e748e9998305546f
Mite,Mite,HOLD,FAIL,HOLD,True,Ice and cave insects,HIGH,Mole | Pseudoscorpion,PASS,POLISH,POLISH,POLISH,POLISH,POLISH,"Broad family anatomy is usable, but the portrait still shares simplified global body templates and should retain stronger species markers.","No critical routing, clipping, eye, or life-stage issue found in the full-size visual pass. Recognizable within the established stylized family language. Use correct insect anatomy: distinct head/thorax/abdomen, six articulated legs, correct wing count and attachment, antennae, mouthparts and species-specific shell/body proportions.",Mite.png,440,440,RGBA,a6cfdb833e9ae95f813cbe3cb40a489a7232d3767e32b838942cc2ba12e1ff01,7af5dc8337c97a7d08d2e09a13bafec6922559a5f2e47f23df29072c8047b9fd
Mole,Mole,HOLD,FAIL,FAIL,True,Insect-eating and burrowing mammals,HIGH,Mite | Pseudoscorpion,POLISH,POLISH,POLISH,POLISH,POLISH,POLISH,POLISH,"The low dark body reads, but enlarge the shovel-like forefeet, reduce visible eyes/ears and add a pointed tactile snout.",Mole.png,440,440,RGBA,dd745d47edeeb8f6ae895cbd8631fa6f2d10ac2a4f9d0ae22452ac0070230c14,bd20d69c367905b396d45a4b333d24fa26e2dee510bd0da3a631cc09530f63dd
Mongoose,Mongoose,HOLD,FAIL,HOLD,True,Civets and mongooses,MEDIUM,,PASS,POLISH,POLISH,POLISH,POLISH,POLISH,"Broad family anatomy is usable, but the portrait still shares simplified global body templates and should retain stronger species markers.","No critical routing, clipping, eye, or life-stage issue found in the full-size visual pass. Recognizable within the established stylized family language. Use the correct low flexible carnivoran torso, pawed limbs, skull/muzzle, and species-specific tail instead of one shared long-body template.",Mongoose.png,440,440,RGBA,17213228a6cd23d13f7790d406182a6eae20d39f38cfcabd852c98a0ae8cba59,901798cb15e3d2f868cd4deb4ca9000bb9b0254f0a5215e8314664ef861239ec
Monitor_Lizard,Monitor Lizard,HOLD,FAIL,HOLD,True,Large lizards,MEDIUM,,PASS,POLISH,POLISH,POLISH,POLISH,POLISH,"Broad family anatomy is usable, but the portrait still shares simplified global body templates and should retain stronger species markers.","No critical routing, clipping, eye, or life-stage issue found in the full-size visual pass. Recognizable within the established stylized family language. Verify skull/head profile, limb state, body thickness, scale texture, tail and any crest/frill/horn; do not rely on color alone.",Monitor_Lizard.png,440,440,RGBA,8196b2bc724c029b26862e1976af13d433aab9970840ba3942f0eb412e7f4d72,4d97e47949ae4e06b367a73e1d842c9a5ccd6ae9a91595d737d32fd12e24afc2
Monkey,Monkey,HOLD,FAIL,HOLD,True,Primates,MEDIUM,,PASS,POLISH,POLISH,POLISH,POLISH,POLISH,"Broad family anatomy is usable, but the portrait still shares simplified global body templates and should retain stronger species markers.","No critical routing, clipping, eye, or life-stage issue found in the full-size visual pass. Recognizable within the established stylized family language. Verify torso posture, arm/leg ratio, hands/feet, face shape and tail state for the named primate.",Monkey.png,440,440,RGBA,da754f50facbba5204b0fd71ca20a2c75781e2b48dd91d682733651747ecf06b,b286bbaa7bbec21b8dbbf9a539fc6f32c5f7e81b66c5f3cd2ec3d6a695b88550
Monkfish,Monkfish,HOLD,FAIL,HOLD,True,Bottom-dwelling fish,MEDIUM,,PASS,POLISH,POLISH,POLISH,POLISH,POLISH,"Broad family anatomy is usable, but the portrait still shares simplified global body templates and should retain stronger species markers.","No critical routing, clipping, eye, or life-stage issue found in the full-size visual pass. Recognizable within the established stylized family language. The portrait relies on a generic torpedo fish. Correct body depth, head/mouth position, dorsal/anal/pectoral fin shape, caudal fin, markings and any diagnostic appendage.",Monkfish.png,440,440,RGBA,be0160789775a76af718953a2a340ffab8b1298602d8e7eed17f77f247d058d2,85745ca27267f5b648b210321a1747d604805ea07057c39fee7cdbfae0737f00
Moorhen,Moorhen,HOLD,FAIL,HOLD,True,Cranes and rails,MEDIUM,,PASS,POLISH,POLISH,POLISH,POLISH,POLISH,"Broad family anatomy is usable, but the portrait still shares simplified global body templates and should retain stronger species markers.","No critical routing, clipping, eye, or life-stage issue found in the full-size visual pass. Recognizable within the established stylized family language. Broad family routing may be usable, but Moorhen still needs an unlabeled silhouette check for body plan, head, eyes/sensory structures, appendages and rear/terminal anatomy.",Moorhen.png,440,440,RGBA,91bf8144a783ce9515642d1adc72738abcce115b252f990627669078225b59df,42b7b425ea0a3993be3c1abe851c9a769b5126f5db0658e3c0794034214473c8
Moose,Moose,HOLD,FAIL,HOLD,True,Deer and relatives,MEDIUM,,PASS,POLISH,POLISH,PASS,POLISH,POLISH,"Broad family anatomy is usable, but the portrait still shares simplified global body templates and should retain stronger species markers.","Antlers are present; make them broader/palmate and increase muzzle/shoulder mass. The ungulate base is usable, but the named species must have correct horn/antler geometry, neck, shoulder/croup mass, leg length, hooves, head and tail.",Moose.png,440,440,RGBA,1970c9ff12a5febcb65614c00c86371dbab5edece8c17aaf20350be15a66b137,1b5b6711c512256133b417e2dcbfbe09b965bc41f2f83e9e164f0577ed26f0f4
Moray_Eel,Moray Eel,HOLD,FAIL,HOLD,True,Eels,MEDIUM,,PASS,POLISH,POLISH,POLISH,POLISH,POLISH,"Broad family anatomy is usable, but the portrait still shares simplified global body templates and should retain stronger species markers.","No critical routing, clipping, eye, or life-stage issue found in the full-size visual pass. Recognizable within the established stylized family language. Broad family routing may be usable, but Moray Eel still needs an unlabeled silhouette check for body plan, head, eyes/sensory structures, appendages and rear/terminal anatomy.",Moray_Eel.png,440,440,RGBA,698851bad76e3a73352c12b9d6c68c4c7e55367fc4c7c1f42ce0ea061f125eab,16856c66b09181622ef67e0c0cb937772483092ad77f7a4dff46e91c9eb08a1f
Mosquito,Mosquito,HOLD,FAIL,FAIL,True,Mosquitoes and midges,HIGH,,POLISH,POLISH,POLISH,PASS,POLISH,POLISH,POLISH,"The winged insect is present, but the long proboscis, long thin legs and narrow abdomen need stronger emphasis.",Mosquito.png,440,440,RGBA,364ba859c21550161ae8b8360e6f98039fded001e789fa6734378b194e3c3f74,3aa86486c8a590871bb3afff4f0184e09f34a0d4570b337cd5570b9f5ef64a5c
Moth,Moth,HOLD,FAIL,HOLD,True,Insects,MEDIUM,,PASS,POLISH,POLISH,POLISH,POLISH,POLISH,"Broad family anatomy is usable, but the portrait still shares simplified global body templates and should retain stronger species markers.","No critical routing, clipping, eye, or life-stage issue found in the full-size visual pass. Recognizable within the established stylized family language. Use correct insect anatomy: distinct head/thorax/abdomen, six articulated legs, correct wing count and attachment, antennae, mouthparts and species-specific shell/body proportions.",Moth.png,440,440,RGBA,b7253d1f231f396ee9194443af851d9bba30e0c673f122e37cdce5d70cbdbb1f,3180009514d9197d588f0b38e52621550492d9e2548fc4750797e696515dceff
Mountain_Goat,Mountain Goat,HOLD,FAIL,HOLD,True,Other or uncertain,MEDIUM,,PASS,POLISH,POLISH,POLISH,POLISH,POLISH,"Broad family anatomy is usable, but the portrait still shares simplified global body templates and should retain stronger species markers.","No critical routing, clipping, eye, or life-stage issue found in the full-size visual pass. Recognizable within the established stylized family language. Broad family routing may be usable, but Mountain Goat still needs an unlabeled silhouette check for body plan, head, eyes/sensory structures, appendages and rear/terminal anatomy.",Mountain_Goat.png,440,440,RGBA,ffa8c08fb5b176e3832c7b195d803b4f7e72c67e0c5338d5b6fb7ec7cec85192,f04663287c24966fbd93c9c04afd54f963309e1ecc616166cf89012a0a39b475
Mountain_Lizard,Mountain Lizard,HOLD,FAIL,HOLD,True,Lizards,MEDIUM,,PASS,POLISH,POLISH,POLISH,POLISH,POLISH,"Broad family anatomy is usable, but the portrait still shares simplified global body templates and should retain stronger species markers.","No critical routing, clipping, eye, or life-stage issue found in the full-size visual pass. Recognizable within the established stylized family language. Verify skull/head profile, limb state, body thickness, scale texture, tail and any crest/frill/horn; do not rely on color alone.",Mountain_Lizard.png,440,440,RGBA,a2b8012d961e7390d7cfad8c78fa2e1d5a656b04e8b3ac5d5ebfd2006af222a1,d69c889f8100487bed2b9c929056ab994d5e285ca58df7a95cedbd5677fb3448
Mountain_Tapir,Mountain Tapir,HOLD,FAIL,HOLD,True,Other or uncertain,MEDIUM,,PASS,POLISH,POLISH,POLISH,POLISH,POLISH,"Broad family anatomy is usable, but the portrait still shares simplified global body templates and should retain stronger species markers.","No critical routing, clipping, eye, or life-stage issue found in the full-size visual pass. Recognizable within the established stylized family language. Broad family routing may be usable, but Mountain Tapir still needs an unlabeled silhouette check for body plan, head, eyes/sensory structures, appendages and rear/terminal anatomy.",Mountain_Tapir.png,440,440,RGBA,0099796a45e048d9dd3fa6c6cc49bfefa106583cfbec2d331c2e9ee98ec07337,6082325082d7752919a6a5849d81b2df87dbeca636f0b84aad1673d27a1056ec
Mountain_Viper,Mountain Viper,HOLD,FAIL,HOLD,True,Snakes,MEDIUM,,PASS,POLISH,POLISH,POLISH,POLISH,POLISH,"Broad family anatomy is usable, but the portrait still shares simplified global body templates and should retain stronger species markers.","No critical routing, clipping, eye, or life-stage issue found in the full-size visual pass. Recognizable within the established stylized family language. Verify skull/head profile, limb state, body thickness, scale texture, tail and any crest/frill/horn; do not rely on color alone.",Mountain_Viper.png,440,440,RGBA,30bd1117c6242762fcfa0cf61c0bc007dad05db836398a2a180c5de4811cd9c7,672e8291f461cc578cbfd08ecffda69ad1160cc29e903564fa48e5022403535b
Mouse,Mouse,HOLD,FAIL,HOLD,True,Rodents,MEDIUM,,PASS,POLISH,POLISH,POLISH,POLISH,POLISH,"Broad family anatomy is usable, but the portrait still shares simplified global body templates and should retain stronger species markers.","No critical routing, clipping, eye, or life-stage issue found in the full-size visual pass. Recognizable within the established stylized family language. Verify rodent/lagomorph skull, incisors/muzzle, fore/hind foot proportions, body posture and tail; several currently inherit the rabbit-like template.",Mouse.png,440,440,RGBA,935326fe13eb03d4ecee1c6cc506fe3d7d32a0d8903d7e7d63474559dd4165cc,2c751055cfe1ed0aacba4cd9aa320515d8ac00d013935e90c073ffc5858b4d47
Mud_Crab,Mud Crab,HOLD,FAIL,HOLD,True,Crustaceans,MEDIUM,,PASS,POLISH,POLISH,POLISH,POLISH,POLISH,"Broad family anatomy is usable, but the portrait still shares simplified global body templates and should retain stronger species markers.","No critical routing, clipping, eye, or life-stage issue found in the full-size visual pass. Recognizable within the established stylized family language. Verify segmented carapace, correct leg/claw count, antennae, abdomen/tail fan and the named species’ defining asymmetry or shell form.",Mud_Crab.png,440,440,RGBA,09f51e72a92d1b07353d30f33cb3458450e87b8ea433cb999d70cda6f369c92d,8bfa42ebfbb281529233b4d884784017fca060472bca5323fbb10f78052491d5
Mudminnow,Mudminnow,HOLD,FAIL,HOLD,True,Other or uncertain,MEDIUM,,PASS,POLISH,POLISH,POLISH,POLISH,POLISH,"Broad family anatomy is usable, but the portrait still shares simplified global body templates and should retain stronger species markers.","No critical routing, clipping, eye, or life-stage issue found in the full-size visual pass. Recognizable within the established stylized family language. Broad family routing may be usable, but Mudminnow still needs an unlabeled silhouette check for body plan, head, eyes/sensory structures, appendages and rear/terminal anatomy.",Mudminnow.png,440,440,RGBA,b411243f96becaf9818ec1899ed4a2578de15734004e33d40170a8f17c4c153a,f3b91551771977e79ac9ff85aaa1ac7d594afc14bf80f5eafc17e2b1f75cf567
Mudskipper,Mudskipper,PASS,PASS,PASS,False,Flying and climbing fish,LOW,,PASS,PASS,PASS,PASS,PASS,PASS,PASS,"The raised eyes, mud-supported posture and enlarged pectoral fins now communicate an amphibious mudskipper.",Mudskipper.png,440,440,RGBA,a2e34e8a4ac5dc58d23e9af74ce0cd2643fd880a3eb5ea0407cb7c5d15056269,a2e34e8a4ac5dc58d23e9af74ce0cd2643fd880a3eb5ea0407cb7c5d15056269
Mullet,Mullet,HOLD,FAIL,HOLD,True,Coastal fish,MEDIUM,,PASS,POLISH,POLISH,POLISH,POLISH,POLISH,"Broad family anatomy is usable, but the portrait still shares simplified global body templates and should retain stronger species markers.","No critical routing, clipping, eye, or life-stage issue found in the full-size visual pass. Recognizable within the established stylized family language. The portrait relies on a generic torpedo fish. Correct body depth, head/mouth position, dorsal/anal/pectoral fin shape, caudal fin, markings and any diagnostic appendage.",Mullet.png,440,440,RGBA,2e984bce743ad70af0ed414e183ff2692092934fabf867a875206566f050845d,f51e96ffe6397de71ad2d29535a1bc6938893e97850c2dd48e1fc6b1e07496d2
Musk_Ox,Musk Ox,HOLD,FAIL,HOLD,True,Cattle and bovids,MEDIUM,,PASS,POLISH,POLISH,POLISH,POLISH,POLISH,"Broad family anatomy is usable, but the portrait still shares simplified global body templates and should retain stronger species markers.","No critical routing, clipping, eye, or life-stage issue found in the full-size visual pass. Recognizable within the established stylized family language. The ungulate base is usable, but the named species must have correct horn/antler geometry, neck, shoulder/croup mass, leg length, hooves, head and tail.",Musk_Ox.png,440,440,RGBA,5d4aa277cc1c0d4a421dc49e0df0ced1050fadecdca115da3116fa22a8e355b4,a986733d02d0749c739583375fbecca96ff46c0d953d67fb9f61b7621777d6ba
Mussel,Mussel,HOLD,FAIL,HOLD,True,Bivalves,MEDIUM,,PASS,POLISH,POLISH,POLISH,POLISH,POLISH,"Broad family anatomy is usable, but the portrait still shares simplified global body templates and should retain stronger species markers.","No critical routing, clipping, eye, or life-stage issue found in the full-size visual pass. Recognizable within the established stylized family language. Broad family routing may be usable, but Mussel still needs an unlabeled silhouette check for body plan, head, eyes/sensory structures, appendages and rear/terminal anatomy.",Mussel.png,440,440,RGBA,cece7d18da1c79c7501a66750a2247dedc3ef0b8a211723819ceb93b14cc8771,68b5b6a6a46e1b085c13f3f882f8851029850990761f0224fce5888e244ee7f8
Narwhal,Narwhal,PASS,PASS,FAIL,True,Marine mammals,HIGH,Beluga | Right_Whale | Sperm_Whale,PASS,PASS,PASS,PASS,PASS,PASS,PASS,The whale body and single long tusk are clear.,Narwhal.png,440,440,RGBA,ceb8a4cc07f891f53e6c5e0a073be836ea70519bb148dbfe0cc69e9ae4997b3f,6eb3e0cb5d514e767d01caf5caa64d6d5ae5353c98930f4280419555bb4074bd
Nautilus,Nautilus,HOLD,FAIL,HOLD,True,Cephalopods,MEDIUM,,PASS,POLISH,POLISH,POLISH,POLISH,POLISH,"Broad family anatomy is usable, but the portrait still shares simplified global body templates and should retain stronger species markers.","No critical routing, clipping, eye, or life-stage issue found in the full-size visual pass. Recognizable within the established stylized family language. Verify mantle form, eye/head placement, arm count, feeding tentacles, fin skirt/fins and rear mantle taper for the named cephalopod.",Nautilus.png,440,440,RGBA,6c6aef762a93fa74d557ed2bf9e1c92ec63904299eaa7d46378dd9fcfa04f015,2796c6434273653e4b034a11d0b587486437e96d5141a5b1cd2814e146465144
Newt,Newt,HOLD,FAIL,HOLD,True,Newts,MEDIUM,,PASS,POLISH,POLISH,POLISH,POLISH,POLISH,"Broad family anatomy is usable, but the portrait still shares simplified global body templates and should retain stronger species markers.","No critical routing, clipping, eye, or life-stage issue found in the full-size visual pass. Recognizable within the established stylized family language. Broad family routing may be usable, but Newt still needs an unlabeled silhouette check for body plan, head, eyes/sensory structures, appendages and rear/terminal anatomy.",Newt.png,440,440,RGBA,b9830664af4c1ddfcb5731b9f148333fa9d23928982cff86bca559d7d14776e4,662a1f329fa595afb523fe1c544b22e6ca7ab00c3580fccdbc5c0bdb18aea45f
Nilgai,Nilgai,PASS,PASS,FAIL,True,Other or uncertain,HIGH,,PASS,PASS,PASS,PASS,PASS,PASS,PASS,"The antelope body, short horns and bovine/antelope proportions are sufficiently recognizable.",Nilgai.png,440,440,RGBA,2d0aacd7c998f3fc2e568c1c73554d0d62b35fa0d5a54e1aaff03ef896491e9e,6229fb624a8e0d887c482d04e7f587343d688a74f627db92de3dd098e771b42e
Nudibranch,Nudibranch,HOLD,FAIL,HOLD,True,Gastropods,MEDIUM,,PASS,POLISH,POLISH,POLISH,POLISH,POLISH,"Broad family anatomy is usable, but the portrait still shares simplified global body templates and should retain stronger species markers.","No critical routing, clipping, eye, or life-stage issue found in the full-size visual pass. Recognizable within the established stylized family language. Broad family routing may be usable, but Nudibranch still needs an unlabeled silhouette check for body plan, head, eyes/sensory structures, appendages and rear/terminal anatomy.",Nudibranch.png,440,440,RGBA,b088fc13f44ab0d9c90189358d7c2ebb1485f171a6d933ffbfe7c4e354eb958d,a342819d4b2dfcca2a2f71e116ebd1454accabd6175a9eb97d83a9508a9b063c
Oarfish,Oarfish,HOLD,FAIL,HOLD,True,Strange deep-sea fish,MEDIUM,,PASS,POLISH,POLISH,POLISH,POLISH,POLISH,"Broad family anatomy is usable, but the portrait still shares simplified global body templates and should retain stronger species markers.","No critical routing, clipping, eye, or life-stage issue found in the full-size visual pass. Recognizable within the established stylized family language. The portrait relies on a generic torpedo fish. Correct body depth, head/mouth position, dorsal/anal/pectoral fin shape, caudal fin, markings and any diagnostic appendage.",Oarfish.png,440,440,RGBA,b7741785a0c068b7792ae2814b4c0b1016a62ac32ebad1c66fe3d45dbbc27e5b,7e8405cd71f693f6ccb451241d36e6d65c5bf54cd8fb68c42e3182c4c0194851
Ocean_Sunfish,Ocean Sunfish,HOLD,FAIL,HOLD,True,Other or uncertain,MEDIUM,,PASS,POLISH,POLISH,PASS,POLISH,POLISH,"Broad family anatomy is usable, but the portrait still shares simplified global body templates and should retain stronger species markers.","Broad truncated body reads; enlarge dorsal/anal fins and reduce tail. Broad family routing may be usable, but Ocean Sunfish still needs an unlabeled silhouette check for body plan, head, eyes/sensory structures, appendages and rear/terminal anatomy.",Ocean_Sunfish.png,440,440,RGBA,8f03a6b5db42be94ee0d3f2db00dfd71af732ef03f76cc27db28aad1f0b5ae68,e711aef58dc075a319c4efa594ff425bc3fa1ee125daef90cfb150196154ec6e
Ocelot,Ocelot,FAIL,FAIL,FAIL,True,Big cats,HIGH,,FAIL,FAIL,FAIL,PASS,FAIL,FAIL,FAIL,"The patterned coat is on an ungulate body. Use a small long-bodied feline scaffold with paws, cat head and long tail; retain elongated chain-like markings.",Ocelot.png,440,440,RGBA,95c44715334152221004449992764fa4fcbcee29d3461113c9e152314bcdc435,cc1ddea08c03f686346b627b7955c4be17efd4ca44171b0af99425b1ccf0da70
Octopus,Octopus,HOLD,FAIL,HOLD,True,Cephalopods,MEDIUM,,PASS,POLISH,POLISH,POLISH,POLISH,POLISH,"Broad family anatomy is usable, but the portrait still shares simplified global body templates and should retain stronger species markers.","No critical routing, clipping, eye, or life-stage issue found in the full-size visual pass. Recognizable within the established stylized family language. Verify mantle form, eye/head placement, arm count, feeding tentacles, fin skirt/fins and rear mantle taper for the named cephalopod.",Octopus.png,440,440,RGBA,352aa425384ce8c3e13b9a8aec77ab95e93d97a575c58bd5ebcaf823a282119e,4b808f9f3ec9dcb19879f2547a77a1e3980fe9713ce920a091d0c4456c9bf6b1
Okapi,Okapi,HOLD,FAIL,HOLD,True,Giraffes and relatives,MEDIUM,,PASS,POLISH,POLISH,POLISH,POLISH,POLISH,"Broad family anatomy is usable, but the portrait still shares simplified global body templates and should retain stronger species markers.","No critical routing, clipping, eye, or life-stage issue found in the full-size visual pass. Recognizable within the established stylized family language. The ungulate base is usable, but the named species must have correct horn/antler geometry, neck, shoulder/croup mass, leg length, hooves, head and tail.",Okapi.png,440,440,RGBA,8562d6875f18e7a4e4fa7a56b95c3bc2324e1bf93e943e9ff84e40f305f6b4a4,aeee5adc56d6e1a03e37f6b0a5cb06506a7845d00c79b032f6a53b9de59475bb
Olm,Olm,HOLD,FAIL,HOLD,True,Permanently aquatic amphibians,MEDIUM,,PASS,POLISH,POLISH,POLISH,POLISH,POLISH,"Broad family anatomy is usable, but the portrait still shares simplified global body templates and should retain stronger species markers.","No critical routing, clipping, eye, or life-stage issue found in the full-size visual pass. Recognizable within the established stylized family language. Broad family routing may be usable, but Olm still needs an unlabeled silhouette check for body plan, head, eyes/sensory structures, appendages and rear/terminal anatomy.",Olm.png,440,440,RGBA,519499b5a400300324d849562a9623bd551ee2b8af0f7d1e5bc862815afd0896,a857f1bdcd54afe76a6d6b52258918bc8baa612a923f1da6fad2efd4dff7104c
Orangutan,Orangutan,HOLD,FAIL,HOLD,True,Primates,MEDIUM,,PASS,POLISH,POLISH,POLISH,POLISH,POLISH,"Broad family anatomy is usable, but the portrait still shares simplified global body templates and should retain stronger species markers.","No critical routing, clipping, eye, or life-stage issue found in the full-size visual pass. Recognizable within the established stylized family language. Verify torso posture, arm/leg ratio, hands/feet, face shape and tail state for the named primate.",Orangutan.png,440,440,RGBA,6c39cedadf77223a9f15133019bd83245dd5aa73ed33648444b07d0f187e6fee,393b5893775bae9b8aa7deec1d2ec27e19bd2a5d32cf8d5aad48f10e72795716
Orca,Orca,HOLD,FAIL,FAIL,True,Marine mammals,HIGH,,POLISH,POLISH,POLISH,PASS,POLISH,POLISH,POLISH,"The black-and-white pattern is unmistakable, but strengthen the tall dorsal fin, rounded forehead, pectoral flippers and horizontal tail flukes.",Orca.png,440,440,RGBA,cd44b0453bea3da64feecb256b54e43ef3b0357058a7860596bd1ceabd9a2470,26cadc7eb23fb3b0386ecd568d7935148d7c36565ee5b24640f5ff8eb9a1d642
Orchid_Bee,Orchid Bee,PASS,PASS,FAIL,True,Bees,HIGH,Aphid | Black_Fly | Cicada | Cold-Adapted_Insect | Termite | Thrips,PASS,PASS,PASS,PASS,PASS,PASS,PASS,"The metallic bee body, wings and insect form are readable.",Orchid_Bee.png,440,440,RGBA,b6ed2f3cbf619d1601b3262183f0b477eedbe53e51f5508e5de6bb48f0e1e86e,cd083c191c3c593e39b1c250adc5e1f006ad8bc8e27b5f54fa2d759cdd24e428
Oryx,Oryx,HOLD,FAIL,HOLD,True,Cattle and bovids,MEDIUM,,PASS,POLISH,POLISH,POLISH,POLISH,POLISH,"Broad family anatomy is usable, but the portrait still shares simplified global body templates and should retain stronger species markers.","No critical routing, clipping, eye, or life-stage issue found in the full-size visual pass. Recognizable within the established stylized family language. The ungulate base is usable, but the named species must have correct horn/antler geometry, neck, shoulder/croup mass, leg length, hooves, head and tail.",Oryx.png,440,440,RGBA,032d424eff8f678ce32be11c8b6531575327d1f374791946ae7a228a350dd6ed,0470dc7d22fe26bd3ff9bbaf26b43ad04f4a3aea0f47e03186e92a94303f2dd5
Osprey,Osprey,FAIL,FAIL,HOLD,True,Birds of prey,HIGH,Hawk,PASS,POLISH,POLISH,POLISH,POLISH,POLISH,"Broad family anatomy is usable, but the portrait still shares simplified global body templates and should retain stronger species markers.","The current image is a generic brown bird. Add a hooked raptor bill, white head with dark eye stripe, long angular wings, strong talons and fish-hunting posture.",Osprey.png,440,440,RGBA,cf3a0fad75c657ceda14e744d39b83e37da794cf0045033be9a7b6df6d131171,01df5d1cba30f781ce07b82aade8bfea85f4f7cf147afdca5a2c68dd7579a28d
Ostrich,Ostrich,PASS,PASS,FAIL,True,Flightless birds,HIGH,,PASS,PASS,PASS,PASS,PASS,PASS,PASS,"The long neck and legs, large flightless torso and reduced wings are sufficiently recognizable.",Ostrich.png,440,440,RGBA,7ecd83ef40dba376a29fe879a985c4df7a184b18295ff8c092623dbd52c70b9b,a9602117ca72d7a70a9b2a72a79dec4da8e03d22a514de215c10d2946bcb04c2
Otter,Otter,HOLD,FAIL,HOLD,True,Weasels and relatives,HIGH,River_Otter,PASS,POLISH,POLISH,POLISH,POLISH,POLISH,"Broad family anatomy is usable, but the portrait still shares simplified global body templates and should retain stronger species markers.","No critical routing, clipping, eye, or life-stage issue found in the full-size visual pass. Recognizable within the established stylized family language. Use the correct low flexible carnivoran torso, pawed limbs, skull/muzzle, and species-specific tail instead of one shared long-body template.",Otter.png,440,440,RGBA,aa0556a94f011be29f267bdd8403ed5d92a55a3f556759a6cacc85ec33f532a5,b251e8a2103efd5e715d90e2367fab8bec8821ebd4c226415290386510cd676e
Owl,Owl,HOLD,FAIL,HOLD,True,Raptors and owls,MEDIUM,,PASS,POLISH,POLISH,POLISH,POLISH,POLISH,"Broad family anatomy is usable, but the portrait still shares simplified global body templates and should retain stronger species markers.","No critical routing, clipping, eye, or life-stage issue found in the full-size visual pass. Recognizable within the established stylized family language. Replace the generic compact bird body with species-correct raptor mass, hooked bill, wing proportions, talons, tail and head/crest.",Owl.png,440,440,RGBA,5dea497fde19160af50f6399ac50ca1e28ee7348a846bb4b855eb05535eb9fd1,2a23537561083f8fd7ed1ca4b30dcc3aa42d16c56db9eaadba917ed5b3d722e2
Oyster,Oyster,HOLD,FAIL,HOLD,True,Bivalves,MEDIUM,,PASS,POLISH,POLISH,POLISH,POLISH,POLISH,"Broad family anatomy is usable, but the portrait still shares simplified global body templates and should retain stronger species markers.","No critical routing, clipping, eye, or life-stage issue found in the full-size visual pass. Recognizable within the established stylized family language. Broad family routing may be usable, but Oyster still needs an unlabeled silhouette check for body plan, head, eyes/sensory structures, appendages and rear/terminal anatomy.",Oyster.png,440,440,RGBA,aa2c5b23662c3e6ddf0e828ea7ec15c9dea835199cbfb7807844f71e0f54a12a,2fe65605ed3e6218d8f4372ba778db558efc43aa022ac80869bae04d7fc2a157
Oystercatcher,Oystercatcher,HOLD,FAIL,HOLD,True,Shorebirds,MEDIUM,,PASS,POLISH,POLISH,PASS,POLISH,POLISH,"Broad family anatomy is usable, but the portrait still shares simplified global body templates and should retain stronger species markers.","Use a long bright bill and black/white shorebird body. Keep the wader family but correct the exact bill geometry, neck length, leg/foot proportions, body depth and tail for the named species.",Oystercatcher.png,440,440,RGBA,2de29dd10a67efe1b3ab4075582893cf76d4c568ddbc3b4454919c0754f431bc,2e27e695cd9b8c21938f63f930bc9efa64ea00651bb3a95cc97ebc801819e6f4
Pacu,Pacu,HOLD,FAIL,HOLD,True,Characins,MEDIUM,,PASS,POLISH,POLISH,POLISH,POLISH,POLISH,"Broad family anatomy is usable, but the portrait still shares simplified global body templates and should retain stronger species markers.","No critical routing, clipping, eye, or life-stage issue found in the full-size visual pass. Recognizable within the established stylized family language. Broad family routing may be usable, but Pacu still needs an unlabeled silhouette check for body plan, head, eyes/sensory structures, appendages and rear/terminal anatomy.",Pacu.png,440,440,RGBA,25825d1ea5a543a68d5ba7c2393bc7bd1eed9aa3899558a44b687c354923263a,b63e900d3f4b62817d0fb8d54a454714fce92301d532495dd5e930fcfe3a7dca
Paddlefish,Paddlefish,PASS,PASS,PASS,True,Primitive fish,LOW,,PASS,PASS,PASS,PASS,PASS,PASS,PASS,PASS — Leave alone at the current stylized resolution. Major body regions and defining silhouette are sufficiently represented.,Paddlefish.png,440,440,RGBA,03b68469dfea237d7246ae483fc455b3e3880b507db440bebc837b63514cd92b,ec28f145ef76bee804261c6bd2a3d904b56fa417655c48fde7413d5ef739f290
Pampas_Fox,Pampas Fox,FAIL,FAIL,HOLD,True,Canids,MEDIUM,,PASS,POLISH,POLISH,POLISH,POLISH,POLISH,"Broad family anatomy is usable, but the portrait still shares simplified global body templates and should retain stronger species markers.","The body remains deer-like. Use a small canid torso, paws, pointed muzzle, large ears and full brush tail.",Pampas_Fox.png,440,440,RGBA,bf60b2640e8cf810acff6448b5b1261ab4b2a93747d097c41e46e786a550b812,147b95b2bd6bde0dc2944279324fbb3b08ca814d6e090bfdd3e7b3707bbce133
Panda,Panda,FAIL,FAIL,FAIL,True,Bears,HIGH,,FAIL,FAIL,FAIL,FAIL,FAIL,FAIL,FAIL,"The black-and-white pattern reads, but the underlying body is not a convincing bear. Use a heavy plantigrade bear torso, broad shoulders, short powerful limbs with paws, round ursid head and a compact rear.",Panda.png,440,440,RGBA,52d1e9e2db04099e53bc17a414c61f3d2d0e26ae13296fd830cf4939df7c1158,88e9f42238c71cf254d6a2b57daccbd9a7f7bf4f4e32ae344d356f95901e6652
Pangolin,Pangolin,HOLD,FAIL,HOLD,True,Other or uncertain,MEDIUM,,PASS,POLISH,POLISH,POLISH,POLISH,POLISH,"Broad family anatomy is usable, but the portrait still shares simplified global body templates and should retain stronger species markers.","No critical routing, clipping, eye, or life-stage issue found in the full-size visual pass. Recognizable within the established stylized family language. Broad family routing may be usable, but Pangolin still needs an unlabeled silhouette check for body plan, head, eyes/sensory structures, appendages and rear/terminal anatomy.",Pangolin.png,440,440,RGBA,6e800fe1ddfe17f219700ea33bd91e73f564127022fc8587687dd142581c09f2,f9b07e082a8258f0839e7136b275fbd239a9ea77569ce86aa8b39112e2cf546b
Parrot,Parrot,PASS,PASS,FAIL,True,Parrots,HIGH,,PASS,PASS,PASS,PASS,PASS,PASS,PASS,The colored parrot body and long tail are recognizable; leave alone at this scale.,Parrot.png,440,440,RGBA,2766532bf30d7fb2111f15c86893f6bef3341089f3ba0184aa277c0bb152b088,de4088c7a7a286cb0945b9c36432cd6f97015497c8ae627807b21e267ab55442
Parrotfish,Parrotfish,HOLD,FAIL,HOLD,True,Reef fish,MEDIUM,,PASS,POLISH,POLISH,POLISH,POLISH,POLISH,"Broad family anatomy is usable, but the portrait still shares simplified global body templates and should retain stronger species markers.","The reef-fish body reads, but add the fused beak-like mouth, heavier forehead and more distinctive parrotfish color blocks.",Parrotfish.png,440,440,RGBA,2d167627fcc8746f2fb6c8899e986be8de4bacb17b7dccc31d6b65aa8bf7f496,210d0377fa99cc8432ee645084f88541fb9a603d99955e0daeb099543418b4b8
Partridge,Partridge,HOLD,FAIL,HOLD,True,Gamebirds,HIGH,Sandgrouse,PASS,POLISH,POLISH,POLISH,POLISH,POLISH,"Broad family anatomy is usable, but the portrait still shares simplified global body templates and should retain stronger species markers.","No critical routing, clipping, eye, or life-stage issue found in the full-size visual pass. Recognizable within the established stylized family language. The named bird relies too heavily on the shared side-bird template. Correct the bill, neck, body depth, wing length, leg type, tail and crest/display structures for the species.",Partridge.png,440,440,RGBA,94bfb336ef33fd11748cb585bd9f171d3e2a22e8947dd6363534b95636fa98c2,cbdccb45dbf459b12b09209b8c194550041824179f369f0c92b9f24a4c69db49
Peacock,Peacock,HOLD,FAIL,HOLD,True,Gamebirds,MEDIUM,,PASS,POLISH,POLISH,POLISH,POLISH,POLISH,"Broad family anatomy is usable, but the portrait still shares simplified global body templates and should retain stronger species markers.","No critical routing, clipping, eye, or life-stage issue found in the full-size visual pass. Recognizable within the established stylized family language. The named bird relies too heavily on the shared side-bird template. Correct the bill, neck, body depth, wing length, leg type, tail and crest/display structures for the species.",Peacock.png,440,440,RGBA,cc3c59b1523ae112e372c8b7868378e294f0479c6a6d9098565b7f16e26c66d6,353b6017e4e35bebb6d3db9deb4a7a5726dfc01ba3718aded60637e72adb4337
Peccary,Peccary,HOLD,FAIL,HOLD,True,Pigs and relatives,MEDIUM,,PASS,POLISH,POLISH,POLISH,POLISH,POLISH,"Broad family anatomy is usable, but the portrait still shares simplified global body templates and should retain stronger species markers.","No critical routing, clipping, eye, or life-stage issue found in the full-size visual pass. Recognizable within the established stylized family language. Broad family routing may be usable, but Peccary still needs an unlabeled silhouette check for body plan, head, eyes/sensory structures, appendages and rear/terminal anatomy.",Peccary.png,440,440,RGBA,e36a1f640dbf2324ef5df2b498e792cd5b81e278ffec4bb8d3ab24f0c068c7ac,590d3e0bcfa24a9132cb0fd544e097d9d1463c5028638ef4fdd5cf8a37ee2efc
Pelican,Pelican,HOLD,FAIL,HOLD,True,Pelicans and diving waterbirds,MEDIUM,,PASS,POLISH,POLISH,POLISH,POLISH,POLISH,"Broad family anatomy is usable, but the portrait still shares simplified global body templates and should retain stronger species markers.","The long bill reads, but enlarge the throat pouch, deepen the body and shorten the neck/tail relationship.",Pelican.png,440,440,RGBA,1bd1ecba8eb179a96b00053c907848d07f09870107dc6fd193a6b07e21892c8a,a29057946111ce31b36ca728626466077f4e66509acd35a61fd077b06ca59daf
Penguin,Penguin,HOLD,FAIL,HOLD,True,Flightless birds,MEDIUM,,PASS,POLISH,POLISH,POLISH,POLISH,POLISH,"Broad family anatomy is usable, but the portrait still shares simplified global body templates and should retain stronger species markers.","No critical routing, clipping, eye, or life-stage issue found in the full-size visual pass. Recognizable within the established stylized family language. Use the species-specific flightless body: correct torso mass, neck length, vestigial wings/flippers, leg proportions, feet, tail and head ornaments.",Penguin.png,440,440,RGBA,1f68d988a8f5d039c3d1188d4d59b431f06a299be1e16f2496d43fd32ac5ff8a,4ec5d36608fb6eb3c4a649ac95ea62c7f453e1f527fa9bc12997832008c00e52
Perch,Perch,HOLD,FAIL,HOLD,True,Perch-like freshwater fish,MEDIUM,,PASS,POLISH,POLISH,POLISH,POLISH,POLISH,"Broad family anatomy is usable, but the portrait still shares simplified global body templates and should retain stronger species markers.","No critical routing, clipping, eye, or life-stage issue found in the full-size visual pass. Recognizable within the established stylized family language. The portrait relies on a generic torpedo fish. Correct body depth, head/mouth position, dorsal/anal/pectoral fin shape, caudal fin, markings and any diagnostic appendage.",Perch.png,440,440,RGBA,50870c61b713deff28c18942681d236697bf4924f89a2f4475a5aa8cd704c8cf,7955f7c3fe305c7c038b38e1e572d75642869c62085c2ab51ac6ac2e94b7d574
Petrel,Petrel,HOLD,FAIL,HOLD,True,Seabirds,MEDIUM,,PASS,POLISH,POLISH,POLISH,POLISH,POLISH,"Broad family anatomy is usable, but the portrait still shares simplified global body templates and should retain stronger species markers.","No critical routing, clipping, eye, or life-stage issue found in the full-size visual pass. Recognizable within the established stylized family language. The named bird relies too heavily on the shared side-bird template. Correct the bill, neck, body depth, wing length, leg type, tail and crest/display structures for the species.",Petrel.png,440,440,RGBA,a74ee75c629761d4cfce33840b53af7f2739a8c579a7b3c4f4d652352ac29010,b76761140d223d4e6bd03b2d5ec903a225b17ce25966396308e4ebc9818ef3c7
Pheasant,Pheasant,HOLD,FAIL,HOLD,True,Gamebirds,MEDIUM,,PASS,POLISH,POLISH,POLISH,POLISH,POLISH,"Broad family anatomy is usable, but the portrait still shares simplified global body templates and should retain stronger species markers.","No critical routing, clipping, eye, or life-stage issue found in the full-size visual pass. Recognizable within the established stylized family language. The named bird relies too heavily on the shared side-bird template. Correct the bill, neck, body depth, wing length, leg type, tail and crest/display structures for the species.",Pheasant.png,440,440,RGBA,03d8329fea0df2b09557dcb4accb6fabcec89765f32264fd95e722429c01493f,731f065150937005bdaa2073d563d66bc0162c21be72f8df8bad6439df95f23b
Pig,Pig,HOLD,FAIL,HOLD,True,Pigs and relatives,MEDIUM,,PASS,POLISH,POLISH,POLISH,POLISH,POLISH,"Broad family anatomy is usable, but the portrait still shares simplified global body templates and should retain stronger species markers.","No critical routing, clipping, eye, or life-stage issue found in the full-size visual pass. Recognizable within the established stylized family language. Broad family routing may be usable, but Pig still needs an unlabeled silhouette check for body plan, head, eyes/sensory structures, appendages and rear/terminal anatomy.",Pig.png,440,440,RGBA,0a6ccff9c976c169275f1cc14318eb421e19803e3023cb367dfda34e314ed159,b4095251dc0fec4cc8b3ee2711730c6000a619c48cfe8ea7172a0796b8f6b3de
Pigeon,Pigeon,HOLD,FAIL,HOLD,True,Pigeons,HIGH,Dove,PASS,POLISH,POLISH,POLISH,POLISH,POLISH,"Broad family anatomy is usable, but the portrait still shares simplified global body templates and should retain stronger species markers.","No critical routing, clipping, eye, or life-stage issue found in the full-size visual pass. Recognizable within the established stylized family language. The named bird relies too heavily on the shared side-bird template. Correct the bill, neck, body depth, wing length, leg type, tail and crest/display structures for the species.",Pigeon.png,440,440,RGBA,294f9e0b36aaaeb212062fd18250d2f068cf89dfe7d62526e4f0a31a7ea5bd5a,d8570f0985d19ec6467610ef5fb30c67a5a48a1e5a2b1dabab99eb42a26c4618
Pika,Pika,HOLD,FAIL,HOLD,True,Rabbits and relatives,MEDIUM,,PASS,POLISH,POLISH,POLISH,POLISH,POLISH,"Broad family anatomy is usable, but the portrait still shares simplified global body templates and should retain stronger species markers.","No critical routing, clipping, eye, or life-stage issue found in the full-size visual pass. Recognizable within the established stylized family language. Broad family routing may be usable, but Pika still needs an unlabeled silhouette check for body plan, head, eyes/sensory structures, appendages and rear/terminal anatomy.",Pika.png,440,440,RGBA,00be5918ec5a98045b5389aab3735f51083971850a7df1a8f78b90ae7822b473,d9aedcfb1d51fb2b2b343cad27006a984aa2e4025998512de34478299eadd70a
Pike,Pike,HOLD,FAIL,HOLD,True,Pike-like fish,MEDIUM,,PASS,POLISH,POLISH,POLISH,POLISH,POLISH,"Broad family anatomy is usable, but the portrait still shares simplified global body templates and should retain stronger species markers.","No critical routing, clipping, eye, or life-stage issue found in the full-size visual pass. Recognizable within the established stylized family language. The portrait relies on a generic torpedo fish. Correct body depth, head/mouth position, dorsal/anal/pectoral fin shape, caudal fin, markings and any diagnostic appendage.",Pike.png,440,440,RGBA,ea934e3cdd63893667e7ccb55f8108502ac895c28f9e3d33e6c94cec0f7d5260,e0d3abf30838b1403e2fa31cf3e091841b823b8ed2d1738ae2ab8a0b1da56c3e
Pilot_Whale,Pilot Whale,HOLD,FAIL,HOLD,True,Marine mammals,MEDIUM,,PASS,POLISH,POLISH,POLISH,POLISH,POLISH,"Broad family anatomy is usable, but the portrait still shares simplified global body templates and should retain stronger species markers.","No critical routing, clipping, eye, or life-stage issue found in the full-size visual pass. Recognizable within the established stylized family language. Strengthen real marine-mammal proportions: streamlined body, species-correct rostrum/head, dorsal fin placement, pectoral flippers, peduncle and horizontal flukes.",Pilot_Whale.png,440,440,RGBA,3f3549c7f7c72db7e6e507f246bcaa1d54c0ab70cbb26e6e04a5447964d33eb7,ec5feac93e3f025e89a3520e19c74c1e12eef9bd3ba2ecc3a6e092ef4b620d05
Pipefish,Pipefish,HOLD,FAIL,HOLD,True,Seahorses and relatives,MEDIUM,,PASS,POLISH,POLISH,POLISH,POLISH,POLISH,"Broad family anatomy is usable, but the portrait still shares simplified global body templates and should retain stronger species markers.","No critical routing, clipping, eye, or life-stage issue found in the full-size visual pass. Recognizable within the established stylized family language. Use a dedicated equid scaffold: deep barrel torso, withers, sloped shoulder, muscular croup, long wedge-shaped head, articulated knees/hocks/fetlocks, hooves, mane, and flowing or tufted tail.",Pipefish.png,440,440,RGBA,2e939c280a326acbab9fae365fae6d7655fd6a07975937ffb37dedbbdd6772c8,306dbe041c2ec61d1b4880d01db7528fd39defa4b1d7e675eb58346b3f269040
Piranha,Piranha,HOLD,FAIL,HOLD,True,Characins,MEDIUM,,PASS,POLISH,POLISH,POLISH,POLISH,POLISH,"Broad family anatomy is usable, but the portrait still shares simplified global body templates and should retain stronger species markers.","No critical routing, clipping, eye, or life-stage issue found in the full-size visual pass. Recognizable within the established stylized family language. Broad family routing may be usable, but Piranha still needs an unlabeled silhouette check for body plan, head, eyes/sensory structures, appendages and rear/terminal anatomy.",Piranha.png,440,440,RGBA,aac9b1c489e24824768986f321f01582b73cc1a0ea1632cfde84b738d25437fe,70a3bf706083fc1b2a899d614a713359051b857fe73e2b28f1d2205b6df0d05c
Platypus,Platypus,HOLD,FAIL,HOLD,True,Egg-laying mammals,MEDIUM,,PASS,POLISH,POLISH,PASS,POLISH,POLISH,"Broad family anatomy is usable, but the portrait still shares simplified global body templates and should retain stronger species markers.","Bill and flat tail are present; increase webbed feet and lower aquatic posture. Broad family routing may be usable, but Platypus still needs an unlabeled silhouette check for body plan, head, eyes/sensory structures, appendages and rear/terminal anatomy.",Platypus.png,440,440,RGBA,102c2767747b3dcd86c3be9fda16cadf3716f0ff90abb5cee39b1bc9b35a978b,86b262bce25d117d5e919fd0a0a0ab0e048ed8cdeb14f766af4b26aa76433345
Plover,Plover,HOLD,FAIL,HOLD,True,Shorebirds,HIGH,Finch | Lark | Robin | Sparrow | Spider | Starling | Swallow | Swift | Tanager | Weaverbird,PASS,POLISH,POLISH,POLISH,POLISH,POLISH,"Broad family anatomy is usable, but the portrait still shares simplified global body templates and should retain stronger species markers.","No critical routing, clipping, eye, or life-stage issue found in the full-size visual pass. Recognizable within the established stylized family language. Keep the wader family but correct the exact bill geometry, neck length, leg/foot proportions, body depth and tail for the named species.",Plover.png,440,440,RGBA,275f19686f8348c93bba56403c89afae895fc0af569018cc7df2c678a0480f76,8d387dae672c7cb6ce900b5c4499181d0487980ac9e6428adeee24d1379b4c21
Poison_Dart_Frog,Poison Dart Frog,PASS,PASS,FAIL,True,Frogs,HIGH,,PASS,PASS,PASS,PASS,PASS,PASS,PASS,The compact frog body and high-contrast aposematic pattern remain distinct and readable.,Poison_Dart_Frog.png,440,440,RGBA,f700bbd49c114faf448a8fbfe157dc0c4801941c5271074adead8b828b31800f,d72790147beb88c42fe6c599d4ebecc4cbb7f71f3858de09bbde3efc1d53fa37
Polar_Bear,Polar Bear,FAIL,FAIL,HOLD,True,Bears,MEDIUM,,PASS,POLISH,POLISH,POLISH,POLISH,POLISH,"Broad family anatomy is usable, but the portrait still shares simplified global body templates and should retain stronger species markers.","The white color is correct, but the body remains a sheep-like hoofed quadruped. Use a long-necked ursid body, large paws, small ears and elongated polar-bear head.",Polar_Bear.png,440,440,RGBA,f5ad4cab7a09a757c454be6fb18c3d74b778db1ec10ed26129f0e706c38131a7,cb30cf309bd8f005786fa0e169683b227dc28f738076c9409577be93651e249d
Pollock,Pollock,HOLD,FAIL,HOLD,True,Cod-like fish,MEDIUM,,PASS,POLISH,POLISH,POLISH,POLISH,POLISH,"Broad family anatomy is usable, but the portrait still shares simplified global body templates and should retain stronger species markers.","No critical routing, clipping, eye, or life-stage issue found in the full-size visual pass. Recognizable within the established stylized family language. The portrait relies on a generic torpedo fish. Correct body depth, head/mouth position, dorsal/anal/pectoral fin shape, caudal fin, markings and any diagnostic appendage.",Pollock.png,440,440,RGBA,fd60c47e32dd4e7c8ec6fef6cec47e8c85f0521e6551f6711347d4dce4022d8d,2d5453293737797f551c48ecf3e7a7e09b8e5a95cfb2f87a8776c0ce62b50921
Polychaete_Worm,Polychaete Worm,HOLD,FAIL,HOLD,True,Worm-like animals,MEDIUM,,PASS,POLISH,POLISH,POLISH,POLISH,POLISH,"Broad family anatomy is usable, but the portrait still shares simplified global body templates and should retain stronger species markers.","No critical routing, clipping, eye, or life-stage issue found in the full-size visual pass. Recognizable within the established stylized family language. Broad family routing may be usable, but Polychaete Worm still needs an unlabeled silhouette check for body plan, head, eyes/sensory structures, appendages and rear/terminal anatomy.",Polychaete_Worm.png,440,440,RGBA,107d57f0171a54c5a7fad2a6a850126df44e2b3588daab1362bec6575c8d4222,604f9bb7acd504bf990a7ff44d48b098a66ee086f7fc2e467d2d62aad382b4d3
Pond_Turtle,Pond Turtle,HOLD,FAIL,HOLD,True,Turtles and tortoises,MEDIUM,,PASS,POLISH,POLISH,POLISH,POLISH,POLISH,"Broad family anatomy is usable, but the portrait still shares simplified global body templates and should retain stronger species markers.","No critical routing, clipping, eye, or life-stage issue found in the full-size visual pass. Recognizable within the established stylized family language. Use species-correct shell profile, neck/head, limb type (flipper, webbed foot or columnar leg), tail and shell texture rather than one generic turtle.",Pond_Turtle.png,440,440,RGBA,28940f812831877e319ca1ad5132642e28ac353abfaf131e866d666bb465aa0c,6668239c9cbc79cbd154510b99ca104c6b63d1b713e0b51204d0b67f0c59bcf0
Porcupine,Porcupine,HOLD,FAIL,HOLD,True,Rodents,MEDIUM,,PASS,POLISH,POLISH,POLISH,POLISH,POLISH,"Broad family anatomy is usable, but the portrait still shares simplified global body templates and should retain stronger species markers.","No critical routing, clipping, eye, or life-stage issue found in the full-size visual pass. Recognizable within the established stylized family language. Verify rodent/lagomorph skull, incisors/muzzle, fore/hind foot proportions, body posture and tail; several currently inherit the rabbit-like template.",Porcupine.png,440,440,RGBA,77b3ad963a27beeb188cc86cf9e7e4a44fa2c5be5168a8598eb95ca97873babc,b9d492f86d83386ae78aea16b39b061ca613753b44aab4e439946eb0e916a4b4
Porpoise,Porpoise,HOLD,FAIL,HOLD,True,Marine mammals,MEDIUM,,PASS,POLISH,POLISH,POLISH,POLISH,POLISH,"Broad family anatomy is usable, but the portrait still shares simplified global body templates and should retain stronger species markers.","No critical routing, clipping, eye, or life-stage issue found in the full-size visual pass. Recognizable within the established stylized family language. Strengthen real marine-mammal proportions: streamlined body, species-correct rostrum/head, dorsal fin placement, pectoral flippers, peduncle and horizontal flukes.",Porpoise.png,440,440,RGBA,cdc202e20d9295a820836363df3cdbbfda67a8c2c0a94e69a4a94523b293b521,69bf1168f6f4c9cfa7a2306b7f64cc93159d6ee4a0d0e0aa7e5149a7ec83106d
Portuguese_Man-of-War,Portuguese Man of War,HOLD,FAIL,HOLD,True,Gelatinous or colonial marine life,MEDIUM,,PASS,POLISH,POLISH,POLISH,POLISH,POLISH,"Broad family anatomy is usable, but the portrait still shares simplified global body templates and should retain stronger species markers.","No critical routing, clipping, eye, or life-stage issue found in the full-size visual pass. Recognizable within the established stylized family language. Broad family routing may be usable, but Portuguese Man of War still needs an unlabeled silhouette check for body plan, head, eyes/sensory structures, appendages and rear/terminal anatomy.",Portuguese_Man-of-War.png,440,440,RGBA,fd8ac07492c7a3a93cac17161f5628c6044463df660114d81255a290e4b4b709,63a441a70ea1456c588c51c6e551a523be423669ff10fe8e40edd9660ba561c8
Possum,Possum,HOLD,FAIL,HOLD,True,Marsupials,MEDIUM,,PASS,POLISH,POLISH,POLISH,POLISH,POLISH,"Broad family anatomy is usable, but the portrait still shares simplified global body templates and should retain stronger species markers.","No critical routing, clipping, eye, or life-stage issue found in the full-size visual pass. Recognizable within the established stylized family language. Broad family routing may be usable, but Possum still needs an unlabeled silhouette check for body plan, head, eyes/sensory structures, appendages and rear/terminal anatomy.",Possum.png,440,440,RGBA,e4d84b92dbf4333909107c3a2dac8421f8c5e8e49fa2d0297885d6e24ffe154f,010a748441461c51de407159f07a216508b2910f4925e9ea7f72124f5e4ed653
Prairie_Dog,Prairie Dog,HOLD,FAIL,HOLD,True,Rodents,MEDIUM,,PASS,POLISH,POLISH,POLISH,POLISH,POLISH,"Broad family anatomy is usable, but the portrait still shares simplified global body templates and should retain stronger species markers.","No critical routing, clipping, eye, or life-stage issue found in the full-size visual pass. Recognizable within the established stylized family language. Verify rodent/lagomorph skull, incisors/muzzle, fore/hind foot proportions, body posture and tail; several currently inherit the rabbit-like template.",Prairie_Dog.png,440,440,RGBA,45b1d935ef2229f15a745b47ceb385cc1a2f60e2f37875d0881b9beef8e325f3,4b77dea18bcf49ce95665fcc2cc16489de40e9715866e2379566bb136e47af90
Prawn,Prawn,HOLD,FAIL,HOLD,True,Ice and cave insects,MEDIUM,,PASS,POLISH,POLISH,POLISH,POLISH,POLISH,"Broad family anatomy is usable, but the portrait still shares simplified global body templates and should retain stronger species markers.","No critical routing, clipping, eye, or life-stage issue found in the full-size visual pass. Recognizable within the established stylized family language. Use correct insect anatomy: distinct head/thorax/abdomen, six articulated legs, correct wing count and attachment, antennae, mouthparts and species-specific shell/body proportions.",Prawn.png,440,440,RGBA,4e2f60b140f8b28d327b3cc063712a0ba00cc8bf62580be7288ca37415bd8d88,84128d4a53ef625ac01905d8bc8eb6285384794994e7e51d09b4ef68a5208c83
Proboscis_Monkey,Proboscis Monkey,HOLD,FAIL,HOLD,True,Primates,MEDIUM,,PASS,POLISH,POLISH,POLISH,POLISH,POLISH,"Broad family anatomy is usable, but the portrait still shares simplified global body templates and should retain stronger species markers.","No critical routing, clipping, eye, or life-stage issue found in the full-size visual pass. Recognizable within the established stylized family language. Verify torso posture, arm/leg ratio, hands/feet, face shape and tail state for the named primate.",Proboscis_Monkey.png,440,440,RGBA,ec6bbc8a492b9aa4e37438e5055e8f5f3424c367a072a85d6a6eca2fd438d401,5c7753f11db629a4365b2c7e7c0b4e2e01305c22cf74f7a0d8cd220d46c71238
Pronghorn,Pronghorn,HOLD,FAIL,HOLD,True,Other or uncertain,MEDIUM,,PASS,POLISH,POLISH,POLISH,POLISH,POLISH,"Broad family anatomy is usable, but the portrait still shares simplified global body templates and should retain stronger species markers.","No critical routing, clipping, eye, or life-stage issue found in the full-size visual pass. Recognizable within the established stylized family language. Broad family routing may be usable, but Pronghorn still needs an unlabeled silhouette check for body plan, head, eyes/sensory structures, appendages and rear/terminal anatomy.",Pronghorn.png,440,440,RGBA,589791d82b40937d6563c2749b2d1ddb56749e4c75e08219e63a0c2669e167bd,38c8d098b7a247a68db818e4520b6aa650831dbe0a2a48a1b0058d32ef1a0da4
Pseudoscorpion,Pseudoscorpion,HOLD,FAIL,HOLD,True,Ice and cave insects,HIGH,Mite | Mole,PASS,POLISH,POLISH,POLISH,POLISH,POLISH,"Broad family anatomy is usable, but the portrait still shares simplified global body templates and should retain stronger species markers.","No critical routing, clipping, eye, or life-stage issue found in the full-size visual pass. Recognizable within the established stylized family language. Use correct insect anatomy: distinct head/thorax/abdomen, six articulated legs, correct wing count and attachment, antennae, mouthparts and species-specific shell/body proportions.",Pseudoscorpion.png,440,440,RGBA,395d68e27af47bdc5056c05c01f7e5b6f6194e5513e763ac5adadb256d17e492,9698ba481799c9a5fa32e3b6ee5a1cf7a60699ba5b73c0ccdc9a3073cc3f85dd
Ptarmigan,Ptarmigan,HOLD,FAIL,HOLD,True,Gamebirds,MEDIUM,,PASS,POLISH,POLISH,POLISH,POLISH,POLISH,"Broad family anatomy is usable, but the portrait still shares simplified global body templates and should retain stronger species markers.","No critical routing, clipping, eye, or life-stage issue found in the full-size visual pass. Recognizable within the established stylized family language. The named bird relies too heavily on the shared side-bird template. Correct the bill, neck, body depth, wing length, leg type, tail and crest/display structures for the species.",Ptarmigan.png,440,440,RGBA,376d43a9e66c68d14a4d6e0db51493db710d4f718a529c855ac9eeb00d996a9f,601d7851491cdd0bd7b4dbd49b062880752a291648b2dd02faf8e9facd3aa364
Pufferfish,Pufferfish,HOLD,FAIL,HOLD,True,Puffer-like fish,MEDIUM,,PASS,POLISH,POLISH,POLISH,POLISH,POLISH,"Broad family anatomy is usable, but the portrait still shares simplified global body templates and should retain stronger species markers.","No critical routing, clipping, eye, or life-stage issue found in the full-size visual pass. Recognizable within the established stylized family language. The portrait relies on a generic torpedo fish. Correct body depth, head/mouth position, dorsal/anal/pectoral fin shape, caudal fin, markings and any diagnostic appendage.",Pufferfish.png,440,440,RGBA,50c997ef77bc9decfe197886c3d13fe8076b697f9a23bf477e4d46445688339f,43eeb778b019a8dd1a40d3980f031058690ffd5bef241f81e2976bfcdcc02f53
Puffin,Puffin,HOLD,FAIL,HOLD,True,Seabirds,MEDIUM,,PASS,POLISH,POLISH,POLISH,POLISH,POLISH,"Broad family anatomy is usable, but the portrait still shares simplified global body templates and should retain stronger species markers.","The black seabird body reads, but enlarge and color-block the triangular bill and use a compact auk body with short wings and orange feet.",Puffin.png,440,440,RGBA,6a4bcd5516496057f4f990dfaae35b951451de9a8668ed84a3f67eedc2a4ca32,3c1ae4e29b6beeacdf842d3fbeb143a5a27594eaa3c4a8a638eccb669a319509
Pyrosome,Pyrosome,PASS,PASS,PASS,False,Gelatinous or colonial marine life,LOW,,PASS,PASS,PASS,PASS,PASS,PASS,PASS,The hollow tubular colonial body and dotted zooid texture now clearly distinguish a pyrosome from a jellyfish.,Pyrosome.png,440,440,RGBA,553be7c87bcd42ecbe00ccf6e09f1c6b2a9d6674bc75ab40a87251afdbfcda73,553be7c87bcd42ecbe00ccf6e09f1c6b2a9d6674bc75ab40a87251afdbfcda73
Python,Python,HOLD,FAIL,HOLD,True,Constricting snakes,MEDIUM,,PASS,POLISH,POLISH,POLISH,POLISH,POLISH,"Broad family anatomy is usable, but the portrait still shares simplified global body templates and should retain stronger species markers.","No critical routing, clipping, eye, or life-stage issue found in the full-size visual pass. Recognizable within the established stylized family language. Verify skull/head profile, limb state, body thickness, scale texture, tail and any crest/frill/horn; do not rely on color alone.",Python.png,440,440,RGBA,f747a0eecdad1da3001a90e78a9573e85b4664db19073d00d07dd8810a7d6dd8,6bc414e5f445d0134a5a52628315bd2b970a59ddd2dad0f083990f5766eaf62a
Quail,Quail,HOLD,FAIL,HOLD,True,Gamebirds,MEDIUM,,PASS,POLISH,POLISH,POLISH,POLISH,POLISH,"Broad family anatomy is usable, but the portrait still shares simplified global body templates and should retain stronger species markers.","No critical routing, clipping, eye, or life-stage issue found in the full-size visual pass. Recognizable within the established stylized family language. The named bird relies too heavily on the shared side-bird template. Correct the bill, neck, body depth, wing length, leg type, tail and crest/display structures for the species.",Quail.png,440,440,RGBA,aaa04171ba4c9269629e45bfa65c9b5f79e99a9c3c390220c8b5915a488cdbdb,ae62a220d00a1ab30d7fb23fd203f18c0e036acecf5cc89f3efbb25699dd9597
Quetzal,Quetzal,HOLD,FAIL,HOLD,True,Other birds,MEDIUM,,PASS,POLISH,POLISH,POLISH,POLISH,POLISH,"Broad family anatomy is usable, but the portrait still shares simplified global body templates and should retain stronger species markers.","No critical routing, clipping, eye, or life-stage issue found in the full-size visual pass. Recognizable within the established stylized family language. The named bird relies too heavily on the shared side-bird template. Correct the bill, neck, body depth, wing length, leg type, tail and crest/display structures for the species.",Quetzal.png,440,440,RGBA,3e25e095d4ed457aac11763d071629a760f9d468be48d47b48fca38fdd6bad17,39f6b12a93fb3243ffa5eb6cc0beee11641b2bebf00da1d17be4a0af79d022cc
Quoll,Quoll,HOLD,FAIL,HOLD,True,Other or uncertain,MEDIUM,,PASS,POLISH,POLISH,POLISH,POLISH,POLISH,"Broad family anatomy is usable, but the portrait still shares simplified global body templates and should retain stronger species markers.","No critical routing, clipping, eye, or life-stage issue found in the full-size visual pass. Recognizable within the established stylized family language. Broad family routing may be usable, but Quoll still needs an unlabeled silhouette check for body plan, head, eyes/sensory structures, appendages and rear/terminal anatomy.",Quoll.png,440,440,RGBA,44fff221439d3c477529882897ab730d30b1ba66b892a90823f05f3e0bb05f15,6fb3dba634c6293f935471c620dbbf9339769f8e4f910943e1d2fc2c2ad1d15f
Rabbit,Rabbit,HOLD,FAIL,HOLD,True,Rabbits and relatives,MEDIUM,,PASS,POLISH,POLISH,POLISH,POLISH,POLISH,"Broad family anatomy is usable, but the portrait still shares simplified global body templates and should retain stronger species markers.","No critical routing, clipping, eye, or life-stage issue found in the full-size visual pass. Recognizable within the established stylized family language. Broad family routing may be usable, but Rabbit still needs an unlabeled silhouette check for body plan, head, eyes/sensory structures, appendages and rear/terminal anatomy.",Rabbit.png,440,440,RGBA,75952995b6bdac84e8ff0c3431a0b9176ff7ba5e352ba1d282459fc2c3b6110a,bdc70bb40c216dbba00688b4eff07024f630cb179cb5cda6045523842f4ccf3b
Rabbitfish,Rabbitfish,HOLD,FAIL,HOLD,True,Reef fish,MEDIUM,,PASS,POLISH,POLISH,POLISH,POLISH,POLISH,"Broad family anatomy is usable, but the portrait still shares simplified global body templates and should retain stronger species markers.","No critical routing, clipping, eye, or life-stage issue found in the full-size visual pass. Recognizable within the established stylized family language. The portrait relies on a generic torpedo fish. Correct body depth, head/mouth position, dorsal/anal/pectoral fin shape, caudal fin, markings and any diagnostic appendage.",Rabbitfish.png,440,440,RGBA,429f98bb8b4f22149fb162ce7c5fa7f3abd8e2f3a4a1f091311b2dba035d7211,b1aaaa75a475508c1917837669901bb2d76b6a0b80384a70ca612d8bda0709d3
Raccoon,Raccoon,HOLD,FAIL,HOLD,True,Raccoon-like mammals,MEDIUM,,PASS,POLISH,POLISH,POLISH,POLISH,POLISH,"Broad family anatomy is usable, but the portrait still shares simplified global body templates and should retain stronger species markers.","No critical routing, clipping, eye, or life-stage issue found in the full-size visual pass. Recognizable within the established stylized family language. Use the correct low flexible carnivoran torso, pawed limbs, skull/muzzle, and species-specific tail instead of one shared long-body template.",Raccoon.png,440,440,RGBA,142698a58d14417e99a495d074cbcad02aabdcc946b10b0a33f7b54f27c9870d,bd11ca1889355e78e6f74a75d6df777bd0d8184fe5eec8f60b8ee2617e82c076
Racer,Racer,HOLD,FAIL,HOLD,True,Other snakes,MEDIUM,,PASS,POLISH,POLISH,POLISH,POLISH,POLISH,"Broad family anatomy is usable, but the portrait still shares simplified global body templates and should retain stronger species markers.","No critical routing, clipping, eye, or life-stage issue found in the full-size visual pass. Recognizable within the established stylized family language. Verify skull/head profile, limb state, body thickness, scale texture, tail and any crest/frill/horn; do not rely on color alone.",Racer.png,440,440,RGBA,38bfe5e715c791fc5dcd90f2b6fdf883054a5062b5d12546261065fdc7736e34,4e726f3dbd6fdecd848b6fd2117b4559eb6f199a52cabb986912c79553b99169
Rail,Rail,HOLD,FAIL,HOLD,True,Cranes and rails,HIGH,Sandpiper,PASS,POLISH,POLISH,POLISH,POLISH,POLISH,"Broad family anatomy is usable, but the portrait still shares simplified global body templates and should retain stronger species markers.","No critical routing, clipping, eye, or life-stage issue found in the full-size visual pass. Recognizable within the established stylized family language. Broad family routing may be usable, but Rail still needs an unlabeled silhouette check for body plan, head, eyes/sensory structures, appendages and rear/terminal anatomy.",Rail.png,440,440,RGBA,20a4bdfcd86ea793e15d8a4ec0c4345a55d9150f32e20b005d8c1e69a3666a06,8bf920b76dd4652106905bd92a5de2012afbddce6385012f9f7c08403358f6ee
Rat,Rat,HOLD,FAIL,HOLD,True,Rodents,MEDIUM,,PASS,POLISH,POLISH,POLISH,POLISH,POLISH,"Broad family anatomy is usable, but the portrait still shares simplified global body templates and should retain stronger species markers.","No critical routing, clipping, eye, or life-stage issue found in the full-size visual pass. Recognizable within the established stylized family language. Verify rodent/lagomorph skull, incisors/muzzle, fore/hind foot proportions, body posture and tail; several currently inherit the rabbit-like template.",Rat.png,440,440,RGBA,16392791e56644783d69823d0746322e26087c3ba624f5e209bd185eaadb7f3f,f6ee89f532e9e66659b36511604edb3fb374e4e4f15124b9be45199f27f96cb8
Rat_Snake,Rat Snake,HOLD,FAIL,HOLD,True,Other snakes,MEDIUM,,PASS,POLISH,POLISH,POLISH,POLISH,POLISH,"Broad family anatomy is usable, but the portrait still shares simplified global body templates and should retain stronger species markers.","No critical routing, clipping, eye, or life-stage issue found in the full-size visual pass. Recognizable within the established stylized family language. Verify skull/head profile, limb state, body thickness, scale texture, tail and any crest/frill/horn; do not rely on color alone.",Rat_Snake.png,440,440,RGBA,b503f08ae77a81228ea079578cb0921bc4cd3ef879d3f4ac6734459662cffd61,9009f18f83a386da91adbc00dd628033f3309b05524d9f4e48fd43e850640036
Rattlesnake,Rattlesnake,HOLD,FAIL,HOLD,True,Venomous snakes,MEDIUM,,PASS,POLISH,POLISH,POLISH,POLISH,POLISH,"Broad family anatomy is usable, but the portrait still shares simplified global body templates and should retain stronger species markers.","No critical routing, clipping, eye, or life-stage issue found in the full-size visual pass. Recognizable within the established stylized family language. Verify skull/head profile, limb state, body thickness, scale texture, tail and any crest/frill/horn; do not rely on color alone.",Rattlesnake.png,440,440,RGBA,90ade6a6f7425f6e1a57d3e9f82512980f672a65ca1b38b2fbe3337e90c8ac10,6bba660b289c1e634b39dc89e51d353aa22ad469239032c52d6a3928561f83d4
Raven,Raven,HOLD,FAIL,HOLD,True,Corvids,MEDIUM,,PASS,POLISH,POLISH,POLISH,POLISH,POLISH,"Broad family anatomy is usable, but the portrait still shares simplified global body templates and should retain stronger species markers.","No critical routing, clipping, eye, or life-stage issue found in the full-size visual pass. Recognizable within the established stylized family language. The named bird relies too heavily on the shared side-bird template. Correct the bill, neck, body depth, wing length, leg type, tail and crest/display structures for the species.",Raven.png,440,440,RGBA,50d28127882c8c7c9aec1d0929e62f883a2f67953b839a7763005ccdeee0b478,afa06b005cbc613b6ded1853fad68ce2a4da57282080893ab7fe65786f99e4e2
Ray,Ray,HOLD,FAIL,HOLD,True,Rays,MEDIUM,,PASS,POLISH,POLISH,POLISH,POLISH,POLISH,"Broad family anatomy is usable, but the portrait still shares simplified global body templates and should retain stronger species markers.","No critical routing, clipping, eye, or life-stage issue found in the full-size visual pass. Recognizable within the established stylized family language. Broad family routing may be usable, but Ray still needs an unlabeled silhouette check for body plan, head, eyes/sensory structures, appendages and rear/terminal anatomy.",Ray.png,440,440,RGBA,c4f0bb872b1b40ed791b745c4c320b86b85bb1b19e98c24d3430f2d4dba752d7,5353194d70efdf9c5e324c1e98cdca83ef0b0e6ecf48bb45dd0e93984b13389d
Razor_Clam,Razor Clam,HOLD,FAIL,HOLD,True,Bivalves,MEDIUM,,PASS,POLISH,POLISH,POLISH,POLISH,POLISH,"Broad family anatomy is usable, but the portrait still shares simplified global body templates and should retain stronger species markers.","No critical routing, clipping, eye, or life-stage issue found in the full-size visual pass. Recognizable within the established stylized family language. Broad family routing may be usable, but Razor Clam still needs an unlabeled silhouette check for body plan, head, eyes/sensory structures, appendages and rear/terminal anatomy.",Razor_Clam.png,440,440,RGBA,a3151bb9bf89f96f95d41159b68729ca5c14dd5b0b5e0c508eb79b413fc398f5,0b0d53f4099ad97de3fb580c4da144b2e1fad346756830024e4dedf1d4c81358
Red_Fox,Red Fox,FAIL,FAIL,HOLD,True,Canids,MEDIUM,,FAIL,FAIL,FAIL,FAIL,FAIL,FAIL,FAIL,"The orange coat and tail color suggest a fox, but the underlying torso and legs remain deer-like. Use a true canid chest, digitigrade hocks and paws, pointed fox muzzle/ears, narrow waist and full brush tail.",Red_Fox.png,440,440,RGBA,5de7b58dc9329ae7835c4056f074c0ca93abc9cc6b8c7a85533c9a90fa135932,314943e49c261445943d13b558637eb2ae4659e8c0ae58bfe1c81531c8a11d07
Red_Panda,Red Panda,HOLD,FAIL,HOLD,True,Raccoon-like mammals,MEDIUM,,PASS,POLISH,POLISH,POLISH,POLISH,POLISH,"Broad family anatomy is usable, but the portrait still shares simplified global body templates and should retain stronger species markers.","No critical routing, clipping, eye, or life-stage issue found in the full-size visual pass. Recognizable within the established stylized family language. Use the correct low flexible carnivoran torso, pawed limbs, skull/muzzle, and species-specific tail instead of one shared long-body template.",Red_Panda.png,440,440,RGBA,cc36807977f2798545c3356a890b2980d6a799d430a3329a4a0a5dac74e75c64,84427c77cf57f8668357589931dd9c156d9f736159bf9b51d10f349c329d5e8f
Reef_Fish,Reef Fish,HOLD,FAIL,HOLD,True,Fish,MEDIUM,,PASS,POLISH,POLISH,POLISH,POLISH,POLISH,"Broad family anatomy is usable, but the portrait still shares simplified global body templates and should retain stronger species markers.","No critical routing, clipping, eye, or life-stage issue found in the full-size visual pass. Recognizable within the established stylized family language. The portrait relies on a generic torpedo fish. Correct body depth, head/mouth position, dorsal/anal/pectoral fin shape, caudal fin, markings and any diagnostic appendage.",Reef_Fish.png,440,440,RGBA,6510d780fe77f3b33e935a384f3caef62b845d1472c18029b4d976c44b7f05de,1bb73d2279ede3e368b6a1e45c6b31afbb4c6851ddb0f71f091f62de792b6f40
Reef_Shark,Reef Shark,HOLD,FAIL,HOLD,True,Sharks,MEDIUM,,PASS,POLISH,POLISH,POLISH,POLISH,POLISH,"Broad family anatomy is usable, but the portrait still shares simplified global body templates and should retain stronger species markers.","No critical routing, clipping, eye, or life-stage issue found in the full-size visual pass. Recognizable within the established stylized family language. The portrait relies on a generic torpedo fish. Correct body depth, head/mouth position, dorsal/anal/pectoral fin shape, caudal fin, markings and any diagnostic appendage.",Reef_Shark.png,440,440,RGBA,694ee1c67dcf27c18c27fe021686aa80a1d0af0c650380c64841b0b6878ac381,25720a69af28f31ecb8c51a42a5aa80ba3e9d11a5646add41a9709ff42458de3
Reindeer,Reindeer,HOLD,FAIL,HOLD,True,Deer and relatives,MEDIUM,,PASS,POLISH,POLISH,POLISH,POLISH,POLISH,"Broad family anatomy is usable, but the portrait still shares simplified global body templates and should retain stronger species markers.","No critical routing, clipping, eye, or life-stage issue found in the full-size visual pass. Recognizable within the established stylized family language. The ungulate base is usable, but the named species must have correct horn/antler geometry, neck, shoulder/croup mass, leg length, hooves, head and tail.",Reindeer.png,440,440,RGBA,0b1d82692b04e606f779c338580286ef8f1b9503adc64fd507e8416da667c122,bf9a8b4926dd3cd8c9bb202c386efce087a4df3d9dc9e2ea162f916b9f96606a
Remora,Remora,HOLD,FAIL,HOLD,True,Other or uncertain,MEDIUM,,PASS,POLISH,POLISH,POLISH,POLISH,POLISH,"Broad family anatomy is usable, but the portrait still shares simplified global body templates and should retain stronger species markers.","The long fish body is acceptable, but the dorsal suction disc should be clearly visible on top of the head.",Remora.png,440,440,RGBA,f8b3b1185503b6dc78ed21e8cdd743db5151fe382300ade05f4c469e0219a853,968b553b6760b9b2c6947db4f53121dee851c4ed67eaca5d4249ffa3d71abd86
Rhea,Rhea,PASS,PASS,FAIL,True,Flightless birds,HIGH,,PASS,PASS,PASS,PASS,PASS,PASS,PASS,"The long-legged, long-necked flightless-bird silhouette is recognizable.",Rhea.png,440,440,RGBA,8b042960b9016312bdb2499f9ef3d3685b7263732d2bad118f295d7b559267de,bed72c3189ef524a56654d4e9d952fde25f6de2d592328b76b908845ba968245
Rhinoceros,Rhinoceros,PASS,PASS,HOLD,True,Horses and relatives,MEDIUM,,PASS,PASS,PASS,PASS,PASS,PASS,PASS,"The thick body, short legs and nasal horns now clearly read as a rhinoceros.",Rhinoceros.png,440,440,RGBA,f66eed8a7156721028e777664b8b69e6312827c4646034d8047dc41d68097b26,276b265f4dcd1a6cf205628b84bf967a71485e471dfe0e1ee5582435c7f819a0
Right_Whale,Right Whale,HOLD,FAIL,FAIL,True,Marine mammals,HIGH,Beluga | Narwhal | Sperm_Whale,POLISH,POLISH,POLISH,PASS,POLISH,POLISH,POLISH,"The broad dark whale body is present, but add head callosities, arched jaw, absent/small dorsal fin and wider tail flukes.",Right_Whale.png,440,440,RGBA,35d906989fce132c9a280f10c0c80191d3eb1a70e3101d50a142fa088baafd12,8f00eafac054bd69441736e91d0afae12e4fb862e39cba947266f94aa8dc53db
River_Dolphin,River Dolphin,HOLD,FAIL,HOLD,True,Cetaceans,HIGH,Blue_Whale | Dolphin,PASS,POLISH,POLISH,PASS,POLISH,POLISH,"Broad family anatomy is usable, but the portrait still shares simplified global body templates and should retain stronger species markers.","Add a much longer narrow beak and more slender river-dolphin body. Strengthen real marine-mammal proportions: streamlined body, species-correct rostrum/head, dorsal fin placement, pectoral flippers, peduncle and horizontal flukes.",River_Dolphin.png,440,440,RGBA,3e2fa2739ea41097492a86ed556b5e26808b00d847d723d68eb84d6f0e36dab8,92d48cdff2d6d6179f0199342375d5a98ad7093107de063a942d16f32f67dbcc
River_Otter,River Otter,HOLD,FAIL,HOLD,True,Other or uncertain,HIGH,Otter,PASS,POLISH,POLISH,POLISH,POLISH,POLISH,"Broad family anatomy is usable, but the portrait still shares simplified global body templates and should retain stronger species markers.","No critical routing, clipping, eye, or life-stage issue found in the full-size visual pass. Recognizable within the established stylized family language. Broad family routing may be usable, but River Otter still needs an unlabeled silhouette check for body plan, head, eyes/sensory structures, appendages and rear/terminal anatomy.",River_Otter.png,440,440,RGBA,f0f2f4347f9795944f38c338ac81d8f018ebb00c4b09e1cc3eb9ae9dac98e471,b749e2e0e5c3e5fc6fbf7594369811b2357b810c3f5c615585f2f5ee75aa1d44
Roadrunner,Roadrunner,HOLD,FAIL,HOLD,True,Cuckoos and relatives,MEDIUM,,PASS,POLISH,POLISH,POLISH,POLISH,POLISH,"Broad family anatomy is usable, but the portrait still shares simplified global body templates and should retain stronger species markers.","No critical routing, clipping, eye, or life-stage issue found in the full-size visual pass. Recognizable within the established stylized family language. Broad family routing may be usable, but Roadrunner still needs an unlabeled silhouette check for body plan, head, eyes/sensory structures, appendages and rear/terminal anatomy.",Roadrunner.png,440,440,RGBA,e1044c65cb05bc90a3ff2f1018284adafd07825c53e21a835f18bf8feab281c4,38fa7af12ba0fd74b60119fa767d19781244ab00f5a81f6b5e799a56b3ee0990
Robin,Robin,HOLD,FAIL,HOLD,True,Songbirds,HIGH,Finch | Lark | Plover | Sparrow | Spider | Starling | Swallow | Swift | Tanager | Weaverbird,PASS,POLISH,POLISH,POLISH,POLISH,POLISH,"Broad family anatomy is usable, but the portrait still shares simplified global body templates and should retain stronger species markers.","No critical routing, clipping, eye, or life-stage issue found in the full-size visual pass. Recognizable within the established stylized family language. The named bird relies too heavily on the shared side-bird template. Correct the bill, neck, body depth, wing length, leg type, tail and crest/display structures for the species.",Robin.png,440,440,RGBA,6e1514dd614d643480bbb934fc3377331a202d98933c9fc3ec4c4702f6f08ed5,8414dd9809a2fe8b8531961e348ff1cffb411de50d9fbda461ca9737d704c8af
Rooster,Rooster,PASS,PASS,FAIL,True,Gamebirds,HIGH,,PASS,PASS,PASS,PASS,PASS,PASS,PASS,"The comb, upright bird body and long tail feathers are readable as a rooster.",Rooster.png,440,440,RGBA,f13b864d309d887080e6454d85da3bc32484d727aaa0d5c5a79a4459a6d42512,e97f4c486227fdf0f0c64e7aae81be4b12daec6c16a02602a6faa081d48af207
Saiga,Saiga,FAIL,FAIL,FAIL,True,Cattle and bovids,HIGH,,FAIL,FAIL,FAIL,PASS,FAIL,FAIL,FAIL,"The antelope scaffold is usable, but the defining enlarged flexible bulbous nose is missing; this feature must dominate the head silhouette.",Saiga.png,440,440,RGBA,22c1b1deea9a6d24b10e29ebdd8ae63424f63a337a5ca18f00138157077da03f,49487cfd6f61f843580d71aacf695726646ba8080cac6cc11c3004d2e6680bdd
Sailfish,Sailfish,HOLD,FAIL,HOLD,True,Ocean predators,MEDIUM,,PASS,POLISH,POLISH,POLISH,POLISH,POLISH,"Broad family anatomy is usable, but the portrait still shares simplified global body templates and should retain stronger species markers.","No critical routing, clipping, eye, or life-stage issue found in the full-size visual pass. Recognizable within the established stylized family language. The portrait relies on a generic torpedo fish. Correct body depth, head/mouth position, dorsal/anal/pectoral fin shape, caudal fin, markings and any diagnostic appendage.",Sailfish.png,440,440,RGBA,cf5d62926505d93030303a3756471ca328f0b1be33da5205987a85db8ad72b5c,4ff2414bd939187d2ac2213e554b24a671b2f85bad96de731184653372446c64
Salamander,Salamander,HOLD,FAIL,HOLD,True,Salamanders,MEDIUM,,PASS,POLISH,POLISH,POLISH,POLISH,POLISH,"Broad family anatomy is usable, but the portrait still shares simplified global body templates and should retain stronger species markers.","No critical routing, clipping, eye, or life-stage issue found in the full-size visual pass. Recognizable within the established stylized family language. Verify body width, head/mouth, eye placement, fore/hind limb proportions, toes, tail state and skin texture; color alone should not define the species.",Salamander.png,440,440,RGBA,56e38c3268887bdb4b6a9a8a019735ef07ad48812ac0a212d5aca7b14add61d0,35f1b7a81335b3279c2a4db4dca70467a60d45476eb49229afedca660063331c
Salmon,Salmon,HOLD,FAIL,HOLD,True,Salmon-like fish,MEDIUM,,PASS,POLISH,POLISH,POLISH,POLISH,POLISH,"Broad family anatomy is usable, but the portrait still shares simplified global body templates and should retain stronger species markers.","No critical routing, clipping, eye, or life-stage issue found in the full-size visual pass. Recognizable within the established stylized family language. The portrait relies on a generic torpedo fish. Correct body depth, head/mouth position, dorsal/anal/pectoral fin shape, caudal fin, markings and any diagnostic appendage.",Salmon.png,440,440,RGBA,8f474a574fcd209e6500878eecee9246225a514640f3cf8c863deed13686bd26,7f92c3ca39b273561439adcc2cf15798eafa8f767677c1b12282a5318aae77f5
Salp,Salp,PASS,PASS,PASS,False,Gelatinous or colonial marine life,LOW,,PASS,PASS,PASS,PASS,PASS,PASS,PASS,The linked translucent barrel-like colony now reads correctly as a salp chain.,Salp.png,440,440,RGBA,eb430f89bc0262eeb54b76debce29786ac0b5be2a12b9d23d46a44b3131ae47a,eb430f89bc0262eeb54b76debce29786ac0b5be2a12b9d23d46a44b3131ae47a
Sand_Boa,Sand Boa,HOLD,FAIL,HOLD,True,Constricting snakes,HIGH,Garter_Snake,PASS,POLISH,POLISH,POLISH,POLISH,POLISH,"Broad family anatomy is usable, but the portrait still shares simplified global body templates and should retain stronger species markers.","No critical routing, clipping, eye, or life-stage issue found in the full-size visual pass. Recognizable within the established stylized family language. Verify skull/head profile, limb state, body thickness, scale texture, tail and any crest/frill/horn; do not rely on color alone.",Sand_Boa.png,440,440,RGBA,e7658ed45df350f1fa828b55de12382c8905eeaffabacf7e18a76fbf1bbde765,4d49028b0fe2d0accffa1db0c6899bbc7da632e5cc04e4a683180736736bef45
Sand_Cat,Sand Cat,FAIL,FAIL,FAIL,True,Small and domestic cats,HIGH,,FAIL,FAIL,FAIL,PASS,FAIL,FAIL,FAIL,"The animal is still a small hoofed quadruped. Use a low feline body with paws, broad flattened head, very large low-set ears and a thick ringed tail.",Sand_Cat.png,440,440,RGBA,00ad38b454ad3bcf9ed13a905b4d334ff6c20f6c7bfdf667ebb10e28cec73728,3a8cb6a3c91af5593b101a42b06b2e4ec0e2c776ebad96f66e89d12068ad5820
Sand_Dollar,Sand Dollar,HOLD,FAIL,HOLD,True,Other mollusks,MEDIUM,,PASS,POLISH,POLISH,POLISH,POLISH,POLISH,"Broad family anatomy is usable, but the portrait still shares simplified global body templates and should retain stronger species markers.","No critical routing, clipping, eye, or life-stage issue found in the full-size visual pass. Recognizable within the established stylized family language. Broad family routing may be usable, but Sand Dollar still needs an unlabeled silhouette check for body plan, head, eyes/sensory structures, appendages and rear/terminal anatomy.",Sand_Dollar.png,440,440,RGBA,6eb6a6184faf5a81e743b5a4dde520e61602ccaaaa3570351b21e95142255d6c,b64aedc57d9b7a3048829d0df7aba43327008591b48b04e5803ea812ed1ef235
Sandgrouse,Sandgrouse,HOLD,FAIL,HOLD,True,Other distinctive birds,HIGH,Partridge,PASS,POLISH,POLISH,POLISH,POLISH,POLISH,"Broad family anatomy is usable, but the portrait still shares simplified global body templates and should retain stronger species markers.","No critical routing, clipping, eye, or life-stage issue found in the full-size visual pass. Recognizable within the established stylized family language. Broad family routing may be usable, but Sandgrouse still needs an unlabeled silhouette check for body plan, head, eyes/sensory structures, appendages and rear/terminal anatomy.",Sandgrouse.png,440,440,RGBA,b11bdcb181755c384f9e347a1240e46b315fe3316d5aaeda4a9f991732b6a36f,52e81e9edaae3d1f2ffb46a9b10e181b16c9e49d2decfaf01cfb86072cb793c3
Sandpiper,Sandpiper,HOLD,FAIL,HOLD,True,Shorebirds,HIGH,Rail,PASS,POLISH,POLISH,POLISH,POLISH,POLISH,"Broad family anatomy is usable, but the portrait still shares simplified global body templates and should retain stronger species markers.","No critical routing, clipping, eye, or life-stage issue found in the full-size visual pass. Recognizable within the established stylized family language. Keep the wader family but correct the exact bill geometry, neck length, leg/foot proportions, body depth and tail for the named species.",Sandpiper.png,440,440,RGBA,d1b6490a145b18a764df892cb3a2ab180e5a929ed3a14394bc16c30108a6733a,b29c42a2b82de7a6874fcc89a0c8b11cda396f7a9a4eae27f87e4f88a34c7f44
Sardine,Sardine,HOLD,FAIL,HOLD,True,Schooling ocean fish,MEDIUM,,PASS,POLISH,POLISH,POLISH,POLISH,POLISH,"Broad family anatomy is usable, but the portrait still shares simplified global body templates and should retain stronger species markers.","No critical routing, clipping, eye, or life-stage issue found in the full-size visual pass. Recognizable within the established stylized family language. The portrait relies on a generic torpedo fish. Correct body depth, head/mouth position, dorsal/anal/pectoral fin shape, caudal fin, markings and any diagnostic appendage.",Sardine.png,440,440,RGBA,ae9c368806eccb29987a2401849085464709b23209cc831bd5ce9d2f884face6,142f627157288cd14eeb7b69d125f094e48383499ed32a99d3ca1694c957019c
Scale_Worm,Scale Worm,HOLD,FAIL,HOLD,True,Worm-like animals,MEDIUM,,PASS,POLISH,POLISH,POLISH,POLISH,POLISH,"Broad family anatomy is usable, but the portrait still shares simplified global body templates and should retain stronger species markers.","No critical routing, clipping, eye, or life-stage issue found in the full-size visual pass. Recognizable within the established stylized family language. Broad family routing may be usable, but Scale Worm still needs an unlabeled silhouette check for body plan, head, eyes/sensory structures, appendages and rear/terminal anatomy.",Scale_Worm.png,440,440,RGBA,0019c2d63b10b2abfecc3a6e401dc3c30df3b3c229e6f8d6a2e7a1b3c1e8ae60,478efe13994c915c2b00fe686dd6f44caa0372777a5757de45aa880ac377d699
Scallop,Scallop,HOLD,FAIL,HOLD,True,Bivalves,MEDIUM,,PASS,POLISH,POLISH,POLISH,POLISH,POLISH,"Broad family anatomy is usable, but the portrait still shares simplified global body templates and should retain stronger species markers.","No critical routing, clipping, eye, or life-stage issue found in the full-size visual pass. Recognizable within the established stylized family language. Broad family routing may be usable, but Scallop still needs an unlabeled silhouette check for body plan, head, eyes/sensory structures, appendages and rear/terminal anatomy.",Scallop.png,440,440,RGBA,a06911673e7a2f73051d73164d7c1ec58cc37987d0d70dffebb606bc66faf492,194db7b3bbd19fb9fa320fb102bc65ba193d6548dc285fdf6df55829d4104eca
Scorpion,Scorpion,HOLD,FAIL,HOLD,True,Ice and cave insects,MEDIUM,,PASS,POLISH,POLISH,POLISH,POLISH,POLISH,"Broad family anatomy is usable, but the portrait still shares simplified global body templates and should retain stronger species markers.","No critical routing, clipping, eye, or life-stage issue found in the full-size visual pass. Recognizable within the established stylized family language. Use correct insect anatomy: distinct head/thorax/abdomen, six articulated legs, correct wing count and attachment, antennae, mouthparts and species-specific shell/body proportions.",Scorpion.png,440,440,RGBA,c1d4a17ac6b0fa1d0b7a2938eef72f1d4602461959011fd5c0831220797cf2f4,b6e762f5309a71176a16ce8ac1b9f6751c9b9776af0c7eacefff53646ecb0a31
Scorpionfly,Scorpionfly,FAIL,FAIL,FAIL,True,Other or uncertain,HIGH,,FAIL,FAIL,FAIL,PASS,FAIL,FAIL,FAIL,"The current insect lacks the defining long beak-like rostrum and, for the male form, upcurved abdominal tip. Keep two wing pairs and six legs, but rebuild the head/abdomen.",Scorpionfly.png,440,440,RGBA,4074faae472a69916077b5f4363aad7c5063374936adace6642e381b364ae6f0,f844c6784f68f1c7a9c2bf3aae07219bae1dcc5724a7bc908bc3e0f358198f57
Screamer,Screamer,HOLD,FAIL,HOLD,True,Other birds,MEDIUM,,PASS,POLISH,POLISH,POLISH,POLISH,POLISH,"Broad family anatomy is usable, but the portrait still shares simplified global body templates and should retain stronger species markers.","No critical routing, clipping, eye, or life-stage issue found in the full-size visual pass. Recognizable within the established stylized family language. The named bird relies too heavily on the shared side-bird template. Correct the bill, neck, body depth, wing length, leg type, tail and crest/display structures for the species.",Screamer.png,440,440,RGBA,29022758a68d93e5d80cfe402855acfb5f13a0e63a2a953f37f636a8cee11353,fbc846ca136304bc344a8cddc14d7a269b5e1e8a76c5ef84a939390819b99e6b
Sculpin,Sculpin,HOLD,FAIL,HOLD,True,Bottom-dwelling fish,MEDIUM,,PASS,POLISH,POLISH,POLISH,POLISH,POLISH,"Broad family anatomy is usable, but the portrait still shares simplified global body templates and should retain stronger species markers.","No critical routing, clipping, eye, or life-stage issue found in the full-size visual pass. Recognizable within the established stylized family language. The portrait relies on a generic torpedo fish. Correct body depth, head/mouth position, dorsal/anal/pectoral fin shape, caudal fin, markings and any diagnostic appendage.",Sculpin.png,440,440,RGBA,4a0309b74a0a674b226cb62b04e569fb405ff8ade831549c4ea7a2d6a71bb78e,d6fd2e91d6e249fc908a9ed6531cb69114357ef73a77a64c28f46f6d0356009d
Sea_Anemone,Sea Anemone,HOLD,FAIL,HOLD,True,Other mollusks,MEDIUM,,PASS,POLISH,POLISH,POLISH,POLISH,POLISH,"Broad family anatomy is usable, but the portrait still shares simplified global body templates and should retain stronger species markers.","No critical routing, clipping, eye, or life-stage issue found in the full-size visual pass. Recognizable within the established stylized family language. Broad family routing may be usable, but Sea Anemone still needs an unlabeled silhouette check for body plan, head, eyes/sensory structures, appendages and rear/terminal anatomy.",Sea_Anemone.png,440,440,RGBA,b5b7857ac52b3568ab00f41d63b37bbf7c99ec866565035f5ce678e651b4b55a,7d4b7974786f54c69883f5ac97e6cb707ba55c8f4a8528c0009b5a98313be3ee
Sea_Bass,Sea Bass,HOLD,FAIL,HOLD,True,Groupers and snappers,MEDIUM,,PASS,POLISH,POLISH,POLISH,POLISH,POLISH,"Broad family anatomy is usable, but the portrait still shares simplified global body templates and should retain stronger species markers.","No critical routing, clipping, eye, or life-stage issue found in the full-size visual pass. Recognizable within the established stylized family language. Broad family routing may be usable, but Sea Bass still needs an unlabeled silhouette check for body plan, head, eyes/sensory structures, appendages and rear/terminal anatomy.",Sea_Bass.png,440,440,RGBA,6386c08dfe33df7634b6711288e95838383904a979c31bafa0a61e987825fc50,552c7a1f56472bd066284cef769ca6cdb183f11184927b3d2fd66ff8006c0de6
Sea_Cucumber,Sea Cucumber,HOLD,FAIL,HOLD,True,Other mollusks,MEDIUM,,PASS,POLISH,POLISH,POLISH,POLISH,POLISH,"Broad family anatomy is usable, but the portrait still shares simplified global body templates and should retain stronger species markers.","No critical routing, clipping, eye, or life-stage issue found in the full-size visual pass. Recognizable within the established stylized family language. Broad family routing may be usable, but Sea Cucumber still needs an unlabeled silhouette check for body plan, head, eyes/sensory structures, appendages and rear/terminal anatomy.",Sea_Cucumber.png,440,440,RGBA,b3f6ca545568ca83203435d7356b670563aab8b98512dcca96e8ee66896b232a,6cab412be143e9e2d61a81a860d3e3c10da34b325d48c032e1e5465b86a40e38
Sea_Lion,Sea Lion,HOLD,FAIL,HOLD,True,Marine mammals,MEDIUM,,PASS,POLISH,POLISH,POLISH,POLISH,POLISH,"Broad family anatomy is usable, but the portrait still shares simplified global body templates and should retain stronger species markers.","No critical routing, clipping, eye, or life-stage issue found in the full-size visual pass. Recognizable within the established stylized family language. Strengthen real marine-mammal proportions: streamlined body, species-correct rostrum/head, dorsal fin placement, pectoral flippers, peduncle and horizontal flukes.",Sea_Lion.png,440,440,RGBA,6ec0edda2aa54c2c7a06dd96a43d3c011d13cdddebbbfa6e7f3ac9e85453be2c,f4471097696355c9c760a3f9ac816329b5e2122e0be252fbbc181b643ed97432
Sea_Otter,Sea Otter,HOLD,FAIL,HOLD,True,Weasels and relatives,MEDIUM,,PASS,POLISH,POLISH,POLISH,POLISH,POLISH,"Broad family anatomy is usable, but the portrait still shares simplified global body templates and should retain stronger species markers.","No critical routing, clipping, eye, or life-stage issue found in the full-size visual pass. Recognizable within the established stylized family language. Use the correct low flexible carnivoran torso, pawed limbs, skull/muzzle, and species-specific tail instead of one shared long-body template.",Sea_Otter.png,440,440,RGBA,98b47818f9590e38676dbcd6d88dfbd66611c9ded64153a3858453628fb66296,ad9fe33eb70ce403847fe2c94dee9d519a8de07d6628b01c599720baebe3dca7
Sea_Snail,Sea Snail,HOLD,FAIL,HOLD,True,Gastropods,MEDIUM,,PASS,POLISH,POLISH,POLISH,POLISH,POLISH,"Broad family anatomy is usable, but the portrait still shares simplified global body templates and should retain stronger species markers.","No critical routing, clipping, eye, or life-stage issue found in the full-size visual pass. Recognizable within the established stylized family language. Broad family routing may be usable, but Sea Snail still needs an unlabeled silhouette check for body plan, head, eyes/sensory structures, appendages and rear/terminal anatomy.",Sea_Snail.png,440,440,RGBA,d9f7aa4396ad0b53b26ad9c0e232618dc0430d4a08e3698235599a2af2c80d57,99d64ce5bc32b11462d3ad09b3d236bdd9c2a875eecd2e7929f451a4ad81ab89
Sea_Spider,Sea Spider,HOLD,FAIL,HOLD,True,Arachnids,MEDIUM,,PASS,POLISH,POLISH,POLISH,POLISH,POLISH,"Broad family anatomy is usable, but the portrait still shares simplified global body templates and should retain stronger species markers.","No critical routing, clipping, eye, or life-stage issue found in the full-size visual pass. Recognizable within the established stylized family language. Broad family routing may be usable, but Sea Spider still needs an unlabeled silhouette check for body plan, head, eyes/sensory structures, appendages and rear/terminal anatomy.",Sea_Spider.png,440,440,RGBA,7099c12536d816bb2a12ce2172e007f9bc0cb8c1a57051979c4b354fa1d1dbbf,372bdc96704c054ca3414aaafc38c0c6f345e8e5ec07f9aa6a0d4a4d71f1ead1
Sea_Squirt,Sea Squirt,PASS,PASS,PASS,False,Gelatinous or colonial marine life,LOW,,PASS,PASS,PASS,PASS,PASS,PASS,PASS,PASS — Leave alone at the current stylized resolution. Major body regions and defining silhouette are sufficiently represented.,Sea_Squirt.png,440,440,RGBA,0d7f38bc64cc9e113731efbd710fc8278ad0c20926c9011058e6c10157a89285,0d7f38bc64cc9e113731efbd710fc8278ad0c20926c9011058e6c10157a89285
Sea_Turtle,Sea Turtle,HOLD,FAIL,HOLD,True,Turtles and tortoises,MEDIUM,,PASS,POLISH,POLISH,POLISH,POLISH,POLISH,"Broad family anatomy is usable, but the portrait still shares simplified global body templates and should retain stronger species markers.","No critical routing, clipping, eye, or life-stage issue found in the full-size visual pass. Recognizable within the established stylized family language. Use species-correct shell profile, neck/head, limb type (flipper, webbed foot or columnar leg), tail and shell texture rather than one generic turtle.",Sea_Turtle.png,440,440,RGBA,21862075f3ed28c44ee7cf9920c54e004c8aefa03a1a6f4d5b7e47523b7bf6fc,ea015f55fa26156ae8ad672522ccaa7ef4abd7ee512cdef51e726409838b1268
Sea_Urchin,Sea Urchin,HOLD,FAIL,HOLD,True,Other mollusks,MEDIUM,,PASS,POLISH,POLISH,POLISH,POLISH,POLISH,"Broad family anatomy is usable, but the portrait still shares simplified global body templates and should retain stronger species markers.","No critical routing, clipping, eye, or life-stage issue found in the full-size visual pass. Recognizable within the established stylized family language. Broad family routing may be usable, but Sea Urchin still needs an unlabeled silhouette check for body plan, head, eyes/sensory structures, appendages and rear/terminal anatomy.",Sea_Urchin.png,440,440,RGBA,8003c793495eb6ef342aff7ed2862ead9d46f7855eb0e27781e066ce4081a64d,476957a25ef258c13a2da6249050842a8e27c696f602efdf14f5f342739d188c
Seabird,Seabird,HOLD,FAIL,HOLD,True,Seabirds,MEDIUM,,PASS,POLISH,POLISH,POLISH,POLISH,POLISH,"Broad family anatomy is usable, but the portrait still shares simplified global body templates and should retain stronger species markers.","No critical routing, clipping, eye, or life-stage issue found in the full-size visual pass. Recognizable within the established stylized family language. The named bird relies too heavily on the shared side-bird template. Correct the bill, neck, body depth, wing length, leg type, tail and crest/display structures for the species.",Seabird.png,440,440,RGBA,51f5fb07bfab81af2c5b04f6b7a8b6dcace2f282dfbc59b0e2e62947e874fd4b,9630a5a8b83b7ac38f80f2a3ffb13cf0b07b9505e43537fc785d28b944a05662
Seahorse,Seahorse,HOLD,FAIL,HOLD,True,Seahorses and relatives,MEDIUM,,PASS,POLISH,POLISH,POLISH,POLISH,POLISH,"Broad family anatomy is usable, but the portrait still shares simplified global body templates and should retain stronger species markers.","No critical routing, clipping, eye, or life-stage issue found in the full-size visual pass. Recognizable within the established stylized family language. Use a dedicated equid scaffold: deep barrel torso, withers, sloped shoulder, muscular croup, long wedge-shaped head, articulated knees/hocks/fetlocks, hooves, mane, and flowing or tufted tail.",Seahorse.png,440,440,RGBA,034290fd94cbb70f2c1d45383c8f22ff27a99d330c811165aff98876cc69256f,64644e750bceb59e7de2eb0f72b4d5ae02f654639ac3a39405e61921d36fc133
Seal,Seal,HOLD,FAIL,HOLD,True,Marine mammals,MEDIUM,,PASS,POLISH,POLISH,POLISH,POLISH,POLISH,"Broad family anatomy is usable, but the portrait still shares simplified global body templates and should retain stronger species markers.","No critical routing, clipping, eye, or life-stage issue found in the full-size visual pass. Recognizable within the established stylized family language. Strengthen real marine-mammal proportions: streamlined body, species-correct rostrum/head, dorsal fin placement, pectoral flippers, peduncle and horizontal flukes.",Seal.png,440,440,RGBA,c54d34cf9706c5f33fad3c35fbd397ffbc04b447a582377a5f7500516bd2fb1e,7ebe41957a505a94ccce7df9886eefa426917dd35677cae06f82a6becee90dc8
Secretary_Bird,Secretary Bird,FAIL,FAIL,FAIL,True,Birds of prey,LOW,,PASS,PASS,PASS,PASS,PASS,PASS,All major regions and defining features are readable at the current stylized scale.,"The long legs are present, but the body is still a generic wader. Use a terrestrial raptor head and hooked bill, crest quills, long powerful legs with taloned feet, shorter wings and a long central tail.",Secretary_Bird.png,440,440,RGBA,4d73b0e32999f1502edf64f60154e73772e66c98058c315dc4ac15e612a7e01a,e48ae2f51acfd8e8ec040ae635cbb9c4dd18d67dc5c26e32baec3eb7a289471b
Seriema,Seriema,HOLD,FAIL,HOLD,True,Other distinctive birds,MEDIUM,,PASS,POLISH,POLISH,POLISH,POLISH,POLISH,"Broad family anatomy is usable, but the portrait still shares simplified global body templates and should retain stronger species markers.","No critical routing, clipping, eye, or life-stage issue found in the full-size visual pass. Recognizable within the established stylized family language. Broad family routing may be usable, but Seriema still needs an unlabeled silhouette check for body plan, head, eyes/sensory structures, appendages and rear/terminal anatomy.",Seriema.png,440,440,RGBA,479f5f1cb69703148f90e3d971ec4b69a9597a3b2a955f49daf6ad7f04c874cd,b817fe8ebd0f261ff40b3cb59813681d7148011ef65a17d8108a6ecb2e44f9f9
Serow,Serow,HOLD,FAIL,HOLD,True,Other or uncertain,MEDIUM,,PASS,POLISH,POLISH,POLISH,POLISH,POLISH,"Broad family anatomy is usable, but the portrait still shares simplified global body templates and should retain stronger species markers.","No critical routing, clipping, eye, or life-stage issue found in the full-size visual pass. Recognizable within the established stylized family language. Broad family routing may be usable, but Serow still needs an unlabeled silhouette check for body plan, head, eyes/sensory structures, appendages and rear/terminal anatomy.",Serow.png,440,440,RGBA,f5c4daae207da9c1c472670f296d37a4f2e74174355eb8b231411e7069cf52c5,777fc5d52460de63c80fef92347c80dd6045572720cc11f9a01f5662890023f3
Serval,Serval,FAIL,FAIL,HOLD,True,Big cats,MEDIUM,,PASS,POLISH,POLISH,POLISH,POLISH,POLISH,"Broad family anatomy is usable, but the portrait still shares simplified global body templates and should retain stronger species markers.","Spots and long legs are present, but the body is hoofed. Use a small feline torso, very large ears, long digitigrade legs/paws and short tail.",Serval.png,440,440,RGBA,c5295cb14e8e887e25b7f962b3ee813487054b1f4c17005299482938e018e9ca,da17fb79286801965019276c5c42fe6fd68f24c675a37095047306b61788e357
Shark,Shark,FAIL,FAIL,FAIL,True,Sharks,HIGH,,FAIL,FAIL,FAIL,PASS,FAIL,FAIL,FAIL,"Current generic fish silhouette lacks a clear shark head, gill slits, large pectoral fins, and heterocercal tail. The portrait relies on a generic torpedo fish. Correct body depth, head/mouth position, dorsal/anal/pectoral fin shape, caudal fin, markings and any diagnostic appendage.",Shark.png,440,440,RGBA,dbec141ef5a650231a8bca94f6c41d0538431905a5dc27558200545507d2b5f0,95ee17288d1f1c106815e095d23df12bb2a26c8fa9100f18a2482d2848e34786
Sheep,Sheep,FAIL,FAIL,FAIL,True,Sheep and goats,HIGH,,FAIL,FAIL,FAIL,PASS,FAIL,FAIL,FAIL,"Current generic ungulate lacks a woolly torso, sheep muzzle, cloven hooves, and appropriate tail/horn treatment. The ungulate base is usable, but the named species must have correct horn/antler geometry, neck, shoulder/croup mass, leg length, hooves, head and tail.",Sheep.png,440,440,RGBA,cb13ebd22935b32a879a5a3272bc28d0a12c9e370dfaa2d9d1efeb4ec20d3f7f,bf491c38714f72bea1c97d9803f6878ad01fdf6149c7a715f8ebe1f361f20d9f
Shrew,Shrew,HOLD,FAIL,HOLD,True,Insect-eating and burrowing mammals,MEDIUM,,PASS,POLISH,POLISH,POLISH,POLISH,POLISH,"Broad family anatomy is usable, but the portrait still shares simplified global body templates and should retain stronger species markers.","No critical routing, clipping, eye, or life-stage issue found in the full-size visual pass. Recognizable within the established stylized family language. Use correct insect anatomy: distinct head/thorax/abdomen, six articulated legs, correct wing count and attachment, antennae, mouthparts and species-specific shell/body proportions.",Shrew.png,440,440,RGBA,933f976147e9705eb5366fb3ec867a71b00e5079bb89a602021aa6916fae0542,a868ba7d478e36327db18af62f4f24b8d1f96c4f05804a9a6ecf510d17a98264
Shrimp,Shrimp,HOLD,FAIL,HOLD,True,Ice and cave insects,MEDIUM,,PASS,POLISH,POLISH,POLISH,POLISH,POLISH,"Broad family anatomy is usable, but the portrait still shares simplified global body templates and should retain stronger species markers.","No critical routing, clipping, eye, or life-stage issue found in the full-size visual pass. Recognizable within the established stylized family language. Use correct insect anatomy: distinct head/thorax/abdomen, six articulated legs, correct wing count and attachment, antennae, mouthparts and species-specific shell/body proportions.",Shrimp.png,440,440,RGBA,d387a83e8fe8464307946a2d4e4784d884b938011155275677293164a96dec2c,f9d41635cf93fe87be9a4cd569c7cd9ac82dbc80493ae85c3d1f51af7f15f0f1
Skink,Skink,HOLD,FAIL,HOLD,True,Medium and small lizards,MEDIUM,,PASS,POLISH,POLISH,POLISH,POLISH,POLISH,"Broad family anatomy is usable, but the portrait still shares simplified global body templates and should retain stronger species markers.","No critical routing, clipping, eye, or life-stage issue found in the full-size visual pass. Recognizable within the established stylized family language. Verify skull/head profile, limb state, body thickness, scale texture, tail and any crest/frill/horn; do not rely on color alone.",Skink.png,440,440,RGBA,4fb6a1e39c416a29e7084cc350ba4f2467fe4907e048c0ecd6fe6f5a4f3c01cf,f98ddf7b6049ba3c644c90bdd4061b31922bd00615822c9ee9086bb3f3182295
Skua,Skua,HOLD,FAIL,HOLD,True,Seabirds,MEDIUM,,PASS,POLISH,POLISH,POLISH,POLISH,POLISH,"Broad family anatomy is usable, but the portrait still shares simplified global body templates and should retain stronger species markers.","No critical routing, clipping, eye, or life-stage issue found in the full-size visual pass. Recognizable within the established stylized family language. The named bird relies too heavily on the shared side-bird template. Correct the bill, neck, body depth, wing length, leg type, tail and crest/display structures for the species.",Skua.png,440,440,RGBA,5f3286dc3e3143f06b06040887d18c8aef29a039da75c643ceb632b21de115e6,f0dfb57d508bca7340d2662bdaf5d4846980163d5ba61af4b1aeb3c7f3c969d6
Sloth,Sloth,FAIL,FAIL,FAIL,True,Armadillos and relatives,HIGH,,FAIL,FAIL,FAIL,PASS,FAIL,FAIL,FAIL,"Current shaggy ground quadruped is incorrect. Use long curved climbing limbs, hook-like claws, compact torso, and hanging/arboreal posture. Broad family routing may be usable, but Sloth still needs an unlabeled silhouette check for body plan, head, eyes/sensory structures, appendages and rear/terminal anatomy.",Sloth.png,440,440,RGBA,e1eee009a6b30f22bdb13bbd19de76fbfdcb83bff86a9df511dcd325d6e5a858,42a4fc2392cdc4b00b9c9a92997b808e32760ebb9fb561d8b7f430fb25349aa6
Sloth_Bear,Sloth Bear,FAIL,FAIL,FAIL,True,Bears,HIGH,,FAIL,FAIL,FAIL,PASS,FAIL,FAIL,FAIL,"The current animal remains sheep/bear-like. Add shaggy coat, long pale muzzle, mobile lips, large claws/paws and a real plantigrade bear body.",Sloth_Bear.png,440,440,RGBA,f2d2cfb1f57c66897f91de2cbc9a939b95e11e78189f77ec91ee7bb02b9b71ca,b9dc3356eb87156320c9be6608bbdfa90a172faa4c5325276406336bd99c25c0
Small_Fish,Small Fish,HOLD,FAIL,HOLD,True,Fish,MEDIUM,,PASS,POLISH,POLISH,POLISH,POLISH,POLISH,"Broad family anatomy is usable, but the portrait still shares simplified global body templates and should retain stronger species markers.","No critical routing, clipping, eye, or life-stage issue found in the full-size visual pass. Recognizable within the established stylized family language. The portrait relies on a generic torpedo fish. Correct body depth, head/mouth position, dorsal/anal/pectoral fin shape, caudal fin, markings and any diagnostic appendage.",Small_Fish.png,440,440,RGBA,4e593fc4f85023250abf6a40bccbac3e39ab757deec71773967f03ca5578e412,c0708e719de4b46edc5abde477a298dc6daa7f48916d109abdd61ed1837ab781
Snail,Snail,HOLD,FAIL,HOLD,True,Gastropods,HIGH,Freshwater_Snail,PASS,POLISH,POLISH,POLISH,POLISH,POLISH,"Broad family anatomy is usable, but the portrait still shares simplified global body templates and should retain stronger species markers.","No critical routing, clipping, eye, or life-stage issue found in the full-size visual pass. Recognizable within the established stylized family language. Broad family routing may be usable, but Snail still needs an unlabeled silhouette check for body plan, head, eyes/sensory structures, appendages and rear/terminal anatomy.",Snail.png,440,440,RGBA,194cef81899f2cc5e6bc110c9877eef4581d11d79c0450f08927cb6dd4e74bd0,c83d38a44c6209948228bdd9e1967d63ae597d313852e9fb11726d4421a7bb4b
Snailfish,Snailfish,HOLD,FAIL,HOLD,True,Other or uncertain,MEDIUM,,PASS,POLISH,POLISH,POLISH,POLISH,POLISH,"Broad family anatomy is usable, but the portrait still shares simplified global body templates and should retain stronger species markers.","No critical routing, clipping, eye, or life-stage issue found in the full-size visual pass. Recognizable within the established stylized family language. Broad family routing may be usable, but Snailfish still needs an unlabeled silhouette check for body plan, head, eyes/sensory structures, appendages and rear/terminal anatomy.",Snailfish.png,440,440,RGBA,e9598e6ac017f10dc5c17e9477b4f88979d03b82e22784ff021546fd491ad102,2d2a5e6f0b2ba5a5d7264660c3ff3f540078e4f8a107b0f4a08589ba8d849762
Snake,Snake,HOLD,FAIL,HOLD,True,Snakes,MEDIUM,,PASS,POLISH,POLISH,POLISH,POLISH,POLISH,"Broad family anatomy is usable, but the portrait still shares simplified global body templates and should retain stronger species markers.","No critical routing, clipping, eye, or life-stage issue found in the full-size visual pass. Recognizable within the established stylized family language. Verify skull/head profile, limb state, body thickness, scale texture, tail and any crest/frill/horn; do not rely on color alone.",Snake.png,440,440,RGBA,52a176846b2d5945529d44a839387368e9d1078a72da84f80a3bc2da636e2e12,f3fe2477f9b4ac0d77489ed5b8d86ccb9d4e4aa86ef08d14b60a2d1d6b09364e
Snapper,Snapper,HOLD,FAIL,HOLD,True,Groupers and snappers,MEDIUM,,PASS,POLISH,POLISH,POLISH,POLISH,POLISH,"Broad family anatomy is usable, but the portrait still shares simplified global body templates and should retain stronger species markers.","No critical routing, clipping, eye, or life-stage issue found in the full-size visual pass. Recognizable within the established stylized family language. Broad family routing may be usable, but Snapper still needs an unlabeled silhouette check for body plan, head, eyes/sensory structures, appendages and rear/terminal anatomy.",Snapper.png,440,440,RGBA,a921fd405522904eccc5a1eb07fbabae0a6ce75bdd5556a7a352349aa68503a0,6b74a421c94615f33032a84523c6ff7628be50be48a1e3a99a840b0a9ece1ed2
Snapping_Turtle,Snapping Turtle,HOLD,FAIL,FAIL,True,Turtles and tortoises,HIGH,,POLISH,POLISH,POLISH,PASS,POLISH,POLISH,POLISH,"The shell and tail read, but add a larger angular head, hooked beak, rough ridged shell and stronger clawed limbs.",Snapping_Turtle.png,440,440,RGBA,aee7470a9f4076de99790395e4456ca194deb7fbc1afb989d66f0a5f0640cd72,ab9fe77317c82c9d88ca2e3d3d9c02ddab3595a48169a6084fe89297f6a9e5e7
Snipe,Snipe,HOLD,FAIL,HOLD,True,Shorebirds,MEDIUM,,PASS,POLISH,POLISH,PASS,POLISH,POLISH,"Broad family anatomy is usable, but the portrait still shares simplified global body templates and should retain stronger species markers.","Increase very long straight bill. Keep the wader family but correct the exact bill geometry, neck length, leg/foot proportions, body depth and tail for the named species.",Snipe.png,440,440,RGBA,730ca88bde1ce824bdbca504de0abb2d88261a5322f7df2f23d36fb67b6a9815,e4248186893c4b4e19a131b3aaa9dc13b04258a8a25506a1fa40797bb72b8f1b
Snow_Leopard,Snow Leopard,FAIL,FAIL,FAIL,True,Big cats,HIGH,,FAIL,FAIL,FAIL,PASS,FAIL,FAIL,FAIL,"The coat pattern is on a hoofed body. Use a stocky mountain-cat torso, large paws, small rounded ears and exceptionally long thick tail.",Snow_Leopard.png,440,440,RGBA,3d771de98d7c0907eb54fb9ef9b443325a10432f4a860d2498f28bed53c17d19,54ec830ae1c75e82724c818270702a722c209edd1561f22981240d0eec4b84f4
Snow_Petrel,Snow Petrel,HOLD,FAIL,HOLD,True,Seabirds,MEDIUM,,PASS,POLISH,POLISH,POLISH,POLISH,POLISH,"Broad family anatomy is usable, but the portrait still shares simplified global body templates and should retain stronger species markers.","No critical routing, clipping, eye, or life-stage issue found in the full-size visual pass. Recognizable within the established stylized family language. The named bird relies too heavily on the shared side-bird template. Correct the bill, neck, body depth, wing length, leg type, tail and crest/display structures for the species.",Snow_Petrel.png,440,440,RGBA,bca88d712ff5b943e61908bde3e867c7ec3bcc020e9b6b754d00e8df07a30c0d,daac79e83a37b0c26bef9ad65c9e9a79c1764344d2fd68ed2dd620ffa2467367
Snowshoe_Hare,Snowshoe Hare,HOLD,FAIL,HOLD,True,Lagomorphs,MEDIUM,,PASS,POLISH,POLISH,POLISH,POLISH,POLISH,"Broad family anatomy is usable, but the portrait still shares simplified global body templates and should retain stronger species markers.","No critical routing, clipping, eye, or life-stage issue found in the full-size visual pass. Recognizable within the established stylized family language. Verify rodent/lagomorph skull, incisors/muzzle, fore/hind foot proportions, body posture and tail; several currently inherit the rabbit-like template.",Snowshoe_Hare.png,440,440,RGBA,ed58a65ad105b58718324f62a5d9c8859cd209336f873b4741a9b8a063842e88,1178067edf7b9f332df7153f98862e24e6e29df255a1dc8c785baeb4bd8173cf
Snowy_Owl,Snowy Owl,HOLD,FAIL,HOLD,True,Owls,MEDIUM,,PASS,POLISH,POLISH,POLISH,POLISH,POLISH,"Broad family anatomy is usable, but the portrait still shares simplified global body templates and should retain stronger species markers.","No critical routing, clipping, eye, or life-stage issue found in the full-size visual pass. Recognizable within the established stylized family language. Broad family routing may be usable, but Snowy Owl still needs an unlabeled silhouette check for body plan, head, eyes/sensory structures, appendages and rear/terminal anatomy.",Snowy_Owl.png,440,440,RGBA,260a94e10dd93794d93253e4f3252f7ddfc294a80fd403f08d9ceb569459e0ff,a741717b986f7475301b7b415deafcf2ad214037c6d599f603685b789a99c3cb
Softshell_Turtle,Softshell Turtle,PASS,PASS,FAIL,True,Turtles and tortoises,HIGH,,PASS,PASS,PASS,PASS,PASS,PASS,PASS,The flattened flexible shell and long snout are sufficiently distinct from the hard-shelled turtles.,Softshell_Turtle.png,440,440,RGBA,de83cb2915a8261b874bb1536dac15eecf89ec73c8a97244f9dc2f2f7e4bbb72,07128c55d6a031509578752b84690ad0aeeaa3e8635a4f663304bb1f98cc0938
Sparrow,Sparrow,HOLD,FAIL,HOLD,True,Songbirds,HIGH,Finch | Lark | Plover | Robin | Spider | Starling | Swallow | Swift | Tanager | Weaverbird,PASS,POLISH,POLISH,POLISH,POLISH,POLISH,"Broad family anatomy is usable, but the portrait still shares simplified global body templates and should retain stronger species markers.","No critical routing, clipping, eye, or life-stage issue found in the full-size visual pass. Recognizable within the established stylized family language. The named bird relies too heavily on the shared side-bird template. Correct the bill, neck, body depth, wing length, leg type, tail and crest/display structures for the species.",Sparrow.png,440,440,RGBA,b69ad681f39953b71c89e94fd60c285ec054b2fe18ec7c0fd315a09d7b996a34,61132d028b2223ee5924d387958eb9fa50032c98e4ddf85722c1636698d15f2e
Spectacled_Bear,Spectacled Bear,FAIL,FAIL,FAIL,True,Bears,HIGH,,FAIL,FAIL,FAIL,PASS,FAIL,FAIL,FAIL,"Facial markings are present, but the body remains a sheep/ungulate. Use a compact bear torso, plantigrade paws, short tail and rounded ursid head.",Spectacled_Bear.png,440,440,RGBA,265e5773ab2b1ff3a3c3c0f5b02506fec0fe1ff5986ac5769aedb077e8573521,b13fcf3356f8403801cc49f7683641d70b8491c36cb7420de1c244670ac05e86
Sperm_Whale,Sperm Whale,HOLD,FAIL,HOLD,True,Marine mammals,HIGH,Beluga | Narwhal | Right_Whale,PASS,POLISH,POLISH,POLISH,POLISH,POLISH,"Broad family anatomy is usable, but the portrait still shares simplified global body templates and should retain stronger species markers.","No critical routing, clipping, eye, or life-stage issue found in the full-size visual pass. Recognizable within the established stylized family language. Strengthen real marine-mammal proportions: streamlined body, species-correct rostrum/head, dorsal fin placement, pectoral flippers, peduncle and horizontal flukes.",Sperm_Whale.png,440,440,RGBA,26f22e9c58c4584c3f3bcadee2e8d03d48d24daa30852d1340852b175821d75b,d07d143a7c46aa93137a7a6c5de6d9efce1867317a43c10b60f1c3cc4c6531ab
Spider,Spider,HOLD,FAIL,HOLD,True,Ice and cave insects,HIGH,Finch | Lark | Plover | Robin | Sparrow | Starling | Swallow | Swift | Tanager | Weaverbird,PASS,POLISH,POLISH,POLISH,POLISH,POLISH,"Broad family anatomy is usable, but the portrait still shares simplified global body templates and should retain stronger species markers.","No critical routing, clipping, eye, or life-stage issue found in the full-size visual pass. Recognizable within the established stylized family language. Use correct insect anatomy: distinct head/thorax/abdomen, six articulated legs, correct wing count and attachment, antennae, mouthparts and species-specific shell/body proportions.",Spider.png,440,440,RGBA,a34f0017f8fdb33e332093f5174839eb50d02a09b2643d90322b7c4f48ee30fc,637c0ad31e3b9a34b0e42ccfcfad704ca2e1496bfa5cb94265c5926aaf5ecaa6
Spider_Monkey,Spider Monkey,HOLD,FAIL,HOLD,True,Primates,MEDIUM,,PASS,POLISH,POLISH,POLISH,POLISH,POLISH,"Broad family anatomy is usable, but the portrait still shares simplified global body templates and should retain stronger species markers.","No critical routing, clipping, eye, or life-stage issue found in the full-size visual pass. Recognizable within the established stylized family language. Verify torso posture, arm/leg ratio, hands/feet, face shape and tail state for the named primate.",Spider_Monkey.png,440,440,RGBA,73c9caa8458c83edfe3eb0c5b48f2663b98c292b114db6ac20a7b9359f827774,cc872b953c826dd9c459f64943ae6a4e4a46f35653dba8d3d8197b8fd5a02664
Sponge,Sponge,HOLD,FAIL,HOLD,True,Sessile marine life,MEDIUM,,PASS,POLISH,POLISH,POLISH,POLISH,POLISH,"Broad family anatomy is usable, but the portrait still shares simplified global body templates and should retain stronger species markers.","No critical routing, clipping, eye, or life-stage issue found in the full-size visual pass. Recognizable within the established stylized family language. Broad family routing may be usable, but Sponge still needs an unlabeled silhouette check for body plan, head, eyes/sensory structures, appendages and rear/terminal anatomy.",Sponge.png,440,440,RGBA,16430b6a384b850b56b04e5fa66f66c648536448b1bf62c3dd33ba70e4d2a80a,503f3c0352d0b48e9a83f4440be8d17f1df9f75502ab0bf26563ed6cd5dd8444
Spoonbill,Spoonbill,PASS,PASS,PASS,True,Herons and wetland birds,LOW,,PASS,PASS,PASS,PASS,PASS,PASS,PASS,PASS — Leave alone at the current stylized resolution. Major body regions and defining silhouette are sufficiently represented.,Spoonbill.png,440,440,RGBA,add0ead21d8027fe067345cc64be3c2d8bc0808762d9467d815d2380d34dcfef,f176ac5fb76d6fc41a7845fdb05f1e227c6ac646b3d31bc92a2e6716f5186704
Spotted_Hyena,Spotted Hyena,FAIL,FAIL,FAIL,True,Hyenas and relatives,HIGH,,FAIL,FAIL,FAIL,PASS,FAIL,FAIL,FAIL,"The spotted pattern is on an ungulate body. Use massive shoulders, sloping back, large jawed head, paws and short tail.",Spotted_Hyena.png,440,440,RGBA,878124c4550babe550cafcb0996cb09c69520429c3db28134fc28255af353cb1,c6aa2dee768bcfffd5ed7f0760156bb241e203372aae9e71ca24d46776ca8a03
Springbok,Springbok,HOLD,FAIL,HOLD,True,Other or uncertain,MEDIUM,,PASS,POLISH,POLISH,POLISH,POLISH,POLISH,"Broad family anatomy is usable, but the portrait still shares simplified global body templates and should retain stronger species markers.","No critical routing, clipping, eye, or life-stage issue found in the full-size visual pass. Recognizable within the established stylized family language. Broad family routing may be usable, but Springbok still needs an unlabeled silhouette check for body plan, head, eyes/sensory structures, appendages and rear/terminal anatomy.",Springbok.png,440,440,RGBA,f6df2220c5abbd23b8797e74971bf4cf13a67c604c832b4caef543cc3fa74f8c,e052e40de9d7c0491e2e1860b762c154ae28a538e5de6d6a81e8be30f34f2b77
Springtail,Springtail,PASS,PASS,PASS,True,Insects,LOW,,PASS,PASS,PASS,PASS,PASS,PASS,PASS,PASS — Leave alone at the current stylized resolution. Major body regions and defining silhouette are sufficiently represented.,Springtail.png,440,440,RGBA,c76531721a9c63ebcd4351e3c08277d89fe280a0e8e18204468147b3c0fb3c98,ca064fc88f9e53806fc6d90c7f53b3fe0a964b3eec6881204fe97cd7e6634a2e
Squid,Squid,HOLD,FAIL,HOLD,True,Cephalopods,MEDIUM,,PASS,POLISH,POLISH,POLISH,POLISH,POLISH,"Broad family anatomy is usable, but the portrait still shares simplified global body templates and should retain stronger species markers.","No critical routing, clipping, eye, or life-stage issue found in the full-size visual pass. Recognizable within the established stylized family language. Verify mantle form, eye/head placement, arm count, feeding tentacles, fin skirt/fins and rear mantle taper for the named cephalopod.",Squid.png,440,440,RGBA,721754c631be956035c948851e7f19c1c69d23a77c6a36da151374a2c874eb75,4fe6edf87ec7f9170f8b391ef615d319f84930a01768190ee723d9a8a7fb741a
Squirrel,Squirrel,HOLD,FAIL,HOLD,True,Rodents,MEDIUM,,PASS,POLISH,POLISH,POLISH,POLISH,POLISH,"Broad family anatomy is usable, but the portrait still shares simplified global body templates and should retain stronger species markers.","No critical routing, clipping, eye, or life-stage issue found in the full-size visual pass. Recognizable within the established stylized family language. Verify rodent/lagomorph skull, incisors/muzzle, fore/hind foot proportions, body posture and tail; several currently inherit the rabbit-like template.",Squirrel.png,440,440,RGBA,69e3fd2547466f39a90d658246bb3865eba352bbb5118fc696687149806f7a75,8fc60e0f209c90e4b8656e0ca88efa8a65f40a1a91f927ef7c382d00b486768d
Starfish,Starfish,HOLD,FAIL,HOLD,True,Other mollusks,MEDIUM,,PASS,POLISH,POLISH,POLISH,POLISH,POLISH,"Broad family anatomy is usable, but the portrait still shares simplified global body templates and should retain stronger species markers.","No critical routing, clipping, eye, or life-stage issue found in the full-size visual pass. Recognizable within the established stylized family language. Broad family routing may be usable, but Starfish still needs an unlabeled silhouette check for body plan, head, eyes/sensory structures, appendages and rear/terminal anatomy.",Starfish.png,440,440,RGBA,cf78732ce62481d6bd894d92dca5255184dcb90f12164006acf2d0bd44fc5a3d,9fc9491316236b197c7dcdc21dc7931256f0d47e3d9b4e492d730592bf97e576
Starling,Starling,HOLD,FAIL,HOLD,True,Songbirds,HIGH,Finch | Lark | Plover | Robin | Sparrow | Spider | Swallow | Swift | Tanager | Weaverbird,PASS,POLISH,POLISH,POLISH,POLISH,POLISH,"Broad family anatomy is usable, but the portrait still shares simplified global body templates and should retain stronger species markers.","No critical routing, clipping, eye, or life-stage issue found in the full-size visual pass. Recognizable within the established stylized family language. The named bird relies too heavily on the shared side-bird template. Correct the bill, neck, body depth, wing length, leg type, tail and crest/display structures for the species.",Starling.png,440,440,RGBA,bc95a393966cd268b1b4d7e8ae9c4ee0abc241a565b4ba6df863928f99aca6b7,d334ed3be771766090913316694991dce5331c4f0c6ff4f388117880072656d1
Stick_Insect,Stick Insect,HOLD,FAIL,HOLD,True,Stick and leaf insects,MEDIUM,,PASS,POLISH,POLISH,POLISH,POLISH,POLISH,"Broad family anatomy is usable, but the portrait still shares simplified global body templates and should retain stronger species markers.","No critical routing, clipping, eye, or life-stage issue found in the full-size visual pass. Recognizable within the established stylized family language. Use correct insect anatomy: distinct head/thorax/abdomen, six articulated legs, correct wing count and attachment, antennae, mouthparts and species-specific shell/body proportions.",Stick_Insect.png,440,440,RGBA,8666469e51aecf598a6b321ece0a5a97d0a174b7febc5fffc9b94cdbba60d31a,2b6c9ea3d206bf2da7fbabcf38f42112365e8e0e78fca5f01817d729929a3f6e
Stingray,Stingray,HOLD,FAIL,HOLD,True,Rays and skates,MEDIUM,,PASS,POLISH,POLISH,POLISH,POLISH,POLISH,"Broad family anatomy is usable, but the portrait still shares simplified global body templates and should retain stronger species markers.","No critical routing, clipping, eye, or life-stage issue found in the full-size visual pass. Recognizable within the established stylized family language. Broad family routing may be usable, but Stingray still needs an unlabeled silhouette check for body plan, head, eyes/sensory structures, appendages and rear/terminal anatomy.",Stingray.png,440,440,RGBA,a1af086354a01f199e1b1df30aefd0e4ba3e02e7e42e99ebfaf685e4db9054d9,5e904040a82bb42f737b5d9cdf6e0fda2487bdad0f615d6c7d6607aab0bd3475
Stoat,Stoat,HOLD,FAIL,HOLD,True,Weasels and relatives,MEDIUM,,PASS,POLISH,POLISH,POLISH,POLISH,POLISH,"Broad family anatomy is usable, but the portrait still shares simplified global body templates and should retain stronger species markers.","No critical routing, clipping, eye, or life-stage issue found in the full-size visual pass. Recognizable within the established stylized family language. Use the correct low flexible carnivoran torso, pawed limbs, skull/muzzle, and species-specific tail instead of one shared long-body template.",Stoat.png,440,440,RGBA,503ca8883f35aec679863186a231bb6c32faed87260a98661e95138a6c03f93f,fca269ecb08fb46becae479b738db0815e985aa774f5e716accc9587e1fcbac7
Stonefly,Stonefly,HOLD,FAIL,HOLD,True,Mayflies and stoneflies,MEDIUM,,PASS,POLISH,POLISH,POLISH,POLISH,POLISH,"Broad family anatomy is usable, but the portrait still shares simplified global body templates and should retain stronger species markers.","No critical routing, clipping, eye, or life-stage issue found in the full-size visual pass. Recognizable within the established stylized family language. Use correct insect anatomy: distinct head/thorax/abdomen, six articulated legs, correct wing count and attachment, antennae, mouthparts and species-specific shell/body proportions.",Stonefly.png,440,440,RGBA,f5e4b26644d25da8c0694aaf95285aec0c298b99079723d0cbdc6787094550dc,4d998e4727f9df860112cf59c0c10bd5f03bde73b61c013a69030e8a258df1ad
Stork,Stork,HOLD,FAIL,HOLD,True,Herons and wetland birds,MEDIUM,,PASS,POLISH,POLISH,POLISH,POLISH,POLISH,"Broad family anatomy is usable, but the portrait still shares simplified global body templates and should retain stronger species markers.","No critical routing, clipping, eye, or life-stage issue found in the full-size visual pass. Recognizable within the established stylized family language. Keep the wader family but correct the exact bill geometry, neck length, leg/foot proportions, body depth and tail for the named species.",Stork.png,440,440,RGBA,10ca50e40895ca8c75e43a70c85ffb24cbb10616e1daa50286e87541e55f799a,6e980376b90f6e1ed02adaf61c758e8d214371e752ed4364344831aa5762016b
Striped_Hyena,Striped Hyena,FAIL,FAIL,FAIL,True,Hyenas and relatives,HIGH,,FAIL,FAIL,FAIL,PASS,FAIL,FAIL,FAIL,"Stripes are placed on a sheep/goat body. Use a sloping hyena torso, large head/jaws, paws, mane and bushy tail.",Striped_Hyena.png,440,440,RGBA,47a6c47749d2d7a67943e134f1413cdbcbeaeb6ea2d552f51992774341488a92,3781403941832d8c39fea6c1cf0820d5252c850e424fea61b682869a5c6f3f65
Sturgeon,Sturgeon,HOLD,FAIL,FAIL,True,Primitive fish,HIGH,,POLISH,POLISH,POLISH,PASS,POLISH,POLISH,POLISH,"The long fish form reads, but add the five rows of bony scutes, inferior mouth with barbels and heterocercal tail.",Sturgeon.png,440,440,RGBA,9dfa1296adc032ed9acb2e8cd4034a05f454cbb18ad6ebc3e4224a3020a6adff,2ed9f3ec222cc579a5a4ed6ed5d19a5498b9e764ce737875a10cb1ddb4cd42c1
Sugar_Glider,Sugar Glider,FAIL,FAIL,FAIL,True,Marsupials,HIGH,,FAIL,FAIL,FAIL,FAIL,FAIL,FAIL,FAIL,"The current image is a tiny quadruped without a visible patagium. Add the gliding membrane, large eyes, arboreal paws and long balancing tail.",Sugar_Glider.png,440,440,RGBA,80c684f043f3cfe880a1a8fdaf7df001b2a8120ac3a4a79b9bf093cc3c5ac766,06487d5fab8ee0a74de88e73b473dadd1d6d45c6ced4ef85c238bde1573ebbcf
Sun_Bear,Sun Bear,FAIL,FAIL,FAIL,True,Bears,HIGH,,FAIL,FAIL,FAIL,PASS,FAIL,FAIL,FAIL,"The dark coat is correct, but the body is sheep/pig-like. Use the smallest bear scaffold with long tongue/muzzle, large paws, short sleek coat and chest patch.",Sun_Bear.png,440,440,RGBA,1c77d4128efe10037053ee37e223d6518c982726afeec5fd66dfcf7eec12f7da,3239610885d15e6fd66b60665bf630c079a2c1a60c44a1bad78147d4e113806c
Sunfish,Sunfish,HOLD,FAIL,HOLD,True,Perch-like freshwater fish,MEDIUM,,PASS,POLISH,POLISH,POLISH,POLISH,POLISH,"Broad family anatomy is usable, but the portrait still shares simplified global body templates and should retain stronger species markers.","No critical routing, clipping, eye, or life-stage issue found in the full-size visual pass. Recognizable within the established stylized family language. The portrait relies on a generic torpedo fish. Correct body depth, head/mouth position, dorsal/anal/pectoral fin shape, caudal fin, markings and any diagnostic appendage.",Sunfish.png,440,440,RGBA,cb4d70969e143e78d23ff403e51b902bc0ce1567acea7c887812f029af1467b6,16d74c93761018794a2d7453b4fc149d7806a1127c85b250542d6fb76c523f39
Surgeonfish,Surgeonfish,HOLD,FAIL,HOLD,True,Reef fish,MEDIUM,,PASS,POLISH,POLISH,POLISH,POLISH,POLISH,"Broad family anatomy is usable, but the portrait still shares simplified global body templates and should retain stronger species markers.","No critical routing, clipping, eye, or life-stage issue found in the full-size visual pass. Recognizable within the established stylized family language. The portrait relies on a generic torpedo fish. Correct body depth, head/mouth position, dorsal/anal/pectoral fin shape, caudal fin, markings and any diagnostic appendage.",Surgeonfish.png,440,440,RGBA,9e5eabbaf1fbed9590260eb67865284aa445836d966ddcd1a3f96fd50612cccb,987083734a1d5338fdb4861a9c7e4121227f2c86acf1ba4a9186dd55c09f8283
Swallow,Swallow,HOLD,FAIL,HOLD,True,Songbirds,HIGH,Finch | Lark | Plover | Robin | Sparrow | Spider | Starling | Swift | Tanager | Weaverbird,PASS,POLISH,POLISH,POLISH,POLISH,POLISH,"Broad family anatomy is usable, but the portrait still shares simplified global body templates and should retain stronger species markers.","No critical routing, clipping, eye, or life-stage issue found in the full-size visual pass. Recognizable within the established stylized family language. The named bird relies too heavily on the shared side-bird template. Correct the bill, neck, body depth, wing length, leg type, tail and crest/display structures for the species.",Swallow.png,440,440,RGBA,59a120ad681a6ada61a3f881b25647b1be8e7c94548073ab948d9f780d9aab10,0398f0fa633b3988d4dbb56d450dea2e9a465372c5595493fa750da0a9673b7a
Swan,Swan,HOLD,FAIL,HOLD,True,Waterfowl,MEDIUM,,PASS,POLISH,POLISH,PASS,POLISH,POLISH,"Broad family anatomy is usable, but the portrait still shares simplified global body templates and should retain stronger species markers.","Long neck is present; broaden waterfowl body and wing mass. Broad family routing may be usable, but Swan still needs an unlabeled silhouette check for body plan, head, eyes/sensory structures, appendages and rear/terminal anatomy.",Swan.png,440,440,RGBA,eec7aa6442cebade45b7517258af7789d35de2ef2f7975090bce81ad3ad4df26,5f8006bb3fc456f6a99bc6779ee41330c4d106096d4f43a8c79f3dfae8e16582
Swift,Swift,HOLD,FAIL,HOLD,True,Songbirds,HIGH,Finch | Lark | Plover | Robin | Sparrow | Spider | Starling | Swallow | Tanager | Weaverbird,PASS,POLISH,POLISH,POLISH,POLISH,POLISH,"Broad family anatomy is usable, but the portrait still shares simplified global body templates and should retain stronger species markers.","No critical routing, clipping, eye, or life-stage issue found in the full-size visual pass. Recognizable within the established stylized family language. The named bird relies too heavily on the shared side-bird template. Correct the bill, neck, body depth, wing length, leg type, tail and crest/display structures for the species.",Swift.png,440,440,RGBA,bcb4740d21d8ff6a79ec6665c1237e80cdb40a0258952ffa9d4d9c4ba49ad692,9f948a09ce5333aee5f5178b18a4e64b49e90da1efcef3c654e0b6fb5917e52a
Swordfish,Swordfish,HOLD,FAIL,HOLD,True,Ocean predators,MEDIUM,,PASS,POLISH,POLISH,POLISH,POLISH,POLISH,"Broad family anatomy is usable, but the portrait still shares simplified global body templates and should retain stronger species markers.","No critical routing, clipping, eye, or life-stage issue found in the full-size visual pass. Recognizable within the established stylized family language. The portrait relies on a generic torpedo fish. Correct body depth, head/mouth position, dorsal/anal/pectoral fin shape, caudal fin, markings and any diagnostic appendage.",Swordfish.png,440,440,RGBA,35e2d963633b1dbfc7f498cd6014346a5c37d3f01cb294f7498b704edad48460,497792b6564238084274c5620eee9555964bd90fe484d1d03ef4d41a983d634b
Tadpole_Shrimp,Tadpole Shrimp,HOLD,FAIL,HOLD,True,Crustaceans,MEDIUM,,PASS,POLISH,POLISH,POLISH,POLISH,POLISH,"Broad family anatomy is usable, but the portrait still shares simplified global body templates and should retain stronger species markers.","No critical routing, clipping, eye, or life-stage issue found in the full-size visual pass. Recognizable within the established stylized family language. Verify segmented carapace, correct leg/claw count, antennae, abdomen/tail fan and the named species’ defining asymmetry or shell form.",Tadpole_Shrimp.png,440,440,RGBA,20165f198bf6c398b81e98a7bf1d5671f5a606c9622138494ed070a9bd0499df,a8eb2c34766b3464e871d771f17a750d06ca1af2ed5da3c64d0926d09f114e53
Tahr,Tahr,HOLD,FAIL,HOLD,True,Other or uncertain,MEDIUM,,PASS,POLISH,POLISH,POLISH,POLISH,POLISH,"Broad family anatomy is usable, but the portrait still shares simplified global body templates and should retain stronger species markers.","No critical routing, clipping, eye, or life-stage issue found in the full-size visual pass. Recognizable within the established stylized family language. Broad family routing may be usable, but Tahr still needs an unlabeled silhouette check for body plan, head, eyes/sensory structures, appendages and rear/terminal anatomy.",Tahr.png,440,440,RGBA,f23a5173632d65c5227b774f7f417e3edb5f38ff633af614ff9cf86e0f34db61,6794838996dedcc863d6bfd02418cac885353881c86dfbdd5aa5668d9a97aa0c
Takin,Takin,HOLD,FAIL,HOLD,True,Sheep and goats,MEDIUM,,PASS,POLISH,POLISH,POLISH,POLISH,POLISH,"Broad family anatomy is usable, but the portrait still shares simplified global body templates and should retain stronger species markers.","No critical routing, clipping, eye, or life-stage issue found in the full-size visual pass. Recognizable within the established stylized family language. The ungulate base is usable, but the named species must have correct horn/antler geometry, neck, shoulder/croup mass, leg length, hooves, head and tail.",Takin.png,440,440,RGBA,ed5bd7c7124bc0af2984615623ab4e1a3d8d2782c041b07f56e3f54cc58dcac8,e82f3f9e3679be3098d5bf2ca92cfa8ea591f867c1674ac9ab1003f0f45aeb70
Tamarin,Tamarin,HOLD,FAIL,HOLD,True,Primates,MEDIUM,,PASS,POLISH,POLISH,POLISH,POLISH,POLISH,"Broad family anatomy is usable, but the portrait still shares simplified global body templates and should retain stronger species markers.","No critical routing, clipping, eye, or life-stage issue found in the full-size visual pass. Recognizable within the established stylized family language. Verify torso posture, arm/leg ratio, hands/feet, face shape and tail state for the named primate.",Tamarin.png,440,440,RGBA,950659a5ade34b216b3ebc8090e3613b0fed2ddcbb6291f549d7d4cf8b8d4598,388e56fd66e05b0c5438be70a72570c55141dc8b7b29aa645257c30a8571f382
Tanager,Tanager,HOLD,FAIL,HOLD,True,Songbirds,HIGH,Finch | Lark | Plover | Robin | Sparrow | Spider | Starling | Swallow | Swift | Weaverbird,PASS,POLISH,POLISH,POLISH,POLISH,POLISH,"Broad family anatomy is usable, but the portrait still shares simplified global body templates and should retain stronger species markers.","No critical routing, clipping, eye, or life-stage issue found in the full-size visual pass. Recognizable within the established stylized family language. The named bird relies too heavily on the shared side-bird template. Correct the bill, neck, body depth, wing length, leg type, tail and crest/display structures for the species.",Tanager.png,440,440,RGBA,92147985f3e30da262ae851ca324fa86253bc6a72550a3dca7e8f54c92a98960,1856ceda0e50a5ad012ba2215c48bc2b4bfbb07183a5a14f598ada573e07332b
Tang,Tang,HOLD,FAIL,HOLD,True,Reef fish,MEDIUM,,PASS,POLISH,POLISH,POLISH,POLISH,POLISH,"Broad family anatomy is usable, but the portrait still shares simplified global body templates and should retain stronger species markers.","No critical routing, clipping, eye, or life-stage issue found in the full-size visual pass. Recognizable within the established stylized family language. The portrait relies on a generic torpedo fish. Correct body depth, head/mouth position, dorsal/anal/pectoral fin shape, caudal fin, markings and any diagnostic appendage.",Tang.png,440,440,RGBA,38548e38aedbbc0145818cc46c3e24e5e010093e7abe8dd6d573eaa53f8ef79a,11b85f538632cf7a2479bfdb19b50c1056c68e0daed4bf8dad33f70b582b38ad
Tapir,Tapir,HOLD,FAIL,HOLD,True,Horses and relatives,MEDIUM,,PASS,POLISH,POLISH,POLISH,POLISH,POLISH,"Broad family anatomy is usable, but the portrait still shares simplified global body templates and should retain stronger species markers.","No critical routing, clipping, eye, or life-stage issue found in the full-size visual pass. Recognizable within the established stylized family language. Use a dedicated equid scaffold: deep barrel torso, withers, sloped shoulder, muscular croup, long wedge-shaped head, articulated knees/hocks/fetlocks, hooves, mane, and flowing or tufted tail.",Tapir.png,440,440,RGBA,44f4fc3c26d0a5be64c8d941ea7e489920e7e3259db69fb714d6148a7fb83696,426a4ab509b18e14f2ab243fe55f9290be9774ffa900fb9faaeba908de474fa0
Tarantula,Tarantula,HOLD,FAIL,HOLD,True,Ice and cave insects,MEDIUM,,PASS,POLISH,POLISH,POLISH,POLISH,POLISH,"Broad family anatomy is usable, but the portrait still shares simplified global body templates and should retain stronger species markers.","No critical routing, clipping, eye, or life-stage issue found in the full-size visual pass. Recognizable within the established stylized family language. Use correct insect anatomy: distinct head/thorax/abdomen, six articulated legs, correct wing count and attachment, antennae, mouthparts and species-specific shell/body proportions.",Tarantula.png,440,440,RGBA,b448f025a6fb808d94463ae3ccf6043da8f7cd1b59857fa16c9ec288b6347446,02384e86f1c9d28549c7144b8d863ea643c250c6d8642c0052af142c46592739
Tardigrade,Tardigrade,PASS,PASS,BLOCKER,True,Other or uncertain,LOW,,PASS,PASS,PASS,PASS,PASS,PASS,PASS,The segmented microscopic body and eight short clawed legs are clearly readable; canonical ownership is now correctly limited to fauna.,Tardigrade.png,440,440,RGBA,5e499a38088f0772720755d507fcd698172c10a69fed06f6b2c624cd692f0106,bee9e87e9aaa8b1acdbe987037674ddbd20e827cdaeaecbeeb507b12d9bfdad1
Tarpon,Tarpon,HOLD,FAIL,HOLD,True,Coastal fish,MEDIUM,,PASS,POLISH,POLISH,POLISH,POLISH,POLISH,"Broad family anatomy is usable, but the portrait still shares simplified global body templates and should retain stronger species markers.","No critical routing, clipping, eye, or life-stage issue found in the full-size visual pass. Recognizable within the established stylized family language. The portrait relies on a generic torpedo fish. Correct body depth, head/mouth position, dorsal/anal/pectoral fin shape, caudal fin, markings and any diagnostic appendage.",Tarpon.png,440,440,RGBA,05a977710e70f7b341e6063d74bf216d003542e342572557b46f2ca19853b867,b7a70fd841ae3301502c43b36a9ebcb72ccaa0318e8787a51e76104977b6adf7
Tasmanian_Devil,Tasmanian Devil,HOLD,FAIL,FAIL,True,Marsupials,HIGH,,POLISH,POLISH,POLISH,PASS,POLISH,POLISH,POLISH,"The low dark marsupial body is recognizable, but strengthen the oversized head/jaws, white chest marking, short tail and stocky forequarters.",Tasmanian_Devil.png,440,440,RGBA,4490a7a90ee7e4ab4517c235253ac2b8d925c159634fc95e495c452d145720ea,31f50bc92e8ca19628d1e01135be7157820d790f1d765bba6af87b3336c506a8
Tegu,Tegu,HOLD,FAIL,HOLD,True,Large lizards,MEDIUM,,PASS,POLISH,POLISH,POLISH,POLISH,POLISH,"Broad family anatomy is usable, but the portrait still shares simplified global body templates and should retain stronger species markers.","No critical routing, clipping, eye, or life-stage issue found in the full-size visual pass. Recognizable within the established stylized family language. Verify skull/head profile, limb state, body thickness, scale texture, tail and any crest/frill/horn; do not rely on color alone.",Tegu.png,440,440,RGBA,2378423902295de86a87b80fd15a75ce767810b8b4cc63c6b2609267f39fe6f0,dec15185c89162c128877eb6f680fc6a538f6b2ef8bc45ee4acc605225be22f9
Termite,Termite,HOLD,FAIL,HOLD,True,Insects,HIGH,Aphid | Black_Fly | Cicada | Cold-Adapted_Insect | Orchid_Bee | Thrips,PASS,POLISH,POLISH,POLISH,POLISH,POLISH,"Broad family anatomy is usable, but the portrait still shares simplified global body templates and should retain stronger species markers.","No critical routing, clipping, eye, or life-stage issue found in the full-size visual pass. Recognizable within the established stylized family language. Use correct insect anatomy: distinct head/thorax/abdomen, six articulated legs, correct wing count and attachment, antennae, mouthparts and species-specific shell/body proportions.",Termite.png,440,440,RGBA,aa00df486ab4eace5b1a037c860d54d30ea928223f1e78172543a19e86092606,ac9815bb16a6c8f8bd123b48c5a4b0993765f3768aaa2133e1881afd99b4eb47
Tern,Tern,HOLD,FAIL,HOLD,True,Seabirds,MEDIUM,,PASS,POLISH,POLISH,POLISH,POLISH,POLISH,"Broad family anatomy is usable, but the portrait still shares simplified global body templates and should retain stronger species markers.","No critical routing, clipping, eye, or life-stage issue found in the full-size visual pass. Recognizable within the established stylized family language. The named bird relies too heavily on the shared side-bird template. Correct the bill, neck, body depth, wing length, leg type, tail and crest/display structures for the species.",Tern.png,440,440,RGBA,c537d44d1f84a3757994e89f68067cf5d147645ea126c8f3db07d7e70f62eed0,40fb187ff362019bcf6d023e2e6b1cc053be4101b3f77752a23e8c9e0d94012c
Tetra,Tetra,HOLD,FAIL,HOLD,True,Characins,MEDIUM,,PASS,POLISH,POLISH,POLISH,POLISH,POLISH,"Broad family anatomy is usable, but the portrait still shares simplified global body templates and should retain stronger species markers.","No critical routing, clipping, eye, or life-stage issue found in the full-size visual pass. Recognizable within the established stylized family language. Broad family routing may be usable, but Tetra still needs an unlabeled silhouette check for body plan, head, eyes/sensory structures, appendages and rear/terminal anatomy.",Tetra.png,440,440,RGBA,255bae57c65d8daf7cfcafdbc52592ea0122cea6449628344d7f349ca7af57e7,b7f34d5665b253992c7c5fc28598685a416761685cb1dd9d90bced1120f6ac8e
Thrips,Thrips,HOLD,FAIL,HOLD,True,Insects,HIGH,Aphid | Black_Fly | Cicada | Cold-Adapted_Insect | Orchid_Bee | Termite,PASS,POLISH,POLISH,POLISH,POLISH,POLISH,"Broad family anatomy is usable, but the portrait still shares simplified global body templates and should retain stronger species markers.","No critical routing, clipping, eye, or life-stage issue found in the full-size visual pass. Recognizable within the established stylized family language. Use correct insect anatomy: distinct head/thorax/abdomen, six articulated legs, correct wing count and attachment, antennae, mouthparts and species-specific shell/body proportions.",Thrips.png,440,440,RGBA,4fb0fa046306717a419facf3c9dcdc12a2e48f52c52302f20139faaf07ed75a9,3aaf33771e7219bcdbc39ee9c12cd206da4bf3a7adf838d5a759fbab8c892953
Tiger,Tiger,FAIL,FAIL,FAIL,True,Big cats,HIGH,,FAIL,FAIL,FAIL,PASS,FAIL,FAIL,FAIL,"The stripe system is strong, but the underlying animal is still an ungulate with hooves. Build the tiger on a powerful feline scaffold with broad head, deep chest, paws, muscular hindquarters and long tail.",Tiger.png,440,440,RGBA,ddc7a7d3e230a3dce75de8140248873a0f38a10ff9c7d11aaa3d54645c43d050,eb24c4fbc1357722f1130eae299adc413b22c660553150508e4abf554aece0c7
Tiger_Shark,Tiger Shark,HOLD,FAIL,HOLD,True,Sharks,MEDIUM,,PASS,POLISH,POLISH,POLISH,POLISH,POLISH,"Broad family anatomy is usable, but the portrait still shares simplified global body templates and should retain stronger species markers.","No critical routing, clipping, eye, or life-stage issue found in the full-size visual pass. Recognizable within the established stylized family language. The portrait relies on a generic torpedo fish. Correct body depth, head/mouth position, dorsal/anal/pectoral fin shape, caudal fin, markings and any diagnostic appendage.",Tiger_Shark.png,440,440,RGBA,b9721c8489e115be636e7f56e6180e1679f21860504cdecaa15de286bf0a9393,b0a300d27471649851062afbff85cbb5584c8026df533289e7f081e322f1d91a
Tigerfish,Tigerfish,HOLD,FAIL,HOLD,True,Other or uncertain,MEDIUM,,PASS,POLISH,POLISH,POLISH,POLISH,POLISH,"Broad family anatomy is usable, but the portrait still shares simplified global body templates and should retain stronger species markers.","No critical routing, clipping, eye, or life-stage issue found in the full-size visual pass. Recognizable within the established stylized family language. Broad family routing may be usable, but Tigerfish still needs an unlabeled silhouette check for body plan, head, eyes/sensory structures, appendages and rear/terminal anatomy.",Tigerfish.png,440,440,RGBA,d65583b5e244ae769e8836efcf5bf7b1da8b20ae9be8cb2ca26684c153355e9e,949924f9761e7ee67d0c4cdebc8e807cefdb8a1d0f208f2c3166aea21899bde1
Tilapia,Tilapia,HOLD,FAIL,HOLD,True,Cichlids,MEDIUM,,PASS,POLISH,POLISH,POLISH,POLISH,POLISH,"Broad family anatomy is usable, but the portrait still shares simplified global body templates and should retain stronger species markers.","No critical routing, clipping, eye, or life-stage issue found in the full-size visual pass. Recognizable within the established stylized family language. Broad family routing may be usable, but Tilapia still needs an unlabeled silhouette check for body plan, head, eyes/sensory structures, appendages and rear/terminal anatomy.",Tilapia.png,440,440,RGBA,cba2ff2a85af6c91439857b2f4326a871c1164a5f6f223a76d245e546d2310df,950078510635db75f2231c87e3bfb8f46e4795bd2ecdcfce350433dad83ee255
Toad,Toad,HOLD,FAIL,HOLD,True,Frogs and toads,MEDIUM,,PASS,POLISH,POLISH,POLISH,POLISH,POLISH,"Broad family anatomy is usable, but the portrait still shares simplified global body templates and should retain stronger species markers.","No critical routing, clipping, eye, or life-stage issue found in the full-size visual pass. Recognizable within the established stylized family language. Verify body width, head/mouth, eye placement, fore/hind limb proportions, toes, tail state and skin texture; color alone should not define the species.",Toad.png,440,440,RGBA,5e2f508986a028610040a00730327cef48057bfcfac8b372b3304e48de9333a2,bee4394e29f1539d1b8e5ceedc1e3803af523e55508deb092b32979bbec3adba
Tortoise,Tortoise,HOLD,FAIL,FAIL,True,Turtles and tortoises,HIGH,,POLISH,POLISH,POLISH,PASS,POLISH,POLISH,POLISH,"The domed shell reads, but the legs are straight pillars. Add thick scaly elephantine limbs, clawed feet, short tail and a more integrated tortoise head/neck.",Tortoise.png,440,440,RGBA,d27ddf28c9b513aaa19e75ac38219cbad3afcbbf77c23b31400aa8aae7fcda0d,d791c893cb4837fcf0e07b20bd35bdd6468c41d3c7bffe131c50707f0c0b8658
Toucan,Toucan,HOLD,FAIL,HOLD,True,Tropical display birds,MEDIUM,,PASS,POLISH,POLISH,POLISH,POLISH,POLISH,"Broad family anatomy is usable, but the portrait still shares simplified global body templates and should retain stronger species markers.","No critical routing, clipping, eye, or life-stage issue found in the full-size visual pass. Recognizable within the established stylized family language. Broad family routing may be usable, but Toucan still needs an unlabeled silhouette check for body plan, head, eyes/sensory structures, appendages and rear/terminal anatomy.",Toucan.png,440,440,RGBA,c4c1488dd0447aca991683aa214d3a6bfeaf329ab62f8c33cef96654b0efb3be,30b6ca8e7ed42250d9f1ce53de494c851780828538c94ad1a45f47d87540b490
Tree_Frog,Tree Frog,HOLD,FAIL,HOLD,True,Frogs,MEDIUM,,PASS,POLISH,POLISH,POLISH,POLISH,POLISH,"Broad family anatomy is usable, but the portrait still shares simplified global body templates and should retain stronger species markers.","No critical routing, clipping, eye, or life-stage issue found in the full-size visual pass. Recognizable within the established stylized family language. Verify body width, head/mouth, eye placement, fore/hind limb proportions, toes, tail state and skin texture; color alone should not define the species.",Tree_Frog.png,440,440,RGBA,89a48fcc6851b6db89759f46345b41caf2896674144d5543c57bb2607ff88c88,9d497367dce6838d9efd98087e7e802af0e249dd748ef5a57a8091a446e645ee
Tree_Shrew,Tree Shrew,HOLD,FAIL,HOLD,True,Other or uncertain,MEDIUM,,PASS,POLISH,POLISH,POLISH,POLISH,POLISH,"Broad family anatomy is usable, but the portrait still shares simplified global body templates and should retain stronger species markers.","No critical routing, clipping, eye, or life-stage issue found in the full-size visual pass. Recognizable within the established stylized family language. Broad family routing may be usable, but Tree Shrew still needs an unlabeled silhouette check for body plan, head, eyes/sensory structures, appendages and rear/terminal anatomy.",Tree_Shrew.png,440,440,RGBA,60b0a9ecedb7a924ba01a8be8dbeed603cf6fd625cc20252c9445264188b6677,95394b3951e5cdc4ab7285ba1e8c73d66e8f2da5501f94977324cc76876aad3b
Tree_Snake,Tree Snake,HOLD,FAIL,HOLD,True,Other snakes,MEDIUM,,PASS,POLISH,POLISH,POLISH,POLISH,POLISH,"Broad family anatomy is usable, but the portrait still shares simplified global body templates and should retain stronger species markers.","No critical routing, clipping, eye, or life-stage issue found in the full-size visual pass. Recognizable within the established stylized family language. Verify skull/head profile, limb state, body thickness, scale texture, tail and any crest/frill/horn; do not rely on color alone.",Tree_Snake.png,440,440,RGBA,b1efc48e21d6cd9d6d990269d8e4fd2d60aa0e1c9d161a7287598f393cfa8427,b2172b023f64f307ac7e92ea670b24c3a902da9b4ef74248c3d1692c0720e110
Triggerfish,Triggerfish,HOLD,FAIL,HOLD,True,Reef fish,MEDIUM,,PASS,POLISH,POLISH,POLISH,POLISH,POLISH,"Broad family anatomy is usable, but the portrait still shares simplified global body templates and should retain stronger species markers.","No critical routing, clipping, eye, or life-stage issue found in the full-size visual pass. Recognizable within the established stylized family language. The portrait relies on a generic torpedo fish. Correct body depth, head/mouth position, dorsal/anal/pectoral fin shape, caudal fin, markings and any diagnostic appendage.",Triggerfish.png,440,440,RGBA,e841a98c65633565f66b1ecc7d2126cd729a8b11275ca5d627e2d582ea7bb666,f90883fe0305bc429c83338399dc9caa213cb07b363bf4709e954cb98f3819c8
Tripod_Fish,Tripod Fish,PASS,PASS,PASS,False,Strange deep-sea fish,LOW,,PASS,PASS,PASS,PASS,PASS,PASS,PASS,The elongated support rays now create the defining tripod stance and the fish body remains readable.,Tripod_Fish.png,440,440,RGBA,922c2c55bbd5ace7ef1a777100eb453dcd0fae92de5e09dd646f406d2f25eb5e,922c2c55bbd5ace7ef1a777100eb453dcd0fae92de5e09dd646f406d2f25eb5e
Tropicbird,Tropicbird,HOLD,FAIL,HOLD,True,Other distinctive birds,MEDIUM,,PASS,POLISH,POLISH,POLISH,POLISH,POLISH,"Broad family anatomy is usable, but the portrait still shares simplified global body templates and should retain stronger species markers.","No critical routing, clipping, eye, or life-stage issue found in the full-size visual pass. Recognizable within the established stylized family language. Broad family routing may be usable, but Tropicbird still needs an unlabeled silhouette check for body plan, head, eyes/sensory structures, appendages and rear/terminal anatomy.",Tropicbird.png,440,440,RGBA,81bbe164c6718c466a176f43af09475a21cc57bdfa298c3c5c12395c93f6733d,82b8b70e9050f84b6a69e477f50eaa3634c3169ab45660020757ce2e5e5190ec
Trout,Trout,HOLD,FAIL,HOLD,True,Salmon-like fish,MEDIUM,,PASS,POLISH,POLISH,POLISH,POLISH,POLISH,"Broad family anatomy is usable, but the portrait still shares simplified global body templates and should retain stronger species markers.","No critical routing, clipping, eye, or life-stage issue found in the full-size visual pass. Recognizable within the established stylized family language. The portrait relies on a generic torpedo fish. Correct body depth, head/mouth position, dorsal/anal/pectoral fin shape, caudal fin, markings and any diagnostic appendage.",Trout.png,440,440,RGBA,06daeba5efcb0bbcd943495dbd12b26398ad422d97144efa7c8470e489dca8c9,648ab241b543e4a6e1cf4584a2d1821d938a77c0efda54f504dbc6bcdb553798
Tube_Worm,Tube Worm,HOLD,FAIL,HOLD,True,Other mollusks,MEDIUM,,PASS,POLISH,POLISH,POLISH,POLISH,POLISH,"Broad family anatomy is usable, but the portrait still shares simplified global body templates and should retain stronger species markers.","No critical routing, clipping, eye, or life-stage issue found in the full-size visual pass. Recognizable within the established stylized family language. Broad family routing may be usable, but Tube Worm still needs an unlabeled silhouette check for body plan, head, eyes/sensory structures, appendages and rear/terminal anatomy.",Tube_Worm.png,440,440,RGBA,c29b68da69f09612c30bd314abc77eeccf720be9d8e9f2b110e680b924e1b832,e84eaffba53c18bf75a8d8d3fa14b4387cbe061c036d44e1b2f871ceb9a72894
Tuna,Tuna,HOLD,FAIL,HOLD,True,Ocean predators,MEDIUM,,PASS,POLISH,POLISH,POLISH,POLISH,POLISH,"Broad family anatomy is usable, but the portrait still shares simplified global body templates and should retain stronger species markers.","No critical routing, clipping, eye, or life-stage issue found in the full-size visual pass. Recognizable within the established stylized family language. The portrait relies on a generic torpedo fish. Correct body depth, head/mouth position, dorsal/anal/pectoral fin shape, caudal fin, markings and any diagnostic appendage.",Tuna.png,440,440,RGBA,abf805cdcf57fdd33ac76003217e05af97d48488046765a04ba4f47c50d32aaa,83241be39e3481fb3e07525a1b4edf450966960b86c9941c9d019cd77e8678e8
Turkey,Turkey,HOLD,FAIL,HOLD,True,Gamebirds,MEDIUM,,PASS,POLISH,POLISH,POLISH,POLISH,POLISH,"Broad family anatomy is usable, but the portrait still shares simplified global body templates and should retain stronger species markers.","No critical routing, clipping, eye, or life-stage issue found in the full-size visual pass. Recognizable within the established stylized family language. The named bird relies too heavily on the shared side-bird template. Correct the bill, neck, body depth, wing length, leg type, tail and crest/display structures for the species.",Turkey.png,440,440,RGBA,132b786e5f47ecc39ffcf067bba3f8d1b35638f84ead61ddfd61c439cff8c839,90e4ed9e3c3b01bd33609e6708a616fd345381f755c64af622510cfcceef0e1e
Turtle,Turtle,HOLD,FAIL,HOLD,True,Turtles,MEDIUM,,PASS,POLISH,POLISH,POLISH,POLISH,POLISH,"Broad family anatomy is usable, but the portrait still shares simplified global body templates and should retain stronger species markers.","No critical routing, clipping, eye, or life-stage issue found in the full-size visual pass. Recognizable within the established stylized family language. Use species-correct shell profile, neck/head, limb type (flipper, webbed foot or columnar leg), tail and shell texture rather than one generic turtle.",Turtle.png,440,440,RGBA,d48660426f3fde9e1fbc7f9557fd67b2d8e8dc16f166ecd30b1442b50b798758,5c5b24dd97818407c11b94ffd3a1e85c43b2836175a5eac3f051ec5e1e49566f
Vampire_Bat,Vampire Bat,HOLD,FAIL,HOLD,True,Bats,MEDIUM,,PASS,POLISH,POLISH,POLISH,POLISH,POLISH,"Broad family anatomy is usable, but the portrait still shares simplified global body templates and should retain stronger species markers.","No critical routing, clipping, eye, or life-stage issue found in the full-size visual pass. Recognizable within the established stylized family language. Broad family routing may be usable, but Vampire Bat still needs an unlabeled silhouette check for body plan, head, eyes/sensory structures, appendages and rear/terminal anatomy.",Vampire_Bat.png,440,440,RGBA,f9584b04ee2bb887c69d35a299f3781f7916fd0b263aa8b614197b645eeb4d06,cf20f4acc7090d55a26b054bc852adfe55b93fb21a5abbda61f03beeb5a70c38
Vampire_Squid,Vampire Squid,FAIL,FAIL,FAIL,True,Cephalopods,HIGH,,FAIL,FAIL,FAIL,FAIL,FAIL,FAIL,FAIL,"The current form is still a one-eyed dress/bell. Use a small cephalopod mantle, two eyes, eight webbed arms with cirri and the characteristic cloak-like membrane.",Vampire_Squid.png,440,440,RGBA,2699f7476fd5806adc0d11a8d97ef34a6972d4c95f68ae23c2693418f7a815c1,458cda2f35e6cd0cdb58a1026e80ca8aaec58d8f12f380bf068ca470f9dd2686
Vent_Crab,Vent Crab,HOLD,FAIL,HOLD,True,Crustaceans,MEDIUM,,PASS,POLISH,POLISH,POLISH,POLISH,POLISH,"Broad family anatomy is usable, but the portrait still shares simplified global body templates and should retain stronger species markers.","No critical routing, clipping, eye, or life-stage issue found in the full-size visual pass. Recognizable within the established stylized family language. Verify segmented carapace, correct leg/claw count, antennae, abdomen/tail fan and the named species’ defining asymmetry or shell form.",Vent_Crab.png,440,440,RGBA,7da6be36cc8f055e017cda88086db33ee0f6d4e827bf159dac95b91f63aa8f7b,c5299836ff14f9f41f0d92ebf691c310acd9cc0bc37fd0b8a951026be06bbbe9
Vent_Shrimp,Vent Shrimp,HOLD,FAIL,HOLD,True,Crustaceans,MEDIUM,,PASS,POLISH,POLISH,POLISH,POLISH,POLISH,"Broad family anatomy is usable, but the portrait still shares simplified global body templates and should retain stronger species markers.","No critical routing, clipping, eye, or life-stage issue found in the full-size visual pass. Recognizable within the established stylized family language. Verify segmented carapace, correct leg/claw count, antennae, abdomen/tail fan and the named species’ defining asymmetry or shell form.",Vent_Shrimp.png,440,440,RGBA,e2e03d24eef2155802c885156622ebd2edf4643533da1882b97595fbc42959d2,4a2fb110c5e3314cf78e82552c748f4343eb78bf47e3266109a637868ea4532a
Vine_Snake,Vine Snake,HOLD,FAIL,HOLD,True,Other snakes,MEDIUM,,PASS,POLISH,POLISH,POLISH,POLISH,POLISH,"Broad family anatomy is usable, but the portrait still shares simplified global body templates and should retain stronger species markers.","No critical routing, clipping, eye, or life-stage issue found in the full-size visual pass. Recognizable within the established stylized family language. Verify skull/head profile, limb state, body thickness, scale texture, tail and any crest/frill/horn; do not rely on color alone.",Vine_Snake.png,440,440,RGBA,1d0f0a25b279854f9ab27ffaa89ae007124c0b6a8b46c3005181233e814898a1,13cd4adba7ac1d208153c0552e7b502b541833157a54b9b4aa065ab6531cdc53
Viper,Viper,HOLD,FAIL,HOLD,True,Venomous snakes,MEDIUM,,PASS,POLISH,POLISH,POLISH,POLISH,POLISH,"Broad family anatomy is usable, but the portrait still shares simplified global body templates and should retain stronger species markers.","No critical routing, clipping, eye, or life-stage issue found in the full-size visual pass. Recognizable within the established stylized family language. Verify skull/head profile, limb state, body thickness, scale texture, tail and any crest/frill/horn; do not rely on color alone.",Viper.png,440,440,RGBA,7fd48ab0043c70279536c1faba074f1483f40ab078e227414aab6612efdf1807,81b2cc29aa874522662e4bbabf0b82f6e2753214f5c2c5cf237d4be8922d7386
Viperfish,Viperfish,PASS,PASS,FAIL,True,Strange deep-sea fish,LOW,,PASS,PASS,PASS,PASS,PASS,PASS,PASS,"The long deep-sea body, photophores and oversized teeth are readable.",Viperfish.png,440,440,RGBA,1e759c010718c6305339b8e5995e118948360416767bee227d76e6bb3f6d433e,42be9ffb2c2aa9cfa842d7dbf094a3da9ea05d188f805a80c110d49e8666417e
Vole,Vole,HOLD,FAIL,HOLD,True,Rodents,MEDIUM,,PASS,POLISH,POLISH,POLISH,POLISH,POLISH,"Broad family anatomy is usable, but the portrait still shares simplified global body templates and should retain stronger species markers.","No critical routing, clipping, eye, or life-stage issue found in the full-size visual pass. Recognizable within the established stylized family language. Verify rodent/lagomorph skull, incisors/muzzle, fore/hind foot proportions, body posture and tail; several currently inherit the rabbit-like template.",Vole.png,440,440,RGBA,c1c2047e886c05033f6a940828d42b454eb8e8805ec401c50ecd70ef2a928291,57e318f22be98f793496b837ebe4ddd7f3f5c9b038cab8ddfb07bddb62ecffb1
Vulture,Vulture,HOLD,FAIL,FAIL,True,Birds of prey,HIGH,,POLISH,POLISH,POLISH,PASS,POLISH,POLISH,POLISH,"The bare head and dark bird body read, but strengthen the hooked bill, broad soaring wings, hunched neck and raptor feet.",Vulture.png,440,440,RGBA,3e8edf1807d503f4cb5df024e5fcda554e057c3e65e56e39186154e505f9661f,93d5ca1027e9bfbfeffe1beca39129722fc68c379cdbb818fc1c391b983c3a4a
Wahoo,Wahoo,HOLD,FAIL,HOLD,True,Ocean predators,MEDIUM,,PASS,POLISH,POLISH,POLISH,POLISH,POLISH,"Broad family anatomy is usable, but the portrait still shares simplified global body templates and should retain stronger species markers.","No critical routing, clipping, eye, or life-stage issue found in the full-size visual pass. Recognizable within the established stylized family language. The portrait relies on a generic torpedo fish. Correct body depth, head/mouth position, dorsal/anal/pectoral fin shape, caudal fin, markings and any diagnostic appendage.",Wahoo.png,440,440,RGBA,5fc92ba21b4292daea785315823de2220696da75f024257b1c2f2c9b2291efa7,f280d83ee63b10371aa696982c16384f033f71e5b1fa276af3f7eb7cadf4e4a8
Wall_Lizard,Wall Lizard,HOLD,FAIL,HOLD,True,Medium and small lizards,MEDIUM,,PASS,POLISH,POLISH,POLISH,POLISH,POLISH,"Broad family anatomy is usable, but the portrait still shares simplified global body templates and should retain stronger species markers.","No critical routing, clipping, eye, or life-stage issue found in the full-size visual pass. Recognizable within the established stylized family language. Verify skull/head profile, limb state, body thickness, scale texture, tail and any crest/frill/horn; do not rely on color alone.",Wall_Lizard.png,440,440,RGBA,1139bbbed3ad6540777f5f68552b20d5eb34b7de8a6791f9f384e471fc6c2550,d483684e7df5d4c2dadd9307b9a65ac03d47201b8a58de73ca3d2a21f17cab42
Wallaby,Wallaby,HOLD,FAIL,HOLD,True,Marsupials,MEDIUM,,PASS,POLISH,POLISH,POLISH,POLISH,POLISH,"Broad family anatomy is usable, but the portrait still shares simplified global body templates and should retain stronger species markers.","No critical routing, clipping, eye, or life-stage issue found in the full-size visual pass. Recognizable within the established stylized family language. Broad family routing may be usable, but Wallaby still needs an unlabeled silhouette check for body plan, head, eyes/sensory structures, appendages and rear/terminal anatomy.",Wallaby.png,440,440,RGBA,36c81fcfe56dacdb6b709e3f9626e7c9c7a5c5f2a2414f15fef3f1a94d24b407,1256e8ac2cbc55dd855d70f736af97a566f659a0ddcf0ace9d6e669331e133fc
Walleye,Walleye,HOLD,FAIL,HOLD,True,Perch-like freshwater fish,MEDIUM,,PASS,POLISH,POLISH,POLISH,POLISH,POLISH,"Broad family anatomy is usable, but the portrait still shares simplified global body templates and should retain stronger species markers.","No critical routing, clipping, eye, or life-stage issue found in the full-size visual pass. Recognizable within the established stylized family language. The portrait relies on a generic torpedo fish. Correct body depth, head/mouth position, dorsal/anal/pectoral fin shape, caudal fin, markings and any diagnostic appendage.",Walleye.png,440,440,RGBA,e340e8428e664151deb606c54325d66a71f070b8f2f6daa783e8fdc0a04b245f,8e75d26660de03b0e10a1befeef679d9f9b12a931aa706c2fa324009edda52d7
Walrus,Walrus,FAIL,FAIL,PASS,True,Marine mammals,LOW,,PASS,PASS,PASS,PASS,PASS,PASS,All major regions and defining features are readable at the current stylized scale.,"Tusks are present, but the body is a pig-like quadruped with feet. Use a massive horizontal pinniped body, fore/hind flippers, whiskered muzzle and long tusks.",Walrus.png,440,440,RGBA,c550b8cdbe2c51477d189d76a6e19f5fdb6b433e6ccfa3bc133c98d320c43fb0,b4771f01eccc04ccfa42597ce7bc5fb0fb316de7f37eb27643b231c74bb50834
Warthog,Warthog,HOLD,FAIL,HOLD,True,Pigs and relatives,MEDIUM,,PASS,POLISH,POLISH,POLISH,POLISH,POLISH,"Broad family anatomy is usable, but the portrait still shares simplified global body templates and should retain stronger species markers.","No critical routing, clipping, eye, or life-stage issue found in the full-size visual pass. Recognizable within the established stylized family language. Broad family routing may be usable, but Warthog still needs an unlabeled silhouette check for body plan, head, eyes/sensory structures, appendages and rear/terminal anatomy.",Warthog.png,440,440,RGBA,eb570e6f18da053e03c664581939b92b84a1a70bb842263704d77cf4301545fd,e646b1eb65762f676f9cb51838ac8943e96ab389acf67e9ff55c29db4cd5f432
Wasp,Wasp,PASS,PASS,PASS,True,Insects,LOW,,PASS,PASS,PASS,PASS,PASS,PASS,PASS,PASS — Leave alone at the current stylized resolution. Major body regions and defining silhouette are sufficiently represented.,Wasp.png,440,440,RGBA,603a5024dc97c6aee6b455f5f9e62ebb667b0eb9a43e8b14aa2f81b432156ab4,29c76af030ea0e72f2aff654a34061421e3facf1d451f1c604fec6d895a49808
Water_Beetle,Water Beetle,HOLD,FAIL,HOLD,True,Insects,HIGH,Diving_Beetle,PASS,POLISH,POLISH,POLISH,POLISH,POLISH,"Broad family anatomy is usable, but the portrait still shares simplified global body templates and should retain stronger species markers.","The oval beetle shell reads, but add flattened paddle-like hind legs and clearer head/thorax segmentation.",Water_Beetle.png,440,440,RGBA,d4decb6476f0e30f84d7d4893dc7fbdb698b684ff03d0a25e36342f1beac0080,3545859f8abafe2d9b08c485357b5db00477e7322693543727c87821a3630b53
Water_Buffalo,Water Buffalo,HOLD,FAIL,HOLD,True,Cattle and bovids,MEDIUM,,PASS,POLISH,POLISH,POLISH,POLISH,POLISH,"Broad family anatomy is usable, but the portrait still shares simplified global body templates and should retain stronger species markers.","No critical routing, clipping, eye, or life-stage issue found in the full-size visual pass. Recognizable within the established stylized family language. The ungulate base is usable, but the named species must have correct horn/antler geometry, neck, shoulder/croup mass, leg length, hooves, head and tail.",Water_Buffalo.png,440,440,RGBA,b74eef2331e987c64db336b7fd9fda51ce580b2eb3439f9b506378f55c9ad351,e6798ded2164db6210ba09d55eb855258da1b79dabe8197b4346b84f7ede30cc
Water_Flea,Water Flea,HOLD,FAIL,HOLD,True,Ice and cave insects,MEDIUM,,PASS,POLISH,POLISH,POLISH,POLISH,POLISH,"Broad family anatomy is usable, but the portrait still shares simplified global body templates and should retain stronger species markers.","No critical routing, clipping, eye, or life-stage issue found in the full-size visual pass. Recognizable within the established stylized family language. Use correct insect anatomy: distinct head/thorax/abdomen, six articulated legs, correct wing count and attachment, antennae, mouthparts and species-specific shell/body proportions.",Water_Flea.png,440,440,RGBA,99740c4e110b9673d7adca3b142fe92c0e46d1b1886f95adcfa5c7bbad33a4fe,705fe3d49a6c0482836dd1254da7aa75d06a4c7ac85fec6c88e8dbbaab584b84
Water_Snail,Water Snail,HOLD,FAIL,HOLD,True,Gastropods,MEDIUM,,PASS,POLISH,POLISH,POLISH,POLISH,POLISH,"Broad family anatomy is usable, but the portrait still shares simplified global body templates and should retain stronger species markers.","No critical routing, clipping, eye, or life-stage issue found in the full-size visual pass. Recognizable within the established stylized family language. Broad family routing may be usable, but Water Snail still needs an unlabeled silhouette check for body plan, head, eyes/sensory structures, appendages and rear/terminal anatomy.",Water_Snail.png,440,440,RGBA,53ffb025eec3e342a2a7f0c327bc50628170aeca1aacc63a366d8c5b206c106e,3a1d399c0d2b4ff0f7dc77b54d5325a159e52b210a04709d4c67dfb9cadf1e71
Water_Snake,Water Snake,HOLD,FAIL,HOLD,True,Other snakes,MEDIUM,,PASS,POLISH,POLISH,POLISH,POLISH,POLISH,"Broad family anatomy is usable, but the portrait still shares simplified global body templates and should retain stronger species markers.","No critical routing, clipping, eye, or life-stage issue found in the full-size visual pass. Recognizable within the established stylized family language. Verify skull/head profile, limb state, body thickness, scale texture, tail and any crest/frill/horn; do not rely on color alone.",Water_Snake.png,440,440,RGBA,b98c50f4d7a1fdb541e948a8bbe9fe5eb1fbf4102ca8aaa3f7651a93b5b12d75,efb6d023f56cb0b1b4f5739117b123a9d68e289c37cd12aa43f32a8e68a6225d
Water_Strider,Water Strider,PASS,PASS,FAIL,True,True bugs,HIGH,Chiton,PASS,PASS,PASS,PASS,PASS,PASS,PASS,The very long surface-spanning legs and narrow body now clearly read as a water strider.,Water_Strider.png,440,440,RGBA,f3bc64d1c57611d2f8ce7d38e9b07c60392467904128a0100546add702c265a5,22f958617b85210789b968587fa3e184dfeae7c28d78137d1155dedac06200c9
Water_Vole,Water Vole,HOLD,FAIL,HOLD,True,Rodents,MEDIUM,,PASS,POLISH,POLISH,POLISH,POLISH,POLISH,"Broad family anatomy is usable, but the portrait still shares simplified global body templates and should retain stronger species markers.","No critical routing, clipping, eye, or life-stage issue found in the full-size visual pass. Recognizable within the established stylized family language. Verify rodent/lagomorph skull, incisors/muzzle, fore/hind foot proportions, body posture and tail; several currently inherit the rabbit-like template.",Water_Vole.png,440,440,RGBA,74bed84ed706bb832e3b411da77b70778caa7a4f429a93505b550b5afba4f8e2,adf0a4accd4f1ca90c3bcba519a06c8870db4c27c545bd3174bb5945c84f0827
Weasel,Weasel,HOLD,FAIL,HOLD,True,Weasels and relatives,MEDIUM,,PASS,POLISH,POLISH,POLISH,POLISH,POLISH,"Broad family anatomy is usable, but the portrait still shares simplified global body templates and should retain stronger species markers.","No critical routing, clipping, eye, or life-stage issue found in the full-size visual pass. Recognizable within the established stylized family language. Use the correct low flexible carnivoran torso, pawed limbs, skull/muzzle, and species-specific tail instead of one shared long-body template.",Weasel.png,440,440,RGBA,72df706c571e7f68ee966268d5d11c8da5bbeb8457978bdd660e4aff4bebebf0,a36fd611d34756234df76e212a5d5f9fa7e10079fbba9922a4e77f0bec941f0a
Weaverbird,Weaverbird,HOLD,FAIL,HOLD,True,Other or uncertain,HIGH,Finch | Lark | Plover | Robin | Sparrow | Spider | Starling | Swallow | Swift | Tanager,PASS,POLISH,POLISH,POLISH,POLISH,POLISH,"Broad family anatomy is usable, but the portrait still shares simplified global body templates and should retain stronger species markers.","No critical routing, clipping, eye, or life-stage issue found in the full-size visual pass. Recognizable within the established stylized family language. Broad family routing may be usable, but Weaverbird still needs an unlabeled silhouette check for body plan, head, eyes/sensory structures, appendages and rear/terminal anatomy.",Weaverbird.png,440,440,RGBA,608a58764b1c74577111509eec7ca6d3f5c289153759197c0838986ce2fd9eb9,7adab709bd183ac72c85be24099a29ec8e73bc5942a8f9b9e6206237917896ce
Whale,Whale,HOLD,FAIL,FAIL,True,Cetaceans,HIGH,,POLISH,POLISH,POLISH,PASS,POLISH,POLISH,POLISH,"The broad marine mammal body is present, but clarify horizontal flukes, pectoral flippers and species-neutral whale head while removing fish-like cues.",Whale.png,440,440,RGBA,5dc1f4a8d1b5bddf00bca9d6863538eab6f7ac14f25d921ed254e8d5e1bad00d,6f8fe916d31669dfa548e8c7593fcd198559b7dacb8e9e503c9efd33fcff3ac9
Whale_Shark,Whale Shark,FAIL,FAIL,FAIL,True,Sharks,HIGH,,FAIL,FAIL,FAIL,PASS,FAIL,FAIL,FAIL,"The current fish lacks the whale shark’s broad flat head and white spot/stripe pattern. Add a huge filter-feeding mouth, wide head, spotted back and shark fins.",Whale_Shark.png,440,440,RGBA,60fef03312aeef1e4783e8819531a51297f20a6979051006fb16d080d337a8e8,b4eefae67f81da5d5cc09cfd636b37cace244640e40c469bcc4970a1f4d22429
Whip_Snake,Whip Snake,HOLD,FAIL,HOLD,True,Other snakes,HIGH,Anaconda,PASS,POLISH,POLISH,POLISH,POLISH,POLISH,"Broad family anatomy is usable, but the portrait still shares simplified global body templates and should retain stronger species markers.","No critical routing, clipping, eye, or life-stage issue found in the full-size visual pass. Recognizable within the established stylized family language. Verify skull/head profile, limb state, body thickness, scale texture, tail and any crest/frill/horn; do not rely on color alone.",Whip_Snake.png,440,440,RGBA,ae96671a77592c711ae44b35ecde8a95cae5d0596f27563e18004137d055b499,37fdde8d19b57ea00bd704fde656f446490c113f8b07efb335f973fab0a28a86
Whiptail,Whiptail,HOLD,FAIL,HOLD,True,Medium and small lizards,MEDIUM,,PASS,POLISH,POLISH,POLISH,POLISH,POLISH,"Broad family anatomy is usable, but the portrait still shares simplified global body templates and should retain stronger species markers.","No critical routing, clipping, eye, or life-stage issue found in the full-size visual pass. Recognizable within the established stylized family language. Verify skull/head profile, limb state, body thickness, scale texture, tail and any crest/frill/horn; do not rely on color alone.",Whiptail.png,440,440,RGBA,b5fa4bed06a2018d762c0cf78819b515adf84a61686c2bd2f6aa7b55c1012f33,2fd4003036bf69b9ef936cde1c71f71f361b97b86fd6c85f7a851c3cdcd6ed19
Whitefish,Whitefish,HOLD,FAIL,HOLD,True,Salmon-like fish,MEDIUM,,PASS,POLISH,POLISH,POLISH,POLISH,POLISH,"Broad family anatomy is usable, but the portrait still shares simplified global body templates and should retain stronger species markers.","No critical routing, clipping, eye, or life-stage issue found in the full-size visual pass. Recognizable within the established stylized family language. The portrait relies on a generic torpedo fish. Correct body depth, head/mouth position, dorsal/anal/pectoral fin shape, caudal fin, markings and any diagnostic appendage.",Whitefish.png,440,440,RGBA,da3b1014e20200de256621f749c5955cc0a573bdff9def692c3ceb52e5236cb6,07e954cd00740398c856a6b59ac242b0a1527ec910ae78cbc965594d298fc75e
Wild_Ass,Wild Ass,FAIL,FAIL,HOLD,True,Horses and relatives,MEDIUM,,PASS,POLISH,POLISH,POLISH,POLISH,POLISH,"Broad family anatomy is usable, but the portrait still shares simplified global body templates and should retain stronger species markers.","The silhouette is still a deer-like ungulate. Use the corrected equid scaffold, then add long donkey ears, upright short mane and tufted tail.",Wild_Ass.png,440,440,RGBA,e3e5e3a960b23b2422d286e6154a2fc5a4ffbda02cae98903784bcca41a8d23f,595d4901443a27b99339170eecc2be7fdc99d2dcefd009fe6a10edcdd68d2cc0
Wild_Boar,Wild Boar,HOLD,FAIL,HOLD,True,Pigs and relatives,MEDIUM,,PASS,POLISH,POLISH,POLISH,POLISH,POLISH,"Broad family anatomy is usable, but the portrait still shares simplified global body templates and should retain stronger species markers.","No critical routing, clipping, eye, or life-stage issue found in the full-size visual pass. Recognizable within the established stylized family language. Broad family routing may be usable, but Wild Boar still needs an unlabeled silhouette check for body plan, head, eyes/sensory structures, appendages and rear/terminal anatomy.",Wild_Boar.png,440,440,RGBA,608ee6cb3e9959e4ea214c07331eb6b109b6e17347a6e52602ab9d0bbf4c6eb5,e4f62d7a261986544b5b2c82a0bfc278b887b7f563732213b0d9f5e42989836c
Wild_Horse,Wild Horse,FAIL,FAIL,FAIL,True,Equids,HIGH,,FAIL,FAIL,FAIL,PASS,FAIL,FAIL,FAIL,"The body remains deer-like with straight rod legs and incorrect head/rear. Use the same corrected equid scaffold required for Horse, with a more rugged mane and build.",Wild_Horse.png,440,440,RGBA,c7a355d1fc76c33b74b363afd62b4905e11f5244e78f268fb2ea61f2abaaaad3,f947195471acd9c293b0fae607ccdd703a3d4e65db0e8927365a0a8a70d2c78f
Wild_Pig,Wild Pig,HOLD,FAIL,HOLD,True,Other or uncertain,MEDIUM,,PASS,POLISH,POLISH,POLISH,POLISH,POLISH,"Broad family anatomy is usable, but the portrait still shares simplified global body templates and should retain stronger species markers.","No critical routing, clipping, eye, or life-stage issue found in the full-size visual pass. Recognizable within the established stylized family language. Broad family routing may be usable, but Wild Pig still needs an unlabeled silhouette check for body plan, head, eyes/sensory structures, appendages and rear/terminal anatomy.",Wild_Pig.png,440,440,RGBA,662c7255f9c27785e6c94b2e0da2d35656b02b5c9b54912f4df56de500b25698,ec0ebc0153c5cf2d44980cf7a290025d9c8dd0546f2f091e1cc9279eaf8caab6
Wild_Pony,Wild Pony,FAIL,FAIL,HOLD,True,Equids,MEDIUM,,PASS,POLISH,POLISH,POLISH,POLISH,POLISH,"Broad family anatomy is usable, but the portrait still shares simplified global body templates and should retain stronger species markers.","The animal is not a stocky pony; it uses the same deer-like scaffold. Shorten the legs and neck, deepen the barrel, enlarge the mane/tail and keep articulated equid joints/hooves.",Wild_Pony.png,440,440,RGBA,a76e87be1eb18c441abcfaa55d86e7161a38068cdee933e1f0f983066f368b72,338da17ee6f2187d4f917b6465e92f40e6f096522ed18b6d89cde452e40a659f
Wild_Sheep,Wild Sheep,HOLD,FAIL,HOLD,True,Other or uncertain,MEDIUM,,PASS,POLISH,POLISH,POLISH,POLISH,POLISH,"Broad family anatomy is usable, but the portrait still shares simplified global body templates and should retain stronger species markers.","No critical routing, clipping, eye, or life-stage issue found in the full-size visual pass. Recognizable within the established stylized family language. Broad family routing may be usable, but Wild Sheep still needs an unlabeled silhouette check for body plan, head, eyes/sensory structures, appendages and rear/terminal anatomy.",Wild_Sheep.png,440,440,RGBA,b54043ab282cccec326b368c2515b0e1df46bd04ccaeb20f2baa03b6fe965b09,7d555e89e6a8a120d05a023dffb126c93c5e15fab890ff78e294600fed96a69e
Wildcat,Wildcat,FAIL,FAIL,FAIL,True,Small and domestic cats,HIGH,,FAIL,FAIL,FAIL,PASS,FAIL,FAIL,FAIL,"Striping is on a hoofed body. Use a true feline torso, paws, cat skull and full tail.",Wildcat.png,440,440,RGBA,f7462fc1f896cbf444b7d3d1259b5689d1b4acc9aabb187fcd70d43d71418235,068ebc0196b5081ecc409119f95b3540e30a9aa7ee945f6b67dcd87f8e0a0a16
Wildebeest,Wildebeest,HOLD,FAIL,HOLD,True,Cattle and bovids,MEDIUM,,PASS,POLISH,POLISH,POLISH,POLISH,POLISH,"Broad family anatomy is usable, but the portrait still shares simplified global body templates and should retain stronger species markers.","No critical routing, clipping, eye, or life-stage issue found in the full-size visual pass. Recognizable within the established stylized family language. The ungulate base is usable, but the named species must have correct horn/antler geometry, neck, shoulder/croup mass, leg length, hooves, head and tail.",Wildebeest.png,440,440,RGBA,040be8cc737d19a5fdad12951ec04ebfdebf185349f2ce56d0b231f690deb267,9d97fce4f066b150a5adc3a2ca09b47820332074985dec5e3e20dd1ded83df95
Wolf,Wolf,FAIL,FAIL,FAIL,True,Dogs and dog-like mammals,HIGH,,FAIL,FAIL,FAIL,PASS,FAIL,FAIL,FAIL,"The current wolf is a white/gray deer-like quadruped. Use a deep-chested canid body, powerful paws, long muzzle, upright ears and bushy tail.",Wolf.png,440,440,RGBA,d3c1b482859452ac99ab9f9f91e66152978aa62ca6dd11bea562ca7cdaae63b0,64973bdc2620e85f8ca392c4e2fe044e4ba5042b25dd0f7e30b4c4f24218c1c2
Wolverine,Wolverine,HOLD,FAIL,HOLD,True,Weasels and relatives,MEDIUM,,PASS,POLISH,POLISH,POLISH,POLISH,POLISH,"Broad family anatomy is usable, but the portrait still shares simplified global body templates and should retain stronger species markers.","No critical routing, clipping, eye, or life-stage issue found in the full-size visual pass. Recognizable within the established stylized family language. Use the correct low flexible carnivoran torso, pawed limbs, skull/muzzle, and species-specific tail instead of one shared long-body template.",Wolverine.png,440,440,RGBA,3c8ff96a9ce10203c97d32b16c074e59879afda3abba889f08579e0053dfc9a6,c76eb35e8a13b742b8e08cbeb8621768e652f8fb5e92d244911b4ce0b668a8d9
Wombat,Wombat,HOLD,FAIL,HOLD,True,Marsupials,MEDIUM,,PASS,POLISH,POLISH,POLISH,POLISH,POLISH,"Broad family anatomy is usable, but the portrait still shares simplified global body templates and should retain stronger species markers.","No critical routing, clipping, eye, or life-stage issue found in the full-size visual pass. Recognizable within the established stylized family language. Broad family routing may be usable, but Wombat still needs an unlabeled silhouette check for body plan, head, eyes/sensory structures, appendages and rear/terminal anatomy.",Wombat.png,440,440,RGBA,0674703c75cb90213b53e561610ac9a5a82f29baab23be57f6c17aa81ccd3c3e,24b9c0cf2ee2faf3d36f7667e3ccba5d8446434e432b0b4822410e7c42ad9c54
Wood_Frog,Wood Frog,HOLD,FAIL,HOLD,True,Frogs and toads,MEDIUM,,PASS,POLISH,POLISH,POLISH,POLISH,POLISH,"Broad family anatomy is usable, but the portrait still shares simplified global body templates and should retain stronger species markers.","No critical routing, clipping, eye, or life-stage issue found in the full-size visual pass. Recognizable within the established stylized family language. Verify body width, head/mouth, eye placement, fore/hind limb proportions, toes, tail state and skin texture; color alone should not define the species.",Wood_Frog.png,440,440,RGBA,f8bc9a2665ab1e5fbfd03e245ee1680781f16ad7e54554d7020679b257690026,43c8b2eb2ca5e8750b24732c1454a0a492691822deca8abc7fddb7d19fb35dd8
Woodpecker,Woodpecker,PASS,PASS,FAIL,True,Woodpeckers,HIGH,,PASS,PASS,PASS,PASS,PASS,PASS,PASS,"The climbing posture on a trunk, pointed bill and bird silhouette are recognizable.",Woodpecker.png,440,440,RGBA,faf2b7ed995b5d87c6fed210995a34221a78cae6b4a56496e8a2e82aade80f7d,4e45df27b611e6b4a523d5f2e599d312e6bd6ee8e08dfbc24719f62d17bdaee9
Wrasse,Wrasse,HOLD,FAIL,HOLD,True,Reef fish,HIGH,Blind_Fish,PASS,POLISH,POLISH,POLISH,POLISH,POLISH,"Broad family anatomy is usable, but the portrait still shares simplified global body templates and should retain stronger species markers.","No critical routing, clipping, eye, or life-stage issue found in the full-size visual pass. Recognizable within the established stylized family language. The portrait relies on a generic torpedo fish. Correct body depth, head/mouth position, dorsal/anal/pectoral fin shape, caudal fin, markings and any diagnostic appendage.",Wrasse.png,440,440,RGBA,4049a80167a0b5d31c2b7292fe171217b55b72a37ce8c36d2947653d057bf824,786bd8d18a344331bbb8a740c52c9f8e265ee6f7999b3d7e18f534ceba34a03f
Yak,Yak,HOLD,FAIL,HOLD,True,Cattle and bovids,MEDIUM,,PASS,POLISH,POLISH,POLISH,POLISH,POLISH,"Broad family anatomy is usable, but the portrait still shares simplified global body templates and should retain stronger species markers.","No critical routing, clipping, eye, or life-stage issue found in the full-size visual pass. Recognizable within the established stylized family language. The ungulate base is usable, but the named species must have correct horn/antler geometry, neck, shoulder/croup mass, leg length, hooves, head and tail.",Yak.png,440,440,RGBA,96c9f400f8ff71b0216c665fd46e963e2c12162f120d5f98de2dcbaba0c948a9,ae741d5b791b3ddf2dd04f44f823f466a8bb629a6806931a52c22689adc959a2
Zebra,Zebra,FAIL,FAIL,HOLD,True,Horses and relatives,MEDIUM,,PASS,POLISH,POLISH,POLISH,POLISH,POLISH,"Broad family anatomy is usable, but the portrait still shares simplified global body templates and should retain stronger species markers.","The striping reads, but the underlying body is not a convincing equid. Use the corrected horse/equid torso, head, articulated legs, hooves, upright mane and proper tail, then wrap stripes anatomically across the entire body.",Zebra.png,440,440,RGBA,606726803a6fc74f2063e2ec184686369da457427b09ba4066f0d1fdf9b2d0eb,1e25400883022a72c7724067d16debfab64ff075b441fede66f1af03e82caccf
