filename,neighbor_1,neighbor_2,neighbor_3,neighbor_4,neighbor_5,similarity_1,similarity_2,similarity_3,similarity_4,similarity_5
Aardvark.png,Colugo.png,Kinkajou.png,Pangolin.png,Possum.png,Tiger.png,0.9187929630279541,0.8995904922485352,0.8874082565307617,0.882541835308075,0.8728529810905457
Abalone.png,Cowrie.png,Limpet.png,Conch.png,Pufferfish.png,Parrotfish.png,0.997390627861023,0.9972254037857056,0.9215220808982849,0.9127682447433472,0.9107704162597656
African_Elephant.png,Forest_Elephant.png,Elephant.png,Asian_Elephant.png,Bison.png,Perch.png,0.9727572798728943,0.9650382995605469,0.9273483157157898,0.8217095136642456,0.8156450390815735
African_Wild_Dog.png,Coyote.png,Pampas_Fox.png,Wolf.png,Jackal.png,Dingo.png,0.9668908715248108,0.9595032334327698,0.9569264054298401,0.9520467519760132,0.9183357357978821
Agama.png,Coastal_Lizard.png,Manatee.png,Lizard.png,Lungfish.png,Wall_Lizard.png,0.868829071521759,0.8684439063072205,0.8647735118865967,0.8602136969566345,0.858782947063446
Agouti.png,Prairie_Dog.png,Marmot.png,Capybara.png,Lemming.png,Vole.png,0.9883193373680115,0.9740649461746216,0.9685386419296265,0.9510135054588318,0.9464885592460632
Albatross.png,Harpy_Eagle.png,Sperm_Whale.png,Beluga.png,Catfish.png,Mullet.png,0.8846049308776855,0.8215847611427307,0.8044412136077881,0.7930434942245483,0.7903252243995667
Alligator.png,Caiman.png,Gecko.png,Komodo_Dragon.png,Coastal_Lizard.png,Lizard.png,0.9980903267860413,0.866432249546051,0.8532636165618896,0.8397142291069031,0.8283481001853943
Alligator_Lizard.png,Land_Iguana.png,Iguana.png,Monitor_Lizard.png,Skink.png,Whiptail.png,0.9589825868606567,0.9370682835578918,0.9175756573677063,0.888027548789978,0.864342212677002
Alpaca.png,Llama.png,Antelope.png,Impala.png,Gazelle.png,Elk.png,0.9076597094535828,0.8790591359138489,0.8661900758743286,0.8611105680465698,0.8545238375663757
Alpine_Salamander.png,Caddisfly.png,Crocodile.png,Tegu.png,Scorpionfly.png,Wall_Lizard.png,0.6142455339431763,0.6142059564590454,0.613146960735321,0.6130951642990112,0.6092484593391418
Amphipod.png,Water_Flea.png,Tadpole_Shrimp.png,Krill.png,Fairy_Shrimp.png,Lobster.png,0.8982675075531006,0.8554850816726685,0.8450206518173218,0.8350602984428406,0.8210339546203613
Anaconda.png,Whip_Snake.png,Boa.png,Rat_Snake.png,Garter_Snake.png,Vine_Snake.png,0.9972968101501465,0.9859500527381897,0.9806678891181946,0.980302095413208,0.9751050472259521
Anchovy.png,Barracuda.png,Wahoo.png,Arctic_Cod.png,Pike.png,Remora.png,0.9729814529418945,0.9496952295303345,0.9372527599334717,0.9335053563117981,0.9290679097175598
Angelfish.png,Emu.png,Rhea.png,Penguin.png,Cassowary.png,Petrel.png,0.7148675322532654,0.6936362385749817,0.6870566010475159,0.686490535736084,0.6861211061477661
Anglerfish.png,Hamster.png,Cowrie.png,Abalone.png,Limpet.png,Pika.png,0.8488692045211792,0.847182035446167,0.8459540605545044,0.8421356678009033,0.8412753939628601
Anole.png,Tegu.png,Skink.png,Wall_Lizard.png,Monitor_Lizard.png,Iguana.png,0.9363749027252197,0.9327795505523682,0.9304483532905579,0.9107440710067749,0.901202380657196
Ant.png,Leafcutter_Ant.png,Gharial.png,Narwhal.png,Knifefish.png,Eel.png,0.9197081923484802,0.7386395931243896,0.7330549359321594,0.7277028560638428,0.7225436568260193
Antelope.png,Impala.png,Springbok.png,Gazelle.png,Deer.png,Pronghorn.png,0.9790428876876831,0.9679758548736572,0.9651048183441162,0.9378137588500977,0.8858137130737305
Aphid.png,Termite.png,Thrips.png,Bee.png,Honeybee.png,Orchid_Bee.png,0.9894192218780518,0.9174932837486267,0.8961596488952637,0.8881669044494629,0.8864979147911072
Arapaima.png,Killifish.png,Sardine.png,Trout.png,Tarpon.png,Bowfin.png,0.9865100979804993,0.9645438194274902,0.9638074040412903,0.9637683629989624,0.9630897641181946
Archerfish.png,Damselfish.png,Snapper.png,Perch.png,Piranha.png,Cardinalfish.png,0.9948200583457947,0.9885397553443909,0.9784834980964661,0.9430416822433472,0.9388101696968079
Arctic_Cod.png,Icefish.png,Pike.png,Minnow.png,Wahoo.png,Anchovy.png,0.977848470211029,0.9713025093078613,0.9497933983802795,0.9390210509300232,0.9372527599334717
Arctic_Fox.png,Red_Fox.png,Fox.png,Snow_Leopard.png,Pampas_Fox.png,Red_Panda.png,0.9663416743278503,0.9614779353141785,0.9579405784606934,0.9280321598052979,0.9243184924125671
Arctic_Hare.png,Hare.png,Pika.png,Jackrabbit.png,Snowshoe_Hare.png,Mara.png,0.8875210881233215,0.8682029843330383,0.8587045669555664,0.858427107334137,0.8511228561401367
Armadillo.png,Otter.png,Quoll.png,Red_Panda.png,Marsh_Rodent.png,Pangolin.png,0.949830949306488,0.8994709849357605,0.8960167169570923,0.8948971629142761,0.8893895149230957
Arowana.png,Lungfish.png,Knifefish.png,Oarfish.png,Cave_Cricket.png,Fly_Larvae.png,0.9584300518035889,0.9544379115104675,0.9441989660263062,0.9223055839538574,0.9195923805236816
Asian_Elephant.png,African_Elephant.png,Forest_Elephant.png,Elephant.png,Banteng.png,Cow.png,0.9273483157157898,0.9159944653511047,0.891056478023529,0.8110597133636475,0.8095398545265198
Auk.png,Aye-Aye.png,Guillemot.png,Kakapo.png,Firefly.png,Pyrosome.png,0.8727783560752869,0.8713260293006897,0.871193528175354,0.8666980266571045,0.8621957898139954
Avocet.png,Ibis.png,Stork.png,Heron.png,Godwit.png,Curlew.png,0.9951754212379456,0.9714555740356445,0.9579810500144958,0.9491473436355591,0.9290450215339661
Axolotl.png,Olm.png,Giant_Salamander.png,Newt.png,Fly_Larvae.png,Blind_Salamander.png,0.9900089502334595,0.9238725304603577,0.9145600199699402,0.8701876401901245,0.868404746055603
Aye-Aye.png,Pyrosome.png,Koala.png,Auk.png,Firefly.png,Sponge.png,0.8936262726783752,0.8847002983093262,0.8727783560752869,0.8699182868003845,0.8583370447158813
Baboon.png,Spider_Monkey.png,Macaque.png,Lemur.png,Langur.png,Proboscis_Monkey.png,0.9597763419151306,0.916562020778656,0.9092763066291809,0.8997889757156372,0.8751209378242493
Bactrian_Camel.png,Camel.png,Dromedary_Camel.png,Donkey.png,Okapi.png,Nilgai.png,0.9198940396308899,0.9052073359489441,0.8633947372436523,0.8629400134086609,0.8609179258346558
Badger.png,Sea_Otter.png,Weasel.png,Hyrax.png,Mole.png,Wombat.png,0.9269303679466248,0.8960071802139282,0.8793535828590393,0.8788934350013733,0.8766791224479675
Banana_Slug.png,Knifefish.png,Chiton.png,Arowana.png,Gulper_Eel.png,Oarfish.png,0.9056093692779541,0.9053895473480225,0.9010721445083618,0.8886178731918335,0.8770906925201416
Banteng.png,Cattle.png,Cow.png,Water_Buffalo.png,Zebra.png,Wild_Pig.png,0.965655505657196,0.9528724551200867,0.9088554978370667,0.8978800773620605,0.8955528736114502
Barnacle.png,Nudibranch.png,Land_Snail.png,Snail.png,Water_Snail.png,Poison_Dart_Frog.png,0.9299374222755432,0.9110549092292786,0.9014289379119873,0.9014272689819336,0.8889225721359253
Barracuda.png,Anchovy.png,Wahoo.png,Remora.png,Arctic_Cod.png,Pike.png,0.9729814529418945,0.9624293446540833,0.9470939040184021,0.9368672966957092,0.9173228144645691
Barreleye.png,Mudminnow.png,Goby.png,Coelacanth.png,Cave_Fish.png,Wrasse.png,0.9128388166427612,0.9119923710823059,0.9077683091163635,0.9041909575462341,0.898223340511322
Basking_Shark.png,Hammerhead_Shark.png,Dugong.png,Viperfish.png,Anole.png,Arowana.png,0.8781223297119141,0.856894850730896,0.8443886637687683,0.8133548498153687,0.8092741966247559
Bass.png,Sea_Bass.png,Grouper.png,Grayling.png,Sculpin.png,Haddock.png,0.9675543904304504,0.9571875333786011,0.8844664692878723,0.8665466904640198,0.8625261783599854
Bat.png,Insect-Eating_Bat.png,Vampire_Bat.png,Fruit_Bat.png,Sea_Cucumber.png,Barreleye.png,0.9791325330734253,0.9656652808189392,0.8964040875434875,0.81873619556427,0.8053337335586548
Beaked_Whale.png,Arctic_Cod.png,Icefish.png,Pike.png,Anchovy.png,Mackerel.png,0.9350464344024658,0.9233481884002686,0.9186477661132812,0.9092224836349487,0.9055067300796509
Bear.png,Box_Turtle.png,Pond_Turtle.png,Capybara.png,Turtle.png,Prairie_Dog.png,0.8944165110588074,0.8905630707740784,0.8535909652709961,0.8512120842933655,0.8485831618309021
Beaver.png,Seal.png,Fennec_Fox.png,Sugar_Glider.png,Quoll.png,Fur_Seal.png,0.8245767951011658,0.8093910217285156,0.7998671531677246,0.7943355441093445,0.786311149597168
Bee.png,Orchid_Bee.png,Thrips.png,Honeybee.png,Aphid.png,Termite.png,0.9548527002334595,0.953022301197052,0.9390974044799805,0.8961596488952637,0.8950371146202087
Beetle.png,Ladybug.png,Water_Beetle.png,Diving_Beetle.png,Firefly.png,Ocean_Sunfish.png,0.9996830821037292,0.9643924832344055,0.9642817974090576,0.9159852862358093,0.9042360186576843
Beluga.png,Porpoise.png,Sperm_Whale.png,Right_Whale.png,Whale.png,Gray_Whale.png,0.9328711628913879,0.9326318502426147,0.9192449450492859,0.9013262391090393,0.8706854581832886
Bison.png,Bull.png,Warthog.png,Cattle.png,Donkey.png,Wild_Pig.png,0.9448727965354919,0.9340981841087341,0.921351432800293,0.9001994132995605,0.8963219523429871
Bittern.png,Egret.png,Petrel.png,Gannet.png,Booby.png,Snow_Petrel.png,0.8802458643913269,0.8431381583213806,0.8397849798202515,0.8355369567871094,0.8355292677879333
Black_Bear.png,Tapir.png,Spectacled_Bear.png,Panda.png,Sloth_Bear.png,Polar_Bear.png,0.959791362285614,0.9517217874526978,0.93377286195755,0.9321144223213196,0.9283947944641113
Black_Fly.png,Fly.png,Orchid_Bee.png,Cold-Adapted_Insect.png,Bee.png,Thrips.png,0.8960881233215332,0.8749567270278931,0.8607141375541687,0.8535734415054321,0.8470665216445923
Blenny.png,Barracuda.png,Anchovy.png,Moray_Eel.png,Arctic_Cod.png,Wahoo.png,0.8919458389282227,0.8878923058509827,0.8824375867843628,0.8804833292961121,0.8774657249450684
Blind_Fish.png,Eel.png,Dragonfish.png,Electric_Eel.png,Pipefish.png,Gar.png,0.947617769241333,0.9406624436378479,0.9306049942970276,0.9268452525138855,0.9135580062866211
Blind_Salamander.png,Newt.png,Giant_Salamander.png,Axolotl.png,Olm.png,Monitor_Lizard.png,0.9220973253250122,0.9213823676109314,0.868404746055603,0.8633253574371338,0.847823441028595
Blobfish.png,Snailfish.png,Goldfish.png,Triggerfish.png,Tardigrade.png,Boxfish.png,0.9542484283447266,0.9490241408348083,0.9449706673622131,0.9398452639579773,0.9309768676757812
Blue_Whale.png,River_Dolphin.png,Dolphin.png,Gray_Whale.png,Electric_Eel.png,Eel.png,0.8850306272506714,0.8700780868530273,0.858718752861023,0.8498101830482483,0.8484796285629272
Boa.png,Rat_Snake.png,Anaconda.png,Whip_Snake.png,Vine_Snake.png,Garter_Snake.png,0.9903967380523682,0.9859500527381897,0.9846128821372986,0.9765211343765259,0.9742127656936646
Bobcat.png,Fishing_Cat.png,Lynx.png,Sun_Bear.png,Sloth_Bear.png,Dog.png,0.9414325952529907,0.9365503787994385,0.8938235640525818,0.8769463896751404,0.8444013595581055
Bonefish.png,Marlin.png,Paddlefish.png,Swordfish.png,Catfish.png,Barracuda.png,0.9060568809509277,0.8901481032371521,0.888419508934021,0.8667689561843872,0.8632239103317261
Bongo.png,Eland.png,Oryx.png,Buffalo.png,Okapi.png,Gaur.png,0.9563370943069458,0.9273828864097595,0.8904547691345215,0.8634787797927856,0.8552516102790833
Booby.png,Gannet.png,Seabird.png,Petrel.png,Snow_Petrel.png,Tern.png,0.9950791597366333,0.9937999844551086,0.9715694785118103,0.9696988463401794,0.9663071632385254
Bowfin.png,Arapaima.png,Killifish.png,Cod.png,Wrasse.png,Cave_Fish.png,0.9630897641181946,0.9521924257278442,0.9448395371437073,0.9415376782417297,0.9403282999992371
Box_Turtle.png,Pond_Turtle.png,Turtle.png,Bear.png,Tortoise.png,Horned_Lizard.png,0.9610899686813354,0.90644770860672,0.8944165110588074,0.8860861659049988,0.8786076307296753
Boxfish.png,Snailfish.png,Goldfish.png,Blobfish.png,Triggerfish.png,Tardigrade.png,0.951274573802948,0.9488214254379272,0.9309768676757812,0.9301742315292358,0.9146167635917664
Brine_Shrimp.png,Freshwater_Shrimp.png,Vent_Shrimp.png,Shrimp.png,Fairy_Shrimp.png,Water_Flea.png,0.9707030653953552,0.9491851329803467,0.8671392202377319,0.8541308641433716,0.7679990530014038
Brittle_Star.png,Sand_Dollar.png,Starfish.png,Fruit_Bat.png,Flying_Gurnard.png,Shrew.png,0.7899073362350464,0.7892590761184692,0.6279265284538269,0.6255587339401245,0.6227888464927673
Brown_Bear.png,Musk_Ox.png,Takin.png,Wild_Boar.png,Grizzly_Bear.png,Peccary.png,0.9437108635902405,0.9398993849754333,0.9390131235122681,0.9212915301322937,0.9206968545913696
Buffalo.png,Bull.png,Wild_Pig.png,Cattle.png,Gaur.png,Warthog.png,0.9290754795074463,0.9168508052825928,0.9161210656166077,0.9111928939819336,0.9067621827125549
Bull.png,Bison.png,Buffalo.png,Warthog.png,Wild_Pig.png,Gaur.png,0.9448727965354919,0.9290754795074463,0.9129399657249451,0.9017497301101685,0.9005709290504456
Bullfrog.png,Glass_Frog.png,Wood_Frog.png,Barnacle.png,Poison_Dart_Frog.png,Snail.png,0.9968032836914062,0.9268279075622559,0.8685885667800903,0.8604524731636047,0.8569903373718262
Bumblebee.png,Barreleye.png,Cicada.png,Sea_Cucumber.png,Manatee.png,Herring.png,0.8851809501647949,0.8753976821899414,0.8642178177833557,0.8473749160766602,0.8471446633338928
Bustard.png,Screamer.png,Guineafowl.png,Seriema.png,Dove.png,Gull.png,0.9742644429206848,0.9434434771537781,0.9185271859169006,0.9138752222061157,0.9129588007926941
Butterfly.png,Moth.png,Lion.png,Copepod.png,Krill.png,Prawn.png,0.8743520379066467,0.8173086643218994,0.8149091005325317,0.7737724781036377,0.770272970199585
Butterflyfish.png,Sunfish.png,Rabbitfish.png,Cichlid.png,Clownfish.png,Pufferfish.png,0.9155144691467285,0.9090222120285034,0.9023400545120239,0.8974133729934692,0.892109215259552
Caddisfly.png,Mayfly.png,Scorpionfly.png,Stonefly.png,Damselfly.png,Manatee.png,0.9322324395179749,0.9164616465568542,0.913841724395752,0.8528335690498352,0.7963617444038391
Caecilian.png,Lancelet.png,Flatworm.png,Fly_Larvae.png,Cave_Cricket.png,Oarfish.png,0.6439653038978577,0.6346303224563599,0.6134982109069824,0.6102574467658997,0.6071954369544983
Caiman.png,Alligator.png,Gecko.png,Komodo_Dragon.png,Coastal_Lizard.png,Crocodile.png,0.9980903267860413,0.8654370903968811,0.8539155721664429,0.8408620953559875,0.8310958743095398
Camel.png,Dromedary_Camel.png,Bactrian_Camel.png,Donkey.png,Okapi.png,Nilgai.png,0.9789749979972839,0.9198940396308899,0.8246461153030396,0.8226617574691772,0.8118776679039001
Camel_Spider.png,Sea_Spider.png,Beaked_Whale.png,Oarfish.png,Sturgeon.png,Knifefish.png,0.9658220410346985,0.6967895030975342,0.6825979351997375,0.6802978515625,0.6774530410766602
Capuchin.png,Monkey.png,Langur.png,Tamarin.png,Marmoset.png,Proboscis_Monkey.png,0.9940458536148071,0.9219346642494202,0.9089958071708679,0.9088239073753357,0.906945526599884
Capybara.png,Marmot.png,Prairie_Dog.png,Lemming.png,Agouti.png,Water_Vole.png,0.9879493117332458,0.9867448210716248,0.9702462553977966,0.9685386419296265,0.9508549571037292
Caracal.png,Ocelot.png,Kinkajou.png,Cougar.png,Serval.png,Cat.png,0.94844651222229,0.9323784708976746,0.9304167032241821,0.9150404334068298,0.9088691473007202
Cardinal.png,Finch.png,Weaverbird.png,Dove.png,Tanager.png,Robin.png,0.8894721865653992,0.8829078078269958,0.8823491334915161,0.8791648745536804,0.8757137060165405
Cardinalfish.png,Piranha.png,Pacu.png,Fangtooth.png,Snapper.png,Perch.png,0.9783734679222107,0.9763094186782837,0.9516960382461548,0.9440312385559082,0.9425399899482727
Caribou.png,Reindeer.png,Musk_Ox.png,Wild_Sheep.png,Deer.png,Antelope.png,0.9740096926689148,0.8500348329544067,0.8413642644882202,0.8411540389060974,0.8410332202911377
Carp.png,Tetra.png,Herring.png,Mahi-Mahi.png,Goldfish.png,Piranha.png,0.9966331720352173,0.99245685338974,0.9504206776618958,0.9179288148880005,0.9151886105537415
Carrion_Beetle.png,Ocean_Sunfish.png,Dung_Beetle.png,Beetle.png,Ladybug.png,Diving_Beetle.png,0.8860936760902405,0.8824333548545837,0.8761242628097534,0.8756442666053772,0.8617554306983948
Cassowary.png,Emu.png,Rhea.png,Penguin.png,Bittern.png,Kakapo.png,0.879173994064331,0.8146591186523438,0.7555175423622131,0.7222425937652588,0.7104459404945374
Cat.png,Leopard.png,Cougar.png,Ocelot.png,Sand_Cat.png,Clouded_Leopard.png,0.9731246829032898,0.9627236723899841,0.9503998756408691,0.9420501589775085,0.9401763081550598
Catfish.png,Swordfish.png,Sailfish.png,Mullet.png,Marlin.png,Minnow.png,0.9527629613876343,0.9476781487464905,0.9291856288909912,0.9222158193588257,0.9086830615997314
Cattle.png,Banteng.png,Cow.png,Bison.png,Buffalo.png,Warthog.png,0.965655505657196,0.9568489789962769,0.921351432800293,0.9161210656166077,0.9116349816322327
Cave_Cricket.png,Fly_Larvae.png,Lungfish.png,Chiton.png,Oarfish.png,Platypus.png,0.9980220198631287,0.9475505948066711,0.9280109405517578,0.9254428148269653,0.9229176044464111
Cave_Fish.png,Wrasse.png,Mudminnow.png,Coelacanth.png,Cod.png,Goby.png,0.9899204969406128,0.9874810576438904,0.9700682163238525,0.9676876068115234,0.9637863039970398
Cave_Frog.png,Toad.png,Tree_Frog.png,Frog.png,Wood_Frog.png,Bullfrog.png,0.9943414926528931,0.9667872786521912,0.9588560461997986,0.9139631390571594,0.8433440327644348
Cave_Shrimp.png,Prawn.png,Krill.png,Copepod.png,Amphipod.png,Crayfish.png,0.9806408882141113,0.9742977023124695,0.8405150175094604,0.8183932900428772,0.816501796245575
Cave_Snake.png,Cottonmouth.png,Whip_Snake.png,Mountain_Viper.png,Viper.png,Grass_Snake.png,0.9853436350822449,0.9688034653663635,0.9687134027481079,0.9683173894882202,0.9659832715988159
Centipede.png,Giant_Centipede.png,Arowana.png,Knifefish.png,Chiton.png,Lungfish.png,0.9083542227745056,0.7365124225616455,0.7325536608695984,0.731685996055603,0.7312490344047546
Chameleon.png,Cave_Frog.png,Toad.png,Wood_Frog.png,Tree_Frog.png,Frog.png,0.6253219842910767,0.6215891242027283,0.6112000346183777,0.603093683719635,0.5999302268028259
Chamois.png,Goat.png,Mountain_Goat.png,Serow.png,Sheep.png,Ibex.png,0.9687336087226868,0.9681281447410583,0.964849054813385,0.9489431977272034,0.9477819204330444
Char.png,Lanternfish.png,Walleye.png,Sardine.png,Bowfin.png,Trout.png,0.9505339860916138,0.946123480796814,0.9438103437423706,0.9373056888580322,0.9348494410514832
Cheetah.png,Civet.png,Pampas_Fox.png,Wildcat.png,Coyote.png,Sand_Cat.png,0.8628389835357666,0.8397104144096375,0.8357807397842407,0.8351812958717346,0.8299087882041931
Chicken.png,Peacock.png,Desert_Owl.png,Owl.png,Snowy_Owl.png,Rooster.png,0.8275037407875061,0.811196506023407,0.8089737296104431,0.8030015230178833,0.7960525751113892
Chimpanzee.png,Orangutan.png,Beetle.png,Ladybug.png,Gibbon.png,Rabbitfish.png,0.86541348695755,0.8322847485542297,0.8319813013076782,0.8259803056716919,0.8246385455131531
Chipmunk.png,Flying_Squirrel.png,Tree_Shrew.png,Ground_Squirrel.png,Squirrel.png,Jerboa.png,0.9788645505905151,0.9730735421180725,0.9576333165168762,0.954541027545929,0.8230053186416626
Chiton.png,Fly_Larvae.png,Cave_Cricket.png,Banana_Slug.png,Lungfish.png,Arowana.png,0.9314000010490417,0.9280109405517578,0.9053895473480225,0.905059278011322,0.8969520926475525
Chough.png,Toucan.png,Oystercatcher.png,Hermit_Crab.png,Copepod.png,Giant_Water_Bug.png,0.8661927580833435,0.8220809698104858,0.7883911728858948,0.7859381437301636,0.7718765735626221
Cicada.png,Honeybee.png,Bumblebee.png,Fly.png,Thrips.png,Bee.png,0.8800281882286072,0.8753976821899414,0.8689711093902588,0.8660222887992859,0.8602507710456848
Cichlid.png,Clownfish.png,Reef_Fish.png,Pufferfish.png,Tilapia.png,Sunfish.png,0.9935067296028137,0.9567663073539734,0.9348141551017761,0.9334798455238342,0.9324954748153687
Civet.png,Wildcat.png,Sand_Cat.png,Pampas_Fox.png,Coyote.png,Coati.png,0.978367805480957,0.9504323601722717,0.9402177929878235,0.9345778226852417,0.9345744252204895
Clam.png,Scallop.png,Mussel.png,Giant_Clam.png,Oyster.png,Cuttlefish.png,0.9984495639801025,0.9954223036766052,0.9942049384117126,0.9898571968078613,0.9069195985794067
Clouded_Leopard.png,Leopard.png,Cat.png,Fox.png,Wildcat.png,Cougar.png,0.9644300937652588,0.9401763081550598,0.9288530349731445,0.923222005367279,0.9223827123641968
Clownfish.png,Cichlid.png,Reef_Fish.png,Tilapia.png,Parrotfish.png,Pufferfish.png,0.9935067296028137,0.9707127213478088,0.9478374719619751,0.9369651079177856,0.9271150231361389
Coastal_Lizard.png,Lizard.png,Mountain_Lizard.png,Komodo_Dragon.png,Wall_Lizard.png,Tegu.png,0.9894384741783142,0.9561842083930969,0.9492654800415039,0.9211558103561401,0.8967021107673645
Coati.png,Sand_Cat.png,Pampas_Fox.png,Wildcat.png,Coyote.png,Civet.png,0.9588504433631897,0.9479612708091736,0.9461807608604431,0.942950963973999,0.9345744252204895
Cobra.png,Vine_Snake.png,Water_Snake.png,Garter_Snake.png,Rattlesnake.png,Boa.png,0.9274984002113342,0.9210053086280823,0.9167121648788452,0.911637008190155,0.9107798337936401
Cockatoo.png,Jay.png,Quail.png,Lark.png,Desert_Owl.png,Owl.png,0.9793927073478699,0.9663638472557068,0.9441084265708923,0.9085737466812134,0.908524751663208
Cockroach.png,Dugong.png,Barreleye.png,Springtail.png,Shrew.png,Bumblebee.png,0.84486323595047,0.8304789662361145,0.8301857709884644,0.8167497515678406,0.8149662613868713
Coconut_Crab.png,Crab.png,Mud_Crab.png,Freshwater_Crab.png,Vent_Crab.png,Sandpiper.png,0.9747992157936096,0.968469500541687,0.9449816942214966,0.8259115815162659,0.8088539242744446
Cod.png,Coelacanth.png,Cave_Fish.png,Pollock.png,Goby.png,Wrasse.png,0.9791874885559082,0.9676876068115234,0.9633380174636841,0.9619129300117493,0.9599926471710205
Coelacanth.png,Goby.png,Cod.png,Cave_Fish.png,Mudminnow.png,Wrasse.png,0.9935022592544556,0.9791874885559082,0.9700682163238525,0.9690644145011902,0.9643386602401733
Cold-Adapted_Insect.png,Orchid_Bee.png,Bee.png,Black_Fly.png,Honeybee.png,Thrips.png,0.9125583171844482,0.8834292888641357,0.8607141375541687,0.8345603942871094,0.8340467810630798
Cold-Water_Coral.png,Coral.png,Deep-Water_Coral.png,Halibut.png,Flounder.png,Limpet.png,0.8657786250114441,0.8490920662879944,0.81524658203125,0.81524658203125,0.8030951023101807
Cold-Water_Fish.png,Whitefish.png,Mudminnow.png,Haddock.png,Deep-Sea_Fish.png,Salmon.png,0.9698032736778259,0.9626143574714661,0.9616869688034058,0.9578796029090881,0.955852210521698
Colugo.png,Possum.png,Aardvark.png,Jaguar.png,Tiger.png,Kinkajou.png,0.9466440081596375,0.9187929630279541,0.908011257648468,0.9007736444473267,0.8956421613693237
Comb_Jelly.png,Horseshoe_Crab.png,Jellyfish.png,Portuguese_Man-of-War.png,Auk.png,Cuttlefish.png,0.8717806935310364,0.7334663271903992,0.7033235430717468,0.6646772623062134,0.6590193510055542
Conch.png,Nautilus.png,Cowrie.png,Pufferfish.png,Abalone.png,Limpet.png,0.9443501234054565,0.9268813133239746,0.9235225319862366,0.9215220808982849,0.9138987064361572
Condor.png,Puffin.png,Raven.png,Crow.png,Mussel.png,Cowrie.png,0.9644046425819397,0.9632840156555176,0.9576519727706909,0.8611496686935425,0.8597529530525208
Coot.png,Moorhen.png,Eider_Duck.png,Duck.png,Snail.png,Barnacle.png,0.9297754764556885,0.8944236040115356,0.893423855304718,0.84636390209198,0.8344339728355408
Copepod.png,Prawn.png,Krill.png,Cave_Shrimp.png,Butterfly.png,Oystercatcher.png,0.8533146381378174,0.8458946347236633,0.8405150175094604,0.8149091005325317,0.8044443726539612
Coral.png,Cold-Water_Coral.png,Deep-Water_Coral.png,Halibut.png,Flounder.png,Piranha.png,0.8657786250114441,0.8292450308799744,0.8156321048736572,0.8156321048736572,0.8143938183784485
Cormorant.png,Loon.png,Goose.png,Grebe.png,Swan.png,Coot.png,0.9769757986068726,0.9717923998832703,0.861880362033844,0.8589080572128296,0.7716858386993408
Cottonmouth.png,Cave_Snake.png,Sand_Boa.png,Whip_Snake.png,Anaconda.png,Garter_Snake.png,0.9853436350822449,0.9743841290473938,0.9719222187995911,0.9683623909950256,0.9680595397949219
Cougar.png,Ocelot.png,Leopard.png,Cat.png,Wildcat.png,Tiger.png,0.9843193292617798,0.9734328389167786,0.9627236723899841,0.9402726888656616,0.9323405027389526
Cow.png,Cattle.png,Banteng.png,Water_Buffalo.png,Zebra.png,Warthog.png,0.9568489789962769,0.9528724551200867,0.9424093961715698,0.9157024025917053,0.9135626554489136
Cowrie.png,Abalone.png,Limpet.png,Conch.png,Pufferfish.png,Parrotfish.png,0.997390627861023,0.9913272261619568,0.9268813133239746,0.9143266677856445,0.9099106192588806
Coyote.png,Pampas_Fox.png,Wolf.png,African_Wild_Dog.png,Jackal.png,Coati.png,0.9871752858161926,0.9798887372016907,0.9668908715248108,0.9653097987174988,0.942950963973999
Crab.png,Coconut_Crab.png,Mud_Crab.png,Freshwater_Crab.png,Deer_Tick.png,Cicada.png,0.9747992157936096,0.9307316541671753,0.9135587811470032,0.8127850890159607,0.8118112087249756
Crane.png,Godwit.png,Snipe.png,Curlew.png,Rail.png,Ibis.png,0.9468987584114075,0.9358510375022888,0.9251505732536316,0.9069916009902954,0.9006661772727966
Crayfish.png,Lobster.png,Fairy_Shrimp.png,Krill.png,Shrimp.png,Amphipod.png,0.9946393370628357,0.8433195948600769,0.8319984674453735,0.8208379745483398,0.8182689547538757
Cricket.png,Ray.png,Stingray.png,Eagle_Ray.png,Locust.png,Manta_Ray.png,0.7791897058486938,0.7728256583213806,0.7576389312744141,0.7555350661277771,0.7522908449172974
Crocodile.png,Gharial.png,Softshell_Turtle.png,Mountain_Lizard.png,Caiman.png,Wall_Lizard.png,0.8548580408096313,0.8520877957344055,0.8471745848655701,0.8310958743095398,0.8288758397102356
Crow.png,Raven.png,Puffin.png,Condor.png,Mussel.png,Cowrie.png,0.9697458148002625,0.9664090871810913,0.9576519727706909,0.853542685508728,0.8532826900482178
Curlew.png,Godwit.png,Rail.png,Ibis.png,Avocet.png,Crane.png,0.9758297801017761,0.9718206524848938,0.9402551651000977,0.9290450215339661,0.9251505732536316
Cuttlefish.png,Mussel.png,Scallop.png,Oyster.png,Clam.png,Giant_Clam.png,0.9120755791664124,0.9087154865264893,0.9078382849693298,0.9069195985794067,0.9063214659690857
Damselfish.png,Archerfish.png,Snapper.png,Perch.png,Piranha.png,Cardinalfish.png,0.9948200583457947,0.9921998977661133,0.9778488874435425,0.9449686408042908,0.9399420022964478
Damselfly.png,Stonefly.png,Mayfly.png,Scorpionfly.png,Caddisfly.png,Blind_Salamander.png,0.9132183790206909,0.9076902270317078,0.8909041285514832,0.8528335690498352,0.7860438227653503
Deep-Sea_Fish.png,Salmon.png,Whitefish.png,Lanternfish.png,Tarpon.png,Trout.png,0.9981908798217773,0.9945390820503235,0.9929521083831787,0.9851677417755127,0.9841389656066895
Deep-Sea_Octopus.png,Vampire_Squid.png,Beetle.png,Ladybug.png,Ocean_Sunfish.png,Jackrabbit.png,0.9774526953697205,0.8609690070152283,0.860642671585083,0.8504271507263184,0.8484042286872864
Deep-Water_Coral.png,Cold-Water_Coral.png,Coral.png,Halibut.png,Flounder.png,Echidna.png,0.8490920662879944,0.8292450308799744,0.7988750338554382,0.7988750338554382,0.791561484336853
Deer.png,Antelope.png,Springbok.png,Impala.png,Gazelle.png,Elk.png,0.9378137588500977,0.9323697686195374,0.9303226470947266,0.922798752784729,0.8967695832252502
Deer_Tick.png,Mite.png,Tarantula.png,Spider.png,Crab.png,Coconut_Crab.png,0.9858831763267517,0.8915881514549255,0.8534708619117737,0.8127850890159607,0.8085425496101379
Desert_Owl.png,Owl.png,Snowy_Owl.png,Cockatoo.png,Quail.png,Jay.png,0.9936249256134033,0.9416455030441284,0.9085737466812134,0.9055889844894409,0.8938226103782654
Dingo.png,Dog.png,Jackal.png,Wolf.png,African_Wild_Dog.png,Coyote.png,0.957512617111206,0.9546902775764465,0.9452264904975891,0.9183357357978821,0.9118319749832153
Diving_Beetle.png,Water_Beetle.png,Beetle.png,Ladybug.png,Firefly.png,Ocean_Sunfish.png,0.999992311000824,0.9642817974090576,0.9637622833251953,0.9067572951316833,0.8718743920326233
Dobsonfly.png,Dragonfly.png,Manatee.png,Arapaima.png,Killifish.png,Wrasse.png,0.8772637844085693,0.8545816540718079,0.8419971466064453,0.8414483666419983,0.8377041816711426
Dog.png,Dingo.png,Jackal.png,Wolf.png,Kinkajou.png,Wild_Pony.png,0.957512617111206,0.9168158173561096,0.9153734445571899,0.9042798280715942,0.9008692502975464
Dolphin.png,River_Dolphin.png,Gray_Whale.png,Whale.png,Porpoise.png,Sperm_Whale.png,0.9780122637748718,0.9520444869995117,0.8996621370315552,0.8795768022537231,0.8746695518493652
Donkey.png,Wild_Ass.png,Nilgai.png,Zebra.png,Bison.png,Okapi.png,0.9816394448280334,0.9521976113319397,0.9395951628684998,0.9001994132995605,0.8983708620071411
Dove.png,Weaverbird.png,Sparrow.png,Tanager.png,Guineafowl.png,Falcon.png,0.9674625992774963,0.9666122794151306,0.9507476091384888,0.9445435404777527,0.9437935948371887
Dragonfish.png,Eel.png,Electric_Eel.png,Gar.png,Gulper_Eel.png,Blind_Fish.png,0.9985271096229553,0.9975768327713013,0.9662923216819763,0.9659596085548401,0.9406624436378479
Dragonfly.png,Dobsonfly.png,Manatee.png,Seal.png,Mole.png,Fiddler_Crab.png,0.8772637844085693,0.8474761247634888,0.8379971981048584,0.8329136967658997,0.8323715329170227
Dromedary_Camel.png,Camel.png,Bactrian_Camel.png,Donkey.png,Nilgai.png,Wild_Ass.png,0.9789749979972839,0.9052073359489441,0.8082967400550842,0.7944910526275635,0.7916179299354553
Duck.png,Eider_Duck.png,Moorhen.png,Coot.png,Kingfisher.png,Gannet.png,0.999753475189209,0.9776759147644043,0.893423855304718,0.8637889623641968,0.8581135272979736
Dugong.png,Manatee.png,Barreleye.png,Lungfish.png,Humpback_Whale.png,Fiddler_Crab.png,0.8859885931015015,0.8796424865722656,0.8730865120887756,0.8675993084907532,0.8594112992286682
Duiker.png,Chamois.png,Mountain_Goat.png,Serow.png,Goat.png,Sheep.png,0.9359087944030762,0.9184396266937256,0.913385272026062,0.9083912372589111,0.8898761868476868
Dung_Beetle.png,Carrion_Beetle.png,Porcupine.png,Land_Snail.png,Water_Snail.png,Hedgehog.png,0.8824333548545837,0.8552284240722656,0.8546736240386963,0.8468233346939087,0.8462894558906555
Eagle.png,Vulture.png,Pilot_Whale.png,Right_Whale.png,Frigatebird.png,Peacock.png,0.8554179072380066,0.8382155299186707,0.831140398979187,0.82890784740448,0.8199037909507751
Eagle_Ray.png,Manta_Ray.png,Stingray.png,Ray.png,Springtail.png,Grasshopper.png,0.9787544012069702,0.9215816855430603,0.9157541394233704,0.7946110367774963,0.7678943872451782
Earthworm.png,Flatworm.png,Lancelet.png,Marine_Worm.png,Scale_Worm.png,Leech.png,0.9289720058441162,0.8814297914505005,0.8693842887878418,0.7586593627929688,0.7485961318016052
Echidna.png,Halibut.png,Flounder.png,Hedgehog.png,Blobfish.png,Porcupine.png,0.8968183994293213,0.8968183994293213,0.8940436244010925,0.8733524680137634,0.8726897239685059
Eel.png,Dragonfish.png,Electric_Eel.png,Gar.png,Gulper_Eel.png,Blind_Fish.png,0.9985271096229553,0.9953063726425171,0.9600722193717957,0.9577770233154297,0.947617769241333
Egret.png,Bittern.png,Snow_Petrel.png,Petrel.png,Seabird.png,Booby.png,0.8802458643913269,0.8696210384368896,0.8670105934143066,0.854495108127594,0.847934901714325
Eider_Duck.png,Duck.png,Moorhen.png,Coot.png,Kingfisher.png,Gannet.png,0.999753475189209,0.9784268140792847,0.8944236040115356,0.8637070655822754,0.8600854873657227
Eland.png,Bongo.png,Oryx.png,Buffalo.png,Spotted_Hyena.png,Okapi.png,0.9563370943069458,0.9381589293479919,0.879701554775238,0.8434720635414124,0.8378627300262451
Electric_Eel.png,Dragonfish.png,Eel.png,Gulper_Eel.png,Gar.png,Blind_Fish.png,0.9975768327713013,0.9953063726425171,0.9730473160743713,0.9707195162773132,0.9306049942970276
Elephant.png,Forest_Elephant.png,African_Elephant.png,Asian_Elephant.png,Bison.png,Tang.png,0.9746020436286926,0.9650382995605469,0.891056478023529,0.8238385319709778,0.8039745688438416
Elk.png,Deer.png,Antelope.png,Alpaca.png,Saiga.png,Impala.png,0.8967695832252502,0.8750778436660767,0.8545238375663757,0.8531308174133301,0.8519427180290222
Emu.png,Rhea.png,Cassowary.png,Penguin.png,Kakapo.png,Bittern.png,0.9456096291542053,0.879173994064331,0.7881842255592346,0.7709969878196716,0.7584282755851746
Fairy_Shrimp.png,Shrimp.png,Vent_Shrimp.png,Freshwater_Shrimp.png,Brine_Shrimp.png,Lobster.png,0.978708803653717,0.9187573790550232,0.8942568302154541,0.8541308641433716,0.8527929782867432
Falcon.png,Osprey.png,Hawk.png,Skua.png,Kestrel.png,Pigeon.png,0.997748613357544,0.9968236684799194,0.9927076697349548,0.9869060516357422,0.9704667329788208
Fangtooth.png,Piranha.png,Cardinalfish.png,Pacu.png,Snapper.png,Perch.png,0.9615146517753601,0.9516960382461548,0.9467055797576904,0.9352204203605652,0.9348706007003784
Fennec_Fox.png,Sugar_Glider.png,Quoll.png,Fur_Seal.png,Tasmanian_Devil.png,Sea_Lion.png,0.897713840007782,0.8729513883590698,0.8512839674949646,0.8500731587409973,0.8390958309173584
Fiddler_Crab.png,Mudminnow.png,Goby.png,Grayling.png,Haddock.png,Cold-Water_Fish.png,0.890174388885498,0.8850876092910767,0.8839845657348633,0.8838198184967041,0.8818787336349487
Finch.png,Partridge.png,Tanager.png,Weaverbird.png,Sparrow.png,Dove.png,0.9767112731933594,0.968338668346405,0.9562376737594604,0.9477352499961853,0.9265844821929932
Firefly.png,Pyrosome.png,Koala.png,Beetle.png,Ladybug.png,Water_Beetle.png,0.9351720809936523,0.9163085222244263,0.9159852862358093,0.9154163599014282,0.9068735241889954
Fisher.png,Marten.png,Mongoose.png,Mink.png,Stoat.png,Otter.png,0.9764527082443237,0.9525271058082581,0.9431112408638,0.901453971862793,0.9004953503608704
Fishing_Cat.png,Bobcat.png,Sloth_Bear.png,Sun_Bear.png,Hyrax.png,Panda.png,0.9414325952529907,0.9223527312278748,0.9213326573371887,0.8955078125,0.8900331854820251
Flamingo.png,Plover.png,Bustard.png,Partridge.png,Screamer.png,Finch.png,0.8822532296180725,0.8562216758728027,0.838095486164093,0.8298401236534119,0.818179726600647
Flatworm.png,Earthworm.png,Lancelet.png,Marine_Worm.png,Platypus.png,Scale_Worm.png,0.9289720058441162,0.9222387671470642,0.8791525959968567,0.7530703544616699,0.7484588027000427
Flounder.png,Halibut.png,Blobfish.png,Tardigrade.png,Snailfish.png,Fangtooth.png,1.0000011920928955,0.9271448254585266,0.9230911731719971,0.9132996797561646,0.912066638469696
Fly.png,Black_Fly.png,Bee.png,Thrips.png,Honeybee.png,Cicada.png,0.8960881233215332,0.8821002840995789,0.8812972903251648,0.8790061473846436,0.8689711093902588
Fly_Larvae.png,Cave_Cricket.png,Lungfish.png,Chiton.png,Platypus.png,Oarfish.png,0.9980220198631287,0.9478788375854492,0.9314000010490417,0.9258191585540771,0.9243990778923035
Flying_Fish.png,Vulture.png,Right_Whale.png,Frigatebird.png,Beluga.png,Eagle.png,0.774698793888092,0.7723104357719421,0.7704146504402161,0.7411259412765503,0.7284172773361206
Flying_Gurnard.png,Hedgehog.png,Capybara.png,Marmot.png,Plover.png,Prairie_Dog.png,0.8367764949798584,0.8111183643341064,0.8085079193115234,0.8062522411346436,0.8057059645652771
Flying_Squirrel.png,Tree_Shrew.png,Squirrel.png,Ground_Squirrel.png,Chipmunk.png,Jerboa.png,0.9896208643913269,0.9824777841567993,0.9793215394020081,0.9788645505905151,0.828500509262085
Forest_Elephant.png,Elephant.png,African_Elephant.png,Asian_Elephant.png,Bison.png,Mountain_Tapir.png,0.9746020436286926,0.9727572798728943,0.9159944653511047,0.8141170144081116,0.8006945848464966
Fox.png,Red_Fox.png,Arctic_Fox.png,Snow_Leopard.png,Red_Panda.png,Clouded_Leopard.png,0.978047251701355,0.9614779353141785,0.9522791504859924,0.9374476671218872,0.9288530349731445
Freshwater_Crab.png,Mud_Crab.png,Coconut_Crab.png,Crab.png,Vent_Crab.png,Tarantula.png,0.9851909875869751,0.9449816942214966,0.9135587811470032,0.8800291419029236,0.8144267201423645
Freshwater_Shrimp.png,Vent_Shrimp.png,Brine_Shrimp.png,Shrimp.png,Fairy_Shrimp.png,Water_Flea.png,0.9893758296966553,0.9707030653953552,0.9162847995758057,0.8942568302154541,0.7966476082801819
Freshwater_Snail.png,Snail.png,Barnacle.png,Moorhen.png,Poison_Dart_Frog.png,Nudibranch.png,0.9560438990592957,0.8548139333724976,0.833838939666748,0.8279831409454346,0.8273046016693115
Frigatebird.png,Vulture.png,Right_Whale.png,Sandgrouse.png,Whip_Snake.png,Anaconda.png,0.8790424466133118,0.8683397769927979,0.8611804842948914,0.8445368409156799,0.8427413702011108
Frilled_Lizard.png,Cockroach.png,Barreleye.png,Dugong.png,Basking_Shark.png,Beaver.png,0.7108885645866394,0.6927065253257751,0.6887407898902893,0.6864261031150818,0.6782640814781189
Frog.png,Tree_Frog.png,Toad.png,Cave_Frog.png,Wood_Frog.png,Bullfrog.png,0.9958426356315613,0.9754272699356079,0.9588560461997986,0.8654279112815857,0.8026531338691711
Fruit_Bat.png,Insect-Eating_Bat.png,Bat.png,Vampire_Bat.png,Agama.png,Mudminnow.png,0.9016474485397339,0.8964040875434875,0.8565852642059326,0.8520824909210205,0.8463970422744751
Fur_Seal.png,Sea_Lion.png,Sea_Otter.png,Seal.png,Wombat.png,Mole.png,0.9515148997306824,0.931377112865448,0.9089232683181763,0.9056993126869202,0.9054203033447266
Gannet.png,Booby.png,Seabird.png,Petrel.png,Snow_Petrel.png,Tern.png,0.9950791597366333,0.9859073162078857,0.9639114737510681,0.9622736573219299,0.9608954191207886
Gar.png,Gulper_Eel.png,Electric_Eel.png,Dragonfish.png,Eel.png,Knifefish.png,0.976654052734375,0.9707195162773132,0.9662923216819763,0.9600722193717957,0.9329702854156494
Garter_Snake.png,Sand_Boa.png,Water_Snake.png,Anaconda.png,Vine_Snake.png,Whip_Snake.png,0.9890807271003723,0.9803259968757629,0.980302095413208,0.9795191287994385,0.9758684039115906
Gaur.png,Hyena.png,Striped_Hyena.png,Buffalo.png,Wildebeest.png,Bull.png,0.923274576663971,0.9229146838188171,0.9111928939819336,0.903861403465271,0.9005709290504456
Gazelle.png,Springbok.png,Impala.png,Antelope.png,Deer.png,Pronghorn.png,0.9736095070838928,0.9733640551567078,0.9651048183441162,0.922798752784729,0.8912240862846375
Gecko.png,Komodo_Dragon.png,Gila_Monster.png,Coastal_Lizard.png,Lizard.png,Alligator.png,0.9264492988586426,0.919200599193573,0.8966295719146729,0.8728159070014954,0.866432249546051
Gerbil.png,Rat.png,Shrew.png,Mouse.png,Jerboa.png,Sea_Bass.png,0.903153657913208,0.8583777546882629,0.8581453561782837,0.8417116403579712,0.8290067315101624
Gerenuk.png,Llama.png,Alpaca.png,Elk.png,Impala.png,Springbok.png,0.7279958724975586,0.6584355235099792,0.6546240448951721,0.6545007228851318,0.6511949300765991
Gharial.png,Crocodile.png,Anole.png,Iguana.png,Land_Iguana.png,Knifefish.png,0.8548580408096313,0.8159229755401611,0.7984784841537476,0.7898202538490295,0.7761304974555969
Giant_Anteater.png,Fisher.png,Marten.png,Mongoose.png,Snow_Leopard.png,Red_Fox.png,0.8947290778160095,0.8865039348602295,0.8744384050369263,0.8725770711898804,0.8649924993515015
Giant_Centipede.png,Centipede.png,Lungfish.png,Chiton.png,Arowana.png,Oarfish.png,0.9083542227745056,0.794239342212677,0.7887780666351318,0.7883097529411316,0.7833425402641296
Giant_Clam.png,Oyster.png,Scallop.png,Clam.png,Mussel.png,Cuttlefish.png,0.9962176084518433,0.9950973987579346,0.9942049384117126,0.9933717250823975,0.9063214659690857
Giant_Isopod.png,Isopod.png,Springtail.png,Halibut.png,Flounder.png,Hermit_Crab.png,0.9986295700073242,0.8309383392333984,0.8301479816436768,0.8301479816436768,0.8298279643058777
Giant_Octopus.png,Octopus.png,Stork.png,Heron.png,Avocet.png,Ibis.png,0.72443687915802,0.68060702085495,0.6804976463317871,0.6742416620254517,0.6712861061096191
Giant_Otter.png,River_Otter.png,Stoat.png,Marten.png,Mink.png,Otter.png,0.9786806106567383,0.9752757549285889,0.9309043288230896,0.9269856214523315,0.9166431427001953
Giant_Salamander.png,Newt.png,Axolotl.png,Blind_Salamander.png,Olm.png,Cave_Cricket.png,0.991461992263794,0.9238725304603577,0.9213823676109314,0.9213259816169739,0.8657311201095581
Giant_Squid.png,Portuguese_Man-of-War.png,Squid.png,Comb_Jelly.png,Horseshoe_Crab.png,Gorilla.png,0.6733613610267639,0.6208971738815308,0.6161195635795593,0.6147323250770569,0.609954297542572
Giant_Tube_Worm.png,Tube_Worm.png,Jellyfish.png,Sponge.png,Firefly.png,Pyrosome.png,0.7971318960189819,0.75335294008255,0.7479032874107361,0.7314443588256836,0.7291759848594666
Giant_Water_Bug.png,Snailfish.png,Halibut.png,Flounder.png,Goldfish.png,Boxfish.png,0.9044716358184814,0.8975896835327148,0.8975896835327148,0.888285219669342,0.8833845853805542
Gibbon.png,Gorilla.png,Beetle.png,Ladybug.png,Orangutan.png,Ocean_Sunfish.png,0.9219622015953064,0.8938971757888794,0.8935593962669373,0.8903613090515137,0.8847348690032959
Gila_Monster.png,Gecko.png,Tortoise.png,Tardigrade.png,Komodo_Dragon.png,Turtle.png,0.919200599193573,0.8599745631217957,0.8585079908370972,0.8488281965255737,0.8476449251174927
Giraffe.png,Llama.png,Alpaca.png,Elk.png,Saiga.png,Gerenuk.png,0.7350834608078003,0.7076157331466675,0.6705916523933411,0.6536366939544678,0.6499884724617004
Glass_Frog.png,Bullfrog.png,Wood_Frog.png,Barnacle.png,Poison_Dart_Frog.png,Snail.png,0.9968032836914062,0.9187129735946655,0.8758191466331482,0.8620488047599792,0.8580380082130432
Goat.png,Sheep.png,Tahr.png,Serow.png,Chamois.png,Ibex.png,0.9802846312522888,0.9777862429618835,0.9720969200134277,0.9687336087226868,0.9631974697113037
Goby.png,Coelacanth.png,Mudminnow.png,Cave_Fish.png,Cod.png,Wrasse.png,0.9935022592544556,0.9733902812004089,0.9637863039970398,0.9619129300117493,0.9586530923843384
Godwit.png,Curlew.png,Ibis.png,Avocet.png,Crane.png,Rail.png,0.9758297801017761,0.9592562317848206,0.9491473436355591,0.9468987584114075,0.9374865889549255
Goldfish.png,Triggerfish.png,Snailfish.png,Blobfish.png,Boxfish.png,Damselfish.png,0.9556867480278015,0.9543905258178711,0.9490241408348083,0.9488214254379272,0.9284140467643738
Goose.png,Cormorant.png,Loon.png,Swan.png,Grebe.png,Coot.png,0.9717923998832703,0.9672574996948242,0.8773796558380127,0.8756991028785706,0.7939140796661377
Gopher.png,Hamster.png,Guinea_Pig.png,Agouti.png,Prairie_Dog.png,Capybara.png,0.9131083488464355,0.8947959542274475,0.8907278776168823,0.8820553421974182,0.8767554759979248
Gorilla.png,Gibbon.png,Beetle.png,Ladybug.png,Orangutan.png,Water_Beetle.png,0.9219622015953064,0.8911304473876953,0.8907970190048218,0.8693456649780273,0.8688221573829651
Grass_Snake.png,Viper.png,Python.png,Snake.png,Mountain_Viper.png,Cave_Snake.png,0.9865570068359375,0.985640823841095,0.9812443256378174,0.9675006866455078,0.9659832715988159
Grasshopper.png,Honeybee.png,Eagle_Ray.png,Bee.png,Manta_Ray.png,Ray.png,0.7691174149513245,0.7678943872451782,0.7677595019340515,0.757426381111145,0.7545121312141418
Gray_Whale.png,Whale.png,Dolphin.png,Sperm_Whale.png,River_Dolphin.png,Porpoise.png,0.957556962966919,0.9520444869995117,0.9194234013557434,0.9192497730255127,0.8851422667503357
Grayling.png,Cold-Water_Fish.png,Walleye.png,Sculpin.png,Haddock.png,Mudminnow.png,0.9547815918922424,0.9465896487236023,0.9386368989944458,0.9351297616958618,0.9342284202575684
Great_White_Shark.png,Whale_Shark.png,Mako_Shark.png,Juvenile_Shark.png,Shark.png,Reef_Shark.png,0.9426323175430298,0.933716893196106,0.9196082353591919,0.9144569039344788,0.8886480927467346
Grebe.png,Swan.png,Goose.png,Cormorant.png,Loon.png,Sea_Squirt.png,0.9328574538230896,0.8756991028785706,0.861880362033844,0.847905695438385,0.7636716961860657
Grizzly_Bear.png,Wild_Boar.png,Brown_Bear.png,Black_Bear.png,Musk_Ox.png,Polar_Bear.png,0.9236350655555725,0.9212915301322937,0.9080432057380676,0.9042908549308777,0.9012102484703064
Ground_Squirrel.png,Tree_Shrew.png,Squirrel.png,Flying_Squirrel.png,Chipmunk.png,Echidna.png,0.9926016926765442,0.9922021627426147,0.9793215394020081,0.9576333165168762,0.809340238571167
Grouper.png,Sea_Bass.png,Bass.png,Sculpin.png,Goldfish.png,Mahi-Mahi.png,0.959313690662384,0.9571875333786011,0.867253839969635,0.8583084344863892,0.8572381138801575
Grouse.png,Turkey.png,Peacock.png,Halibut.png,Flounder.png,Tardigrade.png,0.9916340112686157,0.8829799890518188,0.8041684627532959,0.8041684627532959,0.8040987849235535
Guillemot.png,Auk.png,Aye-Aye.png,Firefly.png,Pyrosome.png,Kakapo.png,0.8713260293006897,0.8260811567306519,0.8210498094558716,0.8159915208816528,0.8138355016708374
Guinea_Pig.png,Hamster.png,Agouti.png,Prairie_Dog.png,Marmot.png,Vole.png,0.9587180018424988,0.9446703195571899,0.9296776056289673,0.9211345314979553,0.9178988337516785
Guineafowl.png,Screamer.png,Gull.png,Pigeon.png,Ptarmigan.png,Seriema.png,0.966114342212677,0.961358368396759,0.956831693649292,0.9531561732292175,0.9473279118537903
Gull.png,Ptarmigan.png,Pigeon.png,Kestrel.png,Skua.png,Guineafowl.png,0.9958294034004211,0.9930909872055054,0.980499804019928,0.9753952622413635,0.961358368396759
Gulper_Eel.png,Gar.png,Electric_Eel.png,Dragonfish.png,Eel.png,Knifefish.png,0.976654052734375,0.9730473160743713,0.9659596085548401,0.9577770233154297,0.9551798105239868
Haddock.png,Cold-Water_Fish.png,Tuna.png,Goby.png,Coelacanth.png,Grayling.png,0.9616869688034058,0.9615377187728882,0.9550734162330627,0.9408291578292847,0.9351297616958618
Halibut.png,Flounder.png,Blobfish.png,Tardigrade.png,Snailfish.png,Fangtooth.png,1.0000011920928955,0.9271448254585266,0.9230911731719971,0.9132996797561646,0.912066638469696
Hammerhead_Shark.png,Basking_Shark.png,Tiger_Shark.png,Reef_Shark.png,Shark.png,Pike.png,0.8781223297119141,0.8641592264175415,0.8529809713363647,0.8478360176086426,0.8413648009300232
Hamster.png,Guinea_Pig.png,Pika.png,Gopher.png,Agouti.png,Prairie_Dog.png,0.9587180018424988,0.9180412888526917,0.9131083488464355,0.9107478857040405,0.8960621953010559
Hare.png,Snowshoe_Hare.png,Jackrabbit.png,Arctic_Hare.png,Rabbit.png,Butterflyfish.png,0.9110479354858398,0.887735903263092,0.8875210881233215,0.8582875728607178,0.8150977492332458
Harpy_Eagle.png,Albatross.png,Beluga.png,Tropicbird.png,Swallow.png,Sperm_Whale.png,0.8846049308776855,0.7771263122558594,0.7674421072006226,0.7651453018188477,0.7592222094535828
Hartebeest.png,Kudu.png,Bull.png,Wildebeest.png,Okapi.png,Striped_Hyena.png,0.9267651438713074,0.8477410674095154,0.8453443646430969,0.8366237282752991,0.8281734585762024
Harvestman.png,Sea_Spider.png,Camel_Spider.png,Water_Strider.png,Remora.png,Narwhal.png,0.756676197052002,0.6761032938957214,0.6464685797691345,0.6171243190765381,0.614770770072937
Hawk.png,Osprey.png,Falcon.png,Skua.png,Kestrel.png,Pigeon.png,0.9991172552108765,0.9968236684799194,0.9870875477790833,0.9804226160049438,0.9618432521820068
Hedgehog.png,Porcupine.png,Vole.png,Water_Vole.png,Echidna.png,Marmot.png,0.9316366314888,0.8983956575393677,0.8978434801101685,0.8940436244010925,0.8883731961250305
Hermit_Crab.png,Vent_Crab.png,Fangtooth.png,Isopod.png,Giant_Isopod.png,Halibut.png,0.8771834373474121,0.8432143926620483,0.831092357635498,0.8298279643058777,0.8294265866279602
Heron.png,Stork.png,Avocet.png,Ibis.png,Godwit.png,Curlew.png,0.9949381351470947,0.9579810500144958,0.9514364004135132,0.8968333005905151,0.8906468749046326
Herring.png,Carp.png,Tetra.png,Mahi-Mahi.png,Goldfish.png,Damselfish.png,0.99245685338974,0.9910182952880859,0.958231508731842,0.9112769961357117,0.8978280425071716
Hippopotamus.png,Walrus.png,Pig.png,Wombat.png,Sea_Lion.png,Seal.png,0.9366514682769775,0.870688259601593,0.840175986289978,0.8360090851783752,0.8307527899742126
Hoatzin.png,Quetzal.png,Macaw.png,Parrot.png,Rooster.png,Magpie.png,0.9447086453437805,0.9423608183860779,0.9303228855133057,0.8293489813804626,0.821035623550415
Honeybee.png,Thrips.png,Bee.png,Orchid_Bee.png,Termite.png,Aphid.png,0.9643815159797668,0.9390974044799805,0.9125727415084839,0.8910269737243652,0.8881669044494629
Hornbill.png,Snow_Petrel.png,Petrel.png,Seabird.png,Booby.png,Gannet.png,0.9400879144668579,0.9380596280097961,0.9199544787406921,0.9166024327278137,0.915319561958313
Horned_Lizard.png,Conch.png,Cowrie.png,Abalone.png,Limpet.png,Nautilus.png,0.8982171416282654,0.8958122134208679,0.8944466710090637,0.8924188613891602,0.8865388631820679
Horse.png,Wild_Horse.png,Wild_Pony.png,Zebra.png,Nilgai.png,Dog.png,0.9854515194892883,0.9069478511810303,0.897790253162384,0.8845256567001343,0.8841169476509094
Horseshoe_Crab.png,Comb_Jelly.png,Jellyfish.png,Portuguese_Man-of-War.png,Auk.png,Aye-Aye.png,0.8717806935310364,0.7938352823257446,0.7300148010253906,0.6624698638916016,0.6433992385864258
Howler_Monkey.png,Monkey.png,Capuchin.png,Tamarin.png,Lemur.png,Spider_Monkey.png,0.8908857703208923,0.885474681854248,0.8777704834938049,0.8612350225448608,0.8589462041854858
Hummingbird.png,Snow_Petrel.png,Petrel.png,Hornbill.png,Seabird.png,Booby.png,0.8465797901153564,0.8461270332336426,0.8412920832633972,0.8206400871276855,0.8146250247955322
Humpback_Whale.png,Dugong.png,Viperfish.png,Basking_Shark.png,Tegu.png,Lizard.png,0.8675993084907532,0.8128992319107056,0.8069978356361389,0.7971715927124023,0.7962525486946106
Hyena.png,Striped_Hyena.png,Spotted_Hyena.png,Wildebeest.png,Gaur.png,Buffalo.png,0.9778509736061096,0.9659829139709473,0.93682461977005,0.923274576663971,0.8941614627838135
Hyrax.png,Fishing_Cat.png,Badger.png,Sun_Bear.png,Sloth_Bear.png,Panda.png,0.8955078125,0.8793535828590393,0.8753141164779663,0.8732281923294067,0.8657103776931763
Ibex.png,Tahr.png,Goat.png,Sheep.png,Serow.png,Mountain_Goat.png,0.9710388779640198,0.9631974697113037,0.9617070555686951,0.9598996043205261,0.9584570527076721
Ibis.png,Avocet.png,Stork.png,Godwit.png,Heron.png,Curlew.png,0.9951754212379456,0.9660017490386963,0.9592562317848206,0.9514364004135132,0.9402551651000977
Ice_Worm.png,Leech.png,Scale_Worm.png,Polychaete_Worm.png,Earthworm.png,Razor_Clam.png,0.9291526675224304,0.7884812951087952,0.7152970433235168,0.6837324500083923,0.679548978805542
Icefish.png,Arctic_Cod.png,Minnow.png,Mackerel.png,Pike.png,Small_Fish.png,0.977848470211029,0.9714084267616272,0.9644089937210083,0.9609649181365967,0.9553141593933105
Iguana.png,Land_Iguana.png,Monitor_Lizard.png,Alligator_Lizard.png,Skink.png,Anole.png,0.9792703986167908,0.97080397605896,0.9370682835578918,0.9363192319869995,0.901202380657196
Impala.png,Antelope.png,Gazelle.png,Springbok.png,Deer.png,Pronghorn.png,0.9790428876876831,0.9733640551567078,0.9690127372741699,0.9303226470947266,0.8758546710014343
Insect-Eating_Bat.png,Bat.png,Vampire_Bat.png,Fruit_Bat.png,Sea_Cucumber.png,Barreleye.png,0.9791325330734253,0.977339506149292,0.9016474485397339,0.8315320611000061,0.8120300769805908
Isopod.png,Giant_Isopod.png,Halibut.png,Flounder.png,Springtail.png,Hermit_Crab.png,0.9986295700073242,0.8313339948654175,0.8313339948654175,0.8311970829963684,0.831092357635498
Jackal.png,Wolf.png,Coyote.png,Dingo.png,African_Wild_Dog.png,Pampas_Fox.png,0.984599769115448,0.9653097987174988,0.9546902775764465,0.9520467519760132,0.9443366527557373
Jackrabbit.png,Hare.png,Arctic_Hare.png,Deep-Sea_Octopus.png,Vampire_Squid.png,Gorilla.png,0.887735903263092,0.8587045669555664,0.8484042286872864,0.8422927856445312,0.8104473352432251
Jaguar.png,Tiger.png,Possum.png,Leopard.png,Colugo.png,Cougar.png,0.9820160865783691,0.9399084448814392,0.9159896969795227,0.908011257648468,0.8992269039154053
Jay.png,Cockatoo.png,Quail.png,Lark.png,Weaverbird.png,Tanager.png,0.9793927073478699,0.9753812551498413,0.9554752111434937,0.902233898639679,0.8962165117263794
Jellyfish.png,Aye-Aye.png,Auk.png,Sponge.png,Horseshoe_Crab.png,Portuguese_Man-of-War.png,0.8271089196205139,0.8121180534362793,0.7989547252655029,0.7938352823257446,0.787990391254425
Jerboa.png,Gerbil.png,Flying_Squirrel.png,Chipmunk.png,Mouse.png,Tree_Shrew.png,0.8417116403579712,0.828500509262085,0.8230053186416626,0.8142116069793701,0.8071381449699402
Juvenile_Shark.png,Shark.png,Mako_Shark.png,Reef_Shark.png,Tiger_Shark.png,Great_White_Shark.png,0.9966486692428589,0.9949703216552734,0.9855055212974548,0.976428210735321,0.9196082353591919
Kakapo.png,Auk.png,Penguin.png,Aye-Aye.png,Pyrosome.png,Sponge.png,0.871193528175354,0.8572144508361816,0.854734480381012,0.8544473648071289,0.8508886098861694
Kangaroo.png,Wallaby.png,Tamarin.png,Marmoset.png,Carrion_Beetle.png,Monkey.png,0.9927066564559937,0.6331444382667542,0.6236796975135803,0.6167564392089844,0.6160066723823547
Kestrel.png,Skua.png,Falcon.png,Pigeon.png,Gull.png,Hawk.png,0.9977142810821533,0.9869060516357422,0.9868671298027039,0.980499804019928,0.9804226160049438
Killifish.png,Arapaima.png,Minnow.png,Small_Fish.png,Sardine.png,Trout.png,0.9865100979804993,0.9613155722618103,0.9611547589302063,0.9587728381156921,0.9552784562110901
King_Snake.png,Racer.png,Mountain_Viper.png,Mamba.png,Viper.png,Tree_Snake.png,0.834138035774231,0.8278892040252686,0.8225542306900024,0.8184988498687744,0.8143206238746643
Kingfisher.png,Lark.png,Jay.png,Kookaburra.png,Cockatoo.png,Quail.png,0.8991056680679321,0.8937686681747437,0.8793289065361023,0.8757078647613525,0.8709393739700317
Kinkajou.png,Caracal.png,Dingo.png,Dog.png,Aardvark.png,Colugo.png,0.9323784708976746,0.9078837037086487,0.9042798280715942,0.8995904922485352,0.8956421613693237
Kiwi.png,Capybara.png,Prairie_Dog.png,Marmot.png,Lemming.png,Agouti.png,0.8512618541717529,0.8496914505958557,0.8454380035400391,0.84198397397995,0.8384578824043274
Knifefish.png,Gulper_Eel.png,Arowana.png,Gar.png,Electric_Eel.png,Dragonfish.png,0.9551798105239868,0.9544379115104675,0.9329702854156494,0.9227333068847656,0.9133052229881287
Koala.png,Pyrosome.png,Firefly.png,Aye-Aye.png,Beetle.png,Ladybug.png,0.9564575552940369,0.9163085222244263,0.8847002983093262,0.858262836933136,0.8578656315803528
Komodo_Dragon.png,Coastal_Lizard.png,Lizard.png,Gecko.png,Mountain_Lizard.png,Wall_Lizard.png,0.9492654800415039,0.9375171065330505,0.9264492988586426,0.8931701183319092,0.8641977906227112
Kookaburra.png,Pelican.png,Gannet.png,Starling.png,Ptarmigan.png,Pigeon.png,0.9221314787864685,0.8906723260879517,0.8906482458114624,0.8869844675064087,0.8822808861732483
Krill.png,Cave_Shrimp.png,Prawn.png,Copepod.png,Amphipod.png,Crayfish.png,0.9742977023124695,0.9538345336914062,0.8458946347236633,0.8450206518173218,0.8319984674453735
Kudu.png,Hartebeest.png,Bull.png,Oryx.png,Buffalo.png,Wildebeest.png,0.9267651438713074,0.8451552987098694,0.8280814290046692,0.8268715739250183,0.8263299465179443
Ladybug.png,Beetle.png,Water_Beetle.png,Diving_Beetle.png,Firefly.png,Ocean_Sunfish.png,0.9996830821037292,0.963873565196991,0.9637622833251953,0.9154163599014282,0.9039449691772461
Lamprey.png,Salamander.png,Arowana.png,Lungfish.png,Bat.png,Banana_Slug.png,0.7149925231933594,0.6956794857978821,0.6859678626060486,0.6789793372154236,0.678860604763031
Lancelet.png,Flatworm.png,Earthworm.png,Marine_Worm.png,Mudskipper.png,Platypus.png,0.9222387671470642,0.8814297914505005,0.828759491443634,0.7042456865310669,0.6917556524276733
Land_Iguana.png,Iguana.png,Alligator_Lizard.png,Monitor_Lizard.png,Skink.png,Whiptail.png,0.9792703986167908,0.9589825868606567,0.9429942965507507,0.9026432037353516,0.8911086320877075
Land_Snail.png,Water_Snail.png,Sea_Snail.png,Barnacle.png,Nudibranch.png,Snail.png,0.9689481258392334,0.922412097454071,0.9110549092292786,0.9004741907119751,0.8567829132080078
Langur.png,Proboscis_Monkey.png,Spider_Monkey.png,Capuchin.png,Mandrill.png,Monkey.png,0.9695107340812683,0.9288622736930847,0.9219346642494202,0.915702223777771,0.9141145944595337
Lanternfish.png,Deep-Sea_Fish.png,Salmon.png,Whitefish.png,Tarpon.png,Sardine.png,0.9929521083831787,0.9908036589622498,0.9849058985710144,0.9844274520874023,0.9841629862785339
Lark.png,Jay.png,Cockatoo.png,Quail.png,Dove.png,Osprey.png,0.9554752111434937,0.9441084265708923,0.940118670463562,0.9143390655517578,0.9095240831375122
Leafcutter_Ant.png,Ant.png,Knifefish.png,Oarfish.png,Arowana.png,Gray_Whale.png,0.9197081923484802,0.7405954003334045,0.7371737957000732,0.7337933778762817,0.7321671843528748
Leech.png,Ice_Worm.png,Scale_Worm.png,Earthworm.png,Polychaete_Worm.png,Marine_Worm.png,0.9291526675224304,0.8217555284500122,0.7485961318016052,0.7223904728889465,0.7202152013778687
Lemming.png,Marmot.png,Water_Vole.png,Vole.png,Capybara.png,Prairie_Dog.png,0.984764814376831,0.9831141829490662,0.9759822487831116,0.9702462553977966,0.9657063484191895
Lemur.png,Mandrill.png,Spider_Monkey.png,Baboon.png,Tamarin.png,Marmoset.png,0.9234970211982727,0.912909746170044,0.9092763066291809,0.9016009569168091,0.8888458013534546
Leopard.png,Cougar.png,Cat.png,Clouded_Leopard.png,Ocelot.png,Tiger.png,0.9734328389167786,0.9731246829032898,0.9644300937652588,0.952903151512146,0.9470571279525757
Limpet.png,Abalone.png,Cowrie.png,Conch.png,Pufferfish.png,Parrotfish.png,0.9972254037857056,0.9913272261619568,0.9138987064361572,0.9078459143638611,0.9078335762023926
Lion.png,Wild_Pig.png,Butterfly.png,Buffalo.png,Tasmanian_Devil.png,Rhinoceros.png,0.8436839580535889,0.8173086643218994,0.8153301477432251,0.809578001499176,0.8073816299438477
Lionfish.png,Starling.png,Kookaburra.png,Ptarmigan.png,Echidna.png,Gull.png,0.7957385182380676,0.7940461039543152,0.7915857434272766,0.7908079624176025,0.7869076132774353
Lizard.png,Coastal_Lizard.png,Mountain_Lizard.png,Wall_Lizard.png,Komodo_Dragon.png,Tegu.png,0.9894384741783142,0.9551144242286682,0.9449290037155151,0.9375171065330505,0.9197294116020203
Llama.png,Alpaca.png,Antelope.png,Impala.png,Gazelle.png,Moose.png,0.9076597094535828,0.8233681321144104,0.8198346495628357,0.8047211170196533,0.7946903705596924
Lobster.png,Crayfish.png,Fairy_Shrimp.png,Shrimp.png,Amphipod.png,Krill.png,0.9946393370628357,0.8527929782867432,0.829606831073761,0.8210339546203613,0.8200279474258423
Locust.png,Cicada.png,Honeybee.png,Thrips.png,Bee.png,Mosquito.png,0.838168740272522,0.8217301964759827,0.8119224905967712,0.786471426486969,0.7848188281059265
Loon.png,Cormorant.png,Goose.png,Grebe.png,Swan.png,Coot.png,0.9769757986068726,0.9672574996948242,0.847905695438385,0.8409198522567749,0.7765594720840454
Lungfish.png,Arowana.png,Fly_Larvae.png,Cave_Cricket.png,Oarfish.png,Chiton.png,0.9584300518035889,0.9478788375854492,0.9475505948066711,0.9354698657989502,0.905059278011322
Lynx.png,Bobcat.png,Fishing_Cat.png,Sun_Bear.png,Sloth_Bear.png,Hyrax.png,0.9365503787994385,0.8784348368644714,0.8374112844467163,0.833126425743103,0.8162059187889099
Macaque.png,Spider_Monkey.png,Baboon.png,Langur.png,Lemur.png,Mandrill.png,0.9199731945991516,0.916562020778656,0.8719757795333862,0.8665785193443298,0.8524401783943176
Macaw.png,Parrot.png,Hoatzin.png,Quetzal.png,Pheasant.png,Magpie.png,0.9920440316200256,0.9423608183860779,0.8926424980163574,0.877150297164917,0.8727776408195496
Mackerel.png,Icefish.png,Tigerfish.png,Minnow.png,Small_Fish.png,Arctic_Cod.png,0.9644089937210083,0.9502573609352112,0.943507969379425,0.9418019652366638,0.9362598061561584
Magpie.png,Pheasant.png,Parrot.png,Macaw.png,Hoatzin.png,Quetzal.png,0.9007861614227295,0.8940481543540955,0.8727776408195496,0.821035623550415,0.7589234113693237
Mahi-Mahi.png,Herring.png,Carp.png,Tetra.png,Archerfish.png,Goldfish.png,0.958231508731842,0.9504206776618958,0.9502331614494324,0.8968319892883301,0.8922005295753479
Mako_Shark.png,Juvenile_Shark.png,Shark.png,Reef_Shark.png,Tiger_Shark.png,Great_White_Shark.png,0.9949703216552734,0.9916142821311951,0.9753273725509644,0.9683327674865723,0.933716893196106
Mamba.png,Racer.png,Rattlesnake.png,Water_Snake.png,Mountain_Viper.png,Sand_Boa.png,0.9911402463912964,0.974187970161438,0.9723801612854004,0.9642285704612732,0.9610274434089661
Manatee.png,Fly_Larvae.png,Cave_Cricket.png,Dugong.png,Barreleye.png,Lungfish.png,0.8941624760627747,0.8927533626556396,0.8859885931015015,0.8792743682861328,0.8714557886123657
Mandrill.png,Lemur.png,Langur.png,Marmoset.png,Tamarin.png,Spider_Monkey.png,0.9234970211982727,0.915702223777771,0.9156367182731628,0.8982400894165039,0.8926826119422913
Maned_Wolf.png,Bactrian_Camel.png,Horse.png,Duiker.png,Wild_Horse.png,Bear.png,0.7652947902679443,0.7495025992393494,0.7488641738891602,0.7409118413925171,0.7344092130661011
Manta_Ray.png,Eagle_Ray.png,Stingray.png,Ray.png,Springtail.png,Tarantula.png,0.9787544012069702,0.9108748435974121,0.8998532295227051,0.7864742279052734,0.7672178745269775
Mantis.png,Mosquito.png,Mountain_Lizard.png,River_Otter.png,Tegu.png,Wall_Lizard.png,0.8282954692840576,0.7917560338973999,0.7894831895828247,0.785830020904541,0.7824083566665649
Mara.png,Pika.png,Guinea_Pig.png,Hamster.png,Porcupine.png,Rabbit.png,0.9523785710334778,0.8951132297515869,0.8798596262931824,0.8780221343040466,0.8681210279464722
Marine_Iguana.png,Whiptail.png,Gar.png,Gulper_Eel.png,Dragonfish.png,Electric_Eel.png,0.8378562331199646,0.8299466967582703,0.8204159736633301,0.8198131322860718,0.8189367651939392
Marine_Worm.png,Flatworm.png,Earthworm.png,Lancelet.png,Scale_Worm.png,Grouper.png,0.8791525959968567,0.8693842887878418,0.828759491443634,0.8103468418121338,0.7846073508262634
Marlin.png,Swordfish.png,Sailfish.png,Catfish.png,Bonefish.png,Pike.png,0.9377914667129517,0.9238836169242859,0.9222158193588257,0.9060568809509277,0.8840348720550537
Marmoset.png,Tamarin.png,Mandrill.png,Capuchin.png,Monkey.png,Lemur.png,0.9475687742233276,0.9156367182731628,0.9088239073753357,0.9045370221138,0.8888458013534546
Marmot.png,Prairie_Dog.png,Capybara.png,Lemming.png,Agouti.png,Water_Vole.png,0.9895229935646057,0.9879493117332458,0.984764814376831,0.9740649461746216,0.969436526298523
Marsh_Rodent.png,Otter.png,Mongoose.png,Red_Panda.png,Quoll.png,Clouded_Leopard.png,0.9241847991943359,0.9208278656005859,0.9101799130439758,0.9065188765525818,0.9005210399627686
Marten.png,Fisher.png,Mink.png,Stoat.png,Giant_Otter.png,Mongoose.png,0.9764527082443237,0.9735856056213379,0.9377884864807129,0.9309043288230896,0.9286225438117981
Mayfly.png,Stonefly.png,Caddisfly.png,Scorpionfly.png,Damselfly.png,Newt.png,0.9795790910720825,0.9322324395179749,0.9218558669090271,0.9076902270317078,0.8087971210479736
Meerkat.png,Jackrabbit.png,Koala.png,Sponge.png,Pyrosome.png,Aye-Aye.png,0.7602121233940125,0.7369703650474548,0.73676997423172,0.7342739105224609,0.7264768481254578
Millipede.png,Cowrie.png,Conch.png,Abalone.png,Pufferfish.png,Limpet.png,0.758864164352417,0.7539249062538147,0.7516191005706787,0.7449239492416382,0.7443197965621948
Mink.png,Marten.png,Fisher.png,Giant_Otter.png,Stoat.png,River_Otter.png,0.9735856056213379,0.9431112408638,0.9269856214523315,0.926010251045227,0.9183706045150757
Minnow.png,Small_Fish.png,Sardine.png,Trout.png,Tarpon.png,Pike.png,0.9846506714820862,0.9750064611434937,0.974314272403717,0.973766028881073,0.9730038046836853
Mite.png,Deer_Tick.png,Tarantula.png,Spider.png,Crab.png,Freshwater_Crab.png,0.9858831763267517,0.917783796787262,0.8802731037139893,0.8117213249206543,0.8109699487686157
Mole.png,Sea_Otter.png,Fur_Seal.png,Seal.png,Wombat.png,Badger.png,0.937384843826294,0.9054203033447266,0.8905206322669983,0.8865029811859131,0.8788934350013733
Mongoose.png,Fisher.png,Snow_Leopard.png,Marten.png,Quoll.png,Marsh_Rodent.png,0.9525271058082581,0.9307961463928223,0.9286225438117981,0.9272783398628235,0.9208278656005859
Monitor_Lizard.png,Skink.png,Iguana.png,Land_Iguana.png,Alligator_Lizard.png,Anole.png,0.9745013117790222,0.97080397605896,0.9429942965507507,0.9175756573677063,0.9107440710067749
Monkey.png,Capuchin.png,Langur.png,Marmoset.png,Proboscis_Monkey.png,Tamarin.png,0.9940458536148071,0.9141145944595337,0.9045370221138,0.9032663106918335,0.9029830694198608
Monkfish.png,Blobfish.png,Goldfish.png,Triggerfish.png,Boxfish.png,Snailfish.png,0.877084493637085,0.8719704747200012,0.8614622354507446,0.8605469465255737,0.8575829863548279
Moorhen.png,Eider_Duck.png,Duck.png,Coot.png,Gannet.png,Snail.png,0.9784268140792847,0.9776759147644043,0.9297754764556885,0.8576585054397583,0.8573044538497925
Moose.png,Llama.png,Alpaca.png,Peccary.png,Takin.png,Musk_Ox.png,0.7946903705596924,0.7820612192153931,0.7709128260612488,0.7673012614250183,0.7619191408157349
Moray_Eel.png,Remora.png,Blenny.png,Barracuda.png,Eel.png,Dragonfish.png,0.8945667743682861,0.8824375867843628,0.8771136999130249,0.8758103847503662,0.8754755258560181
Mosquito.png,Wasp.png,Mantis.png,Tegu.png,Scorpionfly.png,Wall_Lizard.png,0.8355321884155273,0.8282954692840576,0.8056150674819946,0.8051319718360901,0.796134352684021
Moth.png,Butterfly.png,Tang.png,Surgeonfish.png,Perch.png,Fangtooth.png,0.8743520379066467,0.8248015642166138,0.820017397403717,0.8125371932983398,0.809812068939209
Mountain_Goat.png,Chamois.png,Serow.png,Ibex.png,Tahr.png,Goat.png,0.9681281447410583,0.967657744884491,0.9584570527076721,0.9577987194061279,0.953236997127533
Mountain_Lizard.png,Coastal_Lizard.png,Lizard.png,Wall_Lizard.png,Tegu.png,Komodo_Dragon.png,0.9561842083930969,0.9551144242286682,0.9324473142623901,0.9086138606071472,0.8931701183319092
Mountain_Tapir.png,Spectacled_Bear.png,Pig.png,Black_Bear.png,Panda.png,Tapir.png,0.9192524552345276,0.9134117960929871,0.9065802097320557,0.9039563536643982,0.9010370969772339
Mountain_Viper.png,Viper.png,Racer.png,Water_Snake.png,Cave_Snake.png,Grass_Snake.png,0.9804384112358093,0.9744594693183899,0.9730167388916016,0.9687134027481079,0.9675006866455078
Mouse.png,Rat.png,Gerbil.png,Shrew.png,Sea_Bass.png,Bass.png,0.946221113204956,0.8581453561782837,0.8544868230819702,0.8405327796936035,0.8404402732849121
Mud_Crab.png,Freshwater_Crab.png,Coconut_Crab.png,Crab.png,Vent_Crab.png,Sandpiper.png,0.9851909875869751,0.968469500541687,0.9307316541671753,0.8551855087280273,0.807472825050354
Mudminnow.png,Cave_Fish.png,Wrasse.png,Goby.png,Coelacanth.png,Cold-Water_Fish.png,0.9874810576438904,0.9810177683830261,0.9733902812004089,0.9690644145011902,0.9626143574714661
Mudskipper.png,Boxfish.png,Grouper.png,Snailfish.png,Sea_Bass.png,Goldfish.png,0.8605275750160217,0.8549177050590515,0.8448237180709839,0.8396584987640381,0.8394491076469421
Mullet.png,Catfish.png,Sailfish.png,Lanternfish.png,Deep-Sea_Fish.png,Small_Fish.png,0.9291856288909912,0.9136261940002441,0.9051041007041931,0.904028594493866,0.9038764834403992
Musk_Ox.png,Takin.png,Brown_Bear.png,Wild_Boar.png,Grizzly_Bear.png,Peccary.png,0.9460707902908325,0.9437108635902405,0.9339747428894043,0.9042908549308777,0.9004827737808228
Mussel.png,Clam.png,Scallop.png,Giant_Clam.png,Oyster.png,Cuttlefish.png,0.9954223036766052,0.9953868985176086,0.9933717250823975,0.9923564791679382,0.9120755791664124
Narwhal.png,Eel.png,Dragonfish.png,Remora.png,Electric_Eel.png,Blind_Fish.png,0.8164613246917725,0.8156364560127258,0.8149367570877075,0.8137406706809998,0.8125269412994385
Nautilus.png,Conch.png,Ocean_Sunfish.png,Horned_Lizard.png,Pufferfish.png,Sunfish.png,0.9443501234054565,0.9172044396400452,0.8865388631820679,0.8851127028465271,0.8794659376144409
Newt.png,Giant_Salamander.png,Blind_Salamander.png,Axolotl.png,Olm.png,Cave_Cricket.png,0.991461992263794,0.9220973253250122,0.9145600199699402,0.9128975868225098,0.859641432762146
Nilgai.png,Zebra.png,Donkey.png,Wild_Ass.png,Okapi.png,Cow.png,0.9608945250511169,0.9521976113319397,0.9474123120307922,0.8990766406059265,0.8916852474212646
Nudibranch.png,Barnacle.png,Land_Snail.png,Water_Snail.png,Snail.png,Pufferfish.png,0.9299374222755432,0.9004741907119751,0.8805100321769714,0.8729040622711182,0.842175304889679
Oarfish.png,Arowana.png,Lungfish.png,Cave_Cricket.png,Fly_Larvae.png,Knifefish.png,0.9441989660263062,0.9354698657989502,0.9254428148269653,0.9243990778923035,0.8955479860305786
Ocean_Sunfish.png,Nautilus.png,Beetle.png,Ladybug.png,Orangutan.png,Carrion_Beetle.png,0.9172044396400452,0.9042360186576843,0.9039449691772461,0.8878911137580872,0.8860936760902405
Ocelot.png,Cougar.png,Leopard.png,Cat.png,Caracal.png,Civet.png,0.9843193292617798,0.952903151512146,0.9503998756408691,0.94844651222229,0.9289929866790771
Octopus.png,Giant_Octopus.png,Curlew.png,Rail.png,Godwit.png,Spoonbill.png,0.72443687915802,0.6443137526512146,0.6417994499206543,0.6404544711112976,0.6370964050292969
Okapi.png,Wild_Ass.png,Nilgai.png,Donkey.png,Zebra.png,Bongo.png,0.9000843167304993,0.8990766406059265,0.8983708620071411,0.8687772154808044,0.8634787797927856
Olm.png,Axolotl.png,Giant_Salamander.png,Newt.png,Blind_Salamander.png,Manatee.png,0.9900089502334595,0.9213259816169739,0.9128975868225098,0.8633253574371338,0.8631849884986877
Orangutan.png,Gibbon.png,Ocean_Sunfish.png,Gorilla.png,Chimpanzee.png,Beetle.png,0.8903613090515137,0.8878911137580872,0.8693456649780273,0.86541348695755,0.8634160757064819
Orca.png,Whale.png,Lungfish.png,Fly_Larvae.png,Cave_Cricket.png,Swift.png,0.8465709686279297,0.8455027341842651,0.8352797627449036,0.8344475626945496,0.832307755947113
Orchid_Bee.png,Bee.png,Thrips.png,Honeybee.png,Cold-Adapted_Insect.png,Aphid.png,0.9548527002334595,0.9216892719268799,0.9125727415084839,0.9125583171844482,0.8864979147911072
Oryx.png,Eland.png,Bongo.png,Buffalo.png,Okapi.png,Gaur.png,0.9381589293479919,0.9273828864097595,0.8744116425514221,0.8438954949378967,0.8323112726211548
Osprey.png,Hawk.png,Falcon.png,Skua.png,Kestrel.png,Pigeon.png,0.9991172552108765,0.997748613357544,0.9862887263298035,0.9795263409614563,0.9616066217422485
Ostrich.png,Moorhen.png,Kingfisher.png,Duck.png,Eider_Duck.png,Coot.png,0.7795991897583008,0.7744541168212891,0.7734662890434265,0.7734390497207642,0.7608281373977661
Otter.png,Armadillo.png,Marsh_Rodent.png,Giant_Otter.png,River_Otter.png,Mongoose.png,0.949830949306488,0.9241847991943359,0.9166431427001953,0.91599041223526,0.9139462113380432
Owl.png,Desert_Owl.png,Snowy_Owl.png,Cockatoo.png,Quail.png,Jay.png,0.9936249256134033,0.9316956400871277,0.908524751663208,0.8982174396514893,0.8905670642852783
Oyster.png,Giant_Clam.png,Mussel.png,Scallop.png,Clam.png,Cuttlefish.png,0.9962176084518433,0.9923564791679382,0.9900716543197632,0.9898571968078613,0.9078382849693298
Oystercatcher.png,Chough.png,Copepod.png,Toucan.png,Hermit_Crab.png,Butterfly.png,0.8220809698104858,0.8044443726539612,0.7657070159912109,0.7553755044937134,0.7534271478652954
Pacu.png,Cardinalfish.png,Piranha.png,Fangtooth.png,Perch.png,Snapper.png,0.9763094186782837,0.973969578742981,0.9467055797576904,0.9377978444099426,0.9315863251686096
Paddlefish.png,Bonefish.png,Sturgeon.png,Barracuda.png,Remora.png,Marlin.png,0.8901481032371521,0.870175302028656,0.8608771562576294,0.8547286987304688,0.8523173332214355
Pampas_Fox.png,Coyote.png,African_Wild_Dog.png,Wolf.png,Coati.png,Wildcat.png,0.9871752858161926,0.9595032334327698,0.9566276669502258,0.9479612708091736,0.9464602470397949
Panda.png,Sloth_Bear.png,Black_Bear.png,Spectacled_Bear.png,Tapir.png,Mountain_Tapir.png,0.9487290382385254,0.93377286195755,0.9178269505500793,0.9157624244689941,0.9039563536643982
Pangolin.png,Colugo.png,Armadillo.png,Aardvark.png,Jaguar.png,Possum.png,0.8902359008789062,0.8893895149230957,0.8874082565307617,0.8684045076370239,0.8672494888305664
Parrot.png,Macaw.png,Hoatzin.png,Magpie.png,Pheasant.png,Quetzal.png,0.9920440316200256,0.9303228855133057,0.8940481543540955,0.8937289118766785,0.8752949833869934
Parrotfish.png,Reef_Fish.png,Pufferfish.png,Clownfish.png,Triggerfish.png,Tilapia.png,0.9451464414596558,0.9399866461753845,0.9369651079177856,0.9346010684967041,0.9340378046035767
Partridge.png,Finch.png,Tanager.png,Weaverbird.png,Sparrow.png,Dove.png,0.9767112731933594,0.9613046050071716,0.9471276998519897,0.9465875029563904,0.9163839817047119
Peacock.png,Turkey.png,Grouse.png,Chicken.png,Eagle.png,Frigatebird.png,0.8852101564407349,0.8829799890518188,0.8275037407875061,0.8199037909507751,0.812695324420929
Peccary.png,Wild_Boar.png,Takin.png,Brown_Bear.png,Musk_Ox.png,Mountain_Tapir.png,0.9290900826454163,0.922398567199707,0.9206968545913696,0.9004827737808228,0.8877436518669128
Pelican.png,Gannet.png,Seabird.png,Booby.png,Kookaburra.png,Snipe.png,0.9418073892593384,0.9398479461669922,0.9371339678764343,0.9221314787864685,0.914750337600708
Penguin.png,Kakapo.png,Koala.png,Pyrosome.png,Auk.png,Aye-Aye.png,0.8572144508361816,0.8254772424697876,0.8223510980606079,0.8182369470596313,0.804902195930481
Perch.png,Snapper.png,Archerfish.png,Damselfish.png,Cardinalfish.png,Pacu.png,0.9926861524581909,0.9784834980964661,0.9778488874435425,0.9425399899482727,0.9377978444099426
Petrel.png,Snow_Petrel.png,Booby.png,Seabird.png,Gannet.png,Tern.png,0.9963594675064087,0.9715694785118103,0.9668341279029846,0.9639114737510681,0.9443191885948181
Pheasant.png,Magpie.png,Parrot.png,Macaw.png,Hoatzin.png,Eagle.png,0.9007861614227295,0.8937289118766785,0.877150297164917,0.819283127784729,0.8144937753677368
Pig.png,Mountain_Tapir.png,Black_Bear.png,Tapir.png,Polar_Bear.png,Wild_Boar.png,0.9134117960929871,0.8941291570663452,0.8909968137741089,0.8875682950019836,0.8829154968261719
Pigeon.png,Gull.png,Kestrel.png,Ptarmigan.png,Skua.png,Falcon.png,0.9930909872055054,0.9868671298027039,0.986361026763916,0.983410120010376,0.9704667329788208
Pika.png,Mara.png,Hamster.png,Guinea_Pig.png,Porcupine.png,Arctic_Hare.png,0.9523785710334778,0.9180412888526917,0.9135974645614624,0.8745483756065369,0.8682029843330383
Pike.png,Minnow.png,Arctic_Cod.png,Icefish.png,Small_Fish.png,Anchovy.png,0.9730038046836853,0.9713025093078613,0.9609649181365967,0.9388580322265625,0.9335053563117981
Pilot_Whale.png,Right_Whale.png,Whip_Snake.png,Cottonmouth.png,Eagle.png,Anaconda.png,0.8824551105499268,0.8388460874557495,0.8384541273117065,0.8382155299186707,0.8355595469474792
Pipefish.png,Blind_Fish.png,Eel.png,Dragonfish.png,Electric_Eel.png,Remora.png,0.9268452525138855,0.8990324139595032,0.8927333354949951,0.8831772804260254,0.8599376678466797
Piranha.png,Cardinalfish.png,Pacu.png,Fangtooth.png,Damselfish.png,Archerfish.png,0.9783734679222107,0.973969578742981,0.9615146517753601,0.9449686408042908,0.9430416822433472
Platypus.png,Fly_Larvae.png,Cave_Cricket.png,Mudminnow.png,Cave_Fish.png,Wrasse.png,0.9258191585540771,0.9229176044464111,0.9086644649505615,0.9086611270904541,0.9071699380874634
Plover.png,Robin.png,Seriema.png,Partridge.png,Finch.png,Dove.png,0.9183589220046997,0.9040120840072632,0.8984984159469604,0.8887814879417419,0.8824920654296875
Poison_Dart_Frog.png,Barnacle.png,Snail.png,Glass_Frog.png,Bullfrog.png,Wood_Frog.png,0.8889225721359253,0.8655681014060974,0.8620488047599792,0.8604524731636047,0.8425666093826294
Polar_Bear.png,Tapir.png,Black_Bear.png,Wild_Boar.png,Grizzly_Bear.png,Spectacled_Bear.png,0.941585123538971,0.9283947944641113,0.9040645956993103,0.9012102484703064,0.9000918865203857
Pollock.png,Tigerfish.png,Salmon.png,Deep-Sea_Fish.png,Lanternfish.png,Whitefish.png,0.9914937019348145,0.9704641103744507,0.9700273871421814,0.9690833687782288,0.9681251049041748
Polychaete_Worm.png,Scale_Worm.png,Scorpionfly.png,Bumblebee.png,Caddisfly.png,Barreleye.png,0.809380292892456,0.8077493906021118,0.8069954514503479,0.7926144003868103,0.7899141311645508
Pond_Turtle.png,Box_Turtle.png,Turtle.png,Tortoise.png,Bear.png,Horned_Lizard.png,0.9610899686813354,0.9555166363716125,0.9337436556816101,0.8905630707740784,0.8635736703872681
Porcupine.png,Hedgehog.png,Vole.png,Water_Vole.png,Guinea_Pig.png,Agouti.png,0.9316366314888,0.8937825560569763,0.8925975561141968,0.8924166560173035,0.8855668306350708
Porpoise.png,Beluga.png,Whale.png,Sperm_Whale.png,Gray_Whale.png,Dolphin.png,0.9328711628913879,0.9093852639198303,0.9036898016929626,0.8851422667503357,0.8795768022537231
Portuguese_Man-of-War.png,Aye-Aye.png,Auk.png,Jellyfish.png,Pyrosome.png,Koala.png,0.8436108231544495,0.7919791340827942,0.787990391254425,0.7866390943527222,0.7814334630966187
Possum.png,Colugo.png,Jaguar.png,Coati.png,Tiger.png,Cat.png,0.9466440081596375,0.9399084448814392,0.9342437386512756,0.9283546209335327,0.9202665090560913
Prairie_Dog.png,Marmot.png,Agouti.png,Capybara.png,Lemming.png,Vole.png,0.9895229935646057,0.9883193373680115,0.9867448210716248,0.9657063484191895,0.9547670483589172
Prawn.png,Cave_Shrimp.png,Krill.png,Copepod.png,Amphipod.png,Crayfish.png,0.9806408882141113,0.9538345336914062,0.8533146381378174,0.8035918474197388,0.7887628078460693
Proboscis_Monkey.png,Langur.png,Capuchin.png,Monkey.png,Spider_Monkey.png,Mandrill.png,0.9695107340812683,0.906945526599884,0.9032663106918335,0.9009295105934143,0.8844617605209351
Pronghorn.png,Chamois.png,Gazelle.png,Antelope.png,Impala.png,Springbok.png,0.8919886946678162,0.8912240862846375,0.8858137130737305,0.8758546710014343,0.8754670023918152
Pseudoscorpion.png,Fly.png,Deer_Tick.png,Mite.png,Black_Fly.png,Tarantula.png,0.8268910050392151,0.8030279874801636,0.8003235459327698,0.7968478202819824,0.779400110244751
Ptarmigan.png,Gull.png,Pigeon.png,Kestrel.png,Skua.png,Falcon.png,0.9958294034004211,0.986361026763916,0.9782450795173645,0.9722376465797424,0.9556906223297119
Pufferfish.png,Parrotfish.png,Cichlid.png,Clownfish.png,Conch.png,Sunfish.png,0.9399866461753845,0.9348141551017761,0.9271150231361389,0.9235225319862366,0.9210529327392578
Puffin.png,Raven.png,Crow.png,Condor.png,Cowrie.png,Abalone.png,0.973153829574585,0.9664090871810913,0.9644046425819397,0.8530688881874084,0.8503909111022949
Pyrosome.png,Koala.png,Firefly.png,Aye-Aye.png,Beetle.png,Ladybug.png,0.9564575552940369,0.9351720809936523,0.8936262726783752,0.87102872133255,0.8705833554267883
Python.png,Grass_Snake.png,Viper.png,Tree_Snake.png,Snake.png,Cave_Snake.png,0.985640823841095,0.9786028265953064,0.9761490821838379,0.9655333161354065,0.9581941366195679
Quail.png,Jay.png,Cockatoo.png,Lark.png,Weaverbird.png,Tanager.png,0.9753812551498413,0.9663638472557068,0.940118670463562,0.9191598892211914,0.9146433472633362
Quetzal.png,Hoatzin.png,Macaw.png,Parrot.png,Rooster.png,Pheasant.png,0.9447086453437805,0.8926424980163574,0.8752949833869934,0.8573871850967407,0.7603005170822144
Quoll.png,Sugar_Glider.png,Red_Panda.png,Snow_Leopard.png,Mongoose.png,Red_Fox.png,0.9688540697097778,0.9436026215553284,0.9365577101707458,0.9272783398628235,0.9258415102958679
Rabbit.png,Snowshoe_Hare.png,Mara.png,Hare.png,Pika.png,Brown_Bear.png,0.9419379234313965,0.8681210279464722,0.8582875728607178,0.8457743525505066,0.8448052406311035
Rabbitfish.png,Butterflyfish.png,Tang.png,Parrotfish.png,Pacu.png,Surgeonfish.png,0.9090222120285034,0.8936646580696106,0.8867340087890625,0.8850316405296326,0.8836226463317871
Raccoon.png,Wolverine.png,Snow_Leopard.png,Civet.png,Red_Panda.png,Quoll.png,0.9337520003318787,0.8870497345924377,0.8773307204246521,0.8755085468292236,0.8704453706741333
Racer.png,Mamba.png,Mountain_Viper.png,Water_Snake.png,Rattlesnake.png,Sand_Boa.png,0.9911402463912964,0.9744594693183899,0.9687895774841309,0.9666503071784973,0.9542143940925598
Rail.png,Curlew.png,Godwit.png,Spoonbill.png,Crane.png,Snipe.png,0.9718206524848938,0.9374865889549255,0.9206039309501648,0.9069916009902954,0.9018850326538086
Rat.png,Mouse.png,Gerbil.png,Shrew.png,Bass.png,Sea_Bass.png,0.946221113204956,0.903153657913208,0.9025245904922485,0.8361298441886902,0.8358891010284424
Rat_Snake.png,Boa.png,Snake.png,Whip_Snake.png,Anaconda.png,Vine_Snake.png,0.9903967380523682,0.9854726195335388,0.983647346496582,0.9806678891181946,0.9774213433265686
Rattlesnake.png,Sand_Boa.png,Water_Snake.png,Mamba.png,Garter_Snake.png,Racer.png,0.9826598167419434,0.9801241755485535,0.974187970161438,0.9718265533447266,0.9666503071784973
Raven.png,Puffin.png,Crow.png,Condor.png,Cowrie.png,Mussel.png,0.973153829574585,0.9697458148002625,0.9632840156555176,0.8462186455726624,0.8446187376976013
Ray.png,Stingray.png,Eagle_Ray.png,Manta_Ray.png,Cricket.png,Springtail.png,0.9750052094459534,0.9157541394233704,0.8998532295227051,0.7791897058486938,0.7774449586868286
Razor_Clam.png,Polychaete_Worm.png,Scale_Worm.png,Sugar_Glider.png,Seal.png,Otter.png,0.7865734696388245,0.7630340456962585,0.7583467364311218,0.7559242248535156,0.7548156976699829
Red_Fox.png,Fox.png,Arctic_Fox.png,Snow_Leopard.png,Quoll.png,Red_Panda.png,0.978047251701355,0.9663416743278503,0.9623441100120544,0.9258415102958679,0.920376718044281
Red_Panda.png,Quoll.png,Fox.png,Sugar_Glider.png,Coati.png,Arctic_Fox.png,0.9436026215553284,0.9374476671218872,0.9362180829048157,0.9288392066955566,0.9243184924125671
Reef_Fish.png,Tilapia.png,Clownfish.png,Cichlid.png,Parrotfish.png,Triggerfish.png,0.9873688220977783,0.9707127213478088,0.9567663073539734,0.9451464414596558,0.9232740998268127
Reef_Shark.png,Tiger_Shark.png,Shark.png,Juvenile_Shark.png,Mako_Shark.png,Great_White_Shark.png,0.9969673752784729,0.990262508392334,0.9855055212974548,0.9753273725509644,0.8886480927467346
Reindeer.png,Caribou.png,Deer.png,Antelope.png,Elk.png,Gazelle.png,0.9740096926689148,0.8670900464057922,0.852338969707489,0.8518413305282593,0.8305559158325195
Remora.png,Barracuda.png,Anchovy.png,Wahoo.png,Blind_Fish.png,Moray_Eel.png,0.9470939040184021,0.9290679097175598,0.9069574475288391,0.9000508785247803,0.8945667743682861
Rhea.png,Emu.png,Cassowary.png,Egret.png,Bittern.png,Kakapo.png,0.9456096291542053,0.8146591186523438,0.796537458896637,0.7935951352119446,0.7880600690841675
Rhinoceros.png,Water_Buffalo.png,Warthog.png,Cattle.png,Banteng.png,Cow.png,0.915723443031311,0.8897767066955566,0.8869097232818604,0.8794734477996826,0.8790652751922607
Right_Whale.png,Beluga.png,Vulture.png,Pilot_Whale.png,Porpoise.png,Frigatebird.png,0.9192449450492859,0.8838595151901245,0.8824551105499268,0.8692573308944702,0.8683397769927979
River_Dolphin.png,Dolphin.png,Gray_Whale.png,Blue_Whale.png,Porpoise.png,Whale.png,0.9780122637748718,0.9192497730255127,0.8850306272506714,0.8571536540985107,0.8564938306808472
River_Otter.png,Giant_Otter.png,Stoat.png,Marten.png,Mink.png,Otter.png,0.9786806106567383,0.9374580979347229,0.9193037152290344,0.9183706045150757,0.91599041223526
Roadrunner.png,Tropicbird.png,Pheasant.png,Harpy_Eagle.png,Kookaburra.png,Swallow.png,0.9667739868164062,0.7800745368003845,0.7513853907585144,0.7325260043144226,0.7263287901878357
Robin.png,Plover.png,Finch.png,Partridge.png,Cardinal.png,Tanager.png,0.9183589220046997,0.901060938835144,0.8929269909858704,0.8757137060165405,0.8684816360473633
Rooster.png,Quetzal.png,Hoatzin.png,Macaw.png,Parrot.png,Chicken.png,0.8573871850967407,0.8293489813804626,0.8149393796920776,0.7990253567695618,0.7960525751113892
Saiga.png,Elk.png,Alpaca.png,Deer.png,Antelope.png,Impala.png,0.8531308174133301,0.8206934332847595,0.7932518124580383,0.7799637913703918,0.7717690467834473
Sailfish.png,Swordfish.png,Catfish.png,Marlin.png,Mullet.png,Sardine.png,0.9521481394767761,0.9476781487464905,0.9238836169242859,0.9136261940002441,0.8938506245613098
Salamander.png,Arowana.png,Lungfish.png,Axolotl.png,Fly_Larvae.png,Cave_Cricket.png,0.8667949438095093,0.8629983067512512,0.8569033741950989,0.852719247341156,0.8523125052452087
Salmon.png,Deep-Sea_Fish.png,Whitefish.png,Lanternfish.png,Tarpon.png,Trout.png,0.9981908798217773,0.9958028197288513,0.9908036589622498,0.9869535565376282,0.9860968589782715
Salp.png,Giraffe.png,Camel.png,Elk.png,Alpaca.png,Dromedary_Camel.png,0.5521911382675171,0.5487110018730164,0.5469980239868164,0.5457192659378052,0.5426062345504761
Sand_Boa.png,Garter_Snake.png,Rattlesnake.png,Water_Snake.png,Cottonmouth.png,Vine_Snake.png,0.9890807271003723,0.9826598167419434,0.9784559607505798,0.9743841290473938,0.9718546271324158
Sand_Cat.png,Coati.png,Wildcat.png,Civet.png,Cat.png,Pampas_Fox.png,0.9588504433631897,0.9561629295349121,0.9504323601722717,0.9420501589775085,0.9417257905006409
Sand_Dollar.png,Starfish.png,Horned_Lizard.png,Brittle_Star.png,Box_Turtle.png,Pond_Turtle.png,0.9981088042259216,0.7903868556022644,0.7899073362350464,0.7428413033485413,0.7427893280982971
Sandgrouse.png,Starling.png,Hawk.png,Osprey.png,Falcon.png,Skua.png,0.9454036951065063,0.9257803559303284,0.9239928126335144,0.9189341068267822,0.9145836234092712
Sandpiper.png,Seabird.png,Tern.png,Booby.png,Gannet.png,Snow_Petrel.png,0.928094208240509,0.9266266822814941,0.9227573871612549,0.9150593280792236,0.9088916778564453
Sardine.png,Trout.png,Tarpon.png,Small_Fish.png,Lanternfish.png,Salmon.png,0.9983686804771423,0.9981362223625183,0.9954893589019775,0.9841629862785339,0.9829185009002686
Scale_Worm.png,Bumblebee.png,Barreleye.png,Hippopotamus.png,Leech.png,Marine_Worm.png,0.8323453664779663,0.8269937038421631,0.8238314390182495,0.8217555284500122,0.8103468418121338
Scallop.png,Clam.png,Mussel.png,Giant_Clam.png,Oyster.png,Cuttlefish.png,0.9984495639801025,0.9953868985176086,0.9950973987579346,0.9900716543197632,0.9087154865264893
Scorpion.png,Sea_Lion.png,Walrus.png,Hippopotamus.png,Monkfish.png,Yak.png,0.6201961040496826,0.6185957193374634,0.6124410629272461,0.6068959832191467,0.6021159887313843
Scorpionfly.png,Stonefly.png,Mayfly.png,Caddisfly.png,Damselfly.png,Tegu.png,0.9309905767440796,0.9218558669090271,0.9164616465568542,0.8909041285514832,0.8255252242088318
Screamer.png,Bustard.png,Guineafowl.png,Sparrow.png,Gull.png,Seriema.png,0.9742644429206848,0.966114342212677,0.9276270270347595,0.9194774031639099,0.9193512201309204
Sculpin.png,Walleye.png,Grayling.png,Wrasse.png,Bowfin.png,Mudminnow.png,0.9541295766830444,0.9386368989944458,0.936317503452301,0.9361820816993713,0.9304007291793823
Sea_Anemone.png,Tube_Worm.png,Coral.png,Cold-Water_Coral.png,Bear.png,Dung_Beetle.png,0.8167353272438049,0.7153400182723999,0.7016005516052246,0.6990138292312622,0.6962175965309143
Sea_Bass.png,Bass.png,Grouper.png,Carp.png,Mahi-Mahi.png,Herring.png,0.9675543904304504,0.959313690662384,0.8783896565437317,0.8738853335380554,0.8733536601066589
Sea_Cucumber.png,Barreleye.png,Haddock.png,Bumblebee.png,Platypus.png,Goby.png,0.8792248368263245,0.8722171187400818,0.8642178177833557,0.8613812923431396,0.8613148927688599
Sea_Lion.png,Fur_Seal.png,Seal.png,Wombat.png,Sea_Otter.png,Tasmanian_Devil.png,0.9515148997306824,0.9111059308052063,0.9000517129898071,0.8846278786659241,0.8798857927322388
Sea_Otter.png,Mole.png,Fur_Seal.png,Badger.png,Weasel.png,Wombat.png,0.937384843826294,0.931377112865448,0.9269303679466248,0.9164828062057495,0.9007068276405334
Sea_Snail.png,Water_Snail.png,Land_Snail.png,Pufferfish.png,Barnacle.png,Conch.png,0.9499871730804443,0.922412097454071,0.8831183314323425,0.8772391080856323,0.8755146265029907
Sea_Spider.png,Camel_Spider.png,Harvestman.png,Sturgeon.png,Narwhal.png,Beaked_Whale.png,0.9658220410346985,0.756676197052002,0.6802150011062622,0.6754560470581055,0.6719863414764404
Sea_Squirt.png,Water_Snail.png,Land_Snail.png,Firefly.png,Gorilla.png,Grebe.png,0.7976137399673462,0.7853138446807861,0.7657954096794128,0.7647136449813843,0.7636716961860657
Sea_Turtle.png,Tardigrade.png,Snailfish.png,Badger.png,Gila_Monster.png,Gecko.png,0.8200685381889343,0.8158442378044128,0.8106772899627686,0.8083769083023071,0.8068175315856934
Sea_Urchin.png,Conch.png,Cuttlefish.png,Cowrie.png,Flounder.png,Halibut.png,0.7645465731620789,0.7633975744247437,0.7628872394561768,0.762825071811676,0.762825071811676
Seabird.png,Booby.png,Gannet.png,Snow_Petrel.png,Petrel.png,Tern.png,0.9937999844551086,0.9859073162078857,0.9691660404205322,0.9668341279029846,0.9574286937713623
Seahorse.png,Penguin.png,Pyrosome.png,Koala.png,Woodpecker.png,Firefly.png,0.7268872261047363,0.6920104026794434,0.6871356964111328,0.6644159555435181,0.6625358462333679
Seal.png,Sea_Lion.png,Fur_Seal.png,Mole.png,Sea_Otter.png,Tasmanian_Devil.png,0.9111059308052063,0.9089232683181763,0.8905206322669983,0.8826303482055664,0.86580890417099
Secretary_Bird.png,Pheasant.png,Tropicbird.png,Peacock.png,Turkey.png,Grouse.png,0.7588273286819458,0.7181715369224548,0.7172103524208069,0.7165889739990234,0.716204047203064
Seriema.png,Gull.png,Guineafowl.png,Pigeon.png,Ptarmigan.png,Kestrel.png,0.9474436044692993,0.9473279118537903,0.9411993622779846,0.9411506652832031,0.9235290884971619
Serow.png,Goat.png,Tahr.png,Mountain_Goat.png,Sheep.png,Chamois.png,0.9720969200134277,0.9708605408668518,0.967657744884491,0.9651800394058228,0.964849054813385
Serval.png,Caracal.png,Kinkajou.png,Dingo.png,Ocelot.png,Jackal.png,0.9150404334068298,0.8952015042304993,0.8617968559265137,0.8594150543212891,0.8412332534790039
Shark.png,Juvenile_Shark.png,Mako_Shark.png,Reef_Shark.png,Tiger_Shark.png,Great_White_Shark.png,0.9966486692428589,0.9916142821311951,0.990262508392334,0.982272207736969,0.9144569039344788
Sheep.png,Tahr.png,Goat.png,Serow.png,Ibex.png,Mountain_Goat.png,0.9831287264823914,0.9802846312522888,0.9651800394058228,0.9617070555686951,0.9527919888496399
Shrew.png,Rat.png,Gerbil.png,Mouse.png,Haddock.png,Mahi-Mahi.png,0.9025245904922485,0.8583777546882629,0.8544868230819702,0.837344229221344,0.8305076956748962
Shrimp.png,Fairy_Shrimp.png,Vent_Shrimp.png,Freshwater_Shrimp.png,Brine_Shrimp.png,Water_Flea.png,0.978708803653717,0.941982626914978,0.9162847995758057,0.8671392202377319,0.8422778844833374
Skink.png,Monitor_Lizard.png,Iguana.png,Anole.png,Tegu.png,Land_Iguana.png,0.9745013117790222,0.9363192319869995,0.9327795505523682,0.9136455655097961,0.9026432037353516
Skua.png,Kestrel.png,Falcon.png,Hawk.png,Osprey.png,Pigeon.png,0.9977142810821533,0.9927076697349548,0.9870875477790833,0.9862887263298035,0.983410120010376
Sloth.png,Hummingbird.png,Coconut_Crab.png,Crab.png,Cockroach.png,Mud_Crab.png,0.705341637134552,0.6604373455047607,0.6496955156326294,0.6438710689544678,0.6361281871795654
Sloth_Bear.png,Sun_Bear.png,Panda.png,Spectacled_Bear.png,Black_Bear.png,Fishing_Cat.png,0.9620758295059204,0.9487290382385254,0.935381293296814,0.9321144223213196,0.9223527312278748
Small_Fish.png,Tarpon.png,Trout.png,Sardine.png,Minnow.png,Salmon.png,0.996333658695221,0.9955819845199585,0.9954893589019775,0.9846506714820862,0.9760470390319824
Snail.png,Freshwater_Snail.png,Barnacle.png,Nudibranch.png,Poison_Dart_Frog.png,Glass_Frog.png,0.9560438990592957,0.9014289379119873,0.8729040622711182,0.8655681014060974,0.8580380082130432
Snailfish.png,Goldfish.png,Blobfish.png,Boxfish.png,Tardigrade.png,Triggerfish.png,0.9543905258178711,0.9542484283447266,0.951274573802948,0.9430533647537231,0.9394465088844299
Snake.png,Rat_Snake.png,Grass_Snake.png,Vine_Snake.png,Whip_Snake.png,Boa.png,0.9854726195335388,0.9812443256378174,0.9734143018722534,0.9716411232948303,0.9685465097427368
Snapper.png,Perch.png,Damselfish.png,Archerfish.png,Cardinalfish.png,Piranha.png,0.9926861524581909,0.9921998977661133,0.9885397553443909,0.9440312385559082,0.9426184892654419
Snapping_Turtle.png,Pilot_Whale.png,Sandgrouse.png,Starling.png,Right_Whale.png,Cottonmouth.png,0.8247289657592773,0.8056802749633789,0.7952098846435547,0.7897779941558838,0.7816015481948853
Snipe.png,Crane.png,Godwit.png,Seabird.png,Pelican.png,Curlew.png,0.9358510375022888,0.9292579889297485,0.9152910709381104,0.914750337600708,0.9079926609992981
Snow_Leopard.png,Red_Fox.png,Arctic_Fox.png,Fox.png,Quoll.png,Wolverine.png,0.9623441100120544,0.9579405784606934,0.9522791504859924,0.9365577101707458,0.9361334443092346
Snow_Petrel.png,Petrel.png,Booby.png,Seabird.png,Gannet.png,Tern.png,0.9963594675064087,0.9696988463401794,0.9691660404205322,0.9622736573219299,0.9426270723342896
Snowshoe_Hare.png,Rabbit.png,Hare.png,Arctic_Hare.png,Butterflyfish.png,Sunfish.png,0.9419379234313965,0.9110479354858398,0.858427107334137,0.837404727935791,0.828648567199707
Snowy_Owl.png,Desert_Owl.png,Owl.png,Sparrow.png,Weaverbird.png,Tanager.png,0.9416455030441284,0.9316956400871277,0.9228969216346741,0.9167467355728149,0.9132773876190186
Softshell_Turtle.png,Crocodile.png,Lungfish.png,Fly_Larvae.png,Cave_Cricket.png,Sea_Cucumber.png,0.8520877957344055,0.8399675488471985,0.8387086391448975,0.8386684656143188,0.8297373056411743
Sparrow.png,Weaverbird.png,Tanager.png,Dove.png,Finch.png,Partridge.png,0.9893596768379211,0.9854979515075684,0.9666122794151306,0.9477352499961853,0.9465875029563904
Spectacled_Bear.png,Black_Bear.png,Sloth_Bear.png,Tapir.png,Wild_Sheep.png,Mountain_Tapir.png,0.9517217874526978,0.935381293296814,0.9344295263290405,0.932594895362854,0.9192524552345276
Sperm_Whale.png,Beluga.png,Whale.png,Gray_Whale.png,Porpoise.png,Dolphin.png,0.9326318502426147,0.9324148893356323,0.9194234013557434,0.9036898016929626,0.8746695518493652
Spider.png,Tarantula.png,Mite.png,Deer_Tick.png,Isopod.png,Hermit_Crab.png,0.9704281091690063,0.8802731037139893,0.8534708619117737,0.8122832775115967,0.8117481470108032
Spider_Monkey.png,Baboon.png,Langur.png,Macaque.png,Lemur.png,Proboscis_Monkey.png,0.9597763419151306,0.9288622736930847,0.9199731945991516,0.912909746170044,0.9009295105934143
Sponge.png,Firefly.png,Aye-Aye.png,Pyrosome.png,Kakapo.png,Beetle.png,0.8680391907691956,0.8583370447158813,0.8525874018669128,0.8508886098861694,0.8506625890731812
Spoonbill.png,Rail.png,Curlew.png,Ibis.png,Godwit.png,Avocet.png,0.9206039309501648,0.9187596440315247,0.8985912203788757,0.8915407657623291,0.886888325214386
Spotted_Hyena.png,Hyena.png,Striped_Hyena.png,Wildebeest.png,Gaur.png,Buffalo.png,0.9659829139709473,0.9398356080055237,0.9010508060455322,0.8962585926055908,0.8945424556732178
Springbok.png,Gazelle.png,Impala.png,Antelope.png,Deer.png,Pronghorn.png,0.9736095070838928,0.9690127372741699,0.9679758548736572,0.9323697686195374,0.8754670023918152
Springtail.png,Isopod.png,Giant_Isopod.png,Cockroach.png,Giant_Water_Bug.png,Tarantula.png,0.8311970829963684,0.8309383392333984,0.8301857709884644,0.8125153183937073,0.8071167469024658
Squid.png,Portuguese_Man-of-War.png,Giant_Squid.png,Jellyfish.png,Howler_Monkey.png,Comb_Jelly.png,0.631637692451477,0.6208971738815308,0.5986359119415283,0.5945037603378296,0.5825868248939514
Squirrel.png,Ground_Squirrel.png,Tree_Shrew.png,Flying_Squirrel.png,Chipmunk.png,Gerbil.png,0.9922021627426147,0.9883334040641785,0.9824777841567993,0.954541027545929,0.8181001543998718
Starfish.png,Sand_Dollar.png,Horned_Lizard.png,Brittle_Star.png,Pond_Turtle.png,Box_Turtle.png,0.9981088042259216,0.7927582859992981,0.7892590761184692,0.7462635040283203,0.7458982467651367
Starling.png,Ptarmigan.png,Gull.png,Sandgrouse.png,Kestrel.png,Skua.png,0.9536582231521606,0.9468736052513123,0.9454036951065063,0.94502192735672,0.9405330419540405
Stick_Insect.png,Pipefish.png,Blind_Fish.png,Whiptail.png,Eel.png,Dragonfish.png,0.8393924236297607,0.8004790544509888,0.7907570600509644,0.7888112664222717,0.7872347831726074
Stingray.png,Ray.png,Eagle_Ray.png,Manta_Ray.png,Springtail.png,Cricket.png,0.9750052094459534,0.9215816855430603,0.9108748435974121,0.7785924673080444,0.7728256583213806
Stoat.png,Giant_Otter.png,Marten.png,River_Otter.png,Mink.png,Fisher.png,0.9752757549285889,0.9377884864807129,0.9374580979347229,0.926010251045227,0.901453971862793
Stonefly.png,Mayfly.png,Scorpionfly.png,Caddisfly.png,Damselfly.png,Newt.png,0.9795790910720825,0.9309905767440796,0.913841724395752,0.9132183790206909,0.8206180334091187
Stork.png,Heron.png,Avocet.png,Ibis.png,Godwit.png,Curlew.png,0.9949381351470947,0.9714555740356445,0.9660017490386963,0.9069226384162903,0.9001641273498535
Striped_Hyena.png,Hyena.png,Spotted_Hyena.png,Wildebeest.png,Gaur.png,Bull.png,0.9778509736061096,0.9398356080055237,0.9345282316207886,0.9229146838188171,0.8876991868019104
Sturgeon.png,Anchovy.png,Wahoo.png,Barracuda.png,Marlin.png,Paddlefish.png,0.8907512426376343,0.8855130672454834,0.8770253658294678,0.8762151002883911,0.870175302028656
Sugar_Glider.png,Quoll.png,Red_Panda.png,Arctic_Fox.png,Snow_Leopard.png,Red_Fox.png,0.9688540697097778,0.9362180829048157,0.917507529258728,0.9137722849845886,0.9103305339813232
Sun_Bear.png,Sloth_Bear.png,Fishing_Cat.png,Black_Bear.png,Spectacled_Bear.png,Tapir.png,0.9620758295059204,0.9213326573371887,0.9118773937225342,0.9104822874069214,0.90659099817276
Sunfish.png,Cichlid.png,Pufferfish.png,Clownfish.png,Butterflyfish.png,Surgeonfish.png,0.9324954748153687,0.9210529327392578,0.919187068939209,0.9155144691467285,0.8971503376960754
Surgeonfish.png,Tang.png,Cichlid.png,Clownfish.png,Parrotfish.png,Reef_Fish.png,0.9828273057937622,0.922064483165741,0.9192589521408081,0.917037844657898,0.9070504903793335
Swallow.png,Swift.png,Right_Whale.png,Frigatebird.png,Platypus.png,Orca.png,0.8617984652519226,0.8558573126792908,0.8409225344657898,0.8382492661476135,0.8322627544403076
Swan.png,Grebe.png,Goose.png,Cormorant.png,Loon.png,Sea_Squirt.png,0.9328574538230896,0.8773796558380127,0.8589080572128296,0.8409198522567749,0.7429226040840149
Swift.png,Swallow.png,Chiton.png,Fly_Larvae.png,Cave_Cricket.png,Beluga.png,0.8617984652519226,0.8543435335159302,0.8483663201332092,0.8462111353874207,0.8325064778327942
Swordfish.png,Catfish.png,Sailfish.png,Marlin.png,Mullet.png,Bonefish.png,0.9527629613876343,0.9521481394767761,0.9377914667129517,0.8955467343330383,0.888419508934021
Tadpole_Shrimp.png,Water_Flea.png,Amphipod.png,Shrimp.png,Fairy_Shrimp.png,Springtail.png,0.9403404593467712,0.8554850816726685,0.8243981003761292,0.8121970295906067,0.8035485148429871
Tahr.png,Sheep.png,Goat.png,Ibex.png,Serow.png,Mountain_Goat.png,0.9831287264823914,0.9777862429618835,0.9710388779640198,0.9708605408668518,0.9577987194061279
Takin.png,Musk_Ox.png,Brown_Bear.png,Wild_Boar.png,Peccary.png,Wild_Sheep.png,0.9460707902908325,0.9398993849754333,0.9323040843009949,0.922398567199707,0.8923917412757874
Tamarin.png,Marmoset.png,Capuchin.png,Monkey.png,Lemur.png,Mandrill.png,0.9475687742233276,0.9089958071708679,0.9029830694198608,0.9016009569168091,0.8982400894165039
Tanager.png,Weaverbird.png,Sparrow.png,Finch.png,Partridge.png,Dove.png,0.9920470714569092,0.9854979515075684,0.968338668346405,0.9613046050071716,0.9507476091384888
Tang.png,Surgeonfish.png,Perch.png,Parrotfish.png,Pacu.png,Reef_Fish.png,0.9828273057937622,0.9296862483024597,0.9245009422302246,0.9167618155479431,0.9160158038139343
Tapir.png,Black_Bear.png,Polar_Bear.png,Spectacled_Bear.png,Sloth_Bear.png,Panda.png,0.959791362285614,0.941585123538971,0.9344295263290405,0.9163631200790405,0.9157624244689941
Tarantula.png,Spider.png,Mite.png,Deer_Tick.png,Isopod.png,Giant_Isopod.png,0.9704281091690063,0.917783796787262,0.8915881514549255,0.8198635578155518,0.8186498284339905
Tardigrade.png,Snailfish.png,Blobfish.png,Halibut.png,Flounder.png,Boxfish.png,0.9430533647537231,0.9398452639579773,0.9230911731719971,0.9230911731719971,0.9146167635917664
Tarpon.png,Trout.png,Sardine.png,Small_Fish.png,Salmon.png,Deep-Sea_Fish.png,0.9993193745613098,0.9981362223625183,0.996333658695221,0.9869535565376282,0.9851677417755127
Tasmanian_Devil.png,Possum.png,Fur_Seal.png,Marsh_Rodent.png,Armadillo.png,Colugo.png,0.8952580094337463,0.8919363021850586,0.888652503490448,0.887846827507019,0.8873941898345947
Tegu.png,Wall_Lizard.png,Anole.png,Lizard.png,Skink.png,Mountain_Lizard.png,0.9851541519165039,0.9363749027252197,0.9197294116020203,0.9136455655097961,0.9086138606071472
Termite.png,Aphid.png,Thrips.png,Bee.png,Honeybee.png,Orchid_Bee.png,0.9894192218780518,0.9233835339546204,0.8950371146202087,0.8910269737243652,0.8794511556625366
Tern.png,Booby.png,Gannet.png,Seabird.png,Petrel.png,Snow_Petrel.png,0.9663071632385254,0.9608954191207886,0.9574286937713623,0.9443191885948181,0.9426270723342896
Tetra.png,Carp.png,Herring.png,Mahi-Mahi.png,Piranha.png,Goldfish.png,0.9966331720352173,0.9910182952880859,0.9502331614494324,0.9159095287322998,0.9098783731460571
Thrips.png,Honeybee.png,Bee.png,Termite.png,Orchid_Bee.png,Aphid.png,0.9643815159797668,0.953022301197052,0.9233835339546204,0.9216892719268799,0.9174932837486267
Tiger.png,Jaguar.png,Leopard.png,Cougar.png,Possum.png,Cat.png,0.9820160865783691,0.9470571279525757,0.9323405027389526,0.9283546209335327,0.9254650473594666
Tiger_Shark.png,Reef_Shark.png,Shark.png,Juvenile_Shark.png,Mako_Shark.png,Great_White_Shark.png,0.9969673752784729,0.982272207736969,0.976428210735321,0.9683327674865723,0.8818032741546631
Tigerfish.png,Pollock.png,Sardine.png,Tarpon.png,Salmon.png,Trout.png,0.9914937019348145,0.9665337800979614,0.9661291241645813,0.965779185295105,0.965592622756958
Tilapia.png,Reef_Fish.png,Clownfish.png,Triggerfish.png,Parrotfish.png,Cichlid.png,0.9873688220977783,0.9478374719619751,0.9375458359718323,0.9340378046035767,0.9334798455238342
Toad.png,Cave_Frog.png,Tree_Frog.png,Frog.png,Wood_Frog.png,Bullfrog.png,0.9943414926528931,0.9807770252227783,0.9754272699356079,0.899844229221344,0.8317923545837402
Tortoise.png,Turtle.png,Pond_Turtle.png,Box_Turtle.png,Flounder.png,Halibut.png,0.9825484156608582,0.9337436556816101,0.8860861659049988,0.876849889755249,0.876849889755249
Toucan.png,Chough.png,Hermit_Crab.png,Oystercatcher.png,Copepod.png,Springtail.png,0.8661927580833435,0.7828053832054138,0.7657070159912109,0.759798526763916,0.7469428777694702
Tree_Frog.png,Frog.png,Toad.png,Cave_Frog.png,Wood_Frog.png,Bullfrog.png,0.9958426356315613,0.9807770252227783,0.9667872786521912,0.8708451390266418,0.8050476312637329
Tree_Shrew.png,Ground_Squirrel.png,Flying_Squirrel.png,Squirrel.png,Chipmunk.png,Echidna.png,0.9926016926765442,0.9896208643913269,0.9883334040641785,0.9730735421180725,0.8116658926010132
Tree_Snake.png,Python.png,Viper.png,Cave_Snake.png,Grass_Snake.png,Mountain_Viper.png,0.9761490821838379,0.9704557657241821,0.9650091528892517,0.9577906131744385,0.9542067050933838
Triggerfish.png,Goldfish.png,Blobfish.png,Snailfish.png,Tilapia.png,Parrotfish.png,0.9556867480278015,0.9449706673622131,0.9394465088844299,0.9375458359718323,0.9346010684967041
Tripod_Fish.png,Horseshoe_Crab.png,Portuguese_Man-of-War.png,Giant_Squid.png,Jellyfish.png,Comb_Jelly.png,0.497511625289917,0.46881309151649475,0.46139630675315857,0.4494446814060211,0.44878441095352173
Tropicbird.png,Roadrunner.png,Pheasant.png,Harpy_Eagle.png,Parrot.png,Magpie.png,0.9667739868164062,0.8098500370979309,0.7674421072006226,0.7535104751586914,0.7496167421340942
Trout.png,Tarpon.png,Sardine.png,Small_Fish.png,Salmon.png,Deep-Sea_Fish.png,0.9993193745613098,0.9983686804771423,0.9955819845199585,0.9860968589782715,0.9841389656066895
Tube_Worm.png,Sea_Anemone.png,Giant_Tube_Worm.png,Coral.png,Clam.png,Mussel.png,0.8167353272438049,0.7971318960189819,0.6984812617301941,0.69437175989151,0.6942972540855408
Tuna.png,Haddock.png,Coelacanth.png,Cold-Water_Fish.png,Goby.png,Pollock.png,0.9615377187728882,0.9533829092979431,0.9484657645225525,0.9467425346374512,0.9433441758155823
Turkey.png,Grouse.png,Peacock.png,Halibut.png,Flounder.png,Tardigrade.png,0.9916340112686157,0.8852101564407349,0.802890419960022,0.802890419960022,0.8020370006561279
Turtle.png,Tortoise.png,Pond_Turtle.png,Box_Turtle.png,Halibut.png,Flounder.png,0.9825484156608582,0.9555166363716125,0.90644770860672,0.873670756816864,0.873670756816864
Vampire_Bat.png,Insect-Eating_Bat.png,Bat.png,Fruit_Bat.png,Sea_Cucumber.png,Grouper.png,0.977339506149292,0.9656652808189392,0.8565852642059326,0.8120036721229553,0.7975007891654968
Vampire_Squid.png,Deep-Sea_Octopus.png,Beetle.png,Ladybug.png,Ocean_Sunfish.png,Jackrabbit.png,0.9774526953697205,0.8569029569625854,0.8565482497215271,0.8431956768035889,0.8422927856445312
Vent_Crab.png,Freshwater_Crab.png,Hermit_Crab.png,Mud_Crab.png,Coconut_Crab.png,Avocet.png,0.8800291419029236,0.8771834373474121,0.8551855087280273,0.8259115815162659,0.819574773311615
Vent_Shrimp.png,Freshwater_Shrimp.png,Brine_Shrimp.png,Shrimp.png,Fairy_Shrimp.png,Water_Flea.png,0.9893758296966553,0.9491851329803467,0.941982626914978,0.9187573790550232,0.8085938096046448
Vine_Snake.png,Water_Snake.png,Garter_Snake.png,Rat_Snake.png,Boa.png,Anaconda.png,0.9832886457443237,0.9795191287994385,0.9774213433265686,0.9765211343765259,0.9751050472259521
Viper.png,Grass_Snake.png,Mountain_Viper.png,Python.png,Tree_Snake.png,Cave_Snake.png,0.9865570068359375,0.9804384112358093,0.9786028265953064,0.9704557657241821,0.9683173894882202
Viperfish.png,Arowana.png,Oarfish.png,Knifefish.png,Gar.png,Anole.png,0.8652172684669495,0.8587925434112549,0.8573594689369202,0.856635570526123,0.8522127270698547
Vole.png,Water_Vole.png,Lemming.png,Marmot.png,Prairie_Dog.png,Capybara.png,0.9961786866188049,0.9759822487831116,0.9666327834129333,0.9547670483589172,0.9481558799743652
Vulture.png,Right_Whale.png,Frigatebird.png,Eagle.png,Sandgrouse.png,Pilot_Whale.png,0.8838595151901245,0.8790424466133118,0.8554179072380066,0.8300296664237976,0.8279659152030945
Wahoo.png,Barracuda.png,Anchovy.png,Arctic_Cod.png,Pike.png,Remora.png,0.9624293446540833,0.9496952295303345,0.9390210509300232,0.9109057188034058,0.9069574475288391
Wall_Lizard.png,Tegu.png,Lizard.png,Mountain_Lizard.png,Anole.png,Coastal_Lizard.png,0.9851541519165039,0.9449290037155151,0.9324473142623901,0.9304483532905579,0.9211558103561401
Wallaby.png,Kangaroo.png,Tamarin.png,Marmoset.png,Carrion_Beetle.png,Monkey.png,0.9927066564559937,0.6346445083618164,0.6235132813453674,0.620141863822937,0.6183376312255859
Walleye.png,Sculpin.png,Grayling.png,Char.png,Bowfin.png,Lanternfish.png,0.9541295766830444,0.9465896487236023,0.946123480796814,0.9291051626205444,0.9227811694145203
Walrus.png,Hippopotamus.png,Sea_Lion.png,Wombat.png,Seal.png,Fur_Seal.png,0.9366514682769775,0.8619524836540222,0.8469376564025879,0.8429993391036987,0.8287881016731262
Warthog.png,Bison.png,Cow.png,Bull.png,Cattle.png,Buffalo.png,0.9340981841087341,0.9135626554489136,0.9129399657249451,0.9116349816322327,0.9067621827125549
Wasp.png,Mosquito.png,Barreleye.png,Dugong.png,Fiddler_Crab.png,Manatee.png,0.8355321884155273,0.8349162936210632,0.8260593414306641,0.8192042112350464,0.811565637588501
Water_Beetle.png,Diving_Beetle.png,Beetle.png,Ladybug.png,Firefly.png,Ocean_Sunfish.png,0.999992311000824,0.9643924832344055,0.963873565196991,0.9068735241889954,0.8719693422317505
Water_Buffalo.png,Cow.png,Rhinoceros.png,Banteng.png,Cattle.png,Warthog.png,0.9424093961715698,0.915723443031311,0.9088554978370667,0.9051187038421631,0.8821775913238525
Water_Flea.png,Tadpole_Shrimp.png,Amphipod.png,Shrimp.png,Fairy_Shrimp.png,Vent_Shrimp.png,0.9403404593467712,0.8982675075531006,0.8422778844833374,0.8369243741035461,0.8085938096046448
Water_Snail.png,Land_Snail.png,Sea_Snail.png,Barnacle.png,Nudibranch.png,Gibbon.png,0.9689481258392334,0.9499871730804443,0.9014272689819336,0.8805100321769714,0.8497727513313293
Water_Snake.png,Vine_Snake.png,Garter_Snake.png,Rattlesnake.png,Sand_Boa.png,Mountain_Viper.png,0.9832886457443237,0.9803259968757629,0.9801241755485535,0.9784559607505798,0.9730167388916016
Water_Strider.png,Moray_Eel.png,Harvestman.png,Remora.png,Paddlefish.png,Blenny.png,0.6550150513648987,0.6464685797691345,0.6443646550178528,0.6428598761558533,0.6176725625991821
Water_Vole.png,Vole.png,Lemming.png,Marmot.png,Prairie_Dog.png,Capybara.png,0.9961786866188049,0.9831141829490662,0.969436526298523,0.9535790681838989,0.9508549571037292
Weasel.png,Sea_Otter.png,Badger.png,Fur_Seal.png,Mole.png,Giant_Anteater.png,0.9164828062057495,0.8960071802139282,0.8715339303016663,0.8618102073669434,0.8610258102416992
Weaverbird.png,Tanager.png,Sparrow.png,Dove.png,Finch.png,Partridge.png,0.9920470714569092,0.9893596768379211,0.9674625992774963,0.9562376737594604,0.9471276998519897
Whale.png,Gray_Whale.png,Sperm_Whale.png,Porpoise.png,Beluga.png,Dolphin.png,0.957556962966919,0.9324148893356323,0.9093852639198303,0.9013262391090393,0.8996621370315552
Whale_Shark.png,Great_White_Shark.png,Mako_Shark.png,Grayling.png,Sculpin.png,Mudminnow.png,0.9426323175430298,0.8649010062217712,0.860001802444458,0.8555968403816223,0.8546888828277588
Whip_Snake.png,Anaconda.png,Boa.png,Rat_Snake.png,Garter_Snake.png,Cottonmouth.png,0.9972968101501465,0.9846128821372986,0.983647346496582,0.9758684039115906,0.9719222187995911
Whiptail.png,Land_Iguana.png,Iguana.png,Monitor_Lizard.png,Alligator_Lizard.png,Skink.png,0.8911086320877075,0.8746923804283142,0.8722580671310425,0.864342212677002,0.847317099571228
Whitefish.png,Salmon.png,Deep-Sea_Fish.png,Lanternfish.png,Tarpon.png,Trout.png,0.9958028197288513,0.9945390820503235,0.9849058985710144,0.9738601446151733,0.97286456823349
Wild_Ass.png,Donkey.png,Nilgai.png,Zebra.png,Okapi.png,Bison.png,0.9816394448280334,0.9474123120307922,0.9396879076957703,0.9000843167304993,0.880155086517334
Wild_Boar.png,Brown_Bear.png,Musk_Ox.png,Takin.png,Peccary.png,Grizzly_Bear.png,0.9390131235122681,0.9339747428894043,0.9323040843009949,0.9290900826454163,0.9236350655555725
Wild_Horse.png,Horse.png,Wild_Pony.png,Zebra.png,Dog.png,Nilgai.png,0.9854515194892883,0.9222371578216553,0.9065272808074951,0.8852725028991699,0.8807789087295532
Wild_Pig.png,Buffalo.png,Cattle.png,Warthog.png,Bull.png,Bison.png,0.9168508052825928,0.9069036841392517,0.9025757908821106,0.9017497301101685,0.8963219523429871
Wild_Pony.png,Wild_Horse.png,Zebra.png,Horse.png,Dog.png,Nilgai.png,0.9222371578216553,0.9110743403434753,0.9069478511810303,0.9008692502975464,0.8882368803024292
Wild_Sheep.png,Tahr.png,Ibex.png,Sheep.png,Spectacled_Bear.png,Mountain_Goat.png,0.9447078704833984,0.9391655921936035,0.9333643317222595,0.932594895362854,0.9302127957344055
Wildcat.png,Civet.png,Sand_Cat.png,Leopard.png,Pampas_Fox.png,Coati.png,0.978367805480957,0.9561629295349121,0.9464795589447021,0.9464602470397949,0.9461807608604431
Wildebeest.png,Hyena.png,Striped_Hyena.png,Gaur.png,Spotted_Hyena.png,Donkey.png,0.93682461977005,0.9345282316207886,0.903861403465271,0.9010508060455322,0.8912574052810669
Wolf.png,Jackal.png,Coyote.png,African_Wild_Dog.png,Pampas_Fox.png,Dingo.png,0.984599769115448,0.9798887372016907,0.9569264054298401,0.9566276669502258,0.9452264904975891
Wolverine.png,Snow_Leopard.png,Raccoon.png,Fox.png,Mongoose.png,Red_Fox.png,0.9361334443092346,0.9337520003318787,0.8999456763267517,0.8982042074203491,0.8973073363304138
Wombat.png,Fur_Seal.png,Sea_Otter.png,Sea_Lion.png,Mole.png,Sun_Bear.png,0.9056993126869202,0.9007068276405334,0.9000517129898071,0.8865029811859131,0.8856246471405029
Wood_Frog.png,Bullfrog.png,Glass_Frog.png,Cave_Frog.png,Toad.png,Tree_Frog.png,0.9268279075622559,0.9187129735946655,0.9139631390571594,0.899844229221344,0.8708451390266418
Woodpecker.png,Koala.png,Pyrosome.png,Penguin.png,Firefly.png,Aye-Aye.png,0.7685794830322266,0.7599314451217651,0.7123005390167236,0.7037662267684937,0.6809713840484619
Wrasse.png,Cave_Fish.png,Mudminnow.png,Coelacanth.png,Cod.png,Goby.png,0.9899204969406128,0.9810177683830261,0.9643386602401733,0.9599926471710205,0.9586530923843384
Yak.png,Buffalo.png,Spotted_Hyena.png,Hyena.png,Striped_Hyena.png,Gaur.png,0.9024912118911743,0.8922454118728638,0.8776528239250183,0.8768202662467957,0.8634001016616821
Zebra.png,Nilgai.png,Wild_Ass.png,Donkey.png,Cow.png,Wild_Pony.png,0.9608945250511169,0.9396879076957703,0.9395951628684998,0.9157024025917053,0.9110743403434753
