category,asset_id,display_name,current_status,binary_result,previous_strict_status,changed_from_previous_submission,expected_body_family,global_body_template_risk,near_identical_silhouette_neighbors,body_plan,torso,head,eyes,legs_wings_appendages,rear_tail_flukes,signature_traits,current_assessment_and_required_fix,filename,width,height,mode,sha256,previous_sha256,expected_growth_family,overall_growth_form,roots_or_attachment,stem_trunk,leaves_fronds,flower_fruit_spore_harvest,scale_and_silhouette,fruiting_body_family,cap_body,stem_attachment_substrate,surface_spores_texture,cell_or_body_morphology,membrane_shell_wall,locomotion_structures,internal_structures,colony_or_scale_read,procedural_kind,body_or_growth_plan,head_sensory_region,limbs_wings_roots_appendages,rear_tail_or_terminal_region,material_skin_surface,trait_blend_coherence
fauna,Abalone,Abalone,PASS,PASS,PASS,True,Gastropods,LOW,,PASS,PASS,PASS,PASS,PASS,PASS,PASS,PASS — Leave alone at the current stylized resolution. Major body regions and defining silhouette are sufficiently represented.,Abalone.png,440,440,RGBA,090323a519a8409b61444defe221193bced4d988a90c526be10bf82829f3f5d2,1ff811aca9ae33b2dbee083ce93e531543e5cc5fb28ff21a2fe3f7be2b40e622,,,,,,,,,,,,,,,,,,,,,,,
fauna,Alpaca,Alpaca,PASS,PASS,FAIL,True,Camels,HIGH,,PASS,PASS,PASS,PASS,PASS,PASS,PASS,"The current long-necked, woolly camelid silhouette, small head, upright ears and compact legs are sufficiently recognizable at this stylized scale.",Alpaca.png,440,440,RGBA,c03abde175b913ed686746c6405439441032295273abe929d34b0f79e7071206,76238edbee977e9722c4080cee7018bc23504463fc75cf284325ca68faf52b2a,,,,,,,,,,,,,,,,,,,,,,,
fauna,Alpine_Salamander,Alpine Salamander,PASS,PASS,FAIL,True,Salamanders,HIGH,,PASS,PASS,PASS,PASS,PASS,PASS,PASS,"The low salamander body, four splayed limbs and dark coloration are sufficiently readable; leave the current stylized form alone.",Alpine_Salamander.png,440,440,RGBA,c1212554b185c82cfd88285abd907dfe21d461c1a4a955e316d1f87e4f576f62,de7c54054dd24fc10d99a46214a8ac373cb2442f1f1da445c8138e9a7c08d5fe,,,,,,,,,,,,,,,,,,,,,,,
fauna,Angelfish,Angelfish,PASS,PASS,HOLD,True,Reef fish,MEDIUM,,PASS,PASS,PASS,PASS,PASS,PASS,PASS,"The deep laterally compressed body, tall dorsal/anal fins and trailing rays now clearly read as an angelfish.",Angelfish.png,440,440,RGBA,ff5e5b9da2fa4a183f3144f73166802fdaa44c3e428634af2c34a831a37b9ad5,ef2db5927387819acb45fecf8eecb0aa5c0b807e48d19f1bc8ce87aec5a98ca3,,,,,,,,,,,,,,,,,,,,,,,
fauna,Armadillo,Armadillo,PASS,PASS,PASS,True,Armadillos and relatives,LOW,,PASS,PASS,PASS,PASS,PASS,PASS,PASS,PASS — Leave alone at the current stylized resolution. Major body regions and defining silhouette are sufficiently represented.,Armadillo.png,440,440,RGBA,33cd5b904f7b6cce4b9ffd88b7fd7024ace137cb67d8ce54ffbd5d0fe43c3b70,82cb6c346f40c005ac0dfe20c7df8d85a1c48bc77b571f81f11bbad5126b2c23,,,,,,,,,,,,,,,,,,,,,,,
fauna,Barreleye,Barreleye,PASS,PASS,PASS,True,Strange deep-sea fish,LOW,,PASS,PASS,PASS,PASS,PASS,PASS,PASS,PASS — Leave alone at the current stylized resolution. Major body regions and defining silhouette are sufficiently represented.,Barreleye.png,440,440,RGBA,9c035ebe58dc9a6757b8095d3838e54669fff02615e3cd76309c61ccab625e1e,200370d1d11c33076d9a7c3bb77262a990d7dc8de25d73b56c3ce11fadc756f5,,,,,,,,,,,,,,,,,,,,,,,
fauna,Basking_Shark,Basking Shark,PASS,PASS,PASS,True,Sharks,LOW,,PASS,PASS,PASS,PASS,PASS,PASS,PASS,PASS — Leave alone at the current stylized resolution. Major body regions and defining silhouette are sufficiently represented.,Basking_Shark.png,440,440,RGBA,1134ed987036ea1a9d784895a221d14d7156f9ace27e35ac357bfcf716cd2761,a20a353b277ae280b760fdac912144dc451515ae80debee9bc7709db0d5eb550,,,,,,,,,,,,,,,,,,,,,,,
fauna,Bull,Bull,PASS,PASS,FAIL,True,Cattle and bovids,HIGH,,PASS,PASS,PASS,PASS,PASS,PASS,PASS,"The current bovine torso, horns, head and stance are sufficiently recognizable as a bull at the project’s stylized scale.",Bull.png,440,440,RGBA,211e9ac47f6754381cc72ab05abd83eb7c1b064d46d59a34adb57f17d791ac46,1a0bea2ee8820686d4ba4f255c92fa68dfbd14952472d4f1b57f447876f1b861,,,,,,,,,,,,,,,,,,,,,,,
fauna,Bumblebee,Bumblebee,PASS,PASS,FAIL,True,Bees,HIGH,,PASS,PASS,PASS,PASS,PASS,PASS,PASS,"The round striped body, wings and insect segmentation are readable; leave alone.",Bumblebee.png,440,440,RGBA,2a13d885841019053fb5c98465abe13887345b691b85c7303e104c6fe86d29a8,c2a54c03668df104b2a01b5754dbdf37f78d06c9eb9b66076f9ce13ceaf13a1c,,,,,,,,,,,,,,,,,,,,,,,
fauna,Butterfly,Butterfly,PASS,PASS,PASS,True,Insects,LOW,,PASS,PASS,PASS,PASS,PASS,PASS,PASS,PASS — Leave alone at the current stylized resolution. Major body regions and defining silhouette are sufficiently represented.,Butterfly.png,440,440,RGBA,20437108a2c9f3c9c2b4681f7e915b7211a17045463ca68c6ef75c7bebd4e7f5,7d20c738ae3c0f6cb2237eee3c117ae0e30cc9efd765e2edd4bd6cd0d133ee54,,,,,,,,,,,,,,,,,,,,,,,
fauna,Butterflyfish,Butterflyfish,PASS,PASS,FAIL,True,Reef fish,LOW,,PASS,PASS,PASS,PASS,PASS,PASS,PASS,"The deep reef-fish body, dorsal spines and eye-marking treatment are recognizable enough for the stylized catalog.",Butterflyfish.png,440,440,RGBA,83fadaa5c6ed5ebb21699337809c5e3a80b999d2fd419f410c9de85e6288c53c,d1b78f1b6445b05cd1c90ebf3c2c3e945d1beed1eb3686bcb3530e617a6f5f46,,,,,,,,,,,,,,,,,,,,,,,
fauna,Cattle,Cattle,PASS,PASS,FAIL,True,Other or uncertain,HIGH,,PASS,PASS,PASS,PASS,PASS,PASS,PASS,"The bovine head, torso, horns and stance are coherent enough; leave alone.",Cattle.png,440,440,RGBA,28b1588955b09c45b9d41fa54a9eb83c994dceef5f73506c0a28c5fd71fa722f,5da405ab7458590f86d50a192381b2e659d5194980d0b36a5e1919914fa30ef6,,,,,,,,,,,,,,,,,,,,,,,
fauna,Dragonfly,Dragonfly,PASS,PASS,PASS,True,Dragonflies,LOW,,PASS,PASS,PASS,PASS,PASS,PASS,PASS,The adult now has a long segmented abdomen and two wing pairs; the silhouette is sufficiently recognizable.,Dragonfly.png,440,440,RGBA,fc9a9f790489288be17577be5a137f596241e3501c28aa44ec6da17a23ff5a38,80bc0b1a3282d3f0a36d7eeadda6fb42a435a2cbb7456ea9e8e34046339723bf,,,,,,,,,,,,,,,,,,,,,,,
fauna,Fangtooth,Fangtooth,PASS,PASS,PASS,True,Strange deep-sea fish,LOW,,PASS,PASS,PASS,PASS,PASS,PASS,PASS,PASS — Leave alone at the current stylized resolution. Major body regions and defining silhouette are sufficiently represented.,Fangtooth.png,440,440,RGBA,e3d711faacaece03607162ee6fd533c11d4e23ab10d78dc8979364464302fa28,c964f51f91cd79c57b9f317bc81a75f6df173d9bd281cb7539837631d5988dce,,,,,,,,,,,,,,,,,,,,,,,
fauna,Fiddler_Crab,Fiddler Crab,PASS,PASS,PASS,True,Ice and cave insects,LOW,,PASS,PASS,PASS,PASS,PASS,PASS,PASS,PASS — Leave alone at the current stylized resolution. Major body regions and defining silhouette are sufficiently represented.,Fiddler_Crab.png,440,440,RGBA,17fbe2e9c8954c661e32e05a6aa68f5bccd9dc5412ad480369ef9bdd2a896f23,4a712a5a9f33a32eb2e9675ac42c4d4bb342b8558a15d86e90e0fa411b04cba4,,,,,,,,,,,,,,,,,,,,,,,
fauna,Fly_Larvae,Fly Larvae,PASS,PASS,PASS,True,Insects,LOW,,PASS,PASS,PASS,PASS,PASS,PASS,PASS,PASS — Leave alone at the current stylized resolution. Major body regions and defining silhouette are sufficiently represented.,Fly_Larvae.png,440,440,RGBA,f93b92cdd225d9aaa6e0057a8e997250708636cb7b6809555e10c502cd5cdfd2,0bff8ad7f377b08ca61e3501b969137f259111816fb380a224bf53b09c313c05,,,,,,,,,,,,,,,,,,,,,,,
fauna,Flying_Fish,Flying Fish,PASS,PASS,PASS,True,Flying and climbing fish,LOW,,PASS,PASS,PASS,PASS,PASS,PASS,PASS,PASS — Leave alone at the current stylized resolution. Major body regions and defining silhouette are sufficiently represented.,Flying_Fish.png,440,440,RGBA,3c6d3464cd1cceaa2acc8260bfca735d4dc3b64c125ea8bf61a6ae8c710cb0fa,c38ff7e15c193f93007ff3ece64aec0016f80a863807f1e4bea8899d981a1ea7,,,,,,,,,,,,,,,,,,,,,,,
fauna,Flying_Gurnard,Flying Gurnard,PASS,PASS,PASS,True,Other or uncertain,LOW,,PASS,PASS,PASS,PASS,PASS,PASS,PASS,PASS — Leave alone at the current stylized resolution. Major body regions and defining silhouette are sufficiently represented.,Flying_Gurnard.png,440,440,RGBA,273c65fe9ad70f9fdf7ef56162f8325ad4d1523388fbc67172a81a3f49983a9c,8f84d4a7619982da69ce094980bba87ca91120a89b7081dba549452849dcebff,,,,,,,,,,,,,,,,,,,,,,,
fauna,Gerenuk,Gerenuk,PASS,PASS,PASS,True,Other or uncertain,LOW,,PASS,PASS,PASS,PASS,PASS,PASS,PASS,PASS — Leave alone at the current stylized resolution. Major body regions and defining silhouette are sufficiently represented.,Gerenuk.png,440,440,RGBA,8531ac24b352fa977bc5b2e8db70340f89ec25ca74400937ccc7edc89c85086d,34ac0d17e8fac29fa6b0ea2028ab11436d32000233118251b64a0195468374ae,,,,,,,,,,,,,,,,,,,,,,,
fauna,Giant_Isopod,Giant Isopod,PASS,PASS,FAIL,True,Crustaceans,HIGH,,PASS,PASS,PASS,PASS,PASS,PASS,PASS,"The segmented plated body, many legs and deep-sea isopod silhouette are recognizable.",Giant_Isopod.png,440,440,RGBA,d2e1c6625cbeb95b5bbcc7f115bb4a2c9a0ba8af2a4c029326382dd69308ea45,53dc8206682d715186ec2bbcbc40caec8f7be8180e92df6fae39e242c94b1ad3,,,,,,,,,,,,,,,,,,,,,,,
fauna,Giant_Water_Bug,Giant Water Bug,PASS,PASS,FAIL,True,True bugs,HIGH,,PASS,PASS,PASS,PASS,PASS,PASS,PASS,The broad flattened bug body and enlarged grasping forelegs now read sufficiently well.,Giant_Water_Bug.png,440,440,RGBA,2a128d348402190dd894837fa62c86ed73e26e896e99c31225aa5e8ba1ce530c,ad792580026bb0c3186eb820c26b40e73204707993ffe0a70efd716be576829d,,,,,,,,,,,,,,,,,,,,,,,
fauna,Goat,Goat,PASS,PASS,FAIL,True,Sheep and goats,HIGH,,PASS,PASS,PASS,PASS,PASS,PASS,PASS,"The current caprine body, head, horns and hooves are sufficiently recognizable.",Goat.png,440,440,RGBA,485aa5e0a0551a13f492e39d4d41cb481dc0ba88b21dda2d420e6cf338e5f3c8,3d0082c0dae3a71c48c53c420561f3438cdef11c752ad2a27953169b1a0b8fb6,,,,,,,,,,,,,,,,,,,,,,,
fauna,Hammerhead_Shark,Hammerhead Shark,PASS,PASS,FAIL,True,Sharks,HIGH,,PASS,PASS,PASS,PASS,PASS,PASS,PASS,"The lateral hammer-shaped head, shark body and fins are readable; leave alone.",Hammerhead_Shark.png,440,440,RGBA,300c274b5a2ded9dd5df9bfaa27396d80b443123ea294a8162315237aade9c24,cc15d0f0187399afad8da4062892639dccc40b440ae36f7f9694c555f3727ea2,,,,,,,,,,,,,,,,,,,,,,,
fauna,Honeybee,Honeybee,PASS,PASS,FAIL,True,Bees,HIGH,,PASS,PASS,PASS,PASS,PASS,PASS,PASS,"Striped abdomen, wings and insect structure are readable enough.",Honeybee.png,440,440,RGBA,2aa16b83b1f350a113281ea9f6d1a7b5365af2a9702cfd2bffc3eb2a3ff1aef5,00b511bd96cf3da8189147b19887dfb0a9081cee1d16903fe5995ee6a37f6dec,,,,,,,,,,,,,,,,,,,,,,,
fauna,Horned_Lizard,Horned Lizard,PASS,PASS,FAIL,True,Specialized lizards,HIGH,,PASS,PASS,PASS,PASS,PASS,PASS,PASS,"The broad flattened lizard body, cranial horns and spiny texture are recognizable.",Horned_Lizard.png,440,440,RGBA,b77cb28e83daaf2528890c7936937530b4aecdd2464f171b18d1f08909717ed0,9b7aac3d282ba0209c497ca7fecbf8ea6dec91a54b13bd799cd8a7b704e07b17,,,,,,,,,,,,,,,,,,,,,,,
fauna,Horseshoe_Crab,Horseshoe Crab,PASS,PASS,PASS,False,Ice and cave insects,LOW,,PASS,PASS,PASS,PASS,PASS,PASS,PASS,The broad horseshoe carapace and long rigid tail spine now clearly distinguish it from true crabs.,Horseshoe_Crab.png,440,440,RGBA,fd0267b89bae554df3152acd163c1e039adcafa60cebd9deacd9ac26adf21be2,fd0267b89bae554df3152acd163c1e039adcafa60cebd9deacd9ac26adf21be2,,,,,,,,,,,,,,,,,,,,,,,
fauna,Insect-Eating_Bat,Insect Eating Bat,PASS,PASS,BLOCKER,True,Flying mammals,LOW,,PASS,PASS,PASS,PASS,PASS,PASS,PASS,"The current version is correctly a bat, with wing membranes, ears and mammalian body; the prior classification error is resolved.",Insect-Eating_Bat.png,440,440,RGBA,3af8875159e4c0f0dc475f88f11b0269ddfdf68b3922c311043d3e4c81f69834,99b65fa8142a5dda78df1cb452f4b9380bc116e8c4097a2bea40d2ecf08a744d,,,,,,,,,,,,,,,,,,,,,,,
fauna,Kiwi,Kiwi,PASS,PASS,PASS,False,Flightless birds,LOW,,PASS,PASS,PASS,PASS,PASS,PASS,PASS,"The current fuzzy round flightless body, long slender bill and short legs are clearly recognizable as a kiwi.",Kiwi.png,440,440,RGBA,12df003186d02718a86ee93a28acd93757558bb92f7be25e1a4c0d523d305e20,12df003186d02718a86ee93a28acd93757558bb92f7be25e1a4c0d523d305e20,,,,,,,,,,,,,,,,,,,,,,,
fauna,Koala,Koala,PASS,PASS,PASS,False,Marsupials,LOW,,PASS,PASS,PASS,PASS,PASS,PASS,PASS,"The round ears, large dark nose, compact climbing body and tree attachment are recognizable.",Koala.png,440,440,RGBA,2812501392072134455b731343181bb81de82fce079da09abcf2e6270d01e8f5,2812501392072134455b731343181bb81de82fce079da09abcf2e6270d01e8f5,,,,,,,,,,,,,,,,,,,,,,,
fauna,Lamprey,Lamprey,PASS,PASS,PASS,False,Primitive fish,LOW,,PASS,PASS,PASS,PASS,PASS,PASS,PASS,PASS — Leave alone at the current stylized resolution. Major body regions and defining silhouette are sufficiently represented.,Lamprey.png,440,440,RGBA,a731ab8398a0cd91cbc480b52aadb19cea3796cdc2c04ae421c26701cc88e7f5,a731ab8398a0cd91cbc480b52aadb19cea3796cdc2c04ae421c26701cc88e7f5,,,,,,,,,,,,,,,,,,,,,,,
fauna,Locust,Locust,PASS,PASS,FAIL,True,Grasshoppers and relatives,HIGH,,PASS,PASS,PASS,PASS,PASS,PASS,PASS,"The enlarged hind legs, wings and segmented insect body are sufficiently readable.",Locust.png,440,440,RGBA,357bb70d6636d686893a87c40a804195e1235adb7ad4f2c1c747754ea240a567,7a81b122fd01df368c2d927f24adaf0395a284fd2207fa6416d35395204d1aa6,,,,,,,,,,,,,,,,,,,,,,,
fauna,Macaw,Macaw,PASS,PASS,FAIL,True,Parrots,HIGH,,PASS,PASS,PASS,PASS,PASS,PASS,PASS,"The bright parrot body, hooked-bill direction and long tail are sufficiently recognizable.",Macaw.png,440,440,RGBA,785623ce7587c7c2ab00eae8b89064f008687af04e5865136ec262efed74d8e4,ff4397d5fb9ecabe5248442f825b82780dc774ca2d16b6bfdb1b8f2b33b97c6e,,,,,,,,,,,,,,,,,,,,,,,
fauna,Manatee,Manatee,PASS,PASS,PASS,False,Marine mammals,LOW,,PASS,PASS,PASS,PASS,PASS,PASS,PASS,PASS — Leave alone at the current stylized resolution. Major body regions and defining silhouette are sufficiently represented.,Manatee.png,440,440,RGBA,8cd6213ccc1d2841fa8b32d884d6299451f92eb30653809efe02b8f3cdd7d64b,8cd6213ccc1d2841fa8b32d884d6299451f92eb30653809efe02b8f3cdd7d64b,,,,,,,,,,,,,,,,,,,,,,,
fauna,Mantis,Mantis,PASS,PASS,FAIL,True,Insects,HIGH,,PASS,PASS,PASS,PASS,PASS,PASS,PASS,"The triangular head, elongated thorax, wings and grasping forelegs read as a mantis.",Mantis.png,440,440,RGBA,a02cdc4adc7966cde205f91c3c4973439d5cbab5d96952abeca945b2210c962f,0188bdca4a0e6df79557ab69791928fbc5455286f99f0a773525801d7095b6f1,,,,,,,,,,,,,,,,,,,,,,,
fauna,Meerkat,Meerkat,PASS,PASS,FAIL,True,Civets and mongooses,HIGH,,PASS,PASS,PASS,PASS,PASS,PASS,PASS,"The upright sentry posture, small head, long tail and slender body are recognizable.",Meerkat.png,440,440,RGBA,0332d1b91948e76818274a9e4063775267ff371c63ad322380b468b950b02083,29854e969d2855c6be1dd5147e05630d2b4144776c1bb5289edf00c41040f300,,,,,,,,,,,,,,,,,,,,,,,
fauna,Mudskipper,Mudskipper,PASS,PASS,PASS,False,Flying and climbing fish,LOW,,PASS,PASS,PASS,PASS,PASS,PASS,PASS,"The raised eyes, mud-supported posture and enlarged pectoral fins now communicate an amphibious mudskipper.",Mudskipper.png,440,440,RGBA,a2e34e8a4ac5dc58d23e9af74ce0cd2643fd880a3eb5ea0407cb7c5d15056269,a2e34e8a4ac5dc58d23e9af74ce0cd2643fd880a3eb5ea0407cb7c5d15056269,,,,,,,,,,,,,,,,,,,,,,,
fauna,Narwhal,Narwhal,PASS,PASS,FAIL,True,Marine mammals,HIGH,Beluga | Right_Whale | Sperm_Whale,PASS,PASS,PASS,PASS,PASS,PASS,PASS,The whale body and single long tusk are clear.,Narwhal.png,440,440,RGBA,ceb8a4cc07f891f53e6c5e0a073be836ea70519bb148dbfe0cc69e9ae4997b3f,6eb3e0cb5d514e767d01caf5caa64d6d5ae5353c98930f4280419555bb4074bd,,,,,,,,,,,,,,,,,,,,,,,
fauna,Nilgai,Nilgai,PASS,PASS,FAIL,True,Other or uncertain,HIGH,,PASS,PASS,PASS,PASS,PASS,PASS,PASS,"The antelope body, short horns and bovine/antelope proportions are sufficiently recognizable.",Nilgai.png,440,440,RGBA,2d0aacd7c998f3fc2e568c1c73554d0d62b35fa0d5a54e1aaff03ef896491e9e,6229fb624a8e0d887c482d04e7f587343d688a74f627db92de3dd098e771b42e,,,,,,,,,,,,,,,,,,,,,,,
fauna,Orchid_Bee,Orchid Bee,PASS,PASS,FAIL,True,Bees,HIGH,Aphid | Black_Fly | Cicada | Cold-Adapted_Insect | Termite | Thrips,PASS,PASS,PASS,PASS,PASS,PASS,PASS,"The metallic bee body, wings and insect form are readable.",Orchid_Bee.png,440,440,RGBA,b6ed2f3cbf619d1601b3262183f0b477eedbe53e51f5508e5de6bb48f0e1e86e,cd083c191c3c593e39b1c250adc5e1f006ad8bc8e27b5f54fa2d759cdd24e428,,,,,,,,,,,,,,,,,,,,,,,
fauna,Ostrich,Ostrich,PASS,PASS,FAIL,True,Flightless birds,HIGH,,PASS,PASS,PASS,PASS,PASS,PASS,PASS,"The long neck and legs, large flightless torso and reduced wings are sufficiently recognizable.",Ostrich.png,440,440,RGBA,7ecd83ef40dba376a29fe879a985c4df7a184b18295ff8c092623dbd52c70b9b,a9602117ca72d7a70a9b2a72a79dec4da8e03d22a514de215c10d2946bcb04c2,,,,,,,,,,,,,,,,,,,,,,,
fauna,Paddlefish,Paddlefish,PASS,PASS,PASS,True,Primitive fish,LOW,,PASS,PASS,PASS,PASS,PASS,PASS,PASS,PASS — Leave alone at the current stylized resolution. Major body regions and defining silhouette are sufficiently represented.,Paddlefish.png,440,440,RGBA,03b68469dfea237d7246ae483fc455b3e3880b507db440bebc837b63514cd92b,ec28f145ef76bee804261c6bd2a3d904b56fa417655c48fde7413d5ef739f290,,,,,,,,,,,,,,,,,,,,,,,
fauna,Parrot,Parrot,PASS,PASS,FAIL,True,Parrots,HIGH,,PASS,PASS,PASS,PASS,PASS,PASS,PASS,The colored parrot body and long tail are recognizable; leave alone at this scale.,Parrot.png,440,440,RGBA,2766532bf30d7fb2111f15c86893f6bef3341089f3ba0184aa277c0bb152b088,de4088c7a7a286cb0945b9c36432cd6f97015497c8ae627807b21e267ab55442,,,,,,,,,,,,,,,,,,,,,,,
fauna,Poison_Dart_Frog,Poison Dart Frog,PASS,PASS,FAIL,True,Frogs,HIGH,,PASS,PASS,PASS,PASS,PASS,PASS,PASS,The compact frog body and high-contrast aposematic pattern remain distinct and readable.,Poison_Dart_Frog.png,440,440,RGBA,f700bbd49c114faf448a8fbfe157dc0c4801941c5271074adead8b828b31800f,d72790147beb88c42fe6c599d4ebecc4cbb7f71f3858de09bbde3efc1d53fa37,,,,,,,,,,,,,,,,,,,,,,,
fauna,Pyrosome,Pyrosome,PASS,PASS,PASS,False,Gelatinous or colonial marine life,LOW,,PASS,PASS,PASS,PASS,PASS,PASS,PASS,The hollow tubular colonial body and dotted zooid texture now clearly distinguish a pyrosome from a jellyfish.,Pyrosome.png,440,440,RGBA,553be7c87bcd42ecbe00ccf6e09f1c6b2a9d6674bc75ab40a87251afdbfcda73,553be7c87bcd42ecbe00ccf6e09f1c6b2a9d6674bc75ab40a87251afdbfcda73,,,,,,,,,,,,,,,,,,,,,,,
fauna,Rhea,Rhea,PASS,PASS,FAIL,True,Flightless birds,HIGH,,PASS,PASS,PASS,PASS,PASS,PASS,PASS,"The long-legged, long-necked flightless-bird silhouette is recognizable.",Rhea.png,440,440,RGBA,8b042960b9016312bdb2499f9ef3d3685b7263732d2bad118f295d7b559267de,bed72c3189ef524a56654d4e9d952fde25f6de2d592328b76b908845ba968245,,,,,,,,,,,,,,,,,,,,,,,
fauna,Rhinoceros,Rhinoceros,PASS,PASS,HOLD,True,Horses and relatives,MEDIUM,,PASS,PASS,PASS,PASS,PASS,PASS,PASS,"The thick body, short legs and nasal horns now clearly read as a rhinoceros.",Rhinoceros.png,440,440,RGBA,f66eed8a7156721028e777664b8b69e6312827c4646034d8047dc41d68097b26,276b265f4dcd1a6cf205628b84bf967a71485e471dfe0e1ee5582435c7f819a0,,,,,,,,,,,,,,,,,,,,,,,
fauna,Rooster,Rooster,PASS,PASS,FAIL,True,Gamebirds,HIGH,,PASS,PASS,PASS,PASS,PASS,PASS,PASS,"The comb, upright bird body and long tail feathers are readable as a rooster.",Rooster.png,440,440,RGBA,f13b864d309d887080e6454d85da3bc32484d727aaa0d5c5a79a4459a6d42512,e97f4c486227fdf0f0c64e7aae81be4b12daec6c16a02602a6faa081d48af207,,,,,,,,,,,,,,,,,,,,,,,
fauna,Salp,Salp,PASS,PASS,PASS,False,Gelatinous or colonial marine life,LOW,,PASS,PASS,PASS,PASS,PASS,PASS,PASS,The linked translucent barrel-like colony now reads correctly as a salp chain.,Salp.png,440,440,RGBA,eb430f89bc0262eeb54b76debce29786ac0b5be2a12b9d23d46a44b3131ae47a,eb430f89bc0262eeb54b76debce29786ac0b5be2a12b9d23d46a44b3131ae47a,,,,,,,,,,,,,,,,,,,,,,,
fauna,Sea_Squirt,Sea Squirt,PASS,PASS,PASS,False,Gelatinous or colonial marine life,LOW,,PASS,PASS,PASS,PASS,PASS,PASS,PASS,PASS — Leave alone at the current stylized resolution. Major body regions and defining silhouette are sufficiently represented.,Sea_Squirt.png,440,440,RGBA,0d7f38bc64cc9e113731efbd710fc8278ad0c20926c9011058e6c10157a89285,0d7f38bc64cc9e113731efbd710fc8278ad0c20926c9011058e6c10157a89285,,,,,,,,,,,,,,,,,,,,,,,
fauna,Softshell_Turtle,Softshell Turtle,PASS,PASS,FAIL,True,Turtles and tortoises,HIGH,,PASS,PASS,PASS,PASS,PASS,PASS,PASS,The flattened flexible shell and long snout are sufficiently distinct from the hard-shelled turtles.,Softshell_Turtle.png,440,440,RGBA,de83cb2915a8261b874bb1536dac15eecf89ec73c8a97244f9dc2f2f7e4bbb72,07128c55d6a031509578752b84690ad0aeeaa3e8635a4f663304bb1f98cc0938,,,,,,,,,,,,,,,,,,,,,,,
fauna,Spoonbill,Spoonbill,PASS,PASS,PASS,True,Herons and wetland birds,LOW,,PASS,PASS,PASS,PASS,PASS,PASS,PASS,PASS — Leave alone at the current stylized resolution. Major body regions and defining silhouette are sufficiently represented.,Spoonbill.png,440,440,RGBA,add0ead21d8027fe067345cc64be3c2d8bc0808762d9467d815d2380d34dcfef,f176ac5fb76d6fc41a7845fdb05f1e227c6ac646b3d31bc92a2e6716f5186704,,,,,,,,,,,,,,,,,,,,,,,
fauna,Springtail,Springtail,PASS,PASS,PASS,True,Insects,LOW,,PASS,PASS,PASS,PASS,PASS,PASS,PASS,PASS — Leave alone at the current stylized resolution. Major body regions and defining silhouette are sufficiently represented.,Springtail.png,440,440,RGBA,c76531721a9c63ebcd4351e3c08277d89fe280a0e8e18204468147b3c0fb3c98,ca064fc88f9e53806fc6d90c7f53b3fe0a964b3eec6881204fe97cd7e6634a2e,,,,,,,,,,,,,,,,,,,,,,,
fauna,Tardigrade,Tardigrade,PASS,PASS,BLOCKER,True,Other or uncertain,LOW,,PASS,PASS,PASS,PASS,PASS,PASS,PASS,The segmented microscopic body and eight short clawed legs are clearly readable; canonical ownership is now correctly limited to fauna.,Tardigrade.png,440,440,RGBA,5e499a38088f0772720755d507fcd698172c10a69fed06f6b2c624cd692f0106,bee9e87e9aaa8b1acdbe987037674ddbd20e827cdaeaecbeeb507b12d9bfdad1,,,,,,,,,,,,,,,,,,,,,,,
fauna,Tripod_Fish,Tripod Fish,PASS,PASS,PASS,False,Strange deep-sea fish,LOW,,PASS,PASS,PASS,PASS,PASS,PASS,PASS,The elongated support rays now create the defining tripod stance and the fish body remains readable.,Tripod_Fish.png,440,440,RGBA,922c2c55bbd5ace7ef1a777100eb453dcd0fae92de5e09dd646f406d2f25eb5e,922c2c55bbd5ace7ef1a777100eb453dcd0fae92de5e09dd646f406d2f25eb5e,,,,,,,,,,,,,,,,,,,,,,,
fauna,Viperfish,Viperfish,PASS,PASS,FAIL,True,Strange deep-sea fish,LOW,,PASS,PASS,PASS,PASS,PASS,PASS,PASS,"The long deep-sea body, photophores and oversized teeth are readable.",Viperfish.png,440,440,RGBA,1e759c010718c6305339b8e5995e118948360416767bee227d76e6bb3f6d433e,42be9ffb2c2aa9cfa842d7dbf094a3da9ea05d188f805a80c110d49e8666417e,,,,,,,,,,,,,,,,,,,,,,,
fauna,Wasp,Wasp,PASS,PASS,PASS,True,Insects,LOW,,PASS,PASS,PASS,PASS,PASS,PASS,PASS,PASS — Leave alone at the current stylized resolution. Major body regions and defining silhouette are sufficiently represented.,Wasp.png,440,440,RGBA,603a5024dc97c6aee6b455f5f9e62ebb667b0eb9a43e8b14aa2f81b432156ab4,29c76af030ea0e72f2aff654a34061421e3facf1d451f1c604fec6d895a49808,,,,,,,,,,,,,,,,,,,,,,,
fauna,Water_Strider,Water Strider,PASS,PASS,FAIL,True,True bugs,HIGH,Chiton,PASS,PASS,PASS,PASS,PASS,PASS,PASS,The very long surface-spanning legs and narrow body now clearly read as a water strider.,Water_Strider.png,440,440,RGBA,f3bc64d1c57611d2f8ce7d38e9b07c60392467904128a0100546add702c265a5,22f958617b85210789b968587fa3e184dfeae7c28d78137d1155dedac06200c9,,,,,,,,,,,,,,,,,,,,,,,
fauna,Woodpecker,Woodpecker,PASS,PASS,FAIL,True,Woodpeckers,HIGH,,PASS,PASS,PASS,PASS,PASS,PASS,PASS,"The climbing posture on a trunk, pointed bill and bird silhouette are recognizable.",Woodpecker.png,440,440,RGBA,faf2b7ed995b5d87c6fed210995a34221a78cae6b4a56496e8a2e82aade80f7d,4e45df27b611e6b4a523d5f2e599d312e6bd6ee8e08dfbc24719f62d17bdaee9,,,,,,,,,,,,,,,,,,,,,,,
flora,African_Ginger,African Ginger,PASS,PASS,HOLD,True,,,,,,,,,,,The basal leaves and upright flower spike are sufficiently recognizable.,African_Ginger.png,440,440,RGBA,a07329c1dabd2af35e960ec08ad0742ea950aed1b1c84cc3338bcf728ca1de18,a83f47425b172927831887e89ecaaf01a214e6a5909f3202bdc887bed541b3eb,Other plant or harvest type,PASS,PASS,PASS,PASS,PASS,PASS,,,,,,,,,,,,,,,,
flora,Agave,Agave,PASS,PASS,HOLD,True,,,,,,,,,,,The dense basal rosette of thick pointed succulent leaves and flower stalk read correctly.,Agave.png,440,440,RGBA,6e697872d0aceb7b48a8773fb75ff6cba9b50b7bf3a4f7347d952b5472c7aaee,32d3f9dcfa0cb917d5de7a44104bde5a89f4daa9f9eb9b0ae5ffd136b722132f,12. Succulents and Desert Plants,PASS,PASS,PASS,PASS,PASS,PASS,,,,,,,,,,,,,,,,
flora,Air_Plant,Air Plant,PASS,PASS,HOLD,True,,,,,,,,,,,The epiphytic rosette and central bloom are recognizable at this scale.,Air_Plant.png,440,440,RGBA,4bb6ba6569ed37417541672573d812d3a8580e3eec4048b1f67d67fba9fa269d,f1850b0118bfba73615f0aa4b697c8c80dd7b8cd95b4c3faa019925d6b927a9b,17. Parasitic and Unusual Plants,PASS,PASS,PASS,PASS,PASS,PASS,,,,,,,,,,,,,,,,
flora,Beach_Morning_Glory,Beach Morning Glory,PASS,PASS,FAIL,True,,,,,,,,,,,"The creeping vine, rounded leaves and purple flowers are recognizable.",Beach_Morning_Glory.png,440,440,RGBA,2b86e65bf5ea26de801fe03d3c814306cf39a375f9efd3e5cd0c449eaa1b1071,e16587b0f6c1ae6fd8ed2f891267804495aa28903dfac43f0ecf8c70bfc5a029,Other plant or harvest type,PASS,PASS,PASS,PASS,PASS,PASS,,,,,,,,,,,,,,,,
flora,Bladderwrack,Bladderwrack,PASS,PASS,FAIL,True,,,,,,,,,,,The strap-like brown fronds and visible air bladders are recognizable.,Bladderwrack.png,440,440,RGBA,47f779dc31c47f19ae45648e5a371236e32aa999ce7f87c45e72aa0a3455c649,76a4dadba14275f247039a00f842946b714e92415bc02895804ffc81cbd1c237,Other plant or harvest type,PASS,PASS,PASS,PASS,PASS,PASS,,,,,,,,,,,,,,,,
flora,Bromeliad,Bromeliad,PASS,PASS,HOLD,True,,,,,,,,,,,The basal rosette and central flower spike read correctly.,Bromeliad.png,440,440,RGBA,1387fdd43316abf3ee356c44ec149b8b73731c962e8a84403f26fb6e497ecbc2,cab93746f4d53002229677cce3ea250192c32016905cedc743800ffda2fad352,10. Flowering Herbs and Wildflowers,PASS,PASS,PASS,PASS,PASS,PASS,,,,,,,,,,,,,,,,
flora,Cabbage,Cabbage,PASS,PASS,PASS,True,,,,,,,,,,,The current compact layered leafy head reads clearly as cabbage.,Cabbage.png,440,440,RGBA,4ff7e7594ebb09fbd1cf30e8e5b82c00a240dcc3f7765fe848455dae5c5c758f,451dec5103e8bddbfb38389c3a38b2336ad0483409bb1810d83e3aee851df636,Leaf vegetables,PASS,PASS,PASS,PASS,PASS,PASS,,,,,,,,,,,,,,,,
flora,Carrot,Carrot,PASS,PASS,PASS,True,,,,,,,,,,,The orange tapering root and feathery green top are now clearly recognizable.,Carrot.png,440,440,RGBA,8e8022c64d8abb98f2978746b731635ffa90fb0a0246a87aad81918ca160db7b,7741584014980677bc3249ccec22f785b058098519ed5e18f4157e686a5e7ce7,Root vegetables,PASS,PASS,PASS,PASS,PASS,PASS,,,,,,,,,,,,,,,,
flora,Cattail,Cattail,PASS,PASS,HOLD,True,,,,,,,,,,,The grasslike wetland leaves and brown cylindrical flower spikes are recognizable.,Cattail.png,440,440,RGBA,140a0861d938a1305d8f2557b159e155869fc9e5be065e5223ebb75f02868638,0691dffc4df3b1d0adc314956bd8d07f37b05c52dc4aafc79b9d397c227c2bd8,14. Aquatic and Wetland Plants,PASS,PASS,PASS,PASS,PASS,PASS,,,,,,,,,,,,,,,,
flora,Coconut,Coconut,PASS,PASS,PASS,True,,,,,,,,,,,PASS — Leave alone. The source plant or harvest organ has an appropriate growth form and recognizable silhouette.,Coconut.png,440,440,RGBA,ffb20e5464d2657614e2bb241b0279a3eef49860d053f1aa86f2721ce917909d,8a6133f4682e32a1e9ec93be568e206afbc422cb87c028aad811818d306c009a,4. Fruit and Nut Trees,PASS,PASS,PASS,PASS,PASS,PASS,,,,,,,,,,,,,,,,
flora,Corn,Corn,PASS,PASS,PASS,True,,,,,,,,,,,"The tall grass stalk, broad leaves and visible ear now read clearly as corn/maize.",Corn.png,440,440,RGBA,40a8e27e9d190563445e330887a51b26c617e254255c00d4940e8b97546112dd,735ed4e4a83cdab55420c9e004dd2fdd4c3f28069333cf3b68258aa714687476,7. Grain and Staple Crops,PASS,PASS,PASS,PASS,PASS,PASS,,,,,,,,,,,,,,,,
flora,Duckweed,Duckweed,PASS,PASS,HOLD,True,,,,,,,,,,,"The floating leaf cluster on water is recognizable, though scale can remain stylized.",Duckweed.png,440,440,RGBA,0d87525e70289fbd8df18009ec0fcd08f42cd94db54adb792476bb3a580ac31a,eea9ba70ee09365308c07c633cf286436a95d077d784d12a39e48ab5a1d0d054,14. Aquatic and Wetland Plants,PASS,PASS,PASS,PASS,PASS,PASS,,,,,,,,,,,,,,,,
flora,Hemp,Hemp,PASS,PASS,PASS,True,,,,,,,,,,,The palmate serrated leaves and upright herb form now clearly distinguish hemp.,Hemp.png,440,440,RGBA,dd45016b12c2e8907caea15670cf02b86a5eed453af7c0ac5831815452e02ff5,fbd57180e21fe465b10dc3517ebf933edd3d7b4a9a9ab504c848594cd81379e0,Other plant or harvest type,PASS,PASS,PASS,PASS,PASS,PASS,,,,,,,,,,,,,,,,
flora,Joshua_Tree,Joshua Tree,PASS,PASS,HOLD,True,,,,,,,,,,,The branching woody trunk with spiky terminal rosettes now reads correctly as a Joshua tree.,Joshua_Tree.png,440,440,RGBA,1e2c3bc0319ba2837e594187b4ed8bc10dd43138354abc3f432694d9012aa877,3d5f5c8b468a823eb3eadf231f20b3919f0bdff1ddc1b7498384c19bada75b91,Other plant or harvest type,PASS,PASS,PASS,PASS,PASS,PASS,,,,,,,,,,,,,,,,
flora,Kiwi_Fruit,Kiwi Fruit,PASS,PASS,PASS,True,,,,,,,,,,,The climbing vine and attached fuzzy fruits are recognizable.,Kiwi_Fruit.png,440,440,RGBA,417abe00dc5f0a9a5cd9530bf8a207a1b766396d73311a924183f1031282abcc,df1b5c547a96da054e902eea13d7dcedc05df013116063e36b64ebf6439a6364,Other plant or harvest type,PASS,PASS,PASS,PASS,PASS,PASS,,,,,,,,,,,,,,,,
flora,Lotus,Lotus,PASS,PASS,PASS,True,,,,,,,,,,,PASS — Leave alone. The source plant or harvest organ has an appropriate growth form and recognizable silhouette.,Lotus.png,440,440,RGBA,1bd5d667f93e7a7babf8ea51ba93804d183636803ada95cfa2a4e1293354d2b3,baac5b7fc010cbecd118109e380061da059fbf9e3c8529b9b218b3a7793d6a2b,14. Aquatic and Wetland Plants,PASS,PASS,PASS,PASS,PASS,PASS,,,,,,,,,,,,,,,,
flora,Pineapple,Pineapple,PASS,PASS,PASS,False,,,,,,,,,,,"The basal spiny rosette, central pineapple fruit and leafy crown are now clearly recognizable.",Pineapple.png,440,440,RGBA,9b88274f7391ea6d613c4e49bfef31084b01cc53dce20e44cc309630c79ca970,9b88274f7391ea6d613c4e49bfef31084b01cc53dce20e44cc309630c79ca970,Other plant or harvest type,PASS,PASS,PASS,PASS,PASS,PASS,,,,,,,,,,,,,,,,
flora,Rafflesia,Rafflesia,PASS,PASS,PASS,False,,,,,,,,,,,The current ground-level five-lobed fleshy bloom with spotted petals and central opening is recognizable.,Rafflesia.png,440,440,RGBA,eff3eba959e4d1dad44618933d8284d48e31adcf08bf959c0f409100c5b78981,eff3eba959e4d1dad44618933d8284d48e31adcf08bf959c0f409100c5b78981,17. Parasitic and Unusual Plants,PASS,PASS,PASS,PASS,PASS,PASS,,,,,,,,,,,,,,,,
flora,Rhubarb,Rhubarb,PASS,PASS,HOLD,True,,,,,,,,,,,The basal cluster of large leaves on thick red petioles now reads clearly as rhubarb.,Rhubarb.png,440,440,RGBA,1806ea9b4c66b8483b65da7ba940401372955f7f99862eb9269e924834ae8e69,56d9456a200f917ce238cd29042be9bf367258a16d435c147faebec51370d1c9,Other plant or harvest type,PASS,PASS,PASS,PASS,PASS,PASS,,,,,,,,,,,,,,,,
flora,Sea_Lettuce,Sea Lettuce,PASS,PASS,PASS,True,,,,,,,,,,,The broad thin green sheet-like blade now reads correctly as sea lettuce.,Sea_Lettuce.png,440,440,RGBA,57e9fca206a641afbfb44d0b9d3df7bb548797ec345ff0f070847fa58fe6df4d,3dfa47f8322b5947bc927421b7c543bfd216cdd12150fe933c637a51db6268c1,Other plant or harvest type,PASS,PASS,PASS,PASS,PASS,PASS,,,,,,,,,,,,,,,,
flora,Tobacco,Tobacco,PASS,PASS,PASS,False,,,,,,,,,,,The tall broad-leaved herb and terminal pink flower cluster now read clearly as tobacco.,Tobacco.png,440,440,RGBA,ab9b19730cb85e5d7f5a86e4cd6a2a8a6b01858712df28f7a4d75c226adc1eff,ab9b19730cb85e5d7f5a86e4cd6a2a8a6b01858712df28f7a4d75c226adc1eff,Other plant or harvest type,PASS,PASS,PASS,PASS,PASS,PASS,,,,,,,,,,,,,,,,
flora,Watermelon,Watermelon,PASS,PASS,PASS,True,,,,,,,,,,,The creeping vine and attached round fruit are recognizable.,Watermelon.png,440,440,RGBA,03fef2a558647e28dddebcfccde2b843c4873fef9a1a23c23e9eeda8a7660dc9,399ed989fd3c41570cd8e9c1d5ccddcd56bc6702df0e482d340465485cc15945,Other plant or harvest type,PASS,PASS,PASS,PASS,PASS,PASS,,,,,,,,,,,,,,,,
flora,Wild_Strawberry,Wild Strawberry,PASS,PASS,PASS,False,,,,,,,,,,,"The creeping runner, trifoliate leaves, white flowers and red fruit now clearly read as wild strawberry.",Wild_Strawberry.png,440,440,RGBA,0d4ec70731fe72c9cf35778f12a64435280229695caff1713e50dd13fd5d5544,0d4ec70731fe72c9cf35778f12a64435280229695caff1713e50dd13fd5d5544,Other plant or harvest type,PASS,PASS,PASS,PASS,PASS,PASS,,,,,,,,,,,,,,,,
flora,Yucca,Yucca,PASS,PASS,HOLD,True,,,,,,,,,,,The basal sword-leaf rosette and tall white flower stalk are recognizable.,Yucca.png,440,440,RGBA,b70264afadacadca51666a71b98dc8743a231fcfe8dd12a7f79619c29878ae54,85f8f8de83127c6cac4be92d4cd14e289077e58f250b1b915c6425e9dbe0c915,12. Succulents and Desert Plants,PASS,PASS,PASS,PASS,PASS,PASS,,,,,,,,,,,,,,,,
fungi,Bioluminescent_Mushroom,Bioluminescent Mushroom,PASS,PASS,PASS,True,,,,,,,,,,,The cap-and-stem cluster and localized glow are clear.,Bioluminescent_Mushroom.png,440,440,RGBA,b3e25013204b48dc76fb7f7f3929dc7c503a2de4b8afe6fbff5085a059d3b2c6,a277f69e2d28219dc9e0c0a0c9a3f94ef9c295df4ebec7ae0765fa519df85157,,,,,,,,PASS,PASS,PASS,PASS,,,,,,,,,,,,
fungi,Black_Truffle,Black Truffle,PASS,PASS,PASS,True,,,,,,,,,,,The irregular underground fruiting body and cut interior are recognizable.,Black_Truffle.png,440,440,RGBA,2d437a221a9dafafbbbd8f618f192069341f1b3302704a5121abdc84e1793999,403d81d2ddc1ce5056a3313ee55541a86fcec3923302c2758b20d911ddf3120e,,,,,,,,PASS,PASS,PASS,PASS,,,,,,,,,,,,
fungi,Bracket_Fungus,Bracket Fungus,PASS,PASS,PASS,False,,,,,,,,,,,The lateral shelf growth on wood is clear; optional polish is to vary shelf thickness and edge shape.,Bracket_Fungus.png,440,440,RGBA,b3f5e6a614f9160a4517b1e3f542f8ebe4054ce0d20764fe47ce5e597407f426,b3f5e6a614f9160a4517b1e3f542f8ebe4054ce0d20764fe47ce5e597407f426,,,,,,,,PASS,PASS,PASS,PASS,,,,,,,,,,,,
fungi,Coral_Fungus,Coral Fungus,PASS,PASS,PASS,True,,,,,,,,,,,The branching coral-like fruiting body is recognizable.,Coral_Fungus.png,440,440,RGBA,953bbba045110e5dd1be00bb8c19da52ae0d89e325dc01b532fbebbe594a27b7,b936ba0fd7462ea223b8c6ef18696336376ce884b7c864ab7c140402b8b37370,,,,,,,,PASS,PASS,PASS,PASS,,,,,,,,,,,,
fungi,Cordyceps,Cordyceps,PASS,PASS,HOLD,True,,,,,,,,,,,The upright parasitic club-like fruiting bodies on a substrate now read as cordyceps.,Cordyceps.png,440,440,RGBA,c375269fa0d75c7f05b146d0076efc8df6c82229fad5b4fdb2b88e624599230a,cd8eb2ae7583931cb181a9c6211420b06457f3f9dd8b12729ec1248ae68e4c34,,,,,,,,PASS,PASS,PASS,PASS,,,,,,,,,,,,
fungi,Death_Cap,Death Cap,PASS,PASS,FAIL,True,,,,,,,,,,,"The greenish cap, pale stem and basal structure are sufficiently recognizable.",Death_Cap.png,440,440,RGBA,8729d826830e609c946172d9d8fd1b9482c6292dc2557c7a74f6b58ae471ab5a,dce61aecc53f7d74a5b2b6a6e4852ddde25054c881931be254bde9a1c7ad3669,,,,,,,,PASS,PASS,PASS,PASS,,,,,,,,,,,,
fungi,Destroying_Angel,Destroying Angel,PASS,PASS,FAIL,True,,,,,,,,,,,The white cap-and-stem amanita form is recognizable.,Destroying_Angel.png,440,440,RGBA,abea43cb5466560790065da5f606814673ddadc0ce440e6e5a2cab489546936f,810c0ecbdc6a60d3a28a8636b70be66479cf0a1a56e888f1f0df3f1ab31dec83,,,,,,,,PASS,PASS,PASS,PASS,,,,,,,,,,,,
fungi,Enoki,Enoki,PASS,PASS,PASS,True,,,,,,,,,,,The dense cluster of long thin white stems and tiny caps is clear.,Enoki.png,440,440,RGBA,06b52cc7668d26d01b5e3b1763670d045e124f687bcca9a30a08d36c8e750d03,71f98bddff033b20f40551ce29cd9725e5d5f62d5ee4b19de1bf8dcccb45b2b3,,,,,,,,PASS,PASS,PASS,PASS,,,,,,,,,,,,
fungi,Fly_Agaric,Fly Agaric,PASS,PASS,PASS,False,,,,,,,,,,,Red caps with white spots and pale stems are unmistakable.,Fly_Agaric.png,440,440,RGBA,f6b79d2afd93981d1a42335fe5d397feaefd6dd7dbb82ff033f35724ba42a106,f6b79d2afd93981d1a42335fe5d397feaefd6dd7dbb82ff033f35724ba42a106,,,,,,,,PASS,PASS,PASS,PASS,,,,,,,,,,,,
fungi,Giant_Puffball,Giant Puffball,PASS,PASS,PASS,True,,,,,,,,,,,The large round white fruiting bodies read correctly.,Giant_Puffball.png,440,440,RGBA,410229f45a565d0b4fb0c633b41fd8ee571489eda4281a159dc83de090d45a48,57984858f876e2d29e6bb399e749a4a1fd80f6700504858675b71c400022aec5,,,,,,,,PASS,PASS,PASS,PASS,,,,,,,,,,,,
fungi,Jelly_Fungus,Jelly Fungus,PASS,PASS,FAIL,True,,,,,,,,,,,The irregular gelatinous orange lobe is recognizable.,Jelly_Fungus.png,440,440,RGBA,26d51f2820a7bef7d3baf7cfc819b5eae58c90b856579efd51e5ef0e0a5d16e4,9d6e6acb119b00d64eb6414b60d95f779f4c086883469b12b5780aa5dde79765,,,,,,,,PASS,PASS,PASS,PASS,,,,,,,,,,,,
fungi,Maitake,Maitake,PASS,PASS,HOLD,False,,,,,,,,,,,The layered brown rosette of many overlapping fronds is recognizable.,Maitake.png,440,440,RGBA,90816922a0a85eb55b091b54143b601593ee1fee24c24f5c6601819272212e19,90816922a0a85eb55b091b54143b601593ee1fee24c24f5c6601819272212e19,,,,,,,,PASS,PASS,PASS,PASS,,,,,,,,,,,,
fungi,Morel,Morel,PASS,PASS,FAIL,True,,,,,,,,,,,The tall pitted honeycomb cap and pale stem are recognizable.,Morel.png,440,440,RGBA,cef48b19a0a3038212d7c798840ca2c220b5a16ed81b525fcdff9682196a8888,e68360e5aa09d75ad165f25a3e756d1ae80f99638f6e14dc0a72bc27b794318b,,,,,,,,PASS,PASS,PASS,PASS,,,,,,,,,,,,
fungi,Oyster_Mushroom,Oyster Mushroom,PASS,PASS,PASS,False,,,,,,,,,,,The overlapping lateral fan-shaped shelves attached to wood read correctly.,Oyster_Mushroom.png,440,440,RGBA,5524b11980735eac416673d40a5aff4573cf9ed32e6032bdb2ec6e637cf80456,5524b11980735eac416673d40a5aff4573cf9ed32e6032bdb2ec6e637cf80456,,,,,,,,PASS,PASS,PASS,PASS,,,,,,,,,,,,
fungi,Porcini,Porcini,PASS,PASS,HOLD,True,,,,,,,,,,,The stout bolete body with thick stem and rounded brown cap is recognizable.,Porcini.png,440,440,RGBA,e4f38b53a0d3d3f93d30421a9ed29d1eff3eaac87ec7674619622f9a23df56c4,33ee130caa923c14920b292fd978415187ceaf1c9461548083fa2105313f9f86,,,,,,,,PASS,PASS,PASS,PASS,,,,,,,,,,,,
fungi,Reindeer_Lichen,Reindeer Lichen,PASS,PASS,BLOCKER,False,,,,,,,,,,,The pale branching cushion/mat now reads correctly and canonical ownership is confined to fungi.,Reindeer_Lichen.png,440,440,RGBA,215a932e0f3ed38325bd21bdb2598feb6fe0c433543dfd4b115f6244f24b2c4d,215a932e0f3ed38325bd21bdb2598feb6fe0c433543dfd4b115f6244f24b2c4d,,,,,,,,PASS,PASS,PASS,PASS,,,,,,,,,,,,
fungi,Shelf_Fungus,Shelf Fungus,PASS,PASS,PASS,False,,,,,,,,,,,The repeated lateral shelves on wood are clear.,Shelf_Fungus.png,440,440,RGBA,0b6a8a30f590a4923ed585701e6289ca6bded5cfd82f5dca661fa8e4a47a4fc7,0b6a8a30f590a4923ed585701e6289ca6bded5cfd82f5dca661fa8e4a47a4fc7,,,,,,,,PASS,PASS,PASS,PASS,,,,,,,,,,,,
fungi,Shiitake,Shiitake,PASS,PASS,FAIL,True,,,,,,,,,,,The brown cap-and-stem mushrooms are acceptable; optional polish is a broader darker cap and textured surface.,Shiitake.png,440,440,RGBA,2f8e60a17757557a8bc58f8c8d0eee1e2365186f2e40e44f26fb44878afdc047,e2c3d97f563debe253df9ea64fe72d495537e88a779d36e8b99046b832ed0711,,,,,,,,PASS,PASS,PASS,PASS,,,,,,,,,,,,
fungi,Stinkhorn,Stinkhorn,PASS,PASS,HOLD,False,,,,,,,,,,,The tall pale stalks and dark slimy caps are recognizable.,Stinkhorn.png,440,440,RGBA,381cf4e9d0d264a981e03033cdd9386031da867ea1fd6315991308f225e9e198,381cf4e9d0d264a981e03033cdd9386031da867ea1fd6315991308f225e9e198,,,,,,,,PASS,PASS,PASS,PASS,,,,,,,,,,,,
fungi,Turkey_Tail,Turkey Tail,PASS,PASS,HOLD,True,,,,,,,,,,,The layered fan shelves attached to wood are recognizable.,Turkey_Tail.png,440,440,RGBA,0af5396adeb0f8a81c98cbff5a29231d42523459323c77417227255b15dcbb12,fbc43c055e46c4dfa2a9002e2158d9fdcd6ac22b8d63bf90d6411ee32d8dd887,,,,,,,,PASS,PASS,PASS,PASS,,,,,,,,,,,,
microbe,Amoeba,Amoeba,PASS,PASS,PASS,True,,,,,,,,,,,"The irregular cell outline, pseudopod-like lobe, nucleus and vacuoles are recognizable.",Amoeba.png,440,440,RGBA,6598feb6937535ae7f0b897ca0abfcef09d7bfe4cfbb2508fbae70dcff7d4b22,00f1d1a5fb2095c765230df82c08db7e30a451361ff84767c520db0276a8659f,,,,,,,,,,,,PASS,PASS,PASS,PASS,PASS,,,,,,,
microbe,Bioluminescent_Plankton,Bioluminescent Plankton,PASS,PASS,HOLD,True,,,,,,,,,,,The flagellated glowing plankton cells are coherent and readable.,Bioluminescent_Plankton.png,440,440,RGBA,67794fb6dabb70c0470a8280ed67b7456e0fe31ba4b2700987feab7aac6356d1,9e0571913a9a1781da883a1ab9dad5baa9843a18113c50e2097ab89f83a4a963,,,,,,,,,,,,PASS,PASS,PASS,PASS,PASS,,,,,,,
microbe,Cyanobacteria,Cyanobacteria,PASS,PASS,PASS,True,,,,,,,,,,,The long filamentous chains with specialized cells are recognizable.,Cyanobacteria.png,440,440,RGBA,9afbd9438774232757d0e560a080419044b919596cd93b71b5073557ad44bba8,3a57262608d0eb9e353e7f84eeec77cfb89702ac104251be6e7fedfc8b9a0bf9,,,,,,,,,,,,PASS,PASS,PASS,PASS,PASS,,,,,,,
microbe,Diatom,Diatom,PASS,PASS,PASS,True,,,,,,,,,,,The rigid symmetric silica frustule is clear.,Diatom.png,440,440,RGBA,eaa6e3cf523adf71372a83546a8ae835d4d850b4131a982613d7304ac102bbef,04b4479a67a34297c2688a3fcd27c103b2264e92a8a8c6ec0773a804a28df6b5,,,,,,,,,,,,PASS,PASS,PASS,PASS,PASS,,,,,,,
microbe,Foraminiferan,Foraminiferan,PASS,PASS,FAIL,False,,,,,,,,,,,The chambered cluster and radiating pseudopodia now clearly read as a foraminiferan.,Foraminiferan.png,440,440,RGBA,4efe712a8a2877b575b5d9866be35f178c3eed8e9638e19be0b6a2447c94e3a7,4efe712a8a2877b575b5d9866be35f178c3eed8e9638e19be0b6a2447c94e3a7,,,,,,,,,,,,PASS,PASS,PASS,PASS,PASS,,,,,,,
microbe,Paramecium,Paramecium,PASS,PASS,PASS,True,,,,,,,,,,,"The slipper-shaped ciliate body, surface cilia and internal structures are recognizable.",Paramecium.png,440,440,RGBA,7304a4e56767398720450ff82b4e67b831c69626cc766ab743a66e4a6adaa6d0,be74acb3e3308be33c1e0a7819b3ca1f484e3e603ddc1ee082a05177b16974fd,,,,,,,,,,,,PASS,PASS,PASS,PASS,PASS,,,,,,,
microbe,Radiolarian,Radiolarian,PASS,PASS,HOLD,False,,,,,,,,,,,The radial mineral shell and internal geometry are recognizable.,Radiolarian.png,440,440,RGBA,7e957b0a5e7025c495e093a10d0b5a9d223252685c4f308144d9bc4f698935cf,7e957b0a5e7025c495e093a10d0b5a9d223252685c4f308144d9bc4f698935cf,,,,,,,,,,,,PASS,PASS,PASS,PASS,PASS,,,,,,,
procedural,fauna-h0-s0,fauna-h0-s0,PASS,PASS,PASS,True,,,,,,,,,,,"The generated phenotype shows a coherent blend of body/growth plan, appendages, terminal structures and surface material. Earth-species accuracy is not required; leave this combination alone unless runtime animation reveals attachment problems.",fauna-h0-s0.png,440,440,RGBA,2ffb4efd528804bf9045547f84f3b216b9f2941b144b3c2ff4c4d346ed18d345,37be5335faa208955c8468783f3a86debb9290e89ad63c4189174fa3e0c48a03,,,,,,,,,,,,,,,,,fauna,PASS,PASS,PASS,PASS,PASS,PASS
procedural,fauna-h0-s1,fauna-h0-s1,PASS,PASS,PASS,True,,,,,,,,,,,"The generated phenotype shows a coherent blend of body/growth plan, appendages, terminal structures and surface material. Earth-species accuracy is not required; leave this combination alone unless runtime animation reveals attachment problems.",fauna-h0-s1.png,440,440,RGBA,fec5de91ce882bfa6c477228b6d8a8f386d714fa1ada2462a9c1b74b79c192f4,0f26ad5dc48549dc59c56f7e0c97e375672e5315ea9daa1573a4a11cbdfeb1f2,,,,,,,,,,,,,,,,,fauna,PASS,PASS,PASS,PASS,PASS,PASS
procedural,fauna-h0-s10,fauna-h0-s10,PASS,PASS,PASS,True,,,,,,,,,,,"The generated phenotype shows a coherent blend of body/growth plan, appendages, terminal structures and surface material. Earth-species accuracy is not required; leave this combination alone unless runtime animation reveals attachment problems.",fauna-h0-s10.png,440,440,RGBA,9b29c21db362af0c8b3ee34e1433515076160cd14fab185f1195ac3df05c9f69,aaba5e1b59db109a1a5d41d70ff010e299c68996bcffc363dca5bea92b9960c5,,,,,,,,,,,,,,,,,fauna,PASS,PASS,PASS,PASS,PASS,PASS
procedural,fauna-h0-s11,fauna-h0-s11,PASS,PASS,PASS,False,,,,,,,,,,,"The generated phenotype shows a coherent blend of body/growth plan, appendages, terminal structures and surface material. Earth-species accuracy is not required; leave this combination alone unless runtime animation reveals attachment problems.",fauna-h0-s11.png,440,440,RGBA,46fa93407af6c152169e1d9e8aa04f3df221f7eb3211ce151500b1c969947e2c,46fa93407af6c152169e1d9e8aa04f3df221f7eb3211ce151500b1c969947e2c,,,,,,,,,,,,,,,,,fauna,PASS,PASS,PASS,PASS,PASS,PASS
procedural,fauna-h0-s12,fauna-h0-s12,PASS,PASS,PASS,True,,,,,,,,,,,"The generated phenotype shows a coherent blend of body/growth plan, appendages, terminal structures and surface material. Earth-species accuracy is not required; leave this combination alone unless runtime animation reveals attachment problems.",fauna-h0-s12.png,440,440,RGBA,6fe0d6bf847b2f9551fb4ce27148ca74070b6c7bd879c5f52dde25e32ae6a5df,b50a27dc348992de5c6189c919eea5352e2e52ae67f536325b980a3773c7ac31,,,,,,,,,,,,,,,,,fauna,PASS,PASS,PASS,PASS,PASS,PASS
procedural,fauna-h0-s13,fauna-h0-s13,PASS,PASS,PASS,True,,,,,,,,,,,"The generated phenotype shows a coherent blend of body/growth plan, appendages, terminal structures and surface material. Earth-species accuracy is not required; leave this combination alone unless runtime animation reveals attachment problems.",fauna-h0-s13.png,440,440,RGBA,918e2a8b016e9888494d4342796c3d69390dc76677231dff463267dd759bdf3e,d8877c61ef57524a3bf03fc6c516e210250e7b91d47da49c4339d44e250ca52a,,,,,,,,,,,,,,,,,fauna,PASS,PASS,PASS,PASS,PASS,PASS
procedural,fauna-h0-s14,fauna-h0-s14,PASS,PASS,PASS,True,,,,,,,,,,,"The generated phenotype shows a coherent blend of body/growth plan, appendages, terminal structures and surface material. Earth-species accuracy is not required; leave this combination alone unless runtime animation reveals attachment problems.",fauna-h0-s14.png,440,440,RGBA,1c17e363605893468855b3c1bee932312d3a00a95b5a507a4f4d9d28470eead7,d304f6ebfd46b7902e27a5aa067e6f5848083f78d528d2a388ce1008fdfd4411,,,,,,,,,,,,,,,,,fauna,PASS,PASS,PASS,PASS,PASS,PASS
procedural,fauna-h0-s16,fauna-h0-s16,PASS,PASS,PASS,False,,,,,,,,,,,"The generated phenotype shows a coherent blend of body/growth plan, appendages, terminal structures and surface material. Earth-species accuracy is not required; leave this combination alone unless runtime animation reveals attachment problems.",fauna-h0-s16.png,440,440,RGBA,6e3cdbbed7f5958212a7a60acee2495f42708e2d253807e07459d378044352df,6e3cdbbed7f5958212a7a60acee2495f42708e2d253807e07459d378044352df,,,,,,,,,,,,,,,,,fauna,PASS,PASS,PASS,PASS,PASS,PASS
procedural,fauna-h0-s17,fauna-h0-s17,PASS,PASS,PASS,True,,,,,,,,,,,"The generated phenotype shows a coherent blend of body/growth plan, appendages, terminal structures and surface material. Earth-species accuracy is not required; leave this combination alone unless runtime animation reveals attachment problems.",fauna-h0-s17.png,440,440,RGBA,b87c47dba9a115c2eff3c5827d5bbb3d28e9ae65dfb9d35997e4fc8d6716a6ad,8d81e46c27370d42e90a10e4a36894d43377122dc78cc8267d6fec2292100dcb,,,,,,,,,,,,,,,,,fauna,PASS,PASS,PASS,PASS,PASS,PASS
procedural,fauna-h0-s18,fauna-h0-s18,PASS,PASS,PASS,True,,,,,,,,,,,"The generated phenotype shows a coherent blend of body/growth plan, appendages, terminal structures and surface material. Earth-species accuracy is not required; leave this combination alone unless runtime animation reveals attachment problems.",fauna-h0-s18.png,440,440,RGBA,b4a5b118c63831f0b24c640c2fd3e04d952d380852932cdf4a5e4786117054a6,234293bc75dbb3b8c88548eca3b91efd837c93d2a281625c78ad1badcfbc7ca1,,,,,,,,,,,,,,,,,fauna,PASS,PASS,PASS,PASS,PASS,PASS
procedural,fauna-h0-s19,fauna-h0-s19,PASS,PASS,PASS,True,,,,,,,,,,,"The generated phenotype shows a coherent blend of body/growth plan, appendages, terminal structures and surface material. Earth-species accuracy is not required; leave this combination alone unless runtime animation reveals attachment problems.",fauna-h0-s19.png,440,440,RGBA,65c31d8a9657399f68e9271f0582bf386eac5f1252feb71eede8092ea949a4f4,0683f1752560080c7140a81aae0864cd86d4a472bf31be92be98e6028b13a354,,,,,,,,,,,,,,,,,fauna,PASS,PASS,PASS,PASS,PASS,PASS
procedural,fauna-h0-s2,fauna-h0-s2,PASS,PASS,PASS,True,,,,,,,,,,,"The generated phenotype shows a coherent blend of body/growth plan, appendages, terminal structures and surface material. Earth-species accuracy is not required; leave this combination alone unless runtime animation reveals attachment problems.",fauna-h0-s2.png,440,440,RGBA,a73aa995f6be532a71a3cff3f29cf13d6537a812de89beb3330b85913f149118,fbb3e502d201e23fb1dbbd4edcd2ba2ba89e3741b5193ab74b74f720f1cc5163,,,,,,,,,,,,,,,,,fauna,PASS,PASS,PASS,PASS,PASS,PASS
procedural,fauna-h0-s3,fauna-h0-s3,PASS,PASS,PASS,True,,,,,,,,,,,"The generated phenotype shows a coherent blend of body/growth plan, appendages, terminal structures and surface material. Earth-species accuracy is not required; leave this combination alone unless runtime animation reveals attachment problems.",fauna-h0-s3.png,440,440,RGBA,e92fe8a72720015c8ffe37b72482b10e3fbffc985f4505b8e8c21dff9d04c071,701dd1c6e9d2a2df00df7f2fba341600a56d7a1b4e34bd8d0d84b94ce3441801,,,,,,,,,,,,,,,,,fauna,PASS,PASS,PASS,PASS,PASS,PASS
procedural,fauna-h0-s4,fauna-h0-s4,PASS,PASS,PASS,True,,,,,,,,,,,"The generated phenotype shows a coherent blend of body/growth plan, appendages, terminal structures and surface material. Earth-species accuracy is not required; leave this combination alone unless runtime animation reveals attachment problems.",fauna-h0-s4.png,440,440,RGBA,dfc5f0c770aa1e3474803cd3466f88ed2b007b11621d0f9510649343a15cea51,2f0fcee8f38ceb99a98acb7b7a244d96e75977f71bfae10cfc512809173c03dc,,,,,,,,,,,,,,,,,fauna,PASS,PASS,PASS,PASS,PASS,PASS
procedural,fauna-h0-s5,fauna-h0-s5,PASS,PASS,PASS,True,,,,,,,,,,,"The generated phenotype shows a coherent blend of body/growth plan, appendages, terminal structures and surface material. Earth-species accuracy is not required; leave this combination alone unless runtime animation reveals attachment problems.",fauna-h0-s5.png,440,440,RGBA,8674ebd1cd125140dffc2d385611e0ab60f89dbd81b4c63ebf86862db7c951c6,8c3ed0d9e30a6aea9f6c0f0592a169e6caf663c4869cc528da289f28c65ea062,,,,,,,,,,,,,,,,,fauna,PASS,PASS,PASS,PASS,PASS,PASS
procedural,fauna-h0-s6,fauna-h0-s6,PASS,PASS,PASS,True,,,,,,,,,,,"The generated phenotype shows a coherent blend of body/growth plan, appendages, terminal structures and surface material. Earth-species accuracy is not required; leave this combination alone unless runtime animation reveals attachment problems.",fauna-h0-s6.png,440,440,RGBA,07df780e6a01bb6771916a5c189b17fd60635a5fbf405aeac69031dfe0b8d413,b9134f2881e3cdb9898a658983c461bb0abffb970fd92aace47c1e3939e94b0e,,,,,,,,,,,,,,,,,fauna,PASS,PASS,PASS,PASS,PASS,PASS
procedural,fauna-h0-s7,fauna-h0-s7,PASS,PASS,PASS,False,,,,,,,,,,,"The generated phenotype shows a coherent blend of body/growth plan, appendages, terminal structures and surface material. Earth-species accuracy is not required; leave this combination alone unless runtime animation reveals attachment problems.",fauna-h0-s7.png,440,440,RGBA,1b197e5d32611619b4ba08b27b328a0a478a76e51ea87ecb6b8d75350b61e528,1b197e5d32611619b4ba08b27b328a0a478a76e51ea87ecb6b8d75350b61e528,,,,,,,,,,,,,,,,,fauna,PASS,PASS,PASS,PASS,PASS,PASS
procedural,fauna-h0-s8,fauna-h0-s8,PASS,PASS,PASS,True,,,,,,,,,,,"The generated phenotype shows a coherent blend of body/growth plan, appendages, terminal structures and surface material. Earth-species accuracy is not required; leave this combination alone unless runtime animation reveals attachment problems.",fauna-h0-s8.png,440,440,RGBA,8921441f24653f9e08109d052b538c1184a07fa0b01c305832da7faf852e5d86,ef1fdd8bb7849d996b8013f94fe929a1550a2ff1b6250340f39c2786c0349929,,,,,,,,,,,,,,,,,fauna,PASS,PASS,PASS,PASS,PASS,PASS
procedural,fauna-h0-s9,fauna-h0-s9,PASS,PASS,PASS,True,,,,,,,,,,,"The generated phenotype shows a coherent blend of body/growth plan, appendages, terminal structures and surface material. Earth-species accuracy is not required; leave this combination alone unless runtime animation reveals attachment problems.",fauna-h0-s9.png,440,440,RGBA,0e8e9e019dff980a5782950518ff931f8733bd236bc98a99f1dbb14ae2dd6c58,d7fb68da9966c959db40780832592dbfeedb478cd7a5badf3a2fddaa4cc49737,,,,,,,,,,,,,,,,,fauna,PASS,PASS,PASS,PASS,PASS,PASS
procedural,fauna-h1-s0,fauna-h1-s0,PASS,PASS,PASS,True,,,,,,,,,,,"The generated phenotype shows a coherent blend of body/growth plan, appendages, terminal structures and surface material. Earth-species accuracy is not required; leave this combination alone unless runtime animation reveals attachment problems.",fauna-h1-s0.png,440,440,RGBA,494d4fae8128db7a6258e9076eb66837d103d7a51f43c0ec883a217ba5d61950,78889e2d1ba4a02c52c76fdbe5342b457f368c70603aa236688542e231327121,,,,,,,,,,,,,,,,,fauna,PASS,PASS,PASS,PASS,PASS,PASS
procedural,fauna-h1-s1,fauna-h1-s1,PASS,PASS,PASS,True,,,,,,,,,,,"The generated phenotype shows a coherent blend of body/growth plan, appendages, terminal structures and surface material. Earth-species accuracy is not required; leave this combination alone unless runtime animation reveals attachment problems.",fauna-h1-s1.png,440,440,RGBA,447b88b5f74ceee9c7bc391501d4b484ed268809ca0b1a1fb352e6d28c3caff9,8043e7633242df3c41ec18017c378bb777c16e7b2e99bb3e458b877ede223098,,,,,,,,,,,,,,,,,fauna,PASS,PASS,PASS,PASS,PASS,PASS
procedural,fauna-h1-s10,fauna-h1-s10,PASS,PASS,PASS,True,,,,,,,,,,,"The generated phenotype shows a coherent blend of body/growth plan, appendages, terminal structures and surface material. Earth-species accuracy is not required; leave this combination alone unless runtime animation reveals attachment problems.",fauna-h1-s10.png,440,440,RGBA,5e20d0236d02dd01096dfde03cdbbbcffb6005d73396cc97dcf8194315b38faa,10d8596f78f519b22d8bbf9463c5e5d4c292cc482447106727f7c8b5e086c38a,,,,,,,,,,,,,,,,,fauna,PASS,PASS,PASS,PASS,PASS,PASS
procedural,fauna-h1-s11,fauna-h1-s11,PASS,PASS,PASS,True,,,,,,,,,,,"The generated phenotype shows a coherent blend of body/growth plan, appendages, terminal structures and surface material. Earth-species accuracy is not required; leave this combination alone unless runtime animation reveals attachment problems.",fauna-h1-s11.png,440,440,RGBA,8becbe53fc4cb99968d84822f116ce6c6195f1033bdbaf651c315bf605e5d1b7,36afc01011c5c615cae9799b64f73f871551bdabdc9b298c6dcb7a3baf3fdff7,,,,,,,,,,,,,,,,,fauna,PASS,PASS,PASS,PASS,PASS,PASS
procedural,fauna-h1-s12,fauna-h1-s12,PASS,PASS,PASS,False,,,,,,,,,,,"The generated phenotype shows a coherent blend of body/growth plan, appendages, terminal structures and surface material. Earth-species accuracy is not required; leave this combination alone unless runtime animation reveals attachment problems.",fauna-h1-s12.png,440,440,RGBA,f599a66bf30d01c92ad088c6108a1dfa5c0f1998d118547583db2e9fed200e8b,f599a66bf30d01c92ad088c6108a1dfa5c0f1998d118547583db2e9fed200e8b,,,,,,,,,,,,,,,,,fauna,PASS,PASS,PASS,PASS,PASS,PASS
procedural,fauna-h1-s13,fauna-h1-s13,PASS,PASS,PASS,True,,,,,,,,,,,"The generated phenotype shows a coherent blend of body/growth plan, appendages, terminal structures and surface material. Earth-species accuracy is not required; leave this combination alone unless runtime animation reveals attachment problems.",fauna-h1-s13.png,440,440,RGBA,9e85429bb505214a3d22007c3a593e77beafa0470a2a29fb3b6d605ddca8bfa6,5c5bf57234e168f95d60dd3ad384de3b97a3ae9de5ce69939fc5da9bf18a360d,,,,,,,,,,,,,,,,,fauna,PASS,PASS,PASS,PASS,PASS,PASS
procedural,fauna-h1-s14,fauna-h1-s14,PASS,PASS,PASS,True,,,,,,,,,,,"The generated phenotype shows a coherent blend of body/growth plan, appendages, terminal structures and surface material. Earth-species accuracy is not required; leave this combination alone unless runtime animation reveals attachment problems.",fauna-h1-s14.png,440,440,RGBA,1c74a22ec17643ae020299006cb3d344afdb82733356ba2bf70941ce11b6f625,9ec8186b79b687a44b8133745689a4bc6a3040aeb1f7f08a7f154e9a53ef2fd1,,,,,,,,,,,,,,,,,fauna,PASS,PASS,PASS,PASS,PASS,PASS
procedural,fauna-h1-s15,fauna-h1-s15,PASS,PASS,PASS,True,,,,,,,,,,,"The generated phenotype shows a coherent blend of body/growth plan, appendages, terminal structures and surface material. Earth-species accuracy is not required; leave this combination alone unless runtime animation reveals attachment problems.",fauna-h1-s15.png,440,440,RGBA,1c5ce66f24242e6fed9ac6830c3f837e1fa5a02c8829268fb716ce05be9f6e1b,dafd22c09e236ca7ce0ae2676222dba0e743acc857a7c012e641804dca9cfb5d,,,,,,,,,,,,,,,,,fauna,PASS,PASS,PASS,PASS,PASS,PASS
procedural,fauna-h1-s16,fauna-h1-s16,PASS,PASS,PASS,True,,,,,,,,,,,"The generated phenotype shows a coherent blend of body/growth plan, appendages, terminal structures and surface material. Earth-species accuracy is not required; leave this combination alone unless runtime animation reveals attachment problems.",fauna-h1-s16.png,440,440,RGBA,8c5a3d86fb9247bbc6669f62b785b6b262f82aae56ead0e620b0afbfa1ad42d2,6b4a1626cfb59bcda49127c02794d4efac17210062c1bfd24c92cc5ac9bcd248,,,,,,,,,,,,,,,,,fauna,PASS,PASS,PASS,PASS,PASS,PASS
procedural,fauna-h1-s17,fauna-h1-s17,PASS,PASS,PASS,False,,,,,,,,,,,"The generated phenotype shows a coherent blend of body/growth plan, appendages, terminal structures and surface material. Earth-species accuracy is not required; leave this combination alone unless runtime animation reveals attachment problems.",fauna-h1-s17.png,440,440,RGBA,4f8a445c71ef493df67aa8ded7eba90f3f550893a9c280dcc5b2de93218d54e2,4f8a445c71ef493df67aa8ded7eba90f3f550893a9c280dcc5b2de93218d54e2,,,,,,,,,,,,,,,,,fauna,PASS,PASS,PASS,PASS,PASS,PASS
procedural,fauna-h1-s18,fauna-h1-s18,PASS,PASS,PASS,True,,,,,,,,,,,"The generated phenotype shows a coherent blend of body/growth plan, appendages, terminal structures and surface material. Earth-species accuracy is not required; leave this combination alone unless runtime animation reveals attachment problems.",fauna-h1-s18.png,440,440,RGBA,d79ca53747db02b9acef4e85a066389c0f7f232418b7f784b8062b671906254e,f5b90e20905f2746b1fbf7707e419b501ac95356ed8865667be9529d599a024f,,,,,,,,,,,,,,,,,fauna,PASS,PASS,PASS,PASS,PASS,PASS
procedural,fauna-h1-s19,fauna-h1-s19,PASS,PASS,PASS,False,,,,,,,,,,,"The generated phenotype shows a coherent blend of body/growth plan, appendages, terminal structures and surface material. Earth-species accuracy is not required; leave this combination alone unless runtime animation reveals attachment problems.",fauna-h1-s19.png,440,440,RGBA,865be18f4f788999d00be4199e7a236d18a87dc4f7db3da58d04a191123b21c3,865be18f4f788999d00be4199e7a236d18a87dc4f7db3da58d04a191123b21c3,,,,,,,,,,,,,,,,,fauna,PASS,PASS,PASS,PASS,PASS,PASS
procedural,fauna-h1-s2,fauna-h1-s2,PASS,PASS,PASS,False,,,,,,,,,,,"The generated phenotype shows a coherent blend of body/growth plan, appendages, terminal structures and surface material. Earth-species accuracy is not required; leave this combination alone unless runtime animation reveals attachment problems.",fauna-h1-s2.png,440,440,RGBA,99627b4e7d01cee98f00d0879bdcbd72cad46ab96faf58fc5a21030034c1c607,99627b4e7d01cee98f00d0879bdcbd72cad46ab96faf58fc5a21030034c1c607,,,,,,,,,,,,,,,,,fauna,PASS,PASS,PASS,PASS,PASS,PASS
procedural,fauna-h1-s3,fauna-h1-s3,PASS,PASS,PASS,False,,,,,,,,,,,"The generated phenotype shows a coherent blend of body/growth plan, appendages, terminal structures and surface material. Earth-species accuracy is not required; leave this combination alone unless runtime animation reveals attachment problems.",fauna-h1-s3.png,440,440,RGBA,391f66431551ea32c1b5fd76c2f3e3a18f37562193b08fc7b2f5987e81bce552,391f66431551ea32c1b5fd76c2f3e3a18f37562193b08fc7b2f5987e81bce552,,,,,,,,,,,,,,,,,fauna,PASS,PASS,PASS,PASS,PASS,PASS
procedural,fauna-h1-s4,fauna-h1-s4,PASS,PASS,PASS,True,,,,,,,,,,,"The generated phenotype shows a coherent blend of body/growth plan, appendages, terminal structures and surface material. Earth-species accuracy is not required; leave this combination alone unless runtime animation reveals attachment problems.",fauna-h1-s4.png,440,440,RGBA,4bf9d7ed517c564eea5b88b17afb75ee877a7dba3fa16b7a0bd132fad164b434,d1715e126907ac9d48ee863506acebea93784930a46ae62fe44798f2aede77e6,,,,,,,,,,,,,,,,,fauna,PASS,PASS,PASS,PASS,PASS,PASS
procedural,fauna-h1-s5,fauna-h1-s5,PASS,PASS,PASS,False,,,,,,,,,,,"The generated phenotype shows a coherent blend of body/growth plan, appendages, terminal structures and surface material. Earth-species accuracy is not required; leave this combination alone unless runtime animation reveals attachment problems.",fauna-h1-s5.png,440,440,RGBA,2f4eadb0fc98e72acf62bc39aa1dc2a7ab65997e38103db8654fe86351dc9f1b,2f4eadb0fc98e72acf62bc39aa1dc2a7ab65997e38103db8654fe86351dc9f1b,,,,,,,,,,,,,,,,,fauna,PASS,PASS,PASS,PASS,PASS,PASS
procedural,fauna-h1-s6,fauna-h1-s6,PASS,PASS,PASS,True,,,,,,,,,,,"The generated phenotype shows a coherent blend of body/growth plan, appendages, terminal structures and surface material. Earth-species accuracy is not required; leave this combination alone unless runtime animation reveals attachment problems.",fauna-h1-s6.png,440,440,RGBA,e9b2ab6e8f7fba14ae3068404ca3ba5246860132f343d179dd5109fd05105449,1f31e69c3067395e4b4c8ff3f8789dca850dba2e9c5944a28eb8fddcc9c9f175,,,,,,,,,,,,,,,,,fauna,PASS,PASS,PASS,PASS,PASS,PASS
procedural,fauna-h1-s7,fauna-h1-s7,PASS,PASS,PASS,True,,,,,,,,,,,"The generated phenotype shows a coherent blend of body/growth plan, appendages, terminal structures and surface material. Earth-species accuracy is not required; leave this combination alone unless runtime animation reveals attachment problems.",fauna-h1-s7.png,440,440,RGBA,8cdf99b8b4c1c36d55b3360b39f543648161e52ead1888edf74142bf040de08d,fa52b1eb31e63746a3b98fe4e497b136ee8eecf78837e54861763597764731be,,,,,,,,,,,,,,,,,fauna,PASS,PASS,PASS,PASS,PASS,PASS
procedural,fauna-h1-s8,fauna-h1-s8,PASS,PASS,PASS,False,,,,,,,,,,,"The generated phenotype shows a coherent blend of body/growth plan, appendages, terminal structures and surface material. Earth-species accuracy is not required; leave this combination alone unless runtime animation reveals attachment problems.",fauna-h1-s8.png,440,440,RGBA,5e7c2c0e97875d013058b148959a7d4becc7fcc755a69066dae97e8e86ef0455,5e7c2c0e97875d013058b148959a7d4becc7fcc755a69066dae97e8e86ef0455,,,,,,,,,,,,,,,,,fauna,PASS,PASS,PASS,PASS,PASS,PASS
procedural,fauna-h1-s9,fauna-h1-s9,PASS,PASS,PASS,False,,,,,,,,,,,"The generated phenotype shows a coherent blend of body/growth plan, appendages, terminal structures and surface material. Earth-species accuracy is not required; leave this combination alone unless runtime animation reveals attachment problems.",fauna-h1-s9.png,440,440,RGBA,b5e7e4a1eb5da12807178e05cfc4a7a49b70c5da8a080b4f42572740f53976be,b5e7e4a1eb5da12807178e05cfc4a7a49b70c5da8a080b4f42572740f53976be,,,,,,,,,,,,,,,,,fauna,PASS,PASS,PASS,PASS,PASS,PASS
procedural,fauna-h2-s0,fauna-h2-s0,PASS,PASS,PASS,False,,,,,,,,,,,"The generated phenotype shows a coherent blend of body/growth plan, appendages, terminal structures and surface material. Earth-species accuracy is not required; leave this combination alone unless runtime animation reveals attachment problems.",fauna-h2-s0.png,440,440,RGBA,a891270ee3840da4004adaebe26e6c804696a26700c75ae956f8a5edd34c87e4,a891270ee3840da4004adaebe26e6c804696a26700c75ae956f8a5edd34c87e4,,,,,,,,,,,,,,,,,fauna,PASS,PASS,PASS,PASS,PASS,PASS
procedural,fauna-h2-s1,fauna-h2-s1,PASS,PASS,PASS,True,,,,,,,,,,,"The generated phenotype shows a coherent blend of body/growth plan, appendages, terminal structures and surface material. Earth-species accuracy is not required; leave this combination alone unless runtime animation reveals attachment problems.",fauna-h2-s1.png,440,440,RGBA,ea279d7766fcda3dcf93b40ae00d0a5f49c2580256e14da34bfe728cd4a2e759,ba9f44944a8325255f9ee71860e936d3fee9e7c5973c671b7f08ce9a4ca35a97,,,,,,,,,,,,,,,,,fauna,PASS,PASS,PASS,PASS,PASS,PASS
procedural,fauna-h2-s10,fauna-h2-s10,PASS,PASS,PASS,True,,,,,,,,,,,"The generated phenotype shows a coherent blend of body/growth plan, appendages, terminal structures and surface material. Earth-species accuracy is not required; leave this combination alone unless runtime animation reveals attachment problems.",fauna-h2-s10.png,440,440,RGBA,9511e05d4c2a11d1d8d8a136f7b803d5d4294955b59e060d4edcb9695eee850a,d018cda42fe7c3c7c9293129f9720b9a96b972c45820311476e26729025f3625,,,,,,,,,,,,,,,,,fauna,PASS,PASS,PASS,PASS,PASS,PASS
procedural,fauna-h2-s11,fauna-h2-s11,PASS,PASS,PASS,False,,,,,,,,,,,"The generated phenotype shows a coherent blend of body/growth plan, appendages, terminal structures and surface material. Earth-species accuracy is not required; leave this combination alone unless runtime animation reveals attachment problems.",fauna-h2-s11.png,440,440,RGBA,49d6967b689b4ae67c962b71bb0152ed8d9314f92a21bf411f955bb719a3a669,49d6967b689b4ae67c962b71bb0152ed8d9314f92a21bf411f955bb719a3a669,,,,,,,,,,,,,,,,,fauna,PASS,PASS,PASS,PASS,PASS,PASS
procedural,fauna-h2-s12,fauna-h2-s12,PASS,PASS,PASS,True,,,,,,,,,,,"The generated phenotype shows a coherent blend of body/growth plan, appendages, terminal structures and surface material. Earth-species accuracy is not required; leave this combination alone unless runtime animation reveals attachment problems.",fauna-h2-s12.png,440,440,RGBA,cc7dd108953854a9ba7175e3ac793cf7cee1b0d0f660ec7d0966c76231f00b87,6b7c5825515b63eaf4947152e11185cc3060bdc680ecfe8f279a2f4ca35816c7,,,,,,,,,,,,,,,,,fauna,PASS,PASS,PASS,PASS,PASS,PASS
procedural,fauna-h2-s13,fauna-h2-s13,PASS,PASS,PASS,True,,,,,,,,,,,"The generated phenotype shows a coherent blend of body/growth plan, appendages, terminal structures and surface material. Earth-species accuracy is not required; leave this combination alone unless runtime animation reveals attachment problems.",fauna-h2-s13.png,440,440,RGBA,670e3905b3379a34cee9b60a6045dbbd61fe5290a6f5a48f92f3e32d36d187e2,1d134595b27f16c8974155dd054baac2d2fd12fa60228bc9602ca16136a74dc2,,,,,,,,,,,,,,,,,fauna,PASS,PASS,PASS,PASS,PASS,PASS
procedural,fauna-h2-s14,fauna-h2-s14,PASS,PASS,PASS,False,,,,,,,,,,,"The generated phenotype shows a coherent blend of body/growth plan, appendages, terminal structures and surface material. Earth-species accuracy is not required; leave this combination alone unless runtime animation reveals attachment problems.",fauna-h2-s14.png,440,440,RGBA,63de5636a2ac379af53986898aa0e9396d3ed132720b51256161bbe6eeab4088,63de5636a2ac379af53986898aa0e9396d3ed132720b51256161bbe6eeab4088,,,,,,,,,,,,,,,,,fauna,PASS,PASS,PASS,PASS,PASS,PASS
procedural,fauna-h2-s15,fauna-h2-s15,PASS,PASS,PASS,False,,,,,,,,,,,"The generated phenotype shows a coherent blend of body/growth plan, appendages, terminal structures and surface material. Earth-species accuracy is not required; leave this combination alone unless runtime animation reveals attachment problems.",fauna-h2-s15.png,440,440,RGBA,25ef7a2175da21847bb90959df48c620d953668dcf55c77ae06955e37dfcfc48,25ef7a2175da21847bb90959df48c620d953668dcf55c77ae06955e37dfcfc48,,,,,,,,,,,,,,,,,fauna,PASS,PASS,PASS,PASS,PASS,PASS
procedural,fauna-h2-s16,fauna-h2-s16,PASS,PASS,PASS,True,,,,,,,,,,,"The generated phenotype shows a coherent blend of body/growth plan, appendages, terminal structures and surface material. Earth-species accuracy is not required; leave this combination alone unless runtime animation reveals attachment problems.",fauna-h2-s16.png,440,440,RGBA,a0aceb511ae2ce79332faca725f8356ba902e2df204cc7aeb89fe9f50846b468,8f2c5fdced179b737ff81e4a8f5b14cb1e6f78691007637775f44e0a88a9ef58,,,,,,,,,,,,,,,,,fauna,PASS,PASS,PASS,PASS,PASS,PASS
procedural,fauna-h2-s17,fauna-h2-s17,PASS,PASS,PASS,True,,,,,,,,,,,"The generated phenotype shows a coherent blend of body/growth plan, appendages, terminal structures and surface material. Earth-species accuracy is not required; leave this combination alone unless runtime animation reveals attachment problems.",fauna-h2-s17.png,440,440,RGBA,0ca23979675f3c3a8cc59f0ff8a37bbada9df1fba25f8d88bc50214ae34b0293,039f64fb4585d65ba83275685195efead1d6a45bb07b3ec052be3befed6a3c61,,,,,,,,,,,,,,,,,fauna,PASS,PASS,PASS,PASS,PASS,PASS
procedural,fauna-h2-s18,fauna-h2-s18,PASS,PASS,PASS,True,,,,,,,,,,,"The generated phenotype shows a coherent blend of body/growth plan, appendages, terminal structures and surface material. Earth-species accuracy is not required; leave this combination alone unless runtime animation reveals attachment problems.",fauna-h2-s18.png,440,440,RGBA,8a17424de3264b8643f3016d03e0561263018e812104cedcd76dc21bfd3139e5,34594b0df7485d0ebfd8eb159d90bc90c68f68eedc525ecfc43c70e734042795,,,,,,,,,,,,,,,,,fauna,PASS,PASS,PASS,PASS,PASS,PASS
procedural,fauna-h2-s19,fauna-h2-s19,PASS,PASS,PASS,False,,,,,,,,,,,"The generated phenotype shows a coherent blend of body/growth plan, appendages, terminal structures and surface material. Earth-species accuracy is not required; leave this combination alone unless runtime animation reveals attachment problems.",fauna-h2-s19.png,440,440,RGBA,f32943af7009a6289440e0dece670e06a93f057c46134ee8750ed3d9679a1e93,f32943af7009a6289440e0dece670e06a93f057c46134ee8750ed3d9679a1e93,,,,,,,,,,,,,,,,,fauna,PASS,PASS,PASS,PASS,PASS,PASS
procedural,fauna-h2-s2,fauna-h2-s2,PASS,PASS,PASS,True,,,,,,,,,,,"The generated phenotype shows a coherent blend of body/growth plan, appendages, terminal structures and surface material. Earth-species accuracy is not required; leave this combination alone unless runtime animation reveals attachment problems.",fauna-h2-s2.png,440,440,RGBA,f7645dbebc9d6282f3832957d225b89f2a81177232e59de3a5ecb50557223b04,8901893b24df08f0cb7b8bac13cbcd96219b1c93a2ff99e296346c701e2a2f47,,,,,,,,,,,,,,,,,fauna,PASS,PASS,PASS,PASS,PASS,PASS
procedural,fauna-h2-s3,fauna-h2-s3,PASS,PASS,PASS,True,,,,,,,,,,,"The generated phenotype shows a coherent blend of body/growth plan, appendages, terminal structures and surface material. Earth-species accuracy is not required; leave this combination alone unless runtime animation reveals attachment problems.",fauna-h2-s3.png,440,440,RGBA,7538b1dd3313be1d13b5110e34bdb7f834b788347273e0aae729d29d72caaff5,9c9428e7da350c8cb26c80e923f63e7c063653ad089325515c87358f7f7b7ffc,,,,,,,,,,,,,,,,,fauna,PASS,PASS,PASS,PASS,PASS,PASS
procedural,fauna-h2-s4,fauna-h2-s4,PASS,PASS,PASS,True,,,,,,,,,,,"The generated phenotype shows a coherent blend of body/growth plan, appendages, terminal structures and surface material. Earth-species accuracy is not required; leave this combination alone unless runtime animation reveals attachment problems.",fauna-h2-s4.png,440,440,RGBA,53e4399ce792861b4a0be3667c241c8277394ce2e3a0b37b220aaeee0eee9658,7c6765679432f19509155b79a3ba0b5ea18308486db1d97ac91f51213d7cb8e1,,,,,,,,,,,,,,,,,fauna,PASS,PASS,PASS,PASS,PASS,PASS
procedural,fauna-h2-s5,fauna-h2-s5,PASS,PASS,PASS,True,,,,,,,,,,,"The generated phenotype shows a coherent blend of body/growth plan, appendages, terminal structures and surface material. Earth-species accuracy is not required; leave this combination alone unless runtime animation reveals attachment problems.",fauna-h2-s5.png,440,440,RGBA,27a8a17abf434c3449ed7e21d74b416b459eb1c08ca3d8692f2d2ae6a45c287f,4ace157f842f63c1723176fbbcc2a67870012c725df89c6d4ce0b1e0c20ca294,,,,,,,,,,,,,,,,,fauna,PASS,PASS,PASS,PASS,PASS,PASS
procedural,fauna-h2-s6,fauna-h2-s6,PASS,PASS,PASS,False,,,,,,,,,,,"The generated phenotype shows a coherent blend of body/growth plan, appendages, terminal structures and surface material. Earth-species accuracy is not required; leave this combination alone unless runtime animation reveals attachment problems.",fauna-h2-s6.png,440,440,RGBA,4e749bf03b3d7f58a7cb67937bcdb56d3e19d5ba6294cc25640cc824295e9568,4e749bf03b3d7f58a7cb67937bcdb56d3e19d5ba6294cc25640cc824295e9568,,,,,,,,,,,,,,,,,fauna,PASS,PASS,PASS,PASS,PASS,PASS
procedural,fauna-h2-s7,fauna-h2-s7,PASS,PASS,PASS,True,,,,,,,,,,,"The generated phenotype shows a coherent blend of body/growth plan, appendages, terminal structures and surface material. Earth-species accuracy is not required; leave this combination alone unless runtime animation reveals attachment problems.",fauna-h2-s7.png,440,440,RGBA,90499258713d6f426d496b4195fd8884b473a591eaa681cd7b050eb926671f9d,fa46fe461afe8f3f59905d7009611401ca442f9fc3231bf5e126bf8b3d66c27b,,,,,,,,,,,,,,,,,fauna,PASS,PASS,PASS,PASS,PASS,PASS
procedural,fauna-h2-s8,fauna-h2-s8,PASS,PASS,PASS,False,,,,,,,,,,,"The generated phenotype shows a coherent blend of body/growth plan, appendages, terminal structures and surface material. Earth-species accuracy is not required; leave this combination alone unless runtime animation reveals attachment problems.",fauna-h2-s8.png,440,440,RGBA,3aed950ceb1f32e8f70a3838ec2d33b59feac752b10716d704b2f29e6133c7e8,3aed950ceb1f32e8f70a3838ec2d33b59feac752b10716d704b2f29e6133c7e8,,,,,,,,,,,,,,,,,fauna,PASS,PASS,PASS,PASS,PASS,PASS
procedural,fauna-h2-s9,fauna-h2-s9,PASS,PASS,PASS,False,,,,,,,,,,,"The generated phenotype shows a coherent blend of body/growth plan, appendages, terminal structures and surface material. Earth-species accuracy is not required; leave this combination alone unless runtime animation reveals attachment problems.",fauna-h2-s9.png,440,440,RGBA,f867e6f6a11d92e5e666f5e7751e2bb25c25d1d9ce21cbdd4b8aa7c7c1caf206,f867e6f6a11d92e5e666f5e7751e2bb25c25d1d9ce21cbdd4b8aa7c7c1caf206,,,,,,,,,,,,,,,,,fauna,PASS,PASS,PASS,PASS,PASS,PASS
procedural,flora-h0-s0,flora-h0-s0,PASS,PASS,PASS,True,,,,,,,,,,,"The generated phenotype shows a coherent blend of body/growth plan, appendages, terminal structures and surface material. Earth-species accuracy is not required; leave this combination alone unless runtime animation reveals attachment problems.",flora-h0-s0.png,440,440,RGBA,d294d36a5f0dc06e15e871955fbea9f9442e373d6867acee5c7c68e0cd42c6f9,a0693c12d8f9374e685f349436b7160269bd338396a1bd57a93cf1018cee94b8,,,,,,,,,,,,,,,,,flora,PASS,PASS,PASS,PASS,PASS,PASS
procedural,flora-h0-s1,flora-h0-s1,PASS,PASS,PASS,False,,,,,,,,,,,"The generated phenotype shows a coherent blend of body/growth plan, appendages, terminal structures and surface material. Earth-species accuracy is not required; leave this combination alone unless runtime animation reveals attachment problems.",flora-h0-s1.png,440,440,RGBA,776bc6d40b486070425a1ba67073a6b959d6fef00e7ac23d2512e5686442f644,776bc6d40b486070425a1ba67073a6b959d6fef00e7ac23d2512e5686442f644,,,,,,,,,,,,,,,,,flora,PASS,PASS,PASS,PASS,PASS,PASS
procedural,flora-h0-s10,flora-h0-s10,PASS,PASS,PASS,False,,,,,,,,,,,"The generated phenotype shows a coherent blend of body/growth plan, appendages, terminal structures and surface material. Earth-species accuracy is not required; leave this combination alone unless runtime animation reveals attachment problems.",flora-h0-s10.png,440,440,RGBA,cc91d57c141a7a375d3469adac27bfd159fe150dae81b3e0163e24779bb3639a,cc91d57c141a7a375d3469adac27bfd159fe150dae81b3e0163e24779bb3639a,,,,,,,,,,,,,,,,,flora,PASS,PASS,PASS,PASS,PASS,PASS
procedural,flora-h0-s11,flora-h0-s11,PASS,PASS,PASS,True,,,,,,,,,,,"The generated phenotype shows a coherent blend of body/growth plan, appendages, terminal structures and surface material. Earth-species accuracy is not required; leave this combination alone unless runtime animation reveals attachment problems.",flora-h0-s11.png,440,440,RGBA,c884b631ce061d4cb2c3a56c02184dd75bc055bdb63b69c383740d523f6982ce,df1bff704dcdef7f12a126fd4846a4ad91ac88e62913643797f559fb28531922,,,,,,,,,,,,,,,,,flora,PASS,PASS,PASS,PASS,PASS,PASS
procedural,flora-h0-s12,flora-h0-s12,PASS,PASS,PASS,False,,,,,,,,,,,"The generated phenotype shows a coherent blend of body/growth plan, appendages, terminal structures and surface material. Earth-species accuracy is not required; leave this combination alone unless runtime animation reveals attachment problems.",flora-h0-s12.png,440,440,RGBA,0d4f7f5d06a0178e8aab86d299571a0ebfc691284d2ff80c7a03c26f10418a97,0d4f7f5d06a0178e8aab86d299571a0ebfc691284d2ff80c7a03c26f10418a97,,,,,,,,,,,,,,,,,flora,PASS,PASS,PASS,PASS,PASS,PASS
procedural,flora-h0-s13,flora-h0-s13,PASS,PASS,PASS,False,,,,,,,,,,,"The generated phenotype shows a coherent blend of body/growth plan, appendages, terminal structures and surface material. Earth-species accuracy is not required; leave this combination alone unless runtime animation reveals attachment problems.",flora-h0-s13.png,440,440,RGBA,b99649a963fa6988e668f69b1adbc536fb7da09d39e1a629ff88267ebbd63478,b99649a963fa6988e668f69b1adbc536fb7da09d39e1a629ff88267ebbd63478,,,,,,,,,,,,,,,,,flora,PASS,PASS,PASS,PASS,PASS,PASS
procedural,flora-h0-s14,flora-h0-s14,PASS,PASS,PASS,True,,,,,,,,,,,"The generated phenotype shows a coherent blend of body/growth plan, appendages, terminal structures and surface material. Earth-species accuracy is not required; leave this combination alone unless runtime animation reveals attachment problems.",flora-h0-s14.png,440,440,RGBA,b5d0b6649b95e48e637400ccb07f3a3b8c8ee383b2427994e07f9a32e007ce6b,d61397f7ff711b28da8413243dd63ffd11ef7e7f709616d2fad2209a693dbc3f,,,,,,,,,,,,,,,,,flora,PASS,PASS,PASS,PASS,PASS,PASS
procedural,flora-h0-s15,flora-h0-s15,PASS,PASS,PASS,False,,,,,,,,,,,"The generated phenotype shows a coherent blend of body/growth plan, appendages, terminal structures and surface material. Earth-species accuracy is not required; leave this combination alone unless runtime animation reveals attachment problems.",flora-h0-s15.png,440,440,RGBA,23f4ce7d43482aa72c5aa1920ba0ae1ea7ca59e6c7dd7045722bd561e273e611,23f4ce7d43482aa72c5aa1920ba0ae1ea7ca59e6c7dd7045722bd561e273e611,,,,,,,,,,,,,,,,,flora,PASS,PASS,PASS,PASS,PASS,PASS
procedural,flora-h0-s16,flora-h0-s16,PASS,PASS,PASS,True,,,,,,,,,,,"The generated phenotype shows a coherent blend of body/growth plan, appendages, terminal structures and surface material. Earth-species accuracy is not required; leave this combination alone unless runtime animation reveals attachment problems.",flora-h0-s16.png,440,440,RGBA,f71489ffd396ed0001f2e8ecf4fb806387ea87c40fdcfed5e1d5341782d0a8a4,82f1f60e581bd7f0b25b45aaae0673e6e7c8b487e5b992d2b34679509bb62a60,,,,,,,,,,,,,,,,,flora,PASS,PASS,PASS,PASS,PASS,PASS
procedural,flora-h0-s17,flora-h0-s17,PASS,PASS,PASS,False,,,,,,,,,,,"The generated phenotype shows a coherent blend of body/growth plan, appendages, terminal structures and surface material. Earth-species accuracy is not required; leave this combination alone unless runtime animation reveals attachment problems.",flora-h0-s17.png,440,440,RGBA,18f8a98c6503288c1ac6d0ce023901e575382fc160ef910b734886897dff1a7f,18f8a98c6503288c1ac6d0ce023901e575382fc160ef910b734886897dff1a7f,,,,,,,,,,,,,,,,,flora,PASS,PASS,PASS,PASS,PASS,PASS
procedural,flora-h0-s18,flora-h0-s18,PASS,PASS,PASS,False,,,,,,,,,,,"The generated phenotype shows a coherent blend of body/growth plan, appendages, terminal structures and surface material. Earth-species accuracy is not required; leave this combination alone unless runtime animation reveals attachment problems.",flora-h0-s18.png,440,440,RGBA,19f8f5644ad3df4cf758145877695e291f0d153f401211aa7028d8a289376583,19f8f5644ad3df4cf758145877695e291f0d153f401211aa7028d8a289376583,,,,,,,,,,,,,,,,,flora,PASS,PASS,PASS,PASS,PASS,PASS
procedural,flora-h0-s19,flora-h0-s19,PASS,PASS,PASS,True,,,,,,,,,,,"The generated phenotype shows a coherent blend of body/growth plan, appendages, terminal structures and surface material. Earth-species accuracy is not required; leave this combination alone unless runtime animation reveals attachment problems.",flora-h0-s19.png,440,440,RGBA,d74bc79c20a6cd452c21f38e630e2a0df24f83cbabb7041c38e9dcd00da60477,d2d6daafbff6ad54db78d347ccca66146a2b274d95bd1a2fbdd77efbf34d6f2a,,,,,,,,,,,,,,,,,flora,PASS,PASS,PASS,PASS,PASS,PASS
procedural,flora-h0-s2,flora-h0-s2,PASS,PASS,PASS,False,,,,,,,,,,,"The generated phenotype shows a coherent blend of body/growth plan, appendages, terminal structures and surface material. Earth-species accuracy is not required; leave this combination alone unless runtime animation reveals attachment problems.",flora-h0-s2.png,440,440,RGBA,77ebc0f8ca069a5e926ba75a464a8cf5ea3ccfc1b03b48241c257b121d5542e5,77ebc0f8ca069a5e926ba75a464a8cf5ea3ccfc1b03b48241c257b121d5542e5,,,,,,,,,,,,,,,,,flora,PASS,PASS,PASS,PASS,PASS,PASS
procedural,flora-h0-s3,flora-h0-s3,PASS,PASS,PASS,False,,,,,,,,,,,"The generated phenotype shows a coherent blend of body/growth plan, appendages, terminal structures and surface material. Earth-species accuracy is not required; leave this combination alone unless runtime animation reveals attachment problems.",flora-h0-s3.png,440,440,RGBA,c34fe1533e62e4c85c79ed0ebca8ace3e94a167986cc5e6da2b8b85f30d7e143,c34fe1533e62e4c85c79ed0ebca8ace3e94a167986cc5e6da2b8b85f30d7e143,,,,,,,,,,,,,,,,,flora,PASS,PASS,PASS,PASS,PASS,PASS
procedural,flora-h0-s4,flora-h0-s4,PASS,PASS,PASS,False,,,,,,,,,,,"The generated phenotype shows a coherent blend of body/growth plan, appendages, terminal structures and surface material. Earth-species accuracy is not required; leave this combination alone unless runtime animation reveals attachment problems.",flora-h0-s4.png,440,440,RGBA,5c532f3627022c5aa64c91b5113107177ae8dc32e1ffc0b13d87bf6aff30d0ba,5c532f3627022c5aa64c91b5113107177ae8dc32e1ffc0b13d87bf6aff30d0ba,,,,,,,,,,,,,,,,,flora,PASS,PASS,PASS,PASS,PASS,PASS
procedural,flora-h0-s5,flora-h0-s5,PASS,PASS,PASS,False,,,,,,,,,,,"The generated phenotype shows a coherent blend of body/growth plan, appendages, terminal structures and surface material. Earth-species accuracy is not required; leave this combination alone unless runtime animation reveals attachment problems.",flora-h0-s5.png,440,440,RGBA,f302971e4e010c166840191a3681acd8349be8e23be7ed6896e8160aaecc1ac0,f302971e4e010c166840191a3681acd8349be8e23be7ed6896e8160aaecc1ac0,,,,,,,,,,,,,,,,,flora,PASS,PASS,PASS,PASS,PASS,PASS
procedural,flora-h0-s6,flora-h0-s6,PASS,PASS,PASS,True,,,,,,,,,,,"The generated phenotype shows a coherent blend of body/growth plan, appendages, terminal structures and surface material. Earth-species accuracy is not required; leave this combination alone unless runtime animation reveals attachment problems.",flora-h0-s6.png,440,440,RGBA,445990088d58f66f2db6469c4a32382cdab383131f73d9f944758df5dff6cdac,8da0f4f984421da466e9b8398b5616da60b6ec2a8a703abe9b3fe5a6e3110f50,,,,,,,,,,,,,,,,,flora,PASS,PASS,PASS,PASS,PASS,PASS
procedural,flora-h0-s7,flora-h0-s7,PASS,PASS,PASS,False,,,,,,,,,,,"The generated phenotype shows a coherent blend of body/growth plan, appendages, terminal structures and surface material. Earth-species accuracy is not required; leave this combination alone unless runtime animation reveals attachment problems.",flora-h0-s7.png,440,440,RGBA,92efdac3b302eee9d64d47228dc6f83802441820b004ce8eddc8c1e87f860240,92efdac3b302eee9d64d47228dc6f83802441820b004ce8eddc8c1e87f860240,,,,,,,,,,,,,,,,,flora,PASS,PASS,PASS,PASS,PASS,PASS
procedural,flora-h0-s8,flora-h0-s8,PASS,PASS,PASS,True,,,,,,,,,,,"The generated phenotype shows a coherent blend of body/growth plan, appendages, terminal structures and surface material. Earth-species accuracy is not required; leave this combination alone unless runtime animation reveals attachment problems.",flora-h0-s8.png,440,440,RGBA,113855b00bec4e49b3ab3387453044a157eb02133e05a258da26858881afb6c0,0b8ebf75e7d04e8e1fd2a82940e28994e27c3ea9871da8f2641b02a7c17067f2,,,,,,,,,,,,,,,,,flora,PASS,PASS,PASS,PASS,PASS,PASS
procedural,flora-h0-s9,flora-h0-s9,PASS,PASS,PASS,False,,,,,,,,,,,"The generated phenotype shows a coherent blend of body/growth plan, appendages, terminal structures and surface material. Earth-species accuracy is not required; leave this combination alone unless runtime animation reveals attachment problems.",flora-h0-s9.png,440,440,RGBA,e24b2f47edaf0afa666ee4d3fe00604ca020355a5725a3c767c5b6d4f74a8f7b,e24b2f47edaf0afa666ee4d3fe00604ca020355a5725a3c767c5b6d4f74a8f7b,,,,,,,,,,,,,,,,,flora,PASS,PASS,PASS,PASS,PASS,PASS
procedural,flora-h1-s0,flora-h1-s0,PASS,PASS,PASS,False,,,,,,,,,,,"The generated phenotype shows a coherent blend of body/growth plan, appendages, terminal structures and surface material. Earth-species accuracy is not required; leave this combination alone unless runtime animation reveals attachment problems.",flora-h1-s0.png,440,440,RGBA,07c13bcecf101d19b862bc211d2a2e32d92e846b32d8f8b681ca2b6f2e2d4ff0,07c13bcecf101d19b862bc211d2a2e32d92e846b32d8f8b681ca2b6f2e2d4ff0,,,,,,,,,,,,,,,,,flora,PASS,PASS,PASS,PASS,PASS,PASS
procedural,flora-h1-s1,flora-h1-s1,PASS,PASS,PASS,False,,,,,,,,,,,"The generated phenotype shows a coherent blend of body/growth plan, appendages, terminal structures and surface material. Earth-species accuracy is not required; leave this combination alone unless runtime animation reveals attachment problems.",flora-h1-s1.png,440,440,RGBA,fc46e5ea53fe9abff5e1cd469b345d2ce337d98ede315ce7df4915b0ea497ba8,fc46e5ea53fe9abff5e1cd469b345d2ce337d98ede315ce7df4915b0ea497ba8,,,,,,,,,,,,,,,,,flora,PASS,PASS,PASS,PASS,PASS,PASS
procedural,flora-h1-s10,flora-h1-s10,PASS,PASS,PASS,False,,,,,,,,,,,"The generated phenotype shows a coherent blend of body/growth plan, appendages, terminal structures and surface material. Earth-species accuracy is not required; leave this combination alone unless runtime animation reveals attachment problems.",flora-h1-s10.png,440,440,RGBA,d24b8a940c5d4e731612176866d11c6e027b42dfa06a41291a55bf288cfbb76f,d24b8a940c5d4e731612176866d11c6e027b42dfa06a41291a55bf288cfbb76f,,,,,,,,,,,,,,,,,flora,PASS,PASS,PASS,PASS,PASS,PASS
procedural,flora-h1-s11,flora-h1-s11,PASS,PASS,PASS,False,,,,,,,,,,,"The generated phenotype shows a coherent blend of body/growth plan, appendages, terminal structures and surface material. Earth-species accuracy is not required; leave this combination alone unless runtime animation reveals attachment problems.",flora-h1-s11.png,440,440,RGBA,4d66b449af5d0be6134288fb6dbd40ac2073d224cf544dccd4dd470aec29ee5a,4d66b449af5d0be6134288fb6dbd40ac2073d224cf544dccd4dd470aec29ee5a,,,,,,,,,,,,,,,,,flora,PASS,PASS,PASS,PASS,PASS,PASS
procedural,flora-h1-s12,flora-h1-s12,PASS,PASS,PASS,False,,,,,,,,,,,"The generated phenotype shows a coherent blend of body/growth plan, appendages, terminal structures and surface material. Earth-species accuracy is not required; leave this combination alone unless runtime animation reveals attachment problems.",flora-h1-s12.png,440,440,RGBA,0847bf023c03a5c55c8ce3f87e509f2f8019ba9bc5f8946883c3c7d3da5a9d53,0847bf023c03a5c55c8ce3f87e509f2f8019ba9bc5f8946883c3c7d3da5a9d53,,,,,,,,,,,,,,,,,flora,PASS,PASS,PASS,PASS,PASS,PASS
procedural,flora-h1-s13,flora-h1-s13,PASS,PASS,PASS,False,,,,,,,,,,,"The generated phenotype shows a coherent blend of body/growth plan, appendages, terminal structures and surface material. Earth-species accuracy is not required; leave this combination alone unless runtime animation reveals attachment problems.",flora-h1-s13.png,440,440,RGBA,87bbee398fc6419267fad5fd4ad137f2bf63d4393bd576ba8f637b86aadb07ae,87bbee398fc6419267fad5fd4ad137f2bf63d4393bd576ba8f637b86aadb07ae,,,,,,,,,,,,,,,,,flora,PASS,PASS,PASS,PASS,PASS,PASS
procedural,flora-h1-s14,flora-h1-s14,PASS,PASS,PASS,False,,,,,,,,,,,"The generated phenotype shows a coherent blend of body/growth plan, appendages, terminal structures and surface material. Earth-species accuracy is not required; leave this combination alone unless runtime animation reveals attachment problems.",flora-h1-s14.png,440,440,RGBA,7a7edf2e9d2d48ce1bfd1c078a2ad57b7730f0b2c4c0de5d698e9ff8ea380bf3,7a7edf2e9d2d48ce1bfd1c078a2ad57b7730f0b2c4c0de5d698e9ff8ea380bf3,,,,,,,,,,,,,,,,,flora,PASS,PASS,PASS,PASS,PASS,PASS
procedural,flora-h1-s15,flora-h1-s15,PASS,PASS,PASS,True,,,,,,,,,,,"The generated phenotype shows a coherent blend of body/growth plan, appendages, terminal structures and surface material. Earth-species accuracy is not required; leave this combination alone unless runtime animation reveals attachment problems.",flora-h1-s15.png,440,440,RGBA,032fa954a0dd9703045ce57a2c8023cf3532fd231beafa8d2bc6159697ccc1d8,0bcc84575bf6ef3394041c5eb5df064503fb681d1d5a37815f2e0d35d953b4d0,,,,,,,,,,,,,,,,,flora,PASS,PASS,PASS,PASS,PASS,PASS
procedural,flora-h1-s16,flora-h1-s16,PASS,PASS,PASS,False,,,,,,,,,,,"The generated phenotype shows a coherent blend of body/growth plan, appendages, terminal structures and surface material. Earth-species accuracy is not required; leave this combination alone unless runtime animation reveals attachment problems.",flora-h1-s16.png,440,440,RGBA,978dc939ed4c9829608582afa5070202c99cf7206fbdec1423927f82781e6e1c,978dc939ed4c9829608582afa5070202c99cf7206fbdec1423927f82781e6e1c,,,,,,,,,,,,,,,,,flora,PASS,PASS,PASS,PASS,PASS,PASS
procedural,flora-h1-s17,flora-h1-s17,PASS,PASS,PASS,False,,,,,,,,,,,"The generated phenotype shows a coherent blend of body/growth plan, appendages, terminal structures and surface material. Earth-species accuracy is not required; leave this combination alone unless runtime animation reveals attachment problems.",flora-h1-s17.png,440,440,RGBA,2f92b1e72b7d108829708bec4a63a1a2392dd4fc17679ea4aeba0f9ace3d09f7,2f92b1e72b7d108829708bec4a63a1a2392dd4fc17679ea4aeba0f9ace3d09f7,,,,,,,,,,,,,,,,,flora,PASS,PASS,PASS,PASS,PASS,PASS
procedural,flora-h1-s18,flora-h1-s18,PASS,PASS,PASS,True,,,,,,,,,,,"The generated phenotype shows a coherent blend of body/growth plan, appendages, terminal structures and surface material. Earth-species accuracy is not required; leave this combination alone unless runtime animation reveals attachment problems.",flora-h1-s18.png,440,440,RGBA,0365396678aa148a16a9e76e58fa1494f9526a4efce347f261cdd29f29d80d4d,6335d08d26b7944c9dfc10b1c01eec5c16a1fc4a51a6d581371ebe39c1ff7fcb,,,,,,,,,,,,,,,,,flora,PASS,PASS,PASS,PASS,PASS,PASS
procedural,flora-h1-s19,flora-h1-s19,PASS,PASS,PASS,True,,,,,,,,,,,"The generated phenotype shows a coherent blend of body/growth plan, appendages, terminal structures and surface material. Earth-species accuracy is not required; leave this combination alone unless runtime animation reveals attachment problems.",flora-h1-s19.png,440,440,RGBA,172ff54733c9230dddaa2742612772d2fc8270c4a9fd1c898906324aba56d24a,7acecdbc89737397b8041b7581dd2c9b4ea7acf10b3df834df85d94367994585,,,,,,,,,,,,,,,,,flora,PASS,PASS,PASS,PASS,PASS,PASS
procedural,flora-h1-s2,flora-h1-s2,PASS,PASS,PASS,False,,,,,,,,,,,"The generated phenotype shows a coherent blend of body/growth plan, appendages, terminal structures and surface material. Earth-species accuracy is not required; leave this combination alone unless runtime animation reveals attachment problems.",flora-h1-s2.png,440,440,RGBA,48c29a1da297f4920b52c2b0a75be31c6a14ce09866332f5cd1774b2dd92c848,48c29a1da297f4920b52c2b0a75be31c6a14ce09866332f5cd1774b2dd92c848,,,,,,,,,,,,,,,,,flora,PASS,PASS,PASS,PASS,PASS,PASS
procedural,flora-h1-s3,flora-h1-s3,PASS,PASS,PASS,False,,,,,,,,,,,"The generated phenotype shows a coherent blend of body/growth plan, appendages, terminal structures and surface material. Earth-species accuracy is not required; leave this combination alone unless runtime animation reveals attachment problems.",flora-h1-s3.png,440,440,RGBA,2af1ee9d8977b2898d6c19be54e26a8bfbdccc916478353be4926d14f1a1fccc,2af1ee9d8977b2898d6c19be54e26a8bfbdccc916478353be4926d14f1a1fccc,,,,,,,,,,,,,,,,,flora,PASS,PASS,PASS,PASS,PASS,PASS
procedural,flora-h1-s4,flora-h1-s4,PASS,PASS,PASS,False,,,,,,,,,,,"The generated phenotype shows a coherent blend of body/growth plan, appendages, terminal structures and surface material. Earth-species accuracy is not required; leave this combination alone unless runtime animation reveals attachment problems.",flora-h1-s4.png,440,440,RGBA,770a75c47facb3f54d906fce80c34045a87bf90853810d35d4134fb9580608d0,770a75c47facb3f54d906fce80c34045a87bf90853810d35d4134fb9580608d0,,,,,,,,,,,,,,,,,flora,PASS,PASS,PASS,PASS,PASS,PASS
procedural,flora-h1-s5,flora-h1-s5,PASS,PASS,PASS,False,,,,,,,,,,,"The generated phenotype shows a coherent blend of body/growth plan, appendages, terminal structures and surface material. Earth-species accuracy is not required; leave this combination alone unless runtime animation reveals attachment problems.",flora-h1-s5.png,440,440,RGBA,0b75923866127a74a8449711b46a2b30501d73124dc2372c0e15d1d1f78ff9c0,0b75923866127a74a8449711b46a2b30501d73124dc2372c0e15d1d1f78ff9c0,,,,,,,,,,,,,,,,,flora,PASS,PASS,PASS,PASS,PASS,PASS
procedural,flora-h1-s6,flora-h1-s6,PASS,PASS,PASS,False,,,,,,,,,,,"The generated phenotype shows a coherent blend of body/growth plan, appendages, terminal structures and surface material. Earth-species accuracy is not required; leave this combination alone unless runtime animation reveals attachment problems.",flora-h1-s6.png,440,440,RGBA,6022cb327f4c0b1476c171835e3c5090ae1a0580d0d806e9f715ce4f28911089,6022cb327f4c0b1476c171835e3c5090ae1a0580d0d806e9f715ce4f28911089,,,,,,,,,,,,,,,,,flora,PASS,PASS,PASS,PASS,PASS,PASS
procedural,flora-h1-s7,flora-h1-s7,PASS,PASS,PASS,True,,,,,,,,,,,"The generated phenotype shows a coherent blend of body/growth plan, appendages, terminal structures and surface material. Earth-species accuracy is not required; leave this combination alone unless runtime animation reveals attachment problems.",flora-h1-s7.png,440,440,RGBA,cdba5be4c99caae6903f8c8ba0bb99e2591eacdfd33b5762673b4e88063d024d,4fd4e326ecf0e2dd4b811ebc13292363d31926b74e2cce1a2475f4bc347c5ae1,,,,,,,,,,,,,,,,,flora,PASS,PASS,PASS,PASS,PASS,PASS
procedural,flora-h1-s8,flora-h1-s8,PASS,PASS,PASS,False,,,,,,,,,,,"The generated phenotype shows a coherent blend of body/growth plan, appendages, terminal structures and surface material. Earth-species accuracy is not required; leave this combination alone unless runtime animation reveals attachment problems.",flora-h1-s8.png,440,440,RGBA,0c91c48c75cbe4613de653991a65e11b6d0efefdd2234aa0aacfb79ee599a621,0c91c48c75cbe4613de653991a65e11b6d0efefdd2234aa0aacfb79ee599a621,,,,,,,,,,,,,,,,,flora,PASS,PASS,PASS,PASS,PASS,PASS
procedural,flora-h1-s9,flora-h1-s9,PASS,PASS,PASS,True,,,,,,,,,,,"The generated phenotype shows a coherent blend of body/growth plan, appendages, terminal structures and surface material. Earth-species accuracy is not required; leave this combination alone unless runtime animation reveals attachment problems.",flora-h1-s9.png,440,440,RGBA,8f3483abdefcccc515aa895d31ac0e07da162159ff958f761002ed0f966b81bb,f193af0a7f04208ead8f106e00b00e0ac914ba81bb89de61049a6c36781dcf35,,,,,,,,,,,,,,,,,flora,PASS,PASS,PASS,PASS,PASS,PASS
procedural,flora-h2-s0,flora-h2-s0,PASS,PASS,PASS,False,,,,,,,,,,,"The generated phenotype shows a coherent blend of body/growth plan, appendages, terminal structures and surface material. Earth-species accuracy is not required; leave this combination alone unless runtime animation reveals attachment problems.",flora-h2-s0.png,440,440,RGBA,abdc5b86296f357061b912c03216404dc907a9bced34d94b68ee6ea052057402,abdc5b86296f357061b912c03216404dc907a9bced34d94b68ee6ea052057402,,,,,,,,,,,,,,,,,flora,PASS,PASS,PASS,PASS,PASS,PASS
procedural,flora-h2-s1,flora-h2-s1,PASS,PASS,PASS,False,,,,,,,,,,,"The generated phenotype shows a coherent blend of body/growth plan, appendages, terminal structures and surface material. Earth-species accuracy is not required; leave this combination alone unless runtime animation reveals attachment problems.",flora-h2-s1.png,440,440,RGBA,02859e27c07c6184af0cd7918299d842aa37e6b572b9bdbbb3ec475ca8127850,02859e27c07c6184af0cd7918299d842aa37e6b572b9bdbbb3ec475ca8127850,,,,,,,,,,,,,,,,,flora,PASS,PASS,PASS,PASS,PASS,PASS
procedural,flora-h2-s10,flora-h2-s10,PASS,PASS,PASS,False,,,,,,,,,,,"The generated phenotype shows a coherent blend of body/growth plan, appendages, terminal structures and surface material. Earth-species accuracy is not required; leave this combination alone unless runtime animation reveals attachment problems.",flora-h2-s10.png,440,440,RGBA,c084e3681a99e08006ae21c6a5e2e10262f1783427d6c06ff9f970080d482866,c084e3681a99e08006ae21c6a5e2e10262f1783427d6c06ff9f970080d482866,,,,,,,,,,,,,,,,,flora,PASS,PASS,PASS,PASS,PASS,PASS
procedural,flora-h2-s11,flora-h2-s11,PASS,PASS,PASS,False,,,,,,,,,,,"The generated phenotype shows a coherent blend of body/growth plan, appendages, terminal structures and surface material. Earth-species accuracy is not required; leave this combination alone unless runtime animation reveals attachment problems.",flora-h2-s11.png,440,440,RGBA,0ad0037dff7b207382234c5a49c6a6dfe5b4d2543eb2249288a21bded38b8ce2,0ad0037dff7b207382234c5a49c6a6dfe5b4d2543eb2249288a21bded38b8ce2,,,,,,,,,,,,,,,,,flora,PASS,PASS,PASS,PASS,PASS,PASS
procedural,flora-h2-s12,flora-h2-s12,PASS,PASS,PASS,False,,,,,,,,,,,"The generated phenotype shows a coherent blend of body/growth plan, appendages, terminal structures and surface material. Earth-species accuracy is not required; leave this combination alone unless runtime animation reveals attachment problems.",flora-h2-s12.png,440,440,RGBA,4fffb9616681dd3f233301da91ad8923015c133ad8c4b8dfb5e221b9248f66b1,4fffb9616681dd3f233301da91ad8923015c133ad8c4b8dfb5e221b9248f66b1,,,,,,,,,,,,,,,,,flora,PASS,PASS,PASS,PASS,PASS,PASS
procedural,flora-h2-s13,flora-h2-s13,PASS,PASS,PASS,False,,,,,,,,,,,"The generated phenotype shows a coherent blend of body/growth plan, appendages, terminal structures and surface material. Earth-species accuracy is not required; leave this combination alone unless runtime animation reveals attachment problems.",flora-h2-s13.png,440,440,RGBA,ace0e65ce72c0321f1292d018c54a3dfacbdd59cb1e45b58589ee817725f802d,ace0e65ce72c0321f1292d018c54a3dfacbdd59cb1e45b58589ee817725f802d,,,,,,,,,,,,,,,,,flora,PASS,PASS,PASS,PASS,PASS,PASS
procedural,flora-h2-s14,flora-h2-s14,PASS,PASS,PASS,False,,,,,,,,,,,"The generated phenotype shows a coherent blend of body/growth plan, appendages, terminal structures and surface material. Earth-species accuracy is not required; leave this combination alone unless runtime animation reveals attachment problems.",flora-h2-s14.png,440,440,RGBA,9672560e2bd76ff055b51458655b658ea9c53b4b509072cbec80a195238d9c13,9672560e2bd76ff055b51458655b658ea9c53b4b509072cbec80a195238d9c13,,,,,,,,,,,,,,,,,flora,PASS,PASS,PASS,PASS,PASS,PASS
procedural,flora-h2-s15,flora-h2-s15,PASS,PASS,PASS,False,,,,,,,,,,,"The generated phenotype shows a coherent blend of body/growth plan, appendages, terminal structures and surface material. Earth-species accuracy is not required; leave this combination alone unless runtime animation reveals attachment problems.",flora-h2-s15.png,440,440,RGBA,29b59d3d7f28d9c13091fd0c198565a192690b294699e2e59b8b56aba61a0467,29b59d3d7f28d9c13091fd0c198565a192690b294699e2e59b8b56aba61a0467,,,,,,,,,,,,,,,,,flora,PASS,PASS,PASS,PASS,PASS,PASS
procedural,flora-h2-s16,flora-h2-s16,PASS,PASS,PASS,False,,,,,,,,,,,"The generated phenotype shows a coherent blend of body/growth plan, appendages, terminal structures and surface material. Earth-species accuracy is not required; leave this combination alone unless runtime animation reveals attachment problems.",flora-h2-s16.png,440,440,RGBA,60899e400eba8c11329801c29a2ca344bf4fccfba9791dcab77d191c30f85c3e,60899e400eba8c11329801c29a2ca344bf4fccfba9791dcab77d191c30f85c3e,,,,,,,,,,,,,,,,,flora,PASS,PASS,PASS,PASS,PASS,PASS
procedural,flora-h2-s17,flora-h2-s17,PASS,PASS,PASS,False,,,,,,,,,,,"The generated phenotype shows a coherent blend of body/growth plan, appendages, terminal structures and surface material. Earth-species accuracy is not required; leave this combination alone unless runtime animation reveals attachment problems.",flora-h2-s17.png,440,440,RGBA,6e325b1ef57aeb79610976ef1f36bb99bf069b2adcc2f27c8afe352c655d283d,6e325b1ef57aeb79610976ef1f36bb99bf069b2adcc2f27c8afe352c655d283d,,,,,,,,,,,,,,,,,flora,PASS,PASS,PASS,PASS,PASS,PASS
procedural,flora-h2-s18,flora-h2-s18,PASS,PASS,PASS,False,,,,,,,,,,,"The generated phenotype shows a coherent blend of body/growth plan, appendages, terminal structures and surface material. Earth-species accuracy is not required; leave this combination alone unless runtime animation reveals attachment problems.",flora-h2-s18.png,440,440,RGBA,b884e82685930dff1f1ff51d2fb5ed71af888aa6cef23f0ddf0fffafc40af8c3,b884e82685930dff1f1ff51d2fb5ed71af888aa6cef23f0ddf0fffafc40af8c3,,,,,,,,,,,,,,,,,flora,PASS,PASS,PASS,PASS,PASS,PASS
procedural,flora-h2-s19,flora-h2-s19,PASS,PASS,PASS,False,,,,,,,,,,,"The generated phenotype shows a coherent blend of body/growth plan, appendages, terminal structures and surface material. Earth-species accuracy is not required; leave this combination alone unless runtime animation reveals attachment problems.",flora-h2-s19.png,440,440,RGBA,36e46c51a33a03266b3cc9eecd8c646aa6b4761287e82defeb631fa862f50803,36e46c51a33a03266b3cc9eecd8c646aa6b4761287e82defeb631fa862f50803,,,,,,,,,,,,,,,,,flora,PASS,PASS,PASS,PASS,PASS,PASS
procedural,flora-h2-s2,flora-h2-s2,PASS,PASS,PASS,False,,,,,,,,,,,"The generated phenotype shows a coherent blend of body/growth plan, appendages, terminal structures and surface material. Earth-species accuracy is not required; leave this combination alone unless runtime animation reveals attachment problems.",flora-h2-s2.png,440,440,RGBA,8744be4141f3917890d79c03152834329fbf785ea045e9cfd72aa56401a4d186,8744be4141f3917890d79c03152834329fbf785ea045e9cfd72aa56401a4d186,,,,,,,,,,,,,,,,,flora,PASS,PASS,PASS,PASS,PASS,PASS
procedural,flora-h2-s3,flora-h2-s3,PASS,PASS,PASS,False,,,,,,,,,,,"The generated phenotype shows a coherent blend of body/growth plan, appendages, terminal structures and surface material. Earth-species accuracy is not required; leave this combination alone unless runtime animation reveals attachment problems.",flora-h2-s3.png,440,440,RGBA,0fa406353e7a8af9c045cd2fa08651bc5858268a625c4e24597951f444beb64b,0fa406353e7a8af9c045cd2fa08651bc5858268a625c4e24597951f444beb64b,,,,,,,,,,,,,,,,,flora,PASS,PASS,PASS,PASS,PASS,PASS
procedural,flora-h2-s4,flora-h2-s4,PASS,PASS,PASS,False,,,,,,,,,,,"The generated phenotype shows a coherent blend of body/growth plan, appendages, terminal structures and surface material. Earth-species accuracy is not required; leave this combination alone unless runtime animation reveals attachment problems.",flora-h2-s4.png,440,440,RGBA,cc4192e5b3fdaa0050224e4b0e71ef56d9a5380f9e9bea8391894568f4e2a6bf,cc4192e5b3fdaa0050224e4b0e71ef56d9a5380f9e9bea8391894568f4e2a6bf,,,,,,,,,,,,,,,,,flora,PASS,PASS,PASS,PASS,PASS,PASS
procedural,flora-h2-s5,flora-h2-s5,PASS,PASS,PASS,False,,,,,,,,,,,"The generated phenotype shows a coherent blend of body/growth plan, appendages, terminal structures and surface material. Earth-species accuracy is not required; leave this combination alone unless runtime animation reveals attachment problems.",flora-h2-s5.png,440,440,RGBA,3592338a920ecea98bb63e80a8bc6cb29d46539fd7723b963068800c8838e261,3592338a920ecea98bb63e80a8bc6cb29d46539fd7723b963068800c8838e261,,,,,,,,,,,,,,,,,flora,PASS,PASS,PASS,PASS,PASS,PASS
procedural,flora-h2-s6,flora-h2-s6,PASS,PASS,PASS,True,,,,,,,,,,,"The generated phenotype shows a coherent blend of body/growth plan, appendages, terminal structures and surface material. Earth-species accuracy is not required; leave this combination alone unless runtime animation reveals attachment problems.",flora-h2-s6.png,440,440,RGBA,ec83aeed64c072a6588a8fd0657af834a4b7cc369ec8dd77d975f77e415a9dc7,d1f94bbba1668b2034fc93679337d26bb9f738e4dcdbd2218dc36e6402cb3174,,,,,,,,,,,,,,,,,flora,PASS,PASS,PASS,PASS,PASS,PASS
procedural,flora-h2-s7,flora-h2-s7,PASS,PASS,PASS,True,,,,,,,,,,,"The generated phenotype shows a coherent blend of body/growth plan, appendages, terminal structures and surface material. Earth-species accuracy is not required; leave this combination alone unless runtime animation reveals attachment problems.",flora-h2-s7.png,440,440,RGBA,4d1d13db8fa7add96b17bac9453b62b3afa1a994dfb02f8da37c0b380704abd6,aad06105df3980c3dd44701c3fcea91ddc333d1ff8132e6fb82a2e7239d7db14,,,,,,,,,,,,,,,,,flora,PASS,PASS,PASS,PASS,PASS,PASS
procedural,flora-h2-s8,flora-h2-s8,PASS,PASS,PASS,False,,,,,,,,,,,"The generated phenotype shows a coherent blend of body/growth plan, appendages, terminal structures and surface material. Earth-species accuracy is not required; leave this combination alone unless runtime animation reveals attachment problems.",flora-h2-s8.png,440,440,RGBA,23f6657fd3e291e16efbf66c5e5c5a41ef31c1d6e7bdfec02bc769197994cf2c,23f6657fd3e291e16efbf66c5e5c5a41ef31c1d6e7bdfec02bc769197994cf2c,,,,,,,,,,,,,,,,,flora,PASS,PASS,PASS,PASS,PASS,PASS
procedural,flora-h2-s9,flora-h2-s9,PASS,PASS,PASS,True,,,,,,,,,,,"The generated phenotype shows a coherent blend of body/growth plan, appendages, terminal structures and surface material. Earth-species accuracy is not required; leave this combination alone unless runtime animation reveals attachment problems.",flora-h2-s9.png,440,440,RGBA,8fa1a99e44007ae362505140965f51914769be465d4b0f4207b798e1958379df,3bcd65890b674862fced894821f439bad63ab974f353e9147433c3dd051f78ef,,,,,,,,,,,,,,,,,flora,PASS,PASS,PASS,PASS,PASS,PASS
procedural,fungi-h0-s0,fungi-h0-s0,PASS,PASS,PASS,False,,,,,,,,,,,"The generated phenotype shows a coherent blend of body/growth plan, appendages, terminal structures and surface material. Earth-species accuracy is not required; leave this combination alone unless runtime animation reveals attachment problems.",fungi-h0-s0.png,440,440,RGBA,5d5936627efabc07b4e98b28be155b744ecaf590b007d18a4d1646c8b94e1747,5d5936627efabc07b4e98b28be155b744ecaf590b007d18a4d1646c8b94e1747,,,,,,,,,,,,,,,,,fungi,PASS,PASS,PASS,PASS,PASS,PASS
procedural,fungi-h0-s1,fungi-h0-s1,PASS,PASS,PASS,True,,,,,,,,,,,"The generated phenotype shows a coherent blend of body/growth plan, appendages, terminal structures and surface material. Earth-species accuracy is not required; leave this combination alone unless runtime animation reveals attachment problems.",fungi-h0-s1.png,440,440,RGBA,57d80e5603e984e15fb5f370672af11bf7910c36e948a7263a0ef1492c368e6e,c75ef5c18319c4fa3d87c360ece251eebc142c9dcd4c52bf1ae6ff7cc547a755,,,,,,,,,,,,,,,,,fungi,PASS,PASS,PASS,PASS,PASS,PASS
procedural,fungi-h0-s11,fungi-h0-s11,PASS,PASS,PASS,False,,,,,,,,,,,"The generated phenotype shows a coherent blend of body/growth plan, appendages, terminal structures and surface material. Earth-species accuracy is not required; leave this combination alone unless runtime animation reveals attachment problems.",fungi-h0-s11.png,440,440,RGBA,0aa4d22a92a1b279af9ce00e771977dcd1b02ca8e8d1c7f24708081bf984305b,0aa4d22a92a1b279af9ce00e771977dcd1b02ca8e8d1c7f24708081bf984305b,,,,,,,,,,,,,,,,,fungi,PASS,PASS,PASS,PASS,PASS,PASS
procedural,fungi-h0-s12,fungi-h0-s12,PASS,PASS,PASS,True,,,,,,,,,,,"The generated phenotype shows a coherent blend of body/growth plan, appendages, terminal structures and surface material. Earth-species accuracy is not required; leave this combination alone unless runtime animation reveals attachment problems.",fungi-h0-s12.png,440,440,RGBA,52f62ddbefcdff6ef843089d00971695db56ba87ed9637a7eac70ef78fb4eff6,11e6417b750cb5f6f4a66ac319bdf9be88724c9d5824e2fc423f4cdb5a598532,,,,,,,,,,,,,,,,,fungi,PASS,PASS,PASS,PASS,PASS,PASS
procedural,fungi-h0-s13,fungi-h0-s13,PASS,PASS,PASS,False,,,,,,,,,,,"The generated phenotype shows a coherent blend of body/growth plan, appendages, terminal structures and surface material. Earth-species accuracy is not required; leave this combination alone unless runtime animation reveals attachment problems.",fungi-h0-s13.png,440,440,RGBA,d9f6619443f9faa31c9241e816e1232bf9d4e1022e9145238e806619fb511849,d9f6619443f9faa31c9241e816e1232bf9d4e1022e9145238e806619fb511849,,,,,,,,,,,,,,,,,fungi,PASS,PASS,PASS,PASS,PASS,PASS
procedural,fungi-h0-s14,fungi-h0-s14,PASS,PASS,PASS,True,,,,,,,,,,,"The generated phenotype shows a coherent blend of body/growth plan, appendages, terminal structures and surface material. Earth-species accuracy is not required; leave this combination alone unless runtime animation reveals attachment problems.",fungi-h0-s14.png,440,440,RGBA,c248ce400efd0c5c378107f11a3e41e7d19326d5014c0e383523c694c2863f37,e498468947e6167a38c5bff6494fcfb61c7b8ea9fff8b9630d8beae343973f2f,,,,,,,,,,,,,,,,,fungi,PASS,PASS,PASS,PASS,PASS,PASS
procedural,fungi-h0-s15,fungi-h0-s15,PASS,PASS,PASS,True,,,,,,,,,,,"The generated phenotype shows a coherent blend of body/growth plan, appendages, terminal structures and surface material. Earth-species accuracy is not required; leave this combination alone unless runtime animation reveals attachment problems.",fungi-h0-s15.png,440,440,RGBA,e0a513c2684cfb81d9dde7456247a7523ca5635047edeeb43aba127382602455,5ec53bbd669df367c64f464c1a1989f177a8fec3d37b2e82a5f35109507a8236,,,,,,,,,,,,,,,,,fungi,PASS,PASS,PASS,PASS,PASS,PASS
procedural,fungi-h0-s16,fungi-h0-s16,PASS,PASS,PASS,False,,,,,,,,,,,"The generated phenotype shows a coherent blend of body/growth plan, appendages, terminal structures and surface material. Earth-species accuracy is not required; leave this combination alone unless runtime animation reveals attachment problems.",fungi-h0-s16.png,440,440,RGBA,87c1368b3a5a9d18968d9b6292cae762c13f4394e1826ae3fb491e230be4c55c,87c1368b3a5a9d18968d9b6292cae762c13f4394e1826ae3fb491e230be4c55c,,,,,,,,,,,,,,,,,fungi,PASS,PASS,PASS,PASS,PASS,PASS
procedural,fungi-h0-s17,fungi-h0-s17,PASS,PASS,PASS,False,,,,,,,,,,,"The generated phenotype shows a coherent blend of body/growth plan, appendages, terminal structures and surface material. Earth-species accuracy is not required; leave this combination alone unless runtime animation reveals attachment problems.",fungi-h0-s17.png,440,440,RGBA,69417dce67a3a92fed9c5fed510c247cd7b70b88c415733bf5125502b4aaf173,69417dce67a3a92fed9c5fed510c247cd7b70b88c415733bf5125502b4aaf173,,,,,,,,,,,,,,,,,fungi,PASS,PASS,PASS,PASS,PASS,PASS
procedural,fungi-h0-s18,fungi-h0-s18,PASS,PASS,PASS,False,,,,,,,,,,,"The generated phenotype shows a coherent blend of body/growth plan, appendages, terminal structures and surface material. Earth-species accuracy is not required; leave this combination alone unless runtime animation reveals attachment problems.",fungi-h0-s18.png,440,440,RGBA,621663e369960b02842606ef726681d648287c9b1c04f5d1857819a6d00cd815,621663e369960b02842606ef726681d648287c9b1c04f5d1857819a6d00cd815,,,,,,,,,,,,,,,,,fungi,PASS,PASS,PASS,PASS,PASS,PASS
procedural,fungi-h0-s19,fungi-h0-s19,PASS,PASS,PASS,False,,,,,,,,,,,"The generated phenotype shows a coherent blend of body/growth plan, appendages, terminal structures and surface material. Earth-species accuracy is not required; leave this combination alone unless runtime animation reveals attachment problems.",fungi-h0-s19.png,440,440,RGBA,e96b7d8b456471b13ebe187fc18f4b39a686c8dd0af8f97e9901b0c541a1e18d,e96b7d8b456471b13ebe187fc18f4b39a686c8dd0af8f97e9901b0c541a1e18d,,,,,,,,,,,,,,,,,fungi,PASS,PASS,PASS,PASS,PASS,PASS
procedural,fungi-h0-s2,fungi-h0-s2,PASS,PASS,PASS,False,,,,,,,,,,,"The generated phenotype shows a coherent blend of body/growth plan, appendages, terminal structures and surface material. Earth-species accuracy is not required; leave this combination alone unless runtime animation reveals attachment problems.",fungi-h0-s2.png,440,440,RGBA,8327cc68bbb275f8a93bc62ee83d89a0e74742a838a77d065f469d67580df9a1,8327cc68bbb275f8a93bc62ee83d89a0e74742a838a77d065f469d67580df9a1,,,,,,,,,,,,,,,,,fungi,PASS,PASS,PASS,PASS,PASS,PASS
procedural,fungi-h0-s3,fungi-h0-s3,PASS,PASS,PASS,False,,,,,,,,,,,"The generated phenotype shows a coherent blend of body/growth plan, appendages, terminal structures and surface material. Earth-species accuracy is not required; leave this combination alone unless runtime animation reveals attachment problems.",fungi-h0-s3.png,440,440,RGBA,cdeb95c4fb09ecc3c239c4362b6662e0cff0d742e2743bae547b8f1642ceb238,cdeb95c4fb09ecc3c239c4362b6662e0cff0d742e2743bae547b8f1642ceb238,,,,,,,,,,,,,,,,,fungi,PASS,PASS,PASS,PASS,PASS,PASS
procedural,fungi-h0-s4,fungi-h0-s4,PASS,PASS,PASS,False,,,,,,,,,,,"The generated phenotype shows a coherent blend of body/growth plan, appendages, terminal structures and surface material. Earth-species accuracy is not required; leave this combination alone unless runtime animation reveals attachment problems.",fungi-h0-s4.png,440,440,RGBA,984215438fa326243642a36883ec3fed79210408fddd3460e6e44bd534786273,984215438fa326243642a36883ec3fed79210408fddd3460e6e44bd534786273,,,,,,,,,,,,,,,,,fungi,PASS,PASS,PASS,PASS,PASS,PASS
procedural,fungi-h0-s5,fungi-h0-s5,PASS,PASS,PASS,False,,,,,,,,,,,"The generated phenotype shows a coherent blend of body/growth plan, appendages, terminal structures and surface material. Earth-species accuracy is not required; leave this combination alone unless runtime animation reveals attachment problems.",fungi-h0-s5.png,440,440,RGBA,e54764dd9e2d4fa0e9f167385588c596830adcfd607dc9f32c885304d127ef22,e54764dd9e2d4fa0e9f167385588c596830adcfd607dc9f32c885304d127ef22,,,,,,,,,,,,,,,,,fungi,PASS,PASS,PASS,PASS,PASS,PASS
procedural,fungi-h0-s6,fungi-h0-s6,PASS,PASS,PASS,True,,,,,,,,,,,"The generated phenotype shows a coherent blend of body/growth plan, appendages, terminal structures and surface material. Earth-species accuracy is not required; leave this combination alone unless runtime animation reveals attachment problems.",fungi-h0-s6.png,440,440,RGBA,96dba37995d8aaff50f62e321c561ac3818e9d13c2f21bd678b38d5e13c8fb2d,32c39021c15e53ef73bc6e9e65701123ecd8dd73a8540b969257d35e3190ddb7,,,,,,,,,,,,,,,,,fungi,PASS,PASS,PASS,PASS,PASS,PASS
procedural,fungi-h0-s7,fungi-h0-s7,PASS,PASS,PASS,False,,,,,,,,,,,"The generated phenotype shows a coherent blend of body/growth plan, appendages, terminal structures and surface material. Earth-species accuracy is not required; leave this combination alone unless runtime animation reveals attachment problems.",fungi-h0-s7.png,440,440,RGBA,4544c9612f22abe177f28afaa94ce1ccfe341150aea49b27cb7d7cc488e33d77,4544c9612f22abe177f28afaa94ce1ccfe341150aea49b27cb7d7cc488e33d77,,,,,,,,,,,,,,,,,fungi,PASS,PASS,PASS,PASS,PASS,PASS
procedural,fungi-h0-s8,fungi-h0-s8,PASS,PASS,PASS,False,,,,,,,,,,,"The generated phenotype shows a coherent blend of body/growth plan, appendages, terminal structures and surface material. Earth-species accuracy is not required; leave this combination alone unless runtime animation reveals attachment problems.",fungi-h0-s8.png,440,440,RGBA,88cf65213d77158bd88ebc300eca13d33ce6d97a5597f8084ad0309c228924b6,88cf65213d77158bd88ebc300eca13d33ce6d97a5597f8084ad0309c228924b6,,,,,,,,,,,,,,,,,fungi,PASS,PASS,PASS,PASS,PASS,PASS
procedural,fungi-h0-s9,fungi-h0-s9,PASS,PASS,PASS,False,,,,,,,,,,,"The generated phenotype shows a coherent blend of body/growth plan, appendages, terminal structures and surface material. Earth-species accuracy is not required; leave this combination alone unless runtime animation reveals attachment problems.",fungi-h0-s9.png,440,440,RGBA,bf484c64a79e9796db84ca2b175ff0fbd7b9ab239f5982e5619aae13a825026e,bf484c64a79e9796db84ca2b175ff0fbd7b9ab239f5982e5619aae13a825026e,,,,,,,,,,,,,,,,,fungi,PASS,PASS,PASS,PASS,PASS,PASS
procedural,fungi-h1-s0,fungi-h1-s0,PASS,PASS,FAIL,True,,,,,,,,,,,"The generated phenotype shows a coherent blend of body/growth plan, appendages, terminal structures and surface material. Earth-species accuracy is not required; leave this combination alone unless runtime animation reveals attachment problems.",fungi-h1-s0.png,440,440,RGBA,8eed62811686114c631cbd601a1f41425ac5f4eb944ca6db2998a6adb9cc2282,65de863f68fcf1ef10019547add9325f17e52cf6c4f9666ffa1c0fa49dc940a1,,,,,,,,,,,,,,,,,fungi,PASS,PASS,PASS,PASS,PASS,PASS
procedural,fungi-h1-s1,fungi-h1-s1,PASS,PASS,PASS,False,,,,,,,,,,,"The generated phenotype shows a coherent blend of body/growth plan, appendages, terminal structures and surface material. Earth-species accuracy is not required; leave this combination alone unless runtime animation reveals attachment problems.",fungi-h1-s1.png,440,440,RGBA,cc50b0db510b9e36d7d14939c9c1d7085eead7560e23c9561a68b72c7f001ad4,cc50b0db510b9e36d7d14939c9c1d7085eead7560e23c9561a68b72c7f001ad4,,,,,,,,,,,,,,,,,fungi,PASS,PASS,PASS,PASS,PASS,PASS
procedural,fungi-h1-s10,fungi-h1-s10,PASS,PASS,PASS,False,,,,,,,,,,,"The generated phenotype shows a coherent blend of body/growth plan, appendages, terminal structures and surface material. Earth-species accuracy is not required; leave this combination alone unless runtime animation reveals attachment problems.",fungi-h1-s10.png,440,440,RGBA,3f74704a6490ee7d76dd853adda4ea94bb12fd416d57080408cfff92335e3c4c,3f74704a6490ee7d76dd853adda4ea94bb12fd416d57080408cfff92335e3c4c,,,,,,,,,,,,,,,,,fungi,PASS,PASS,PASS,PASS,PASS,PASS
procedural,fungi-h1-s11,fungi-h1-s11,PASS,PASS,PASS,False,,,,,,,,,,,"The generated phenotype shows a coherent blend of body/growth plan, appendages, terminal structures and surface material. Earth-species accuracy is not required; leave this combination alone unless runtime animation reveals attachment problems.",fungi-h1-s11.png,440,440,RGBA,604daa0a36945bd5da0627d5e767074bbd9e767ce440c5c951ad01bf2d94a36a,604daa0a36945bd5da0627d5e767074bbd9e767ce440c5c951ad01bf2d94a36a,,,,,,,,,,,,,,,,,fungi,PASS,PASS,PASS,PASS,PASS,PASS
procedural,fungi-h1-s12,fungi-h1-s12,PASS,PASS,PASS,True,,,,,,,,,,,"The generated phenotype shows a coherent blend of body/growth plan, appendages, terminal structures and surface material. Earth-species accuracy is not required; leave this combination alone unless runtime animation reveals attachment problems.",fungi-h1-s12.png,440,440,RGBA,581f5657793eea8f9933c51525f51ebd881307f0d20885d0775c88ee227fd12f,48fd7267cdc56d6f07d1ef5e98d25334352fe5c9314bebffab8746a105afeace,,,,,,,,,,,,,,,,,fungi,PASS,PASS,PASS,PASS,PASS,PASS
procedural,fungi-h1-s13,fungi-h1-s13,PASS,PASS,PASS,False,,,,,,,,,,,"The generated phenotype shows a coherent blend of body/growth plan, appendages, terminal structures and surface material. Earth-species accuracy is not required; leave this combination alone unless runtime animation reveals attachment problems.",fungi-h1-s13.png,440,440,RGBA,4e1dcff8a77bb3dad46a1fc1bd5d5f83c9dee29c7bc4cbabd94745cc41315ad6,4e1dcff8a77bb3dad46a1fc1bd5d5f83c9dee29c7bc4cbabd94745cc41315ad6,,,,,,,,,,,,,,,,,fungi,PASS,PASS,PASS,PASS,PASS,PASS
procedural,fungi-h1-s14,fungi-h1-s14,PASS,PASS,FAIL,True,,,,,,,,,,,"The generated phenotype shows a coherent blend of body/growth plan, appendages, terminal structures and surface material. Earth-species accuracy is not required; leave this combination alone unless runtime animation reveals attachment problems.",fungi-h1-s14.png,440,440,RGBA,d830eec6d95a5a4db2eff918d12858c441db04accbbaea81380e195973d56059,65de863f68fcf1ef10019547add9325f17e52cf6c4f9666ffa1c0fa49dc940a1,,,,,,,,,,,,,,,,,fungi,PASS,PASS,PASS,PASS,PASS,PASS
procedural,fungi-h1-s15,fungi-h1-s15,PASS,PASS,PASS,False,,,,,,,,,,,"The generated phenotype shows a coherent blend of body/growth plan, appendages, terminal structures and surface material. Earth-species accuracy is not required; leave this combination alone unless runtime animation reveals attachment problems.",fungi-h1-s15.png,440,440,RGBA,21bdaeced7ba291784350f96469ae068efe7e3ab1f6ad2eb66812274eb32fe33,21bdaeced7ba291784350f96469ae068efe7e3ab1f6ad2eb66812274eb32fe33,,,,,,,,,,,,,,,,,fungi,PASS,PASS,PASS,PASS,PASS,PASS
procedural,fungi-h1-s16,fungi-h1-s16,PASS,PASS,PASS,False,,,,,,,,,,,"The generated phenotype shows a coherent blend of body/growth plan, appendages, terminal structures and surface material. Earth-species accuracy is not required; leave this combination alone unless runtime animation reveals attachment problems.",fungi-h1-s16.png,440,440,RGBA,39411468d30f4ee67d9d7a80bee9fd0ebeed63f5f4614fec54913b85a2b58f21,39411468d30f4ee67d9d7a80bee9fd0ebeed63f5f4614fec54913b85a2b58f21,,,,,,,,,,,,,,,,,fungi,PASS,PASS,PASS,PASS,PASS,PASS
procedural,fungi-h1-s17,fungi-h1-s17,PASS,PASS,PASS,False,,,,,,,,,,,"The generated phenotype shows a coherent blend of body/growth plan, appendages, terminal structures and surface material. Earth-species accuracy is not required; leave this combination alone unless runtime animation reveals attachment problems.",fungi-h1-s17.png,440,440,RGBA,7cf13426ae5e4fcf18595ee6ffe88902c2d3d1c050a1ec349cbf4b752a770155,7cf13426ae5e4fcf18595ee6ffe88902c2d3d1c050a1ec349cbf4b752a770155,,,,,,,,,,,,,,,,,fungi,PASS,PASS,PASS,PASS,PASS,PASS
procedural,fungi-h1-s18,fungi-h1-s18,PASS,PASS,PASS,False,,,,,,,,,,,"The generated phenotype shows a coherent blend of body/growth plan, appendages, terminal structures and surface material. Earth-species accuracy is not required; leave this combination alone unless runtime animation reveals attachment problems.",fungi-h1-s18.png,440,440,RGBA,77b2b0f585efbe608641cdab11062f6ec88857e4569f243f6e71b1527f5fa3b8,77b2b0f585efbe608641cdab11062f6ec88857e4569f243f6e71b1527f5fa3b8,,,,,,,,,,,,,,,,,fungi,PASS,PASS,PASS,PASS,PASS,PASS
procedural,fungi-h1-s19,fungi-h1-s19,PASS,PASS,PASS,False,,,,,,,,,,,"The generated phenotype shows a coherent blend of body/growth plan, appendages, terminal structures and surface material. Earth-species accuracy is not required; leave this combination alone unless runtime animation reveals attachment problems.",fungi-h1-s19.png,440,440,RGBA,4132022ac3a827c99fa484354e4521e9f7525b800c0ec9570254aab30412314b,4132022ac3a827c99fa484354e4521e9f7525b800c0ec9570254aab30412314b,,,,,,,,,,,,,,,,,fungi,PASS,PASS,PASS,PASS,PASS,PASS
procedural,fungi-h1-s2,fungi-h1-s2,PASS,PASS,PASS,False,,,,,,,,,,,"The generated phenotype shows a coherent blend of body/growth plan, appendages, terminal structures and surface material. Earth-species accuracy is not required; leave this combination alone unless runtime animation reveals attachment problems.",fungi-h1-s2.png,440,440,RGBA,5cf7aa799db5ad04e028967abaddf5ee7871bc510b8bc593da1ff9e1387c605b,5cf7aa799db5ad04e028967abaddf5ee7871bc510b8bc593da1ff9e1387c605b,,,,,,,,,,,,,,,,,fungi,PASS,PASS,PASS,PASS,PASS,PASS
procedural,fungi-h1-s3,fungi-h1-s3,PASS,PASS,PASS,False,,,,,,,,,,,"The generated phenotype shows a coherent blend of body/growth plan, appendages, terminal structures and surface material. Earth-species accuracy is not required; leave this combination alone unless runtime animation reveals attachment problems.",fungi-h1-s3.png,440,440,RGBA,d1fe3bded47a32a26e979da809e9aba25862600ee0f22f32328a83021548f89e,d1fe3bded47a32a26e979da809e9aba25862600ee0f22f32328a83021548f89e,,,,,,,,,,,,,,,,,fungi,PASS,PASS,PASS,PASS,PASS,PASS
procedural,fungi-h1-s4,fungi-h1-s4,PASS,PASS,PASS,False,,,,,,,,,,,"The generated phenotype shows a coherent blend of body/growth plan, appendages, terminal structures and surface material. Earth-species accuracy is not required; leave this combination alone unless runtime animation reveals attachment problems.",fungi-h1-s4.png,440,440,RGBA,7fcad7a22c7ab82020bcedaa58338b8d5d33d88b7a1de95f2ab102937bb323b4,7fcad7a22c7ab82020bcedaa58338b8d5d33d88b7a1de95f2ab102937bb323b4,,,,,,,,,,,,,,,,,fungi,PASS,PASS,PASS,PASS,PASS,PASS
procedural,fungi-h1-s5,fungi-h1-s5,PASS,PASS,PASS,False,,,,,,,,,,,"The generated phenotype shows a coherent blend of body/growth plan, appendages, terminal structures and surface material. Earth-species accuracy is not required; leave this combination alone unless runtime animation reveals attachment problems.",fungi-h1-s5.png,440,440,RGBA,69eca847c514949ae4d20663545a932e2b9ab3dbfd8ea98851b7841992d419a8,69eca847c514949ae4d20663545a932e2b9ab3dbfd8ea98851b7841992d419a8,,,,,,,,,,,,,,,,,fungi,PASS,PASS,PASS,PASS,PASS,PASS
procedural,fungi-h1-s6,fungi-h1-s6,PASS,PASS,PASS,False,,,,,,,,,,,"The generated phenotype shows a coherent blend of body/growth plan, appendages, terminal structures and surface material. Earth-species accuracy is not required; leave this combination alone unless runtime animation reveals attachment problems.",fungi-h1-s6.png,440,440,RGBA,685be2bc8ef436d6cafb475ad858150b205fbee169d0c306abf6363cbff63efa,685be2bc8ef436d6cafb475ad858150b205fbee169d0c306abf6363cbff63efa,,,,,,,,,,,,,,,,,fungi,PASS,PASS,PASS,PASS,PASS,PASS
procedural,fungi-h1-s7,fungi-h1-s7,PASS,PASS,PASS,False,,,,,,,,,,,"The generated phenotype shows a coherent blend of body/growth plan, appendages, terminal structures and surface material. Earth-species accuracy is not required; leave this combination alone unless runtime animation reveals attachment problems.",fungi-h1-s7.png,440,440,RGBA,b06ad0a12477eb2ba47d54ac02b6663bd15429581c9e3cf2a5db93fc7e14cdc2,b06ad0a12477eb2ba47d54ac02b6663bd15429581c9e3cf2a5db93fc7e14cdc2,,,,,,,,,,,,,,,,,fungi,PASS,PASS,PASS,PASS,PASS,PASS
procedural,fungi-h1-s8,fungi-h1-s8,PASS,PASS,PASS,False,,,,,,,,,,,"The generated phenotype shows a coherent blend of body/growth plan, appendages, terminal structures and surface material. Earth-species accuracy is not required; leave this combination alone unless runtime animation reveals attachment problems.",fungi-h1-s8.png,440,440,RGBA,193293293a0f704dd84d078e2982bd1c39511065e4e3f3437991c2d54ab5aaa2,193293293a0f704dd84d078e2982bd1c39511065e4e3f3437991c2d54ab5aaa2,,,,,,,,,,,,,,,,,fungi,PASS,PASS,PASS,PASS,PASS,PASS
procedural,fungi-h1-s9,fungi-h1-s9,PASS,PASS,PASS,False,,,,,,,,,,,"The generated phenotype shows a coherent blend of body/growth plan, appendages, terminal structures and surface material. Earth-species accuracy is not required; leave this combination alone unless runtime animation reveals attachment problems.",fungi-h1-s9.png,440,440,RGBA,5f9103fad039bec2f916b60ffb2006e89ac48d7f99929b8b67d7815607cd50a5,5f9103fad039bec2f916b60ffb2006e89ac48d7f99929b8b67d7815607cd50a5,,,,,,,,,,,,,,,,,fungi,PASS,PASS,PASS,PASS,PASS,PASS
procedural,fungi-h2-s0,fungi-h2-s0,PASS,PASS,PASS,False,,,,,,,,,,,"The generated phenotype shows a coherent blend of body/growth plan, appendages, terminal structures and surface material. Earth-species accuracy is not required; leave this combination alone unless runtime animation reveals attachment problems.",fungi-h2-s0.png,440,440,RGBA,2d3e3343fb85f843212117f8f67bc50a04ccc8d4f391526d124657adecd49789,2d3e3343fb85f843212117f8f67bc50a04ccc8d4f391526d124657adecd49789,,,,,,,,,,,,,,,,,fungi,PASS,PASS,PASS,PASS,PASS,PASS
procedural,fungi-h2-s1,fungi-h2-s1,PASS,PASS,PASS,True,,,,,,,,,,,"The generated phenotype shows a coherent blend of body/growth plan, appendages, terminal structures and surface material. Earth-species accuracy is not required; leave this combination alone unless runtime animation reveals attachment problems.",fungi-h2-s1.png,440,440,RGBA,a050acf7cb4f6abc637887c8e9ce8434607e3900258c17ecd73c175be702139f,47bfeb4910afff06274135d97603c420920e5dbab49aeb328dfcf1fa31fcb6d7,,,,,,,,,,,,,,,,,fungi,PASS,PASS,PASS,PASS,PASS,PASS
procedural,fungi-h2-s10,fungi-h2-s10,PASS,PASS,PASS,False,,,,,,,,,,,"The generated phenotype shows a coherent blend of body/growth plan, appendages, terminal structures and surface material. Earth-species accuracy is not required; leave this combination alone unless runtime animation reveals attachment problems.",fungi-h2-s10.png,440,440,RGBA,12302834ba15dd71b12350544fd34e089f9b97023c57e9bcb7ea42da5274707b,12302834ba15dd71b12350544fd34e089f9b97023c57e9bcb7ea42da5274707b,,,,,,,,,,,,,,,,,fungi,PASS,PASS,PASS,PASS,PASS,PASS
procedural,fungi-h2-s11,fungi-h2-s11,PASS,PASS,PASS,False,,,,,,,,,,,"The generated phenotype shows a coherent blend of body/growth plan, appendages, terminal structures and surface material. Earth-species accuracy is not required; leave this combination alone unless runtime animation reveals attachment problems.",fungi-h2-s11.png,440,440,RGBA,71af732c052fe1c943aa3de8a446397f008d203ad69b7888bfb78ff19743ca6b,71af732c052fe1c943aa3de8a446397f008d203ad69b7888bfb78ff19743ca6b,,,,,,,,,,,,,,,,,fungi,PASS,PASS,PASS,PASS,PASS,PASS
procedural,fungi-h2-s12,fungi-h2-s12,PASS,PASS,PASS,False,,,,,,,,,,,"The generated phenotype shows a coherent blend of body/growth plan, appendages, terminal structures and surface material. Earth-species accuracy is not required; leave this combination alone unless runtime animation reveals attachment problems.",fungi-h2-s12.png,440,440,RGBA,71666c581e60613bbaa8983f5fdb334d0f89072825a3894085d69345334e90a7,71666c581e60613bbaa8983f5fdb334d0f89072825a3894085d69345334e90a7,,,,,,,,,,,,,,,,,fungi,PASS,PASS,PASS,PASS,PASS,PASS
procedural,fungi-h2-s13,fungi-h2-s13,PASS,PASS,PASS,False,,,,,,,,,,,"The generated phenotype shows a coherent blend of body/growth plan, appendages, terminal structures and surface material. Earth-species accuracy is not required; leave this combination alone unless runtime animation reveals attachment problems.",fungi-h2-s13.png,440,440,RGBA,268e41b6cc0513cc20df1880a12529cb3c4897817b6091d74f2516949703eeb1,268e41b6cc0513cc20df1880a12529cb3c4897817b6091d74f2516949703eeb1,,,,,,,,,,,,,,,,,fungi,PASS,PASS,PASS,PASS,PASS,PASS
procedural,fungi-h2-s14,fungi-h2-s14,PASS,PASS,PASS,False,,,,,,,,,,,"The generated phenotype shows a coherent blend of body/growth plan, appendages, terminal structures and surface material. Earth-species accuracy is not required; leave this combination alone unless runtime animation reveals attachment problems.",fungi-h2-s14.png,440,440,RGBA,436810ee45a6035a24db3e40436bdeca18625fe91bcc253d2eb2283a428a8ed2,436810ee45a6035a24db3e40436bdeca18625fe91bcc253d2eb2283a428a8ed2,,,,,,,,,,,,,,,,,fungi,PASS,PASS,PASS,PASS,PASS,PASS
procedural,fungi-h2-s15,fungi-h2-s15,PASS,PASS,PASS,False,,,,,,,,,,,"The generated phenotype shows a coherent blend of body/growth plan, appendages, terminal structures and surface material. Earth-species accuracy is not required; leave this combination alone unless runtime animation reveals attachment problems.",fungi-h2-s15.png,440,440,RGBA,c2349dc3ecef882f7aece680d63091483c1be07b8e18eddeae91f179c833b0da,c2349dc3ecef882f7aece680d63091483c1be07b8e18eddeae91f179c833b0da,,,,,,,,,,,,,,,,,fungi,PASS,PASS,PASS,PASS,PASS,PASS
procedural,fungi-h2-s16,fungi-h2-s16,PASS,PASS,PASS,False,,,,,,,,,,,"The generated phenotype shows a coherent blend of body/growth plan, appendages, terminal structures and surface material. Earth-species accuracy is not required; leave this combination alone unless runtime animation reveals attachment problems.",fungi-h2-s16.png,440,440,RGBA,24f766a5699556121c59f0f343ad0f8155e0c09622fdc9dc9fb51669d893959f,24f766a5699556121c59f0f343ad0f8155e0c09622fdc9dc9fb51669d893959f,,,,,,,,,,,,,,,,,fungi,PASS,PASS,PASS,PASS,PASS,PASS
procedural,fungi-h2-s17,fungi-h2-s17,PASS,PASS,PASS,False,,,,,,,,,,,"The generated phenotype shows a coherent blend of body/growth plan, appendages, terminal structures and surface material. Earth-species accuracy is not required; leave this combination alone unless runtime animation reveals attachment problems.",fungi-h2-s17.png,440,440,RGBA,2935d9aeae92d20bf15c77132df7052764282029124f05d08e8e8ef86d5285d2,2935d9aeae92d20bf15c77132df7052764282029124f05d08e8e8ef86d5285d2,,,,,,,,,,,,,,,,,fungi,PASS,PASS,PASS,PASS,PASS,PASS
procedural,fungi-h2-s18,fungi-h2-s18,PASS,PASS,PASS,False,,,,,,,,,,,"The generated phenotype shows a coherent blend of body/growth plan, appendages, terminal structures and surface material. Earth-species accuracy is not required; leave this combination alone unless runtime animation reveals attachment problems.",fungi-h2-s18.png,440,440,RGBA,b83973a53d98423f92f3df8ce39cb65ab2674ba080336da314ef6efd77c9c5f6,b83973a53d98423f92f3df8ce39cb65ab2674ba080336da314ef6efd77c9c5f6,,,,,,,,,,,,,,,,,fungi,PASS,PASS,PASS,PASS,PASS,PASS
procedural,fungi-h2-s19,fungi-h2-s19,PASS,PASS,PASS,False,,,,,,,,,,,"The generated phenotype shows a coherent blend of body/growth plan, appendages, terminal structures and surface material. Earth-species accuracy is not required; leave this combination alone unless runtime animation reveals attachment problems.",fungi-h2-s19.png,440,440,RGBA,96347c2c81a99827940929e9e0404ef020c885eb2a8d00791f4cae174d598c99,96347c2c81a99827940929e9e0404ef020c885eb2a8d00791f4cae174d598c99,,,,,,,,,,,,,,,,,fungi,PASS,PASS,PASS,PASS,PASS,PASS
procedural,fungi-h2-s2,fungi-h2-s2,PASS,PASS,PASS,True,,,,,,,,,,,"The generated phenotype shows a coherent blend of body/growth plan, appendages, terminal structures and surface material. Earth-species accuracy is not required; leave this combination alone unless runtime animation reveals attachment problems.",fungi-h2-s2.png,440,440,RGBA,9e78afb82a4e05f6b875a2f6c2b5f2b70c156468de6efe653d6140b2a7be692b,5d0c4cf431e6eeda5cb6623cfcc855c649b61bff32b54062932693239ec5e44a,,,,,,,,,,,,,,,,,fungi,PASS,PASS,PASS,PASS,PASS,PASS
procedural,fungi-h2-s3,fungi-h2-s3,PASS,PASS,PASS,False,,,,,,,,,,,"The generated phenotype shows a coherent blend of body/growth plan, appendages, terminal structures and surface material. Earth-species accuracy is not required; leave this combination alone unless runtime animation reveals attachment problems.",fungi-h2-s3.png,440,440,RGBA,872ed364ea08bc0bb1dfc5c429bc4856dc0943ea67b661d0dc1bfcba64b1cf7c,872ed364ea08bc0bb1dfc5c429bc4856dc0943ea67b661d0dc1bfcba64b1cf7c,,,,,,,,,,,,,,,,,fungi,PASS,PASS,PASS,PASS,PASS,PASS
procedural,fungi-h2-s4,fungi-h2-s4,PASS,PASS,PASS,False,,,,,,,,,,,"The generated phenotype shows a coherent blend of body/growth plan, appendages, terminal structures and surface material. Earth-species accuracy is not required; leave this combination alone unless runtime animation reveals attachment problems.",fungi-h2-s4.png,440,440,RGBA,0bb8572e26c8a83ddc5425c5936e1232af33281f73be47c5fb7e57682dda1979,0bb8572e26c8a83ddc5425c5936e1232af33281f73be47c5fb7e57682dda1979,,,,,,,,,,,,,,,,,fungi,PASS,PASS,PASS,PASS,PASS,PASS
procedural,fungi-h2-s5,fungi-h2-s5,PASS,PASS,PASS,False,,,,,,,,,,,"The generated phenotype shows a coherent blend of body/growth plan, appendages, terminal structures and surface material. Earth-species accuracy is not required; leave this combination alone unless runtime animation reveals attachment problems.",fungi-h2-s5.png,440,440,RGBA,23fdec2fd34d90089a1f7bae189251e79b352843cfa6c5a396aa55fcc30235e3,23fdec2fd34d90089a1f7bae189251e79b352843cfa6c5a396aa55fcc30235e3,,,,,,,,,,,,,,,,,fungi,PASS,PASS,PASS,PASS,PASS,PASS
procedural,fungi-h2-s6,fungi-h2-s6,PASS,PASS,PASS,False,,,,,,,,,,,"The generated phenotype shows a coherent blend of body/growth plan, appendages, terminal structures and surface material. Earth-species accuracy is not required; leave this combination alone unless runtime animation reveals attachment problems.",fungi-h2-s6.png,440,440,RGBA,58b8f6b4287799a6770152aa2864ba0b8a10c877f0970ca54b9dc4454b214df1,58b8f6b4287799a6770152aa2864ba0b8a10c877f0970ca54b9dc4454b214df1,,,,,,,,,,,,,,,,,fungi,PASS,PASS,PASS,PASS,PASS,PASS
procedural,fungi-h2-s7,fungi-h2-s7,PASS,PASS,PASS,False,,,,,,,,,,,"The generated phenotype shows a coherent blend of body/growth plan, appendages, terminal structures and surface material. Earth-species accuracy is not required; leave this combination alone unless runtime animation reveals attachment problems.",fungi-h2-s7.png,440,440,RGBA,664532754c5729c3b64f67e234e55fe0923e16f3e707865723bb9293678c143a,664532754c5729c3b64f67e234e55fe0923e16f3e707865723bb9293678c143a,,,,,,,,,,,,,,,,,fungi,PASS,PASS,PASS,PASS,PASS,PASS
procedural,fungi-h2-s8,fungi-h2-s8,PASS,PASS,PASS,False,,,,,,,,,,,"The generated phenotype shows a coherent blend of body/growth plan, appendages, terminal structures and surface material. Earth-species accuracy is not required; leave this combination alone unless runtime animation reveals attachment problems.",fungi-h2-s8.png,440,440,RGBA,544df9d967087d0b81397f3fd78b38ed1da66b118eed5bdc11e6f72993b5fdfb,544df9d967087d0b81397f3fd78b38ed1da66b118eed5bdc11e6f72993b5fdfb,,,,,,,,,,,,,,,,,fungi,PASS,PASS,PASS,PASS,PASS,PASS
procedural,fungi-h2-s9,fungi-h2-s9,PASS,PASS,PASS,False,,,,,,,,,,,"The generated phenotype shows a coherent blend of body/growth plan, appendages, terminal structures and surface material. Earth-species accuracy is not required; leave this combination alone unless runtime animation reveals attachment problems.",fungi-h2-s9.png,440,440,RGBA,e30140cf6fe0416865e9fbca2b49512b89090afb5212076707a9b088bb083c52,e30140cf6fe0416865e9fbca2b49512b89090afb5212076707a9b088bb083c52,,,,,,,,,,,,,,,,,fungi,PASS,PASS,PASS,PASS,PASS,PASS
procedural,microbe-h0-s0,microbe-h0-s0,PASS,PASS,PASS,False,,,,,,,,,,,"The generated phenotype shows a coherent blend of body/growth plan, appendages, terminal structures and surface material. Earth-species accuracy is not required; leave this combination alone unless runtime animation reveals attachment problems.",microbe-h0-s0.png,440,440,RGBA,86bc4463a22e48cc39c9220ed1f962c7be9e212bae00ac5d0656be18ebce7daf,86bc4463a22e48cc39c9220ed1f962c7be9e212bae00ac5d0656be18ebce7daf,,,,,,,,,,,,,,,,,microbe,PASS,PASS,PASS,PASS,PASS,PASS
procedural,microbe-h0-s1,microbe-h0-s1,PASS,PASS,PASS,False,,,,,,,,,,,"The generated phenotype shows a coherent blend of body/growth plan, appendages, terminal structures and surface material. Earth-species accuracy is not required; leave this combination alone unless runtime animation reveals attachment problems.",microbe-h0-s1.png,440,440,RGBA,c07255bbbc36ccfa73c9ae1e9435d4e5ebde027561c171961c3723dc2b700764,c07255bbbc36ccfa73c9ae1e9435d4e5ebde027561c171961c3723dc2b700764,,,,,,,,,,,,,,,,,microbe,PASS,PASS,PASS,PASS,PASS,PASS
procedural,microbe-h0-s10,microbe-h0-s10,PASS,PASS,PASS,False,,,,,,,,,,,"The generated phenotype shows a coherent blend of body/growth plan, appendages, terminal structures and surface material. Earth-species accuracy is not required; leave this combination alone unless runtime animation reveals attachment problems.",microbe-h0-s10.png,440,440,RGBA,1b64dc7f7f4eba8f131d35b56adad3e783e753dc4bae06b4968d4d2623968893,1b64dc7f7f4eba8f131d35b56adad3e783e753dc4bae06b4968d4d2623968893,,,,,,,,,,,,,,,,,microbe,PASS,PASS,PASS,PASS,PASS,PASS
procedural,microbe-h0-s11,microbe-h0-s11,PASS,PASS,PASS,False,,,,,,,,,,,"The generated phenotype shows a coherent blend of body/growth plan, appendages, terminal structures and surface material. Earth-species accuracy is not required; leave this combination alone unless runtime animation reveals attachment problems.",microbe-h0-s11.png,440,440,RGBA,07c41f50ee300ee0463f5cc151fd633a398b8511b9d1004ab05b374330d61970,07c41f50ee300ee0463f5cc151fd633a398b8511b9d1004ab05b374330d61970,,,,,,,,,,,,,,,,,microbe,PASS,PASS,PASS,PASS,PASS,PASS
procedural,microbe-h0-s12,microbe-h0-s12,PASS,PASS,PASS,True,,,,,,,,,,,"The generated phenotype shows a coherent blend of body/growth plan, appendages, terminal structures and surface material. Earth-species accuracy is not required; leave this combination alone unless runtime animation reveals attachment problems.",microbe-h0-s12.png,440,440,RGBA,7c10b8daa85667922a3ec4ec68272ca6ffb613efb7fc06583e5732c3b22c6367,918aed172bd4e75aa78beee9ef70689d6d0e82d185c221e6fb52c7f14a60354a,,,,,,,,,,,,,,,,,microbe,PASS,PASS,PASS,PASS,PASS,PASS
procedural,microbe-h0-s13,microbe-h0-s13,PASS,PASS,PASS,False,,,,,,,,,,,"The generated phenotype shows a coherent blend of body/growth plan, appendages, terminal structures and surface material. Earth-species accuracy is not required; leave this combination alone unless runtime animation reveals attachment problems.",microbe-h0-s13.png,440,440,RGBA,cb9f16d26cd0f88aa780a7c00f63a1e55b686d483fe10b5dfed7c777c3603c48,cb9f16d26cd0f88aa780a7c00f63a1e55b686d483fe10b5dfed7c777c3603c48,,,,,,,,,,,,,,,,,microbe,PASS,PASS,PASS,PASS,PASS,PASS
procedural,microbe-h0-s14,microbe-h0-s14,PASS,PASS,PASS,False,,,,,,,,,,,"The generated phenotype shows a coherent blend of body/growth plan, appendages, terminal structures and surface material. Earth-species accuracy is not required; leave this combination alone unless runtime animation reveals attachment problems.",microbe-h0-s14.png,440,440,RGBA,c3cc4ee51e0e8f81942791a18652a65a0008ffdc20fcbe39ed38d08cf60b3568,c3cc4ee51e0e8f81942791a18652a65a0008ffdc20fcbe39ed38d08cf60b3568,,,,,,,,,,,,,,,,,microbe,PASS,PASS,PASS,PASS,PASS,PASS
procedural,microbe-h0-s15,microbe-h0-s15,PASS,PASS,PASS,False,,,,,,,,,,,"The generated phenotype shows a coherent blend of body/growth plan, appendages, terminal structures and surface material. Earth-species accuracy is not required; leave this combination alone unless runtime animation reveals attachment problems.",microbe-h0-s15.png,440,440,RGBA,99f01e42c0477f3d10ebadafa53aab68b918990a5acfd88e3211579e024a211a,99f01e42c0477f3d10ebadafa53aab68b918990a5acfd88e3211579e024a211a,,,,,,,,,,,,,,,,,microbe,PASS,PASS,PASS,PASS,PASS,PASS
procedural,microbe-h0-s16,microbe-h0-s16,PASS,PASS,PASS,False,,,,,,,,,,,"The generated phenotype shows a coherent blend of body/growth plan, appendages, terminal structures and surface material. Earth-species accuracy is not required; leave this combination alone unless runtime animation reveals attachment problems.",microbe-h0-s16.png,440,440,RGBA,ef81d5a701b7bed56339d643254de624682ff361f205019d39f3b4f4ada2c2b9,ef81d5a701b7bed56339d643254de624682ff361f205019d39f3b4f4ada2c2b9,,,,,,,,,,,,,,,,,microbe,PASS,PASS,PASS,PASS,PASS,PASS
procedural,microbe-h0-s17,microbe-h0-s17,PASS,PASS,PASS,False,,,,,,,,,,,"The generated phenotype shows a coherent blend of body/growth plan, appendages, terminal structures and surface material. Earth-species accuracy is not required; leave this combination alone unless runtime animation reveals attachment problems.",microbe-h0-s17.png,440,440,RGBA,fe89eb91716321c1172dd16c1e8f08a3b3b499263bd456295fbb43a972066fa7,fe89eb91716321c1172dd16c1e8f08a3b3b499263bd456295fbb43a972066fa7,,,,,,,,,,,,,,,,,microbe,PASS,PASS,PASS,PASS,PASS,PASS
procedural,microbe-h0-s18,microbe-h0-s18,PASS,PASS,PASS,False,,,,,,,,,,,"The generated phenotype shows a coherent blend of body/growth plan, appendages, terminal structures and surface material. Earth-species accuracy is not required; leave this combination alone unless runtime animation reveals attachment problems.",microbe-h0-s18.png,440,440,RGBA,71a8ae1af9910a44e4a59f5a3547c138385c5265bfef3dbe75cebb8a403851be,71a8ae1af9910a44e4a59f5a3547c138385c5265bfef3dbe75cebb8a403851be,,,,,,,,,,,,,,,,,microbe,PASS,PASS,PASS,PASS,PASS,PASS
procedural,microbe-h0-s19,microbe-h0-s19,PASS,PASS,PASS,False,,,,,,,,,,,"The generated phenotype shows a coherent blend of body/growth plan, appendages, terminal structures and surface material. Earth-species accuracy is not required; leave this combination alone unless runtime animation reveals attachment problems.",microbe-h0-s19.png,440,440,RGBA,2c5ad3cc00bc023c0a1b27f527545cc7211b2d8a0ccde55423461802dc657918,2c5ad3cc00bc023c0a1b27f527545cc7211b2d8a0ccde55423461802dc657918,,,,,,,,,,,,,,,,,microbe,PASS,PASS,PASS,PASS,PASS,PASS
procedural,microbe-h0-s2,microbe-h0-s2,PASS,PASS,PASS,False,,,,,,,,,,,"The generated phenotype shows a coherent blend of body/growth plan, appendages, terminal structures and surface material. Earth-species accuracy is not required; leave this combination alone unless runtime animation reveals attachment problems.",microbe-h0-s2.png,440,440,RGBA,3d0743617d3f058cf35a8cb238e3cde5e0bf7a2dd6f113e4002816673c00aacc,3d0743617d3f058cf35a8cb238e3cde5e0bf7a2dd6f113e4002816673c00aacc,,,,,,,,,,,,,,,,,microbe,PASS,PASS,PASS,PASS,PASS,PASS
procedural,microbe-h0-s3,microbe-h0-s3,PASS,PASS,PASS,False,,,,,,,,,,,"The generated phenotype shows a coherent blend of body/growth plan, appendages, terminal structures and surface material. Earth-species accuracy is not required; leave this combination alone unless runtime animation reveals attachment problems.",microbe-h0-s3.png,440,440,RGBA,a0f07d6b8f62814c7452d2988372a146de0182f88ef0a2d4c948d1f02f4cea77,a0f07d6b8f62814c7452d2988372a146de0182f88ef0a2d4c948d1f02f4cea77,,,,,,,,,,,,,,,,,microbe,PASS,PASS,PASS,PASS,PASS,PASS
procedural,microbe-h0-s4,microbe-h0-s4,PASS,PASS,PASS,True,,,,,,,,,,,"The generated phenotype shows a coherent blend of body/growth plan, appendages, terminal structures and surface material. Earth-species accuracy is not required; leave this combination alone unless runtime animation reveals attachment problems.",microbe-h0-s4.png,440,440,RGBA,c9c40c886f6eb6912533a8681bfb8df3304d431a2ff34d2d39394aa3abd6d166,08f612b7abdf6b566996e6d41df2d43783868139bafe29f5bad62fe418da3794,,,,,,,,,,,,,,,,,microbe,PASS,PASS,PASS,PASS,PASS,PASS
procedural,microbe-h0-s5,microbe-h0-s5,PASS,PASS,FAIL,True,,,,,,,,,,,"The generated phenotype shows a coherent blend of body/growth plan, appendages, terminal structures and surface material. Earth-species accuracy is not required; leave this combination alone unless runtime animation reveals attachment problems.",microbe-h0-s5.png,440,440,RGBA,a2890e38be94ec9b22d1cafaa72143397fda0c68acb7c02cef56f0983eb6b183,ea315075ef5fc2e6000f3bdfad4ea8e2f31eb08ddd224b902e8e4eae404f54bb,,,,,,,,,,,,,,,,,microbe,PASS,PASS,PASS,PASS,PASS,PASS
procedural,microbe-h0-s6,microbe-h0-s6,PASS,PASS,PASS,True,,,,,,,,,,,"The generated phenotype shows a coherent blend of body/growth plan, appendages, terminal structures and surface material. Earth-species accuracy is not required; leave this combination alone unless runtime animation reveals attachment problems.",microbe-h0-s6.png,440,440,RGBA,b201d6d9f720a0d47528a70e888a279df3d2bc5f994880e72fef67fd64bc5a8c,56e0c498d0204b3a24a540057a61cc6b50a5107f22c5487715072a1d512e45cd,,,,,,,,,,,,,,,,,microbe,PASS,PASS,PASS,PASS,PASS,PASS
procedural,microbe-h0-s7,microbe-h0-s7,PASS,PASS,PASS,False,,,,,,,,,,,"The generated phenotype shows a coherent blend of body/growth plan, appendages, terminal structures and surface material. Earth-species accuracy is not required; leave this combination alone unless runtime animation reveals attachment problems.",microbe-h0-s7.png,440,440,RGBA,c5b29cb78b7f9a37c3de6c5de4729dfe038fc9df53a189e00531d3d28bce4362,c5b29cb78b7f9a37c3de6c5de4729dfe038fc9df53a189e00531d3d28bce4362,,,,,,,,,,,,,,,,,microbe,PASS,PASS,PASS,PASS,PASS,PASS
procedural,microbe-h0-s8,microbe-h0-s8,PASS,PASS,PASS,False,,,,,,,,,,,"The generated phenotype shows a coherent blend of body/growth plan, appendages, terminal structures and surface material. Earth-species accuracy is not required; leave this combination alone unless runtime animation reveals attachment problems.",microbe-h0-s8.png,440,440,RGBA,b3691bcd7ab0a3ec38e56f79656a455da2fb88390826131c9b5461f23373907d,b3691bcd7ab0a3ec38e56f79656a455da2fb88390826131c9b5461f23373907d,,,,,,,,,,,,,,,,,microbe,PASS,PASS,PASS,PASS,PASS,PASS
procedural,microbe-h0-s9,microbe-h0-s9,PASS,PASS,PASS,False,,,,,,,,,,,"The generated phenotype shows a coherent blend of body/growth plan, appendages, terminal structures and surface material. Earth-species accuracy is not required; leave this combination alone unless runtime animation reveals attachment problems.",microbe-h0-s9.png,440,440,RGBA,e35ee5799e4da27e2da0e116d8b9f3c11f1f24ef88a01662623546dd8ccf4d2c,e35ee5799e4da27e2da0e116d8b9f3c11f1f24ef88a01662623546dd8ccf4d2c,,,,,,,,,,,,,,,,,microbe,PASS,PASS,PASS,PASS,PASS,PASS
procedural,microbe-h1-s0,microbe-h1-s0,PASS,PASS,PASS,False,,,,,,,,,,,"The generated phenotype shows a coherent blend of body/growth plan, appendages, terminal structures and surface material. Earth-species accuracy is not required; leave this combination alone unless runtime animation reveals attachment problems.",microbe-h1-s0.png,440,440,RGBA,c8e12b03f50925c4ecba10989d02845cb801866cce77ddec2cc941c43957f719,c8e12b03f50925c4ecba10989d02845cb801866cce77ddec2cc941c43957f719,,,,,,,,,,,,,,,,,microbe,PASS,PASS,PASS,PASS,PASS,PASS
procedural,microbe-h1-s1,microbe-h1-s1,PASS,PASS,PASS,False,,,,,,,,,,,"The generated phenotype shows a coherent blend of body/growth plan, appendages, terminal structures and surface material. Earth-species accuracy is not required; leave this combination alone unless runtime animation reveals attachment problems.",microbe-h1-s1.png,440,440,RGBA,917a9a60d69d4139f565ead90bd13a2efe049e03dff77e1632d4fc340fe3ac91,917a9a60d69d4139f565ead90bd13a2efe049e03dff77e1632d4fc340fe3ac91,,,,,,,,,,,,,,,,,microbe,PASS,PASS,PASS,PASS,PASS,PASS
procedural,microbe-h1-s10,microbe-h1-s10,PASS,PASS,PASS,False,,,,,,,,,,,"The generated phenotype shows a coherent blend of body/growth plan, appendages, terminal structures and surface material. Earth-species accuracy is not required; leave this combination alone unless runtime animation reveals attachment problems.",microbe-h1-s10.png,440,440,RGBA,b84f4c8f1ff957c58bf91a14b1529700d80cf4d655a14c17fa7fecdd1ad66441,b84f4c8f1ff957c58bf91a14b1529700d80cf4d655a14c17fa7fecdd1ad66441,,,,,,,,,,,,,,,,,microbe,PASS,PASS,PASS,PASS,PASS,PASS
procedural,microbe-h1-s11,microbe-h1-s11,PASS,PASS,PASS,False,,,,,,,,,,,"The generated phenotype shows a coherent blend of body/growth plan, appendages, terminal structures and surface material. Earth-species accuracy is not required; leave this combination alone unless runtime animation reveals attachment problems.",microbe-h1-s11.png,440,440,RGBA,70795ce2ece5cdd322f65866d7fd1f99c423a7be6eef1123d97ff9432f1a6137,70795ce2ece5cdd322f65866d7fd1f99c423a7be6eef1123d97ff9432f1a6137,,,,,,,,,,,,,,,,,microbe,PASS,PASS,PASS,PASS,PASS,PASS
procedural,microbe-h1-s12,microbe-h1-s12,PASS,PASS,PASS,True,,,,,,,,,,,"The generated phenotype shows a coherent blend of body/growth plan, appendages, terminal structures and surface material. Earth-species accuracy is not required; leave this combination alone unless runtime animation reveals attachment problems.",microbe-h1-s12.png,440,440,RGBA,8c7e4324556efa83ab773493b70b0079eb277390be1d848b7959639d2ce52d42,aac97c0e9c8d4d1d8d91f595d34fd8721744a82d3ec3bc0e458bb01b26bbde0c,,,,,,,,,,,,,,,,,microbe,PASS,PASS,PASS,PASS,PASS,PASS
procedural,microbe-h1-s13,microbe-h1-s13,PASS,PASS,PASS,False,,,,,,,,,,,"The generated phenotype shows a coherent blend of body/growth plan, appendages, terminal structures and surface material. Earth-species accuracy is not required; leave this combination alone unless runtime animation reveals attachment problems.",microbe-h1-s13.png,440,440,RGBA,3c583c3f2318a8d3bafc708a9c9c57b70e29a073933c663abfe3f730cd180aec,3c583c3f2318a8d3bafc708a9c9c57b70e29a073933c663abfe3f730cd180aec,,,,,,,,,,,,,,,,,microbe,PASS,PASS,PASS,PASS,PASS,PASS
procedural,microbe-h1-s14,microbe-h1-s14,PASS,PASS,PASS,False,,,,,,,,,,,"The generated phenotype shows a coherent blend of body/growth plan, appendages, terminal structures and surface material. Earth-species accuracy is not required; leave this combination alone unless runtime animation reveals attachment problems.",microbe-h1-s14.png,440,440,RGBA,8a5948a6776d7defe4943df735612fa093f912ae2c2277177748d5dcf724bdad,8a5948a6776d7defe4943df735612fa093f912ae2c2277177748d5dcf724bdad,,,,,,,,,,,,,,,,,microbe,PASS,PASS,PASS,PASS,PASS,PASS
procedural,microbe-h1-s15,microbe-h1-s15,PASS,PASS,PASS,True,,,,,,,,,,,"The generated phenotype shows a coherent blend of body/growth plan, appendages, terminal structures and surface material. Earth-species accuracy is not required; leave this combination alone unless runtime animation reveals attachment problems.",microbe-h1-s15.png,440,440,RGBA,a8135fb1db101cce49a2673b7e2881102f741a681bc0620dd63b957e11fb3368,93abbe19690a20c9404216d13091e9d887fc15df63f2a52e1aed9bf1941c630e,,,,,,,,,,,,,,,,,microbe,PASS,PASS,PASS,PASS,PASS,PASS
procedural,microbe-h1-s16,microbe-h1-s16,PASS,PASS,PASS,False,,,,,,,,,,,"The generated phenotype shows a coherent blend of body/growth plan, appendages, terminal structures and surface material. Earth-species accuracy is not required; leave this combination alone unless runtime animation reveals attachment problems.",microbe-h1-s16.png,440,440,RGBA,ff4f109ba4747e9b1519e67887df985bd70b95b49fb5685540ec6adf7fad4bb0,ff4f109ba4747e9b1519e67887df985bd70b95b49fb5685540ec6adf7fad4bb0,,,,,,,,,,,,,,,,,microbe,PASS,PASS,PASS,PASS,PASS,PASS
procedural,microbe-h1-s17,microbe-h1-s17,PASS,PASS,PASS,False,,,,,,,,,,,"The generated phenotype shows a coherent blend of body/growth plan, appendages, terminal structures and surface material. Earth-species accuracy is not required; leave this combination alone unless runtime animation reveals attachment problems.",microbe-h1-s17.png,440,440,RGBA,42efb5be0bc2ee99da77f929f5a127b4e7480fedca763df796f713655d815a1b,42efb5be0bc2ee99da77f929f5a127b4e7480fedca763df796f713655d815a1b,,,,,,,,,,,,,,,,,microbe,PASS,PASS,PASS,PASS,PASS,PASS
procedural,microbe-h1-s18,microbe-h1-s18,PASS,PASS,PASS,False,,,,,,,,,,,"The generated phenotype shows a coherent blend of body/growth plan, appendages, terminal structures and surface material. Earth-species accuracy is not required; leave this combination alone unless runtime animation reveals attachment problems.",microbe-h1-s18.png,440,440,RGBA,675ca0f33d2ef168c5cdc9a9a8c553fab93fb294aee40d6624d3f149eb5aed26,675ca0f33d2ef168c5cdc9a9a8c553fab93fb294aee40d6624d3f149eb5aed26,,,,,,,,,,,,,,,,,microbe,PASS,PASS,PASS,PASS,PASS,PASS
procedural,microbe-h1-s19,microbe-h1-s19,PASS,PASS,PASS,False,,,,,,,,,,,"The generated phenotype shows a coherent blend of body/growth plan, appendages, terminal structures and surface material. Earth-species accuracy is not required; leave this combination alone unless runtime animation reveals attachment problems.",microbe-h1-s19.png,440,440,RGBA,c89cf239453fcb6723c90fb7561986ea07a81ddc389624e1f07fec7e1c8b4716,c89cf239453fcb6723c90fb7561986ea07a81ddc389624e1f07fec7e1c8b4716,,,,,,,,,,,,,,,,,microbe,PASS,PASS,PASS,PASS,PASS,PASS
procedural,microbe-h1-s2,microbe-h1-s2,PASS,PASS,PASS,True,,,,,,,,,,,"The generated phenotype shows a coherent blend of body/growth plan, appendages, terminal structures and surface material. Earth-species accuracy is not required; leave this combination alone unless runtime animation reveals attachment problems.",microbe-h1-s2.png,440,440,RGBA,f93c4c4b2bd3337a0481b56b8f7b22fe767b074ef7a49fe7c3de9931460e7311,1eefb42ae9c9beb7452ed8a61cda71b81e29acbcb9c773dd4b0dbbc394fade74,,,,,,,,,,,,,,,,,microbe,PASS,PASS,PASS,PASS,PASS,PASS
procedural,microbe-h1-s3,microbe-h1-s3,PASS,PASS,PASS,True,,,,,,,,,,,"The generated phenotype shows a coherent blend of body/growth plan, appendages, terminal structures and surface material. Earth-species accuracy is not required; leave this combination alone unless runtime animation reveals attachment problems.",microbe-h1-s3.png,440,440,RGBA,02e810e26ec21ae75f442d0de0cec2ac303f4bbea71ef7a4c88b6e3a0147e6a3,1b3fb9692f7b0356cf4524767c1d85058fb0574b600ffd9b303e5bd76ba05dce,,,,,,,,,,,,,,,,,microbe,PASS,PASS,PASS,PASS,PASS,PASS
procedural,microbe-h1-s4,microbe-h1-s4,PASS,PASS,PASS,False,,,,,,,,,,,"The generated phenotype shows a coherent blend of body/growth plan, appendages, terminal structures and surface material. Earth-species accuracy is not required; leave this combination alone unless runtime animation reveals attachment problems.",microbe-h1-s4.png,440,440,RGBA,3628a9bcb896e33548073d450b0ac7fdad47da76a7a5120b67702714bbdac7ad,3628a9bcb896e33548073d450b0ac7fdad47da76a7a5120b67702714bbdac7ad,,,,,,,,,,,,,,,,,microbe,PASS,PASS,PASS,PASS,PASS,PASS
procedural,microbe-h1-s5,microbe-h1-s5,PASS,PASS,PASS,False,,,,,,,,,,,"The generated phenotype shows a coherent blend of body/growth plan, appendages, terminal structures and surface material. Earth-species accuracy is not required; leave this combination alone unless runtime animation reveals attachment problems.",microbe-h1-s5.png,440,440,RGBA,2c7d0f79c7d4342975e1ea605cf82265b1462d88bf9d9fb656482a1c6a7934d5,2c7d0f79c7d4342975e1ea605cf82265b1462d88bf9d9fb656482a1c6a7934d5,,,,,,,,,,,,,,,,,microbe,PASS,PASS,PASS,PASS,PASS,PASS
procedural,microbe-h1-s6,microbe-h1-s6,PASS,PASS,PASS,False,,,,,,,,,,,"The generated phenotype shows a coherent blend of body/growth plan, appendages, terminal structures and surface material. Earth-species accuracy is not required; leave this combination alone unless runtime animation reveals attachment problems.",microbe-h1-s6.png,440,440,RGBA,d398cc1e34e930af5d45f66c8a83ee5fcba1efb44c1b2e2fc435d9016e3608b2,d398cc1e34e930af5d45f66c8a83ee5fcba1efb44c1b2e2fc435d9016e3608b2,,,,,,,,,,,,,,,,,microbe,PASS,PASS,PASS,PASS,PASS,PASS
procedural,microbe-h1-s7,microbe-h1-s7,PASS,PASS,PASS,True,,,,,,,,,,,"The generated phenotype shows a coherent blend of body/growth plan, appendages, terminal structures and surface material. Earth-species accuracy is not required; leave this combination alone unless runtime animation reveals attachment problems.",microbe-h1-s7.png,440,440,RGBA,cb8c8e0971d4e9378e633b2250b7a5b387ad35f5bc8b2298c85761a5c5f5227b,190b32330a3a5a7907ad56244d876d3812b42311ad73a11c491dbc7bb119e547,,,,,,,,,,,,,,,,,microbe,PASS,PASS,PASS,PASS,PASS,PASS
procedural,microbe-h1-s8,microbe-h1-s8,PASS,PASS,PASS,True,,,,,,,,,,,"The generated phenotype shows a coherent blend of body/growth plan, appendages, terminal structures and surface material. Earth-species accuracy is not required; leave this combination alone unless runtime animation reveals attachment problems.",microbe-h1-s8.png,440,440,RGBA,2d1670383805e421bc3b3ff9d5c51b8afc42cfa908695896c0b2549252420e11,a279b7a428702196f3df5a5173ef44ef721249adeee2eee5b276da40959dc4fc,,,,,,,,,,,,,,,,,microbe,PASS,PASS,PASS,PASS,PASS,PASS
procedural,microbe-h1-s9,microbe-h1-s9,PASS,PASS,PASS,False,,,,,,,,,,,"The generated phenotype shows a coherent blend of body/growth plan, appendages, terminal structures and surface material. Earth-species accuracy is not required; leave this combination alone unless runtime animation reveals attachment problems.",microbe-h1-s9.png,440,440,RGBA,277325f3066aa7153f4e3280a8ab490189fb64ff5befcc242a3338174d43ab65,277325f3066aa7153f4e3280a8ab490189fb64ff5befcc242a3338174d43ab65,,,,,,,,,,,,,,,,,microbe,PASS,PASS,PASS,PASS,PASS,PASS
procedural,microbe-h2-s0,microbe-h2-s0,PASS,PASS,PASS,True,,,,,,,,,,,"The generated phenotype shows a coherent blend of body/growth plan, appendages, terminal structures and surface material. Earth-species accuracy is not required; leave this combination alone unless runtime animation reveals attachment problems.",microbe-h2-s0.png,440,440,RGBA,d7e997d4acf88010be6f8e9db968751288c44fdbfe1632457390cb4fbb5dfc37,99049fed24f81de35fe97bc77922b3f2419f460e1223d9038199a295ab0c3de7,,,,,,,,,,,,,,,,,microbe,PASS,PASS,PASS,PASS,PASS,PASS
procedural,microbe-h2-s1,microbe-h2-s1,PASS,PASS,PASS,False,,,,,,,,,,,"The generated phenotype shows a coherent blend of body/growth plan, appendages, terminal structures and surface material. Earth-species accuracy is not required; leave this combination alone unless runtime animation reveals attachment problems.",microbe-h2-s1.png,440,440,RGBA,35e188187ea9112a598cb34e8f007d6bd7b7c190a99f251962bbaf47242bce7a,35e188187ea9112a598cb34e8f007d6bd7b7c190a99f251962bbaf47242bce7a,,,,,,,,,,,,,,,,,microbe,PASS,PASS,PASS,PASS,PASS,PASS
procedural,microbe-h2-s10,microbe-h2-s10,PASS,PASS,PASS,False,,,,,,,,,,,"The generated phenotype shows a coherent blend of body/growth plan, appendages, terminal structures and surface material. Earth-species accuracy is not required; leave this combination alone unless runtime animation reveals attachment problems.",microbe-h2-s10.png,440,440,RGBA,fcc5137f0e2b502d849c36d0cf39b3f7e6cbbe9341ce4c2703fde4d69cfc5d8c,fcc5137f0e2b502d849c36d0cf39b3f7e6cbbe9341ce4c2703fde4d69cfc5d8c,,,,,,,,,,,,,,,,,microbe,PASS,PASS,PASS,PASS,PASS,PASS
procedural,microbe-h2-s11,microbe-h2-s11,PASS,PASS,PASS,False,,,,,,,,,,,"The generated phenotype shows a coherent blend of body/growth plan, appendages, terminal structures and surface material. Earth-species accuracy is not required; leave this combination alone unless runtime animation reveals attachment problems.",microbe-h2-s11.png,440,440,RGBA,d5e6f047ffb45fa88a87ba8529664a04e6f1850cf831ad67a5207d2e854792cf,d5e6f047ffb45fa88a87ba8529664a04e6f1850cf831ad67a5207d2e854792cf,,,,,,,,,,,,,,,,,microbe,PASS,PASS,PASS,PASS,PASS,PASS
procedural,microbe-h2-s12,microbe-h2-s12,PASS,PASS,PASS,False,,,,,,,,,,,"The generated phenotype shows a coherent blend of body/growth plan, appendages, terminal structures and surface material. Earth-species accuracy is not required; leave this combination alone unless runtime animation reveals attachment problems.",microbe-h2-s12.png,440,440,RGBA,254e5dfc6489a0762c1910e1bd11b923fa0a489a91c48aed9c473139d3c7b42c,254e5dfc6489a0762c1910e1bd11b923fa0a489a91c48aed9c473139d3c7b42c,,,,,,,,,,,,,,,,,microbe,PASS,PASS,PASS,PASS,PASS,PASS
procedural,microbe-h2-s13,microbe-h2-s13,PASS,PASS,PASS,False,,,,,,,,,,,"The generated phenotype shows a coherent blend of body/growth plan, appendages, terminal structures and surface material. Earth-species accuracy is not required; leave this combination alone unless runtime animation reveals attachment problems.",microbe-h2-s13.png,440,440,RGBA,1e8467ddafce1180ca46d9f614cb5d08915523d3e9e6fd20c866e3f748d807c4,1e8467ddafce1180ca46d9f614cb5d08915523d3e9e6fd20c866e3f748d807c4,,,,,,,,,,,,,,,,,microbe,PASS,PASS,PASS,PASS,PASS,PASS
procedural,microbe-h2-s14,microbe-h2-s14,PASS,PASS,PASS,False,,,,,,,,,,,"The generated phenotype shows a coherent blend of body/growth plan, appendages, terminal structures and surface material. Earth-species accuracy is not required; leave this combination alone unless runtime animation reveals attachment problems.",microbe-h2-s14.png,440,440,RGBA,0699b94a071c5c5266304a00caf52c3bae3c3fa1025bd5b7bb4a423c24ae1618,0699b94a071c5c5266304a00caf52c3bae3c3fa1025bd5b7bb4a423c24ae1618,,,,,,,,,,,,,,,,,microbe,PASS,PASS,PASS,PASS,PASS,PASS
procedural,microbe-h2-s15,microbe-h2-s15,PASS,PASS,PASS,False,,,,,,,,,,,"The generated phenotype shows a coherent blend of body/growth plan, appendages, terminal structures and surface material. Earth-species accuracy is not required; leave this combination alone unless runtime animation reveals attachment problems.",microbe-h2-s15.png,440,440,RGBA,554bab19bf2ae44a7f840b8bf7c0994d94bb6eb460b9a31f5a582d4d83410bfe,554bab19bf2ae44a7f840b8bf7c0994d94bb6eb460b9a31f5a582d4d83410bfe,,,,,,,,,,,,,,,,,microbe,PASS,PASS,PASS,PASS,PASS,PASS
procedural,microbe-h2-s16,microbe-h2-s16,PASS,PASS,PASS,False,,,,,,,,,,,"The generated phenotype shows a coherent blend of body/growth plan, appendages, terminal structures and surface material. Earth-species accuracy is not required; leave this combination alone unless runtime animation reveals attachment problems.",microbe-h2-s16.png,440,440,RGBA,94c0ad337e2fd451246755f28f93e45fcfcb23f24cbeae3dda446f5b5c8bcb91,94c0ad337e2fd451246755f28f93e45fcfcb23f24cbeae3dda446f5b5c8bcb91,,,,,,,,,,,,,,,,,microbe,PASS,PASS,PASS,PASS,PASS,PASS
procedural,microbe-h2-s17,microbe-h2-s17,PASS,PASS,FAIL,True,,,,,,,,,,,"The generated phenotype shows a coherent blend of body/growth plan, appendages, terminal structures and surface material. Earth-species accuracy is not required; leave this combination alone unless runtime animation reveals attachment problems.",microbe-h2-s17.png,440,440,RGBA,8e7a032462a5af58581c884959efe7ee7091a70a41ea554698c5d449bc55f21c,ea315075ef5fc2e6000f3bdfad4ea8e2f31eb08ddd224b902e8e4eae404f54bb,,,,,,,,,,,,,,,,,microbe,PASS,PASS,PASS,PASS,PASS,PASS
procedural,microbe-h2-s18,microbe-h2-s18,PASS,PASS,PASS,False,,,,,,,,,,,"The generated phenotype shows a coherent blend of body/growth plan, appendages, terminal structures and surface material. Earth-species accuracy is not required; leave this combination alone unless runtime animation reveals attachment problems.",microbe-h2-s18.png,440,440,RGBA,fa23f37d4d709c78b720087a107aad111fc84f3c6ab49ceaf92eca32a9a73641,fa23f37d4d709c78b720087a107aad111fc84f3c6ab49ceaf92eca32a9a73641,,,,,,,,,,,,,,,,,microbe,PASS,PASS,PASS,PASS,PASS,PASS
procedural,microbe-h2-s19,microbe-h2-s19,PASS,PASS,PASS,False,,,,,,,,,,,"The generated phenotype shows a coherent blend of body/growth plan, appendages, terminal structures and surface material. Earth-species accuracy is not required; leave this combination alone unless runtime animation reveals attachment problems.",microbe-h2-s19.png,440,440,RGBA,3c4ce90b7e9e0b5ca38ef6072b47b72befff53687e051a91f5405b96f4e96fb0,3c4ce90b7e9e0b5ca38ef6072b47b72befff53687e051a91f5405b96f4e96fb0,,,,,,,,,,,,,,,,,microbe,PASS,PASS,PASS,PASS,PASS,PASS
procedural,microbe-h2-s2,microbe-h2-s2,PASS,PASS,PASS,True,,,,,,,,,,,"The generated phenotype shows a coherent blend of body/growth plan, appendages, terminal structures and surface material. Earth-species accuracy is not required; leave this combination alone unless runtime animation reveals attachment problems.",microbe-h2-s2.png,440,440,RGBA,b6e65230ead01e4a204cdcdba1ce86d19490faceb0f366f935d65f98422c0d2c,821f0041a123a26ea0c26995f8a878cb600677479edd1a337cc7f33895b302f7,,,,,,,,,,,,,,,,,microbe,PASS,PASS,PASS,PASS,PASS,PASS
procedural,microbe-h2-s3,microbe-h2-s3,PASS,PASS,PASS,False,,,,,,,,,,,"The generated phenotype shows a coherent blend of body/growth plan, appendages, terminal structures and surface material. Earth-species accuracy is not required; leave this combination alone unless runtime animation reveals attachment problems.",microbe-h2-s3.png,440,440,RGBA,c7b623e6a0cfc598244835d3eec0ab245b8d0801e294471394161eef4dc03770,c7b623e6a0cfc598244835d3eec0ab245b8d0801e294471394161eef4dc03770,,,,,,,,,,,,,,,,,microbe,PASS,PASS,PASS,PASS,PASS,PASS
procedural,microbe-h2-s4,microbe-h2-s4,PASS,PASS,PASS,False,,,,,,,,,,,"The generated phenotype shows a coherent blend of body/growth plan, appendages, terminal structures and surface material. Earth-species accuracy is not required; leave this combination alone unless runtime animation reveals attachment problems.",microbe-h2-s4.png,440,440,RGBA,95292d633bd9d5dd7b10f6eb11f4c383401e4a62c77e32a5449be2a9b1f55c07,95292d633bd9d5dd7b10f6eb11f4c383401e4a62c77e32a5449be2a9b1f55c07,,,,,,,,,,,,,,,,,microbe,PASS,PASS,PASS,PASS,PASS,PASS
procedural,microbe-h2-s5,microbe-h2-s5,PASS,PASS,FAIL,True,,,,,,,,,,,"The generated phenotype shows a coherent blend of body/growth plan, appendages, terminal structures and surface material. Earth-species accuracy is not required; leave this combination alone unless runtime animation reveals attachment problems.",microbe-h2-s5.png,440,440,RGBA,c308758d1175143e40645ee16ce5e7f2347a6a8fb0ecc8e9245e3e8c3d533034,ea315075ef5fc2e6000f3bdfad4ea8e2f31eb08ddd224b902e8e4eae404f54bb,,,,,,,,,,,,,,,,,microbe,PASS,PASS,PASS,PASS,PASS,PASS
procedural,microbe-h2-s6,microbe-h2-s6,PASS,PASS,PASS,True,,,,,,,,,,,"The generated phenotype shows a coherent blend of body/growth plan, appendages, terminal structures and surface material. Earth-species accuracy is not required; leave this combination alone unless runtime animation reveals attachment problems.",microbe-h2-s6.png,440,440,RGBA,14c4093ba8e8308a79fe45777db8e191423501eeea98b8cf1bf67834d3978252,9fd9265cf3c884604404d1e114e95c4d116a71ad3e4a33860d44bf23f4a8c40a,,,,,,,,,,,,,,,,,microbe,PASS,PASS,PASS,PASS,PASS,PASS
procedural,microbe-h2-s7,microbe-h2-s7,PASS,PASS,PASS,False,,,,,,,,,,,"The generated phenotype shows a coherent blend of body/growth plan, appendages, terminal structures and surface material. Earth-species accuracy is not required; leave this combination alone unless runtime animation reveals attachment problems.",microbe-h2-s7.png,440,440,RGBA,07dcd4b2a3bb0a6a9d9da53a01e107515022ba65345826ad61372fd20a2a5563,07dcd4b2a3bb0a6a9d9da53a01e107515022ba65345826ad61372fd20a2a5563,,,,,,,,,,,,,,,,,microbe,PASS,PASS,PASS,PASS,PASS,PASS
procedural,microbe-h2-s8,microbe-h2-s8,PASS,PASS,PASS,True,,,,,,,,,,,"The generated phenotype shows a coherent blend of body/growth plan, appendages, terminal structures and surface material. Earth-species accuracy is not required; leave this combination alone unless runtime animation reveals attachment problems.",microbe-h2-s8.png,440,440,RGBA,a8a6575c39cdd670e55c592ad724f986e5e44cbe81b4d15a8acbe6f6f5be10ce,af555ad07cd6a2ca0f76d316f2a214fd1e4ea142fae0d0d2d1510ea756ea4767,,,,,,,,,,,,,,,,,microbe,PASS,PASS,PASS,PASS,PASS,PASS
procedural,microbe-h2-s9,microbe-h2-s9,PASS,PASS,FAIL,True,,,,,,,,,,,"The generated phenotype shows a coherent blend of body/growth plan, appendages, terminal structures and surface material. Earth-species accuracy is not required; leave this combination alone unless runtime animation reveals attachment problems.",microbe-h2-s9.png,440,440,RGBA,1fa5385558ac6d1a535f1833468cd00a9c065f38309ebe5afc0e3d79b9aba871,ea315075ef5fc2e6000f3bdfad4ea8e2f31eb08ddd224b902e8e4eae404f54bb,,,,,,,,,,,,,,,,,microbe,PASS,PASS,PASS,PASS,PASS,PASS
