asset_id,display_name,current_status,binary_result,previous_strict_status,changed_from_previous_submission,procedural_kind,body_or_growth_plan,head_sensory_region,limbs_wings_roots_appendages,rear_tail_or_terminal_region,material_skin_surface,trait_blend_coherence,current_assessment_and_required_fix,filename,width,height,mode,sha256,previous_sha256
fauna-h0-s0,fauna-h0-s0,PASS,PASS,PASS,True,fauna,PASS,PASS,PASS,PASS,PASS,PASS,"The generated phenotype shows a coherent blend of body/growth plan, appendages, terminal structures and surface material. Earth-species accuracy is not required; leave this combination alone unless runtime animation reveals attachment problems.",fauna-h0-s0.png,440,440,RGBA,2ffb4efd528804bf9045547f84f3b216b9f2941b144b3c2ff4c4d346ed18d345,37be5335faa208955c8468783f3a86debb9290e89ad63c4189174fa3e0c48a03
fauna-h0-s1,fauna-h0-s1,PASS,PASS,PASS,True,fauna,PASS,PASS,PASS,PASS,PASS,PASS,"The generated phenotype shows a coherent blend of body/growth plan, appendages, terminal structures and surface material. Earth-species accuracy is not required; leave this combination alone unless runtime animation reveals attachment problems.",fauna-h0-s1.png,440,440,RGBA,fec5de91ce882bfa6c477228b6d8a8f386d714fa1ada2462a9c1b74b79c192f4,0f26ad5dc48549dc59c56f7e0c97e375672e5315ea9daa1573a4a11cbdfeb1f2
fauna-h0-s10,fauna-h0-s10,PASS,PASS,PASS,True,fauna,PASS,PASS,PASS,PASS,PASS,PASS,"The generated phenotype shows a coherent blend of body/growth plan, appendages, terminal structures and surface material. Earth-species accuracy is not required; leave this combination alone unless runtime animation reveals attachment problems.",fauna-h0-s10.png,440,440,RGBA,9b29c21db362af0c8b3ee34e1433515076160cd14fab185f1195ac3df05c9f69,aaba5e1b59db109a1a5d41d70ff010e299c68996bcffc363dca5bea92b9960c5
fauna-h0-s11,fauna-h0-s11,PASS,PASS,PASS,False,fauna,PASS,PASS,PASS,PASS,PASS,PASS,"The generated phenotype shows a coherent blend of body/growth plan, appendages, terminal structures and surface material. Earth-species accuracy is not required; leave this combination alone unless runtime animation reveals attachment problems.",fauna-h0-s11.png,440,440,RGBA,46fa93407af6c152169e1d9e8aa04f3df221f7eb3211ce151500b1c969947e2c,46fa93407af6c152169e1d9e8aa04f3df221f7eb3211ce151500b1c969947e2c
fauna-h0-s12,fauna-h0-s12,PASS,PASS,PASS,True,fauna,PASS,PASS,PASS,PASS,PASS,PASS,"The generated phenotype shows a coherent blend of body/growth plan, appendages, terminal structures and surface material. Earth-species accuracy is not required; leave this combination alone unless runtime animation reveals attachment problems.",fauna-h0-s12.png,440,440,RGBA,6fe0d6bf847b2f9551fb4ce27148ca74070b6c7bd879c5f52dde25e32ae6a5df,b50a27dc348992de5c6189c919eea5352e2e52ae67f536325b980a3773c7ac31
fauna-h0-s13,fauna-h0-s13,PASS,PASS,PASS,True,fauna,PASS,PASS,PASS,PASS,PASS,PASS,"The generated phenotype shows a coherent blend of body/growth plan, appendages, terminal structures and surface material. Earth-species accuracy is not required; leave this combination alone unless runtime animation reveals attachment problems.",fauna-h0-s13.png,440,440,RGBA,918e2a8b016e9888494d4342796c3d69390dc76677231dff463267dd759bdf3e,d8877c61ef57524a3bf03fc6c516e210250e7b91d47da49c4339d44e250ca52a
fauna-h0-s14,fauna-h0-s14,PASS,PASS,PASS,True,fauna,PASS,PASS,PASS,PASS,PASS,PASS,"The generated phenotype shows a coherent blend of body/growth plan, appendages, terminal structures and surface material. Earth-species accuracy is not required; leave this combination alone unless runtime animation reveals attachment problems.",fauna-h0-s14.png,440,440,RGBA,1c17e363605893468855b3c1bee932312d3a00a95b5a507a4f4d9d28470eead7,d304f6ebfd46b7902e27a5aa067e6f5848083f78d528d2a388ce1008fdfd4411
fauna-h0-s15,fauna-h0-s15,HOLD,FAIL,PASS,False,fauna,PASS,PASS,POLISH,PASS,PASS,PASS_WITH_POLISH,"The trait blend is structurally coherent, but the organism is so dark that the head, body segmentation and appendage attachment are difficult to read. Raise local contrast around the sensory region and limb roots without changing the phenotype.",fauna-h0-s15.png,440,440,RGBA,ebd572f70e01016046e34ab4ce6b3ab218cda1c7df81a3f4daec379b13f0d0c1,ebd572f70e01016046e34ab4ce6b3ab218cda1c7df81a3f4daec379b13f0d0c1
fauna-h0-s16,fauna-h0-s16,PASS,PASS,PASS,False,fauna,PASS,PASS,PASS,PASS,PASS,PASS,"The generated phenotype shows a coherent blend of body/growth plan, appendages, terminal structures and surface material. Earth-species accuracy is not required; leave this combination alone unless runtime animation reveals attachment problems.",fauna-h0-s16.png,440,440,RGBA,6e3cdbbed7f5958212a7a60acee2495f42708e2d253807e07459d378044352df,6e3cdbbed7f5958212a7a60acee2495f42708e2d253807e07459d378044352df
fauna-h0-s17,fauna-h0-s17,PASS,PASS,PASS,True,fauna,PASS,PASS,PASS,PASS,PASS,PASS,"The generated phenotype shows a coherent blend of body/growth plan, appendages, terminal structures and surface material. Earth-species accuracy is not required; leave this combination alone unless runtime animation reveals attachment problems.",fauna-h0-s17.png,440,440,RGBA,b87c47dba9a115c2eff3c5827d5bbb3d28e9ae65dfb9d35997e4fc8d6716a6ad,8d81e46c27370d42e90a10e4a36894d43377122dc78cc8267d6fec2292100dcb
fauna-h0-s18,fauna-h0-s18,PASS,PASS,PASS,True,fauna,PASS,PASS,PASS,PASS,PASS,PASS,"The generated phenotype shows a coherent blend of body/growth plan, appendages, terminal structures and surface material. Earth-species accuracy is not required; leave this combination alone unless runtime animation reveals attachment problems.",fauna-h0-s18.png,440,440,RGBA,b4a5b118c63831f0b24c640c2fd3e04d952d380852932cdf4a5e4786117054a6,234293bc75dbb3b8c88548eca3b91efd837c93d2a281625c78ad1badcfbc7ca1
fauna-h0-s19,fauna-h0-s19,PASS,PASS,PASS,True,fauna,PASS,PASS,PASS,PASS,PASS,PASS,"The generated phenotype shows a coherent blend of body/growth plan, appendages, terminal structures and surface material. Earth-species accuracy is not required; leave this combination alone unless runtime animation reveals attachment problems.",fauna-h0-s19.png,440,440,RGBA,65c31d8a9657399f68e9271f0582bf386eac5f1252feb71eede8092ea949a4f4,0683f1752560080c7140a81aae0864cd86d4a472bf31be92be98e6028b13a354
fauna-h0-s2,fauna-h0-s2,PASS,PASS,PASS,True,fauna,PASS,PASS,PASS,PASS,PASS,PASS,"The generated phenotype shows a coherent blend of body/growth plan, appendages, terminal structures and surface material. Earth-species accuracy is not required; leave this combination alone unless runtime animation reveals attachment problems.",fauna-h0-s2.png,440,440,RGBA,a73aa995f6be532a71a3cff3f29cf13d6537a812de89beb3330b85913f149118,fbb3e502d201e23fb1dbbd4edcd2ba2ba89e3741b5193ab74b74f720f1cc5163
fauna-h0-s3,fauna-h0-s3,PASS,PASS,PASS,True,fauna,PASS,PASS,PASS,PASS,PASS,PASS,"The generated phenotype shows a coherent blend of body/growth plan, appendages, terminal structures and surface material. Earth-species accuracy is not required; leave this combination alone unless runtime animation reveals attachment problems.",fauna-h0-s3.png,440,440,RGBA,e92fe8a72720015c8ffe37b72482b10e3fbffc985f4505b8e8c21dff9d04c071,701dd1c6e9d2a2df00df7f2fba341600a56d7a1b4e34bd8d0d84b94ce3441801
fauna-h0-s4,fauna-h0-s4,PASS,PASS,PASS,True,fauna,PASS,PASS,PASS,PASS,PASS,PASS,"The generated phenotype shows a coherent blend of body/growth plan, appendages, terminal structures and surface material. Earth-species accuracy is not required; leave this combination alone unless runtime animation reveals attachment problems.",fauna-h0-s4.png,440,440,RGBA,dfc5f0c770aa1e3474803cd3466f88ed2b007b11621d0f9510649343a15cea51,2f0fcee8f38ceb99a98acb7b7a244d96e75977f71bfae10cfc512809173c03dc
fauna-h0-s5,fauna-h0-s5,PASS,PASS,PASS,True,fauna,PASS,PASS,PASS,PASS,PASS,PASS,"The generated phenotype shows a coherent blend of body/growth plan, appendages, terminal structures and surface material. Earth-species accuracy is not required; leave this combination alone unless runtime animation reveals attachment problems.",fauna-h0-s5.png,440,440,RGBA,8674ebd1cd125140dffc2d385611e0ab60f89dbd81b4c63ebf86862db7c951c6,8c3ed0d9e30a6aea9f6c0f0592a169e6caf663c4869cc528da289f28c65ea062
fauna-h0-s6,fauna-h0-s6,PASS,PASS,PASS,True,fauna,PASS,PASS,PASS,PASS,PASS,PASS,"The generated phenotype shows a coherent blend of body/growth plan, appendages, terminal structures and surface material. Earth-species accuracy is not required; leave this combination alone unless runtime animation reveals attachment problems.",fauna-h0-s6.png,440,440,RGBA,07df780e6a01bb6771916a5c189b17fd60635a5fbf405aeac69031dfe0b8d413,b9134f2881e3cdb9898a658983c461bb0abffb970fd92aace47c1e3939e94b0e
fauna-h0-s7,fauna-h0-s7,PASS,PASS,PASS,False,fauna,PASS,PASS,PASS,PASS,PASS,PASS,"The generated phenotype shows a coherent blend of body/growth plan, appendages, terminal structures and surface material. Earth-species accuracy is not required; leave this combination alone unless runtime animation reveals attachment problems.",fauna-h0-s7.png,440,440,RGBA,1b197e5d32611619b4ba08b27b328a0a478a76e51ea87ecb6b8d75350b61e528,1b197e5d32611619b4ba08b27b328a0a478a76e51ea87ecb6b8d75350b61e528
fauna-h0-s8,fauna-h0-s8,PASS,PASS,PASS,True,fauna,PASS,PASS,PASS,PASS,PASS,PASS,"The generated phenotype shows a coherent blend of body/growth plan, appendages, terminal structures and surface material. Earth-species accuracy is not required; leave this combination alone unless runtime animation reveals attachment problems.",fauna-h0-s8.png,440,440,RGBA,8921441f24653f9e08109d052b538c1184a07fa0b01c305832da7faf852e5d86,ef1fdd8bb7849d996b8013f94fe929a1550a2ff1b6250340f39c2786c0349929
fauna-h0-s9,fauna-h0-s9,PASS,PASS,PASS,True,fauna,PASS,PASS,PASS,PASS,PASS,PASS,"The generated phenotype shows a coherent blend of body/growth plan, appendages, terminal structures and surface material. Earth-species accuracy is not required; leave this combination alone unless runtime animation reveals attachment problems.",fauna-h0-s9.png,440,440,RGBA,0e8e9e019dff980a5782950518ff931f8733bd236bc98a99f1dbb14ae2dd6c58,d7fb68da9966c959db40780832592dbfeedb478cd7a5badf3a2fddaa4cc49737
fauna-h1-s0,fauna-h1-s0,PASS,PASS,PASS,True,fauna,PASS,PASS,PASS,PASS,PASS,PASS,"The generated phenotype shows a coherent blend of body/growth plan, appendages, terminal structures and surface material. Earth-species accuracy is not required; leave this combination alone unless runtime animation reveals attachment problems.",fauna-h1-s0.png,440,440,RGBA,494d4fae8128db7a6258e9076eb66837d103d7a51f43c0ec883a217ba5d61950,78889e2d1ba4a02c52c76fdbe5342b457f368c70603aa236688542e231327121
fauna-h1-s1,fauna-h1-s1,PASS,PASS,PASS,True,fauna,PASS,PASS,PASS,PASS,PASS,PASS,"The generated phenotype shows a coherent blend of body/growth plan, appendages, terminal structures and surface material. Earth-species accuracy is not required; leave this combination alone unless runtime animation reveals attachment problems.",fauna-h1-s1.png,440,440,RGBA,447b88b5f74ceee9c7bc391501d4b484ed268809ca0b1a1fb352e6d28c3caff9,8043e7633242df3c41ec18017c378bb777c16e7b2e99bb3e458b877ede223098
fauna-h1-s10,fauna-h1-s10,PASS,PASS,PASS,True,fauna,PASS,PASS,PASS,PASS,PASS,PASS,"The generated phenotype shows a coherent blend of body/growth plan, appendages, terminal structures and surface material. Earth-species accuracy is not required; leave this combination alone unless runtime animation reveals attachment problems.",fauna-h1-s10.png,440,440,RGBA,5e20d0236d02dd01096dfde03cdbbbcffb6005d73396cc97dcf8194315b38faa,10d8596f78f519b22d8bbf9463c5e5d4c292cc482447106727f7c8b5e086c38a
fauna-h1-s11,fauna-h1-s11,PASS,PASS,PASS,True,fauna,PASS,PASS,PASS,PASS,PASS,PASS,"The generated phenotype shows a coherent blend of body/growth plan, appendages, terminal structures and surface material. Earth-species accuracy is not required; leave this combination alone unless runtime animation reveals attachment problems.",fauna-h1-s11.png,440,440,RGBA,8becbe53fc4cb99968d84822f116ce6c6195f1033bdbaf651c315bf605e5d1b7,36afc01011c5c615cae9799b64f73f871551bdabdc9b298c6dcb7a3baf3fdff7
fauna-h1-s12,fauna-h1-s12,PASS,PASS,PASS,False,fauna,PASS,PASS,PASS,PASS,PASS,PASS,"The generated phenotype shows a coherent blend of body/growth plan, appendages, terminal structures and surface material. Earth-species accuracy is not required; leave this combination alone unless runtime animation reveals attachment problems.",fauna-h1-s12.png,440,440,RGBA,f599a66bf30d01c92ad088c6108a1dfa5c0f1998d118547583db2e9fed200e8b,f599a66bf30d01c92ad088c6108a1dfa5c0f1998d118547583db2e9fed200e8b
fauna-h1-s13,fauna-h1-s13,PASS,PASS,PASS,True,fauna,PASS,PASS,PASS,PASS,PASS,PASS,"The generated phenotype shows a coherent blend of body/growth plan, appendages, terminal structures and surface material. Earth-species accuracy is not required; leave this combination alone unless runtime animation reveals attachment problems.",fauna-h1-s13.png,440,440,RGBA,9e85429bb505214a3d22007c3a593e77beafa0470a2a29fb3b6d605ddca8bfa6,5c5bf57234e168f95d60dd3ad384de3b97a3ae9de5ce69939fc5da9bf18a360d
fauna-h1-s14,fauna-h1-s14,PASS,PASS,PASS,True,fauna,PASS,PASS,PASS,PASS,PASS,PASS,"The generated phenotype shows a coherent blend of body/growth plan, appendages, terminal structures and surface material. Earth-species accuracy is not required; leave this combination alone unless runtime animation reveals attachment problems.",fauna-h1-s14.png,440,440,RGBA,1c74a22ec17643ae020299006cb3d344afdb82733356ba2bf70941ce11b6f625,9ec8186b79b687a44b8133745689a4bc6a3040aeb1f7f08a7f154e9a53ef2fd1
fauna-h1-s15,fauna-h1-s15,PASS,PASS,PASS,True,fauna,PASS,PASS,PASS,PASS,PASS,PASS,"The generated phenotype shows a coherent blend of body/growth plan, appendages, terminal structures and surface material. Earth-species accuracy is not required; leave this combination alone unless runtime animation reveals attachment problems.",fauna-h1-s15.png,440,440,RGBA,1c5ce66f24242e6fed9ac6830c3f837e1fa5a02c8829268fb716ce05be9f6e1b,dafd22c09e236ca7ce0ae2676222dba0e743acc857a7c012e641804dca9cfb5d
fauna-h1-s16,fauna-h1-s16,PASS,PASS,PASS,True,fauna,PASS,PASS,PASS,PASS,PASS,PASS,"The generated phenotype shows a coherent blend of body/growth plan, appendages, terminal structures and surface material. Earth-species accuracy is not required; leave this combination alone unless runtime animation reveals attachment problems.",fauna-h1-s16.png,440,440,RGBA,8c5a3d86fb9247bbc6669f62b785b6b262f82aae56ead0e620b0afbfa1ad42d2,6b4a1626cfb59bcda49127c02794d4efac17210062c1bfd24c92cc5ac9bcd248
fauna-h1-s17,fauna-h1-s17,PASS,PASS,PASS,False,fauna,PASS,PASS,PASS,PASS,PASS,PASS,"The generated phenotype shows a coherent blend of body/growth plan, appendages, terminal structures and surface material. Earth-species accuracy is not required; leave this combination alone unless runtime animation reveals attachment problems.",fauna-h1-s17.png,440,440,RGBA,4f8a445c71ef493df67aa8ded7eba90f3f550893a9c280dcc5b2de93218d54e2,4f8a445c71ef493df67aa8ded7eba90f3f550893a9c280dcc5b2de93218d54e2
fauna-h1-s18,fauna-h1-s18,PASS,PASS,PASS,True,fauna,PASS,PASS,PASS,PASS,PASS,PASS,"The generated phenotype shows a coherent blend of body/growth plan, appendages, terminal structures and surface material. Earth-species accuracy is not required; leave this combination alone unless runtime animation reveals attachment problems.",fauna-h1-s18.png,440,440,RGBA,d79ca53747db02b9acef4e85a066389c0f7f232418b7f784b8062b671906254e,f5b90e20905f2746b1fbf7707e419b501ac95356ed8865667be9529d599a024f
fauna-h1-s19,fauna-h1-s19,PASS,PASS,PASS,False,fauna,PASS,PASS,PASS,PASS,PASS,PASS,"The generated phenotype shows a coherent blend of body/growth plan, appendages, terminal structures and surface material. Earth-species accuracy is not required; leave this combination alone unless runtime animation reveals attachment problems.",fauna-h1-s19.png,440,440,RGBA,865be18f4f788999d00be4199e7a236d18a87dc4f7db3da58d04a191123b21c3,865be18f4f788999d00be4199e7a236d18a87dc4f7db3da58d04a191123b21c3
fauna-h1-s2,fauna-h1-s2,PASS,PASS,PASS,False,fauna,PASS,PASS,PASS,PASS,PASS,PASS,"The generated phenotype shows a coherent blend of body/growth plan, appendages, terminal structures and surface material. Earth-species accuracy is not required; leave this combination alone unless runtime animation reveals attachment problems.",fauna-h1-s2.png,440,440,RGBA,99627b4e7d01cee98f00d0879bdcbd72cad46ab96faf58fc5a21030034c1c607,99627b4e7d01cee98f00d0879bdcbd72cad46ab96faf58fc5a21030034c1c607
fauna-h1-s3,fauna-h1-s3,PASS,PASS,PASS,False,fauna,PASS,PASS,PASS,PASS,PASS,PASS,"The generated phenotype shows a coherent blend of body/growth plan, appendages, terminal structures and surface material. Earth-species accuracy is not required; leave this combination alone unless runtime animation reveals attachment problems.",fauna-h1-s3.png,440,440,RGBA,391f66431551ea32c1b5fd76c2f3e3a18f37562193b08fc7b2f5987e81bce552,391f66431551ea32c1b5fd76c2f3e3a18f37562193b08fc7b2f5987e81bce552
fauna-h1-s4,fauna-h1-s4,PASS,PASS,PASS,True,fauna,PASS,PASS,PASS,PASS,PASS,PASS,"The generated phenotype shows a coherent blend of body/growth plan, appendages, terminal structures and surface material. Earth-species accuracy is not required; leave this combination alone unless runtime animation reveals attachment problems.",fauna-h1-s4.png,440,440,RGBA,4bf9d7ed517c564eea5b88b17afb75ee877a7dba3fa16b7a0bd132fad164b434,d1715e126907ac9d48ee863506acebea93784930a46ae62fe44798f2aede77e6
fauna-h1-s5,fauna-h1-s5,PASS,PASS,PASS,False,fauna,PASS,PASS,PASS,PASS,PASS,PASS,"The generated phenotype shows a coherent blend of body/growth plan, appendages, terminal structures and surface material. Earth-species accuracy is not required; leave this combination alone unless runtime animation reveals attachment problems.",fauna-h1-s5.png,440,440,RGBA,2f4eadb0fc98e72acf62bc39aa1dc2a7ab65997e38103db8654fe86351dc9f1b,2f4eadb0fc98e72acf62bc39aa1dc2a7ab65997e38103db8654fe86351dc9f1b
fauna-h1-s6,fauna-h1-s6,PASS,PASS,PASS,True,fauna,PASS,PASS,PASS,PASS,PASS,PASS,"The generated phenotype shows a coherent blend of body/growth plan, appendages, terminal structures and surface material. Earth-species accuracy is not required; leave this combination alone unless runtime animation reveals attachment problems.",fauna-h1-s6.png,440,440,RGBA,e9b2ab6e8f7fba14ae3068404ca3ba5246860132f343d179dd5109fd05105449,1f31e69c3067395e4b4c8ff3f8789dca850dba2e9c5944a28eb8fddcc9c9f175
fauna-h1-s7,fauna-h1-s7,PASS,PASS,PASS,True,fauna,PASS,PASS,PASS,PASS,PASS,PASS,"The generated phenotype shows a coherent blend of body/growth plan, appendages, terminal structures and surface material. Earth-species accuracy is not required; leave this combination alone unless runtime animation reveals attachment problems.",fauna-h1-s7.png,440,440,RGBA,8cdf99b8b4c1c36d55b3360b39f543648161e52ead1888edf74142bf040de08d,fa52b1eb31e63746a3b98fe4e497b136ee8eecf78837e54861763597764731be
fauna-h1-s8,fauna-h1-s8,PASS,PASS,PASS,False,fauna,PASS,PASS,PASS,PASS,PASS,PASS,"The generated phenotype shows a coherent blend of body/growth plan, appendages, terminal structures and surface material. Earth-species accuracy is not required; leave this combination alone unless runtime animation reveals attachment problems.",fauna-h1-s8.png,440,440,RGBA,5e7c2c0e97875d013058b148959a7d4becc7fcc755a69066dae97e8e86ef0455,5e7c2c0e97875d013058b148959a7d4becc7fcc755a69066dae97e8e86ef0455
fauna-h1-s9,fauna-h1-s9,PASS,PASS,PASS,False,fauna,PASS,PASS,PASS,PASS,PASS,PASS,"The generated phenotype shows a coherent blend of body/growth plan, appendages, terminal structures and surface material. Earth-species accuracy is not required; leave this combination alone unless runtime animation reveals attachment problems.",fauna-h1-s9.png,440,440,RGBA,b5e7e4a1eb5da12807178e05cfc4a7a49b70c5da8a080b4f42572740f53976be,b5e7e4a1eb5da12807178e05cfc4a7a49b70c5da8a080b4f42572740f53976be
fauna-h2-s0,fauna-h2-s0,PASS,PASS,PASS,False,fauna,PASS,PASS,PASS,PASS,PASS,PASS,"The generated phenotype shows a coherent blend of body/growth plan, appendages, terminal structures and surface material. Earth-species accuracy is not required; leave this combination alone unless runtime animation reveals attachment problems.",fauna-h2-s0.png,440,440,RGBA,a891270ee3840da4004adaebe26e6c804696a26700c75ae956f8a5edd34c87e4,a891270ee3840da4004adaebe26e6c804696a26700c75ae956f8a5edd34c87e4
fauna-h2-s1,fauna-h2-s1,PASS,PASS,PASS,True,fauna,PASS,PASS,PASS,PASS,PASS,PASS,"The generated phenotype shows a coherent blend of body/growth plan, appendages, terminal structures and surface material. Earth-species accuracy is not required; leave this combination alone unless runtime animation reveals attachment problems.",fauna-h2-s1.png,440,440,RGBA,ea279d7766fcda3dcf93b40ae00d0a5f49c2580256e14da34bfe728cd4a2e759,ba9f44944a8325255f9ee71860e936d3fee9e7c5973c671b7f08ce9a4ca35a97
fauna-h2-s10,fauna-h2-s10,PASS,PASS,PASS,True,fauna,PASS,PASS,PASS,PASS,PASS,PASS,"The generated phenotype shows a coherent blend of body/growth plan, appendages, terminal structures and surface material. Earth-species accuracy is not required; leave this combination alone unless runtime animation reveals attachment problems.",fauna-h2-s10.png,440,440,RGBA,9511e05d4c2a11d1d8d8a136f7b803d5d4294955b59e060d4edcb9695eee850a,d018cda42fe7c3c7c9293129f9720b9a96b972c45820311476e26729025f3625
fauna-h2-s11,fauna-h2-s11,PASS,PASS,PASS,False,fauna,PASS,PASS,PASS,PASS,PASS,PASS,"The generated phenotype shows a coherent blend of body/growth plan, appendages, terminal structures and surface material. Earth-species accuracy is not required; leave this combination alone unless runtime animation reveals attachment problems.",fauna-h2-s11.png,440,440,RGBA,49d6967b689b4ae67c962b71bb0152ed8d9314f92a21bf411f955bb719a3a669,49d6967b689b4ae67c962b71bb0152ed8d9314f92a21bf411f955bb719a3a669
fauna-h2-s12,fauna-h2-s12,PASS,PASS,PASS,True,fauna,PASS,PASS,PASS,PASS,PASS,PASS,"The generated phenotype shows a coherent blend of body/growth plan, appendages, terminal structures and surface material. Earth-species accuracy is not required; leave this combination alone unless runtime animation reveals attachment problems.",fauna-h2-s12.png,440,440,RGBA,cc7dd108953854a9ba7175e3ac793cf7cee1b0d0f660ec7d0966c76231f00b87,6b7c5825515b63eaf4947152e11185cc3060bdc680ecfe8f279a2f4ca35816c7
fauna-h2-s13,fauna-h2-s13,PASS,PASS,PASS,True,fauna,PASS,PASS,PASS,PASS,PASS,PASS,"The generated phenotype shows a coherent blend of body/growth plan, appendages, terminal structures and surface material. Earth-species accuracy is not required; leave this combination alone unless runtime animation reveals attachment problems.",fauna-h2-s13.png,440,440,RGBA,670e3905b3379a34cee9b60a6045dbbd61fe5290a6f5a48f92f3e32d36d187e2,1d134595b27f16c8974155dd054baac2d2fd12fa60228bc9602ca16136a74dc2
fauna-h2-s14,fauna-h2-s14,PASS,PASS,PASS,False,fauna,PASS,PASS,PASS,PASS,PASS,PASS,"The generated phenotype shows a coherent blend of body/growth plan, appendages, terminal structures and surface material. Earth-species accuracy is not required; leave this combination alone unless runtime animation reveals attachment problems.",fauna-h2-s14.png,440,440,RGBA,63de5636a2ac379af53986898aa0e9396d3ed132720b51256161bbe6eeab4088,63de5636a2ac379af53986898aa0e9396d3ed132720b51256161bbe6eeab4088
fauna-h2-s15,fauna-h2-s15,PASS,PASS,PASS,False,fauna,PASS,PASS,PASS,PASS,PASS,PASS,"The generated phenotype shows a coherent blend of body/growth plan, appendages, terminal structures and surface material. Earth-species accuracy is not required; leave this combination alone unless runtime animation reveals attachment problems.",fauna-h2-s15.png,440,440,RGBA,25ef7a2175da21847bb90959df48c620d953668dcf55c77ae06955e37dfcfc48,25ef7a2175da21847bb90959df48c620d953668dcf55c77ae06955e37dfcfc48
fauna-h2-s16,fauna-h2-s16,PASS,PASS,PASS,True,fauna,PASS,PASS,PASS,PASS,PASS,PASS,"The generated phenotype shows a coherent blend of body/growth plan, appendages, terminal structures and surface material. Earth-species accuracy is not required; leave this combination alone unless runtime animation reveals attachment problems.",fauna-h2-s16.png,440,440,RGBA,a0aceb511ae2ce79332faca725f8356ba902e2df204cc7aeb89fe9f50846b468,8f2c5fdced179b737ff81e4a8f5b14cb1e6f78691007637775f44e0a88a9ef58
fauna-h2-s17,fauna-h2-s17,PASS,PASS,PASS,True,fauna,PASS,PASS,PASS,PASS,PASS,PASS,"The generated phenotype shows a coherent blend of body/growth plan, appendages, terminal structures and surface material. Earth-species accuracy is not required; leave this combination alone unless runtime animation reveals attachment problems.",fauna-h2-s17.png,440,440,RGBA,0ca23979675f3c3a8cc59f0ff8a37bbada9df1fba25f8d88bc50214ae34b0293,039f64fb4585d65ba83275685195efead1d6a45bb07b3ec052be3befed6a3c61
fauna-h2-s18,fauna-h2-s18,PASS,PASS,PASS,True,fauna,PASS,PASS,PASS,PASS,PASS,PASS,"The generated phenotype shows a coherent blend of body/growth plan, appendages, terminal structures and surface material. Earth-species accuracy is not required; leave this combination alone unless runtime animation reveals attachment problems.",fauna-h2-s18.png,440,440,RGBA,8a17424de3264b8643f3016d03e0561263018e812104cedcd76dc21bfd3139e5,34594b0df7485d0ebfd8eb159d90bc90c68f68eedc525ecfc43c70e734042795
fauna-h2-s19,fauna-h2-s19,PASS,PASS,PASS,False,fauna,PASS,PASS,PASS,PASS,PASS,PASS,"The generated phenotype shows a coherent blend of body/growth plan, appendages, terminal structures and surface material. Earth-species accuracy is not required; leave this combination alone unless runtime animation reveals attachment problems.",fauna-h2-s19.png,440,440,RGBA,f32943af7009a6289440e0dece670e06a93f057c46134ee8750ed3d9679a1e93,f32943af7009a6289440e0dece670e06a93f057c46134ee8750ed3d9679a1e93
fauna-h2-s2,fauna-h2-s2,PASS,PASS,PASS,True,fauna,PASS,PASS,PASS,PASS,PASS,PASS,"The generated phenotype shows a coherent blend of body/growth plan, appendages, terminal structures and surface material. Earth-species accuracy is not required; leave this combination alone unless runtime animation reveals attachment problems.",fauna-h2-s2.png,440,440,RGBA,f7645dbebc9d6282f3832957d225b89f2a81177232e59de3a5ecb50557223b04,8901893b24df08f0cb7b8bac13cbcd96219b1c93a2ff99e296346c701e2a2f47
fauna-h2-s3,fauna-h2-s3,PASS,PASS,PASS,True,fauna,PASS,PASS,PASS,PASS,PASS,PASS,"The generated phenotype shows a coherent blend of body/growth plan, appendages, terminal structures and surface material. Earth-species accuracy is not required; leave this combination alone unless runtime animation reveals attachment problems.",fauna-h2-s3.png,440,440,RGBA,7538b1dd3313be1d13b5110e34bdb7f834b788347273e0aae729d29d72caaff5,9c9428e7da350c8cb26c80e923f63e7c063653ad089325515c87358f7f7b7ffc
fauna-h2-s4,fauna-h2-s4,PASS,PASS,PASS,True,fauna,PASS,PASS,PASS,PASS,PASS,PASS,"The generated phenotype shows a coherent blend of body/growth plan, appendages, terminal structures and surface material. Earth-species accuracy is not required; leave this combination alone unless runtime animation reveals attachment problems.",fauna-h2-s4.png,440,440,RGBA,53e4399ce792861b4a0be3667c241c8277394ce2e3a0b37b220aaeee0eee9658,7c6765679432f19509155b79a3ba0b5ea18308486db1d97ac91f51213d7cb8e1
fauna-h2-s5,fauna-h2-s5,PASS,PASS,PASS,True,fauna,PASS,PASS,PASS,PASS,PASS,PASS,"The generated phenotype shows a coherent blend of body/growth plan, appendages, terminal structures and surface material. Earth-species accuracy is not required; leave this combination alone unless runtime animation reveals attachment problems.",fauna-h2-s5.png,440,440,RGBA,27a8a17abf434c3449ed7e21d74b416b459eb1c08ca3d8692f2d2ae6a45c287f,4ace157f842f63c1723176fbbcc2a67870012c725df89c6d4ce0b1e0c20ca294
fauna-h2-s6,fauna-h2-s6,PASS,PASS,PASS,False,fauna,PASS,PASS,PASS,PASS,PASS,PASS,"The generated phenotype shows a coherent blend of body/growth plan, appendages, terminal structures and surface material. Earth-species accuracy is not required; leave this combination alone unless runtime animation reveals attachment problems.",fauna-h2-s6.png,440,440,RGBA,4e749bf03b3d7f58a7cb67937bcdb56d3e19d5ba6294cc25640cc824295e9568,4e749bf03b3d7f58a7cb67937bcdb56d3e19d5ba6294cc25640cc824295e9568
fauna-h2-s7,fauna-h2-s7,PASS,PASS,PASS,True,fauna,PASS,PASS,PASS,PASS,PASS,PASS,"The generated phenotype shows a coherent blend of body/growth plan, appendages, terminal structures and surface material. Earth-species accuracy is not required; leave this combination alone unless runtime animation reveals attachment problems.",fauna-h2-s7.png,440,440,RGBA,90499258713d6f426d496b4195fd8884b473a591eaa681cd7b050eb926671f9d,fa46fe461afe8f3f59905d7009611401ca442f9fc3231bf5e126bf8b3d66c27b
fauna-h2-s8,fauna-h2-s8,PASS,PASS,PASS,False,fauna,PASS,PASS,PASS,PASS,PASS,PASS,"The generated phenotype shows a coherent blend of body/growth plan, appendages, terminal structures and surface material. Earth-species accuracy is not required; leave this combination alone unless runtime animation reveals attachment problems.",fauna-h2-s8.png,440,440,RGBA,3aed950ceb1f32e8f70a3838ec2d33b59feac752b10716d704b2f29e6133c7e8,3aed950ceb1f32e8f70a3838ec2d33b59feac752b10716d704b2f29e6133c7e8
fauna-h2-s9,fauna-h2-s9,PASS,PASS,PASS,False,fauna,PASS,PASS,PASS,PASS,PASS,PASS,"The generated phenotype shows a coherent blend of body/growth plan, appendages, terminal structures and surface material. Earth-species accuracy is not required; leave this combination alone unless runtime animation reveals attachment problems.",fauna-h2-s9.png,440,440,RGBA,f867e6f6a11d92e5e666f5e7751e2bb25c25d1d9ce21cbdd4b8aa7c7c1caf206,f867e6f6a11d92e5e666f5e7751e2bb25c25d1d9ce21cbdd4b8aa7c7c1caf206
flora-h0-s0,flora-h0-s0,PASS,PASS,PASS,True,flora,PASS,PASS,PASS,PASS,PASS,PASS,"The generated phenotype shows a coherent blend of body/growth plan, appendages, terminal structures and surface material. Earth-species accuracy is not required; leave this combination alone unless runtime animation reveals attachment problems.",flora-h0-s0.png,440,440,RGBA,d294d36a5f0dc06e15e871955fbea9f9442e373d6867acee5c7c68e0cd42c6f9,a0693c12d8f9374e685f349436b7160269bd338396a1bd57a93cf1018cee94b8
flora-h0-s1,flora-h0-s1,PASS,PASS,PASS,False,flora,PASS,PASS,PASS,PASS,PASS,PASS,"The generated phenotype shows a coherent blend of body/growth plan, appendages, terminal structures and surface material. Earth-species accuracy is not required; leave this combination alone unless runtime animation reveals attachment problems.",flora-h0-s1.png,440,440,RGBA,776bc6d40b486070425a1ba67073a6b959d6fef00e7ac23d2512e5686442f644,776bc6d40b486070425a1ba67073a6b959d6fef00e7ac23d2512e5686442f644
flora-h0-s10,flora-h0-s10,PASS,PASS,PASS,False,flora,PASS,PASS,PASS,PASS,PASS,PASS,"The generated phenotype shows a coherent blend of body/growth plan, appendages, terminal structures and surface material. Earth-species accuracy is not required; leave this combination alone unless runtime animation reveals attachment problems.",flora-h0-s10.png,440,440,RGBA,cc91d57c141a7a375d3469adac27bfd159fe150dae81b3e0163e24779bb3639a,cc91d57c141a7a375d3469adac27bfd159fe150dae81b3e0163e24779bb3639a
flora-h0-s11,flora-h0-s11,PASS,PASS,PASS,True,flora,PASS,PASS,PASS,PASS,PASS,PASS,"The generated phenotype shows a coherent blend of body/growth plan, appendages, terminal structures and surface material. Earth-species accuracy is not required; leave this combination alone unless runtime animation reveals attachment problems.",flora-h0-s11.png,440,440,RGBA,c884b631ce061d4cb2c3a56c02184dd75bc055bdb63b69c383740d523f6982ce,df1bff704dcdef7f12a126fd4846a4ad91ac88e62913643797f559fb28531922
flora-h0-s12,flora-h0-s12,PASS,PASS,PASS,False,flora,PASS,PASS,PASS,PASS,PASS,PASS,"The generated phenotype shows a coherent blend of body/growth plan, appendages, terminal structures and surface material. Earth-species accuracy is not required; leave this combination alone unless runtime animation reveals attachment problems.",flora-h0-s12.png,440,440,RGBA,0d4f7f5d06a0178e8aab86d299571a0ebfc691284d2ff80c7a03c26f10418a97,0d4f7f5d06a0178e8aab86d299571a0ebfc691284d2ff80c7a03c26f10418a97
flora-h0-s13,flora-h0-s13,PASS,PASS,PASS,False,flora,PASS,PASS,PASS,PASS,PASS,PASS,"The generated phenotype shows a coherent blend of body/growth plan, appendages, terminal structures and surface material. Earth-species accuracy is not required; leave this combination alone unless runtime animation reveals attachment problems.",flora-h0-s13.png,440,440,RGBA,b99649a963fa6988e668f69b1adbc536fb7da09d39e1a629ff88267ebbd63478,b99649a963fa6988e668f69b1adbc536fb7da09d39e1a629ff88267ebbd63478
flora-h0-s14,flora-h0-s14,PASS,PASS,PASS,True,flora,PASS,PASS,PASS,PASS,PASS,PASS,"The generated phenotype shows a coherent blend of body/growth plan, appendages, terminal structures and surface material. Earth-species accuracy is not required; leave this combination alone unless runtime animation reveals attachment problems.",flora-h0-s14.png,440,440,RGBA,b5d0b6649b95e48e637400ccb07f3a3b8c8ee383b2427994e07f9a32e007ce6b,d61397f7ff711b28da8413243dd63ffd11ef7e7f709616d2fad2209a693dbc3f
flora-h0-s15,flora-h0-s15,PASS,PASS,PASS,False,flora,PASS,PASS,PASS,PASS,PASS,PASS,"The generated phenotype shows a coherent blend of body/growth plan, appendages, terminal structures and surface material. Earth-species accuracy is not required; leave this combination alone unless runtime animation reveals attachment problems.",flora-h0-s15.png,440,440,RGBA,23f4ce7d43482aa72c5aa1920ba0ae1ea7ca59e6c7dd7045722bd561e273e611,23f4ce7d43482aa72c5aa1920ba0ae1ea7ca59e6c7dd7045722bd561e273e611
flora-h0-s16,flora-h0-s16,PASS,PASS,PASS,True,flora,PASS,PASS,PASS,PASS,PASS,PASS,"The generated phenotype shows a coherent blend of body/growth plan, appendages, terminal structures and surface material. Earth-species accuracy is not required; leave this combination alone unless runtime animation reveals attachment problems.",flora-h0-s16.png,440,440,RGBA,f71489ffd396ed0001f2e8ecf4fb806387ea87c40fdcfed5e1d5341782d0a8a4,82f1f60e581bd7f0b25b45aaae0673e6e7c8b487e5b992d2b34679509bb62a60
flora-h0-s17,flora-h0-s17,PASS,PASS,PASS,False,flora,PASS,PASS,PASS,PASS,PASS,PASS,"The generated phenotype shows a coherent blend of body/growth plan, appendages, terminal structures and surface material. Earth-species accuracy is not required; leave this combination alone unless runtime animation reveals attachment problems.",flora-h0-s17.png,440,440,RGBA,18f8a98c6503288c1ac6d0ce023901e575382fc160ef910b734886897dff1a7f,18f8a98c6503288c1ac6d0ce023901e575382fc160ef910b734886897dff1a7f
flora-h0-s18,flora-h0-s18,PASS,PASS,PASS,False,flora,PASS,PASS,PASS,PASS,PASS,PASS,"The generated phenotype shows a coherent blend of body/growth plan, appendages, terminal structures and surface material. Earth-species accuracy is not required; leave this combination alone unless runtime animation reveals attachment problems.",flora-h0-s18.png,440,440,RGBA,19f8f5644ad3df4cf758145877695e291f0d153f401211aa7028d8a289376583,19f8f5644ad3df4cf758145877695e291f0d153f401211aa7028d8a289376583
flora-h0-s19,flora-h0-s19,PASS,PASS,PASS,True,flora,PASS,PASS,PASS,PASS,PASS,PASS,"The generated phenotype shows a coherent blend of body/growth plan, appendages, terminal structures and surface material. Earth-species accuracy is not required; leave this combination alone unless runtime animation reveals attachment problems.",flora-h0-s19.png,440,440,RGBA,d74bc79c20a6cd452c21f38e630e2a0df24f83cbabb7041c38e9dcd00da60477,d2d6daafbff6ad54db78d347ccca66146a2b274d95bd1a2fbdd77efbf34d6f2a
flora-h0-s2,flora-h0-s2,PASS,PASS,PASS,False,flora,PASS,PASS,PASS,PASS,PASS,PASS,"The generated phenotype shows a coherent blend of body/growth plan, appendages, terminal structures and surface material. Earth-species accuracy is not required; leave this combination alone unless runtime animation reveals attachment problems.",flora-h0-s2.png,440,440,RGBA,77ebc0f8ca069a5e926ba75a464a8cf5ea3ccfc1b03b48241c257b121d5542e5,77ebc0f8ca069a5e926ba75a464a8cf5ea3ccfc1b03b48241c257b121d5542e5
flora-h0-s3,flora-h0-s3,PASS,PASS,PASS,False,flora,PASS,PASS,PASS,PASS,PASS,PASS,"The generated phenotype shows a coherent blend of body/growth plan, appendages, terminal structures and surface material. Earth-species accuracy is not required; leave this combination alone unless runtime animation reveals attachment problems.",flora-h0-s3.png,440,440,RGBA,c34fe1533e62e4c85c79ed0ebca8ace3e94a167986cc5e6da2b8b85f30d7e143,c34fe1533e62e4c85c79ed0ebca8ace3e94a167986cc5e6da2b8b85f30d7e143
flora-h0-s4,flora-h0-s4,PASS,PASS,PASS,False,flora,PASS,PASS,PASS,PASS,PASS,PASS,"The generated phenotype shows a coherent blend of body/growth plan, appendages, terminal structures and surface material. Earth-species accuracy is not required; leave this combination alone unless runtime animation reveals attachment problems.",flora-h0-s4.png,440,440,RGBA,5c532f3627022c5aa64c91b5113107177ae8dc32e1ffc0b13d87bf6aff30d0ba,5c532f3627022c5aa64c91b5113107177ae8dc32e1ffc0b13d87bf6aff30d0ba
flora-h0-s5,flora-h0-s5,PASS,PASS,PASS,False,flora,PASS,PASS,PASS,PASS,PASS,PASS,"The generated phenotype shows a coherent blend of body/growth plan, appendages, terminal structures and surface material. Earth-species accuracy is not required; leave this combination alone unless runtime animation reveals attachment problems.",flora-h0-s5.png,440,440,RGBA,f302971e4e010c166840191a3681acd8349be8e23be7ed6896e8160aaecc1ac0,f302971e4e010c166840191a3681acd8349be8e23be7ed6896e8160aaecc1ac0
flora-h0-s6,flora-h0-s6,PASS,PASS,PASS,True,flora,PASS,PASS,PASS,PASS,PASS,PASS,"The generated phenotype shows a coherent blend of body/growth plan, appendages, terminal structures and surface material. Earth-species accuracy is not required; leave this combination alone unless runtime animation reveals attachment problems.",flora-h0-s6.png,440,440,RGBA,445990088d58f66f2db6469c4a32382cdab383131f73d9f944758df5dff6cdac,8da0f4f984421da466e9b8398b5616da60b6ec2a8a703abe9b3fe5a6e3110f50
flora-h0-s7,flora-h0-s7,PASS,PASS,PASS,False,flora,PASS,PASS,PASS,PASS,PASS,PASS,"The generated phenotype shows a coherent blend of body/growth plan, appendages, terminal structures and surface material. Earth-species accuracy is not required; leave this combination alone unless runtime animation reveals attachment problems.",flora-h0-s7.png,440,440,RGBA,92efdac3b302eee9d64d47228dc6f83802441820b004ce8eddc8c1e87f860240,92efdac3b302eee9d64d47228dc6f83802441820b004ce8eddc8c1e87f860240
flora-h0-s8,flora-h0-s8,PASS,PASS,PASS,True,flora,PASS,PASS,PASS,PASS,PASS,PASS,"The generated phenotype shows a coherent blend of body/growth plan, appendages, terminal structures and surface material. Earth-species accuracy is not required; leave this combination alone unless runtime animation reveals attachment problems.",flora-h0-s8.png,440,440,RGBA,113855b00bec4e49b3ab3387453044a157eb02133e05a258da26858881afb6c0,0b8ebf75e7d04e8e1fd2a82940e28994e27c3ea9871da8f2641b02a7c17067f2
flora-h0-s9,flora-h0-s9,PASS,PASS,PASS,False,flora,PASS,PASS,PASS,PASS,PASS,PASS,"The generated phenotype shows a coherent blend of body/growth plan, appendages, terminal structures and surface material. Earth-species accuracy is not required; leave this combination alone unless runtime animation reveals attachment problems.",flora-h0-s9.png,440,440,RGBA,e24b2f47edaf0afa666ee4d3fe00604ca020355a5725a3c767c5b6d4f74a8f7b,e24b2f47edaf0afa666ee4d3fe00604ca020355a5725a3c767c5b6d4f74a8f7b
flora-h1-s0,flora-h1-s0,PASS,PASS,PASS,False,flora,PASS,PASS,PASS,PASS,PASS,PASS,"The generated phenotype shows a coherent blend of body/growth plan, appendages, terminal structures and surface material. Earth-species accuracy is not required; leave this combination alone unless runtime animation reveals attachment problems.",flora-h1-s0.png,440,440,RGBA,07c13bcecf101d19b862bc211d2a2e32d92e846b32d8f8b681ca2b6f2e2d4ff0,07c13bcecf101d19b862bc211d2a2e32d92e846b32d8f8b681ca2b6f2e2d4ff0
flora-h1-s1,flora-h1-s1,PASS,PASS,PASS,False,flora,PASS,PASS,PASS,PASS,PASS,PASS,"The generated phenotype shows a coherent blend of body/growth plan, appendages, terminal structures and surface material. Earth-species accuracy is not required; leave this combination alone unless runtime animation reveals attachment problems.",flora-h1-s1.png,440,440,RGBA,fc46e5ea53fe9abff5e1cd469b345d2ce337d98ede315ce7df4915b0ea497ba8,fc46e5ea53fe9abff5e1cd469b345d2ce337d98ede315ce7df4915b0ea497ba8
flora-h1-s10,flora-h1-s10,PASS,PASS,PASS,False,flora,PASS,PASS,PASS,PASS,PASS,PASS,"The generated phenotype shows a coherent blend of body/growth plan, appendages, terminal structures and surface material. Earth-species accuracy is not required; leave this combination alone unless runtime animation reveals attachment problems.",flora-h1-s10.png,440,440,RGBA,d24b8a940c5d4e731612176866d11c6e027b42dfa06a41291a55bf288cfbb76f,d24b8a940c5d4e731612176866d11c6e027b42dfa06a41291a55bf288cfbb76f
flora-h1-s11,flora-h1-s11,PASS,PASS,PASS,False,flora,PASS,PASS,PASS,PASS,PASS,PASS,"The generated phenotype shows a coherent blend of body/growth plan, appendages, terminal structures and surface material. Earth-species accuracy is not required; leave this combination alone unless runtime animation reveals attachment problems.",flora-h1-s11.png,440,440,RGBA,4d66b449af5d0be6134288fb6dbd40ac2073d224cf544dccd4dd470aec29ee5a,4d66b449af5d0be6134288fb6dbd40ac2073d224cf544dccd4dd470aec29ee5a
flora-h1-s12,flora-h1-s12,PASS,PASS,PASS,False,flora,PASS,PASS,PASS,PASS,PASS,PASS,"The generated phenotype shows a coherent blend of body/growth plan, appendages, terminal structures and surface material. Earth-species accuracy is not required; leave this combination alone unless runtime animation reveals attachment problems.",flora-h1-s12.png,440,440,RGBA,0847bf023c03a5c55c8ce3f87e509f2f8019ba9bc5f8946883c3c7d3da5a9d53,0847bf023c03a5c55c8ce3f87e509f2f8019ba9bc5f8946883c3c7d3da5a9d53
flora-h1-s13,flora-h1-s13,PASS,PASS,PASS,False,flora,PASS,PASS,PASS,PASS,PASS,PASS,"The generated phenotype shows a coherent blend of body/growth plan, appendages, terminal structures and surface material. Earth-species accuracy is not required; leave this combination alone unless runtime animation reveals attachment problems.",flora-h1-s13.png,440,440,RGBA,87bbee398fc6419267fad5fd4ad137f2bf63d4393bd576ba8f637b86aadb07ae,87bbee398fc6419267fad5fd4ad137f2bf63d4393bd576ba8f637b86aadb07ae
flora-h1-s14,flora-h1-s14,PASS,PASS,PASS,False,flora,PASS,PASS,PASS,PASS,PASS,PASS,"The generated phenotype shows a coherent blend of body/growth plan, appendages, terminal structures and surface material. Earth-species accuracy is not required; leave this combination alone unless runtime animation reveals attachment problems.",flora-h1-s14.png,440,440,RGBA,7a7edf2e9d2d48ce1bfd1c078a2ad57b7730f0b2c4c0de5d698e9ff8ea380bf3,7a7edf2e9d2d48ce1bfd1c078a2ad57b7730f0b2c4c0de5d698e9ff8ea380bf3
flora-h1-s15,flora-h1-s15,PASS,PASS,PASS,True,flora,PASS,PASS,PASS,PASS,PASS,PASS,"The generated phenotype shows a coherent blend of body/growth plan, appendages, terminal structures and surface material. Earth-species accuracy is not required; leave this combination alone unless runtime animation reveals attachment problems.",flora-h1-s15.png,440,440,RGBA,032fa954a0dd9703045ce57a2c8023cf3532fd231beafa8d2bc6159697ccc1d8,0bcc84575bf6ef3394041c5eb5df064503fb681d1d5a37815f2e0d35d953b4d0
flora-h1-s16,flora-h1-s16,PASS,PASS,PASS,False,flora,PASS,PASS,PASS,PASS,PASS,PASS,"The generated phenotype shows a coherent blend of body/growth plan, appendages, terminal structures and surface material. Earth-species accuracy is not required; leave this combination alone unless runtime animation reveals attachment problems.",flora-h1-s16.png,440,440,RGBA,978dc939ed4c9829608582afa5070202c99cf7206fbdec1423927f82781e6e1c,978dc939ed4c9829608582afa5070202c99cf7206fbdec1423927f82781e6e1c
flora-h1-s17,flora-h1-s17,PASS,PASS,PASS,False,flora,PASS,PASS,PASS,PASS,PASS,PASS,"The generated phenotype shows a coherent blend of body/growth plan, appendages, terminal structures and surface material. Earth-species accuracy is not required; leave this combination alone unless runtime animation reveals attachment problems.",flora-h1-s17.png,440,440,RGBA,2f92b1e72b7d108829708bec4a63a1a2392dd4fc17679ea4aeba0f9ace3d09f7,2f92b1e72b7d108829708bec4a63a1a2392dd4fc17679ea4aeba0f9ace3d09f7
flora-h1-s18,flora-h1-s18,PASS,PASS,PASS,True,flora,PASS,PASS,PASS,PASS,PASS,PASS,"The generated phenotype shows a coherent blend of body/growth plan, appendages, terminal structures and surface material. Earth-species accuracy is not required; leave this combination alone unless runtime animation reveals attachment problems.",flora-h1-s18.png,440,440,RGBA,0365396678aa148a16a9e76e58fa1494f9526a4efce347f261cdd29f29d80d4d,6335d08d26b7944c9dfc10b1c01eec5c16a1fc4a51a6d581371ebe39c1ff7fcb
flora-h1-s19,flora-h1-s19,PASS,PASS,PASS,True,flora,PASS,PASS,PASS,PASS,PASS,PASS,"The generated phenotype shows a coherent blend of body/growth plan, appendages, terminal structures and surface material. Earth-species accuracy is not required; leave this combination alone unless runtime animation reveals attachment problems.",flora-h1-s19.png,440,440,RGBA,172ff54733c9230dddaa2742612772d2fc8270c4a9fd1c898906324aba56d24a,7acecdbc89737397b8041b7581dd2c9b4ea7acf10b3df834df85d94367994585
flora-h1-s2,flora-h1-s2,PASS,PASS,PASS,False,flora,PASS,PASS,PASS,PASS,PASS,PASS,"The generated phenotype shows a coherent blend of body/growth plan, appendages, terminal structures and surface material. Earth-species accuracy is not required; leave this combination alone unless runtime animation reveals attachment problems.",flora-h1-s2.png,440,440,RGBA,48c29a1da297f4920b52c2b0a75be31c6a14ce09866332f5cd1774b2dd92c848,48c29a1da297f4920b52c2b0a75be31c6a14ce09866332f5cd1774b2dd92c848
flora-h1-s3,flora-h1-s3,PASS,PASS,PASS,False,flora,PASS,PASS,PASS,PASS,PASS,PASS,"The generated phenotype shows a coherent blend of body/growth plan, appendages, terminal structures and surface material. Earth-species accuracy is not required; leave this combination alone unless runtime animation reveals attachment problems.",flora-h1-s3.png,440,440,RGBA,2af1ee9d8977b2898d6c19be54e26a8bfbdccc916478353be4926d14f1a1fccc,2af1ee9d8977b2898d6c19be54e26a8bfbdccc916478353be4926d14f1a1fccc
flora-h1-s4,flora-h1-s4,PASS,PASS,PASS,False,flora,PASS,PASS,PASS,PASS,PASS,PASS,"The generated phenotype shows a coherent blend of body/growth plan, appendages, terminal structures and surface material. Earth-species accuracy is not required; leave this combination alone unless runtime animation reveals attachment problems.",flora-h1-s4.png,440,440,RGBA,770a75c47facb3f54d906fce80c34045a87bf90853810d35d4134fb9580608d0,770a75c47facb3f54d906fce80c34045a87bf90853810d35d4134fb9580608d0
flora-h1-s5,flora-h1-s5,PASS,PASS,PASS,False,flora,PASS,PASS,PASS,PASS,PASS,PASS,"The generated phenotype shows a coherent blend of body/growth plan, appendages, terminal structures and surface material. Earth-species accuracy is not required; leave this combination alone unless runtime animation reveals attachment problems.",flora-h1-s5.png,440,440,RGBA,0b75923866127a74a8449711b46a2b30501d73124dc2372c0e15d1d1f78ff9c0,0b75923866127a74a8449711b46a2b30501d73124dc2372c0e15d1d1f78ff9c0
flora-h1-s6,flora-h1-s6,PASS,PASS,PASS,False,flora,PASS,PASS,PASS,PASS,PASS,PASS,"The generated phenotype shows a coherent blend of body/growth plan, appendages, terminal structures and surface material. Earth-species accuracy is not required; leave this combination alone unless runtime animation reveals attachment problems.",flora-h1-s6.png,440,440,RGBA,6022cb327f4c0b1476c171835e3c5090ae1a0580d0d806e9f715ce4f28911089,6022cb327f4c0b1476c171835e3c5090ae1a0580d0d806e9f715ce4f28911089
flora-h1-s7,flora-h1-s7,PASS,PASS,PASS,True,flora,PASS,PASS,PASS,PASS,PASS,PASS,"The generated phenotype shows a coherent blend of body/growth plan, appendages, terminal structures and surface material. Earth-species accuracy is not required; leave this combination alone unless runtime animation reveals attachment problems.",flora-h1-s7.png,440,440,RGBA,cdba5be4c99caae6903f8c8ba0bb99e2591eacdfd33b5762673b4e88063d024d,4fd4e326ecf0e2dd4b811ebc13292363d31926b74e2cce1a2475f4bc347c5ae1
flora-h1-s8,flora-h1-s8,PASS,PASS,PASS,False,flora,PASS,PASS,PASS,PASS,PASS,PASS,"The generated phenotype shows a coherent blend of body/growth plan, appendages, terminal structures and surface material. Earth-species accuracy is not required; leave this combination alone unless runtime animation reveals attachment problems.",flora-h1-s8.png,440,440,RGBA,0c91c48c75cbe4613de653991a65e11b6d0efefdd2234aa0aacfb79ee599a621,0c91c48c75cbe4613de653991a65e11b6d0efefdd2234aa0aacfb79ee599a621
flora-h1-s9,flora-h1-s9,PASS,PASS,PASS,True,flora,PASS,PASS,PASS,PASS,PASS,PASS,"The generated phenotype shows a coherent blend of body/growth plan, appendages, terminal structures and surface material. Earth-species accuracy is not required; leave this combination alone unless runtime animation reveals attachment problems.",flora-h1-s9.png,440,440,RGBA,8f3483abdefcccc515aa895d31ac0e07da162159ff958f761002ed0f966b81bb,f193af0a7f04208ead8f106e00b00e0ac914ba81bb89de61049a6c36781dcf35
flora-h2-s0,flora-h2-s0,PASS,PASS,PASS,False,flora,PASS,PASS,PASS,PASS,PASS,PASS,"The generated phenotype shows a coherent blend of body/growth plan, appendages, terminal structures and surface material. Earth-species accuracy is not required; leave this combination alone unless runtime animation reveals attachment problems.",flora-h2-s0.png,440,440,RGBA,abdc5b86296f357061b912c03216404dc907a9bced34d94b68ee6ea052057402,abdc5b86296f357061b912c03216404dc907a9bced34d94b68ee6ea052057402
flora-h2-s1,flora-h2-s1,PASS,PASS,PASS,False,flora,PASS,PASS,PASS,PASS,PASS,PASS,"The generated phenotype shows a coherent blend of body/growth plan, appendages, terminal structures and surface material. Earth-species accuracy is not required; leave this combination alone unless runtime animation reveals attachment problems.",flora-h2-s1.png,440,440,RGBA,02859e27c07c6184af0cd7918299d842aa37e6b572b9bdbbb3ec475ca8127850,02859e27c07c6184af0cd7918299d842aa37e6b572b9bdbbb3ec475ca8127850
flora-h2-s10,flora-h2-s10,PASS,PASS,PASS,False,flora,PASS,PASS,PASS,PASS,PASS,PASS,"The generated phenotype shows a coherent blend of body/growth plan, appendages, terminal structures and surface material. Earth-species accuracy is not required; leave this combination alone unless runtime animation reveals attachment problems.",flora-h2-s10.png,440,440,RGBA,c084e3681a99e08006ae21c6a5e2e10262f1783427d6c06ff9f970080d482866,c084e3681a99e08006ae21c6a5e2e10262f1783427d6c06ff9f970080d482866
flora-h2-s11,flora-h2-s11,PASS,PASS,PASS,False,flora,PASS,PASS,PASS,PASS,PASS,PASS,"The generated phenotype shows a coherent blend of body/growth plan, appendages, terminal structures and surface material. Earth-species accuracy is not required; leave this combination alone unless runtime animation reveals attachment problems.",flora-h2-s11.png,440,440,RGBA,0ad0037dff7b207382234c5a49c6a6dfe5b4d2543eb2249288a21bded38b8ce2,0ad0037dff7b207382234c5a49c6a6dfe5b4d2543eb2249288a21bded38b8ce2
flora-h2-s12,flora-h2-s12,PASS,PASS,PASS,False,flora,PASS,PASS,PASS,PASS,PASS,PASS,"The generated phenotype shows a coherent blend of body/growth plan, appendages, terminal structures and surface material. Earth-species accuracy is not required; leave this combination alone unless runtime animation reveals attachment problems.",flora-h2-s12.png,440,440,RGBA,4fffb9616681dd3f233301da91ad8923015c133ad8c4b8dfb5e221b9248f66b1,4fffb9616681dd3f233301da91ad8923015c133ad8c4b8dfb5e221b9248f66b1
flora-h2-s13,flora-h2-s13,PASS,PASS,PASS,False,flora,PASS,PASS,PASS,PASS,PASS,PASS,"The generated phenotype shows a coherent blend of body/growth plan, appendages, terminal structures and surface material. Earth-species accuracy is not required; leave this combination alone unless runtime animation reveals attachment problems.",flora-h2-s13.png,440,440,RGBA,ace0e65ce72c0321f1292d018c54a3dfacbdd59cb1e45b58589ee817725f802d,ace0e65ce72c0321f1292d018c54a3dfacbdd59cb1e45b58589ee817725f802d
flora-h2-s14,flora-h2-s14,PASS,PASS,PASS,False,flora,PASS,PASS,PASS,PASS,PASS,PASS,"The generated phenotype shows a coherent blend of body/growth plan, appendages, terminal structures and surface material. Earth-species accuracy is not required; leave this combination alone unless runtime animation reveals attachment problems.",flora-h2-s14.png,440,440,RGBA,9672560e2bd76ff055b51458655b658ea9c53b4b509072cbec80a195238d9c13,9672560e2bd76ff055b51458655b658ea9c53b4b509072cbec80a195238d9c13
flora-h2-s15,flora-h2-s15,PASS,PASS,PASS,False,flora,PASS,PASS,PASS,PASS,PASS,PASS,"The generated phenotype shows a coherent blend of body/growth plan, appendages, terminal structures and surface material. Earth-species accuracy is not required; leave this combination alone unless runtime animation reveals attachment problems.",flora-h2-s15.png,440,440,RGBA,29b59d3d7f28d9c13091fd0c198565a192690b294699e2e59b8b56aba61a0467,29b59d3d7f28d9c13091fd0c198565a192690b294699e2e59b8b56aba61a0467
flora-h2-s16,flora-h2-s16,PASS,PASS,PASS,False,flora,PASS,PASS,PASS,PASS,PASS,PASS,"The generated phenotype shows a coherent blend of body/growth plan, appendages, terminal structures and surface material. Earth-species accuracy is not required; leave this combination alone unless runtime animation reveals attachment problems.",flora-h2-s16.png,440,440,RGBA,60899e400eba8c11329801c29a2ca344bf4fccfba9791dcab77d191c30f85c3e,60899e400eba8c11329801c29a2ca344bf4fccfba9791dcab77d191c30f85c3e
flora-h2-s17,flora-h2-s17,PASS,PASS,PASS,False,flora,PASS,PASS,PASS,PASS,PASS,PASS,"The generated phenotype shows a coherent blend of body/growth plan, appendages, terminal structures and surface material. Earth-species accuracy is not required; leave this combination alone unless runtime animation reveals attachment problems.",flora-h2-s17.png,440,440,RGBA,6e325b1ef57aeb79610976ef1f36bb99bf069b2adcc2f27c8afe352c655d283d,6e325b1ef57aeb79610976ef1f36bb99bf069b2adcc2f27c8afe352c655d283d
flora-h2-s18,flora-h2-s18,PASS,PASS,PASS,False,flora,PASS,PASS,PASS,PASS,PASS,PASS,"The generated phenotype shows a coherent blend of body/growth plan, appendages, terminal structures and surface material. Earth-species accuracy is not required; leave this combination alone unless runtime animation reveals attachment problems.",flora-h2-s18.png,440,440,RGBA,b884e82685930dff1f1ff51d2fb5ed71af888aa6cef23f0ddf0fffafc40af8c3,b884e82685930dff1f1ff51d2fb5ed71af888aa6cef23f0ddf0fffafc40af8c3
flora-h2-s19,flora-h2-s19,PASS,PASS,PASS,False,flora,PASS,PASS,PASS,PASS,PASS,PASS,"The generated phenotype shows a coherent blend of body/growth plan, appendages, terminal structures and surface material. Earth-species accuracy is not required; leave this combination alone unless runtime animation reveals attachment problems.",flora-h2-s19.png,440,440,RGBA,36e46c51a33a03266b3cc9eecd8c646aa6b4761287e82defeb631fa862f50803,36e46c51a33a03266b3cc9eecd8c646aa6b4761287e82defeb631fa862f50803
flora-h2-s2,flora-h2-s2,PASS,PASS,PASS,False,flora,PASS,PASS,PASS,PASS,PASS,PASS,"The generated phenotype shows a coherent blend of body/growth plan, appendages, terminal structures and surface material. Earth-species accuracy is not required; leave this combination alone unless runtime animation reveals attachment problems.",flora-h2-s2.png,440,440,RGBA,8744be4141f3917890d79c03152834329fbf785ea045e9cfd72aa56401a4d186,8744be4141f3917890d79c03152834329fbf785ea045e9cfd72aa56401a4d186
flora-h2-s3,flora-h2-s3,PASS,PASS,PASS,False,flora,PASS,PASS,PASS,PASS,PASS,PASS,"The generated phenotype shows a coherent blend of body/growth plan, appendages, terminal structures and surface material. Earth-species accuracy is not required; leave this combination alone unless runtime animation reveals attachment problems.",flora-h2-s3.png,440,440,RGBA,0fa406353e7a8af9c045cd2fa08651bc5858268a625c4e24597951f444beb64b,0fa406353e7a8af9c045cd2fa08651bc5858268a625c4e24597951f444beb64b
flora-h2-s4,flora-h2-s4,PASS,PASS,PASS,False,flora,PASS,PASS,PASS,PASS,PASS,PASS,"The generated phenotype shows a coherent blend of body/growth plan, appendages, terminal structures and surface material. Earth-species accuracy is not required; leave this combination alone unless runtime animation reveals attachment problems.",flora-h2-s4.png,440,440,RGBA,cc4192e5b3fdaa0050224e4b0e71ef56d9a5380f9e9bea8391894568f4e2a6bf,cc4192e5b3fdaa0050224e4b0e71ef56d9a5380f9e9bea8391894568f4e2a6bf
flora-h2-s5,flora-h2-s5,PASS,PASS,PASS,False,flora,PASS,PASS,PASS,PASS,PASS,PASS,"The generated phenotype shows a coherent blend of body/growth plan, appendages, terminal structures and surface material. Earth-species accuracy is not required; leave this combination alone unless runtime animation reveals attachment problems.",flora-h2-s5.png,440,440,RGBA,3592338a920ecea98bb63e80a8bc6cb29d46539fd7723b963068800c8838e261,3592338a920ecea98bb63e80a8bc6cb29d46539fd7723b963068800c8838e261
flora-h2-s6,flora-h2-s6,PASS,PASS,PASS,True,flora,PASS,PASS,PASS,PASS,PASS,PASS,"The generated phenotype shows a coherent blend of body/growth plan, appendages, terminal structures and surface material. Earth-species accuracy is not required; leave this combination alone unless runtime animation reveals attachment problems.",flora-h2-s6.png,440,440,RGBA,ec83aeed64c072a6588a8fd0657af834a4b7cc369ec8dd77d975f77e415a9dc7,d1f94bbba1668b2034fc93679337d26bb9f738e4dcdbd2218dc36e6402cb3174
flora-h2-s7,flora-h2-s7,PASS,PASS,PASS,True,flora,PASS,PASS,PASS,PASS,PASS,PASS,"The generated phenotype shows a coherent blend of body/growth plan, appendages, terminal structures and surface material. Earth-species accuracy is not required; leave this combination alone unless runtime animation reveals attachment problems.",flora-h2-s7.png,440,440,RGBA,4d1d13db8fa7add96b17bac9453b62b3afa1a994dfb02f8da37c0b380704abd6,aad06105df3980c3dd44701c3fcea91ddc333d1ff8132e6fb82a2e7239d7db14
flora-h2-s8,flora-h2-s8,PASS,PASS,PASS,False,flora,PASS,PASS,PASS,PASS,PASS,PASS,"The generated phenotype shows a coherent blend of body/growth plan, appendages, terminal structures and surface material. Earth-species accuracy is not required; leave this combination alone unless runtime animation reveals attachment problems.",flora-h2-s8.png,440,440,RGBA,23f6657fd3e291e16efbf66c5e5c5a41ef31c1d6e7bdfec02bc769197994cf2c,23f6657fd3e291e16efbf66c5e5c5a41ef31c1d6e7bdfec02bc769197994cf2c
flora-h2-s9,flora-h2-s9,PASS,PASS,PASS,True,flora,PASS,PASS,PASS,PASS,PASS,PASS,"The generated phenotype shows a coherent blend of body/growth plan, appendages, terminal structures and surface material. Earth-species accuracy is not required; leave this combination alone unless runtime animation reveals attachment problems.",flora-h2-s9.png,440,440,RGBA,8fa1a99e44007ae362505140965f51914769be465d4b0f4207b798e1958379df,3bcd65890b674862fced894821f439bad63ab974f353e9147433c3dd051f78ef
fungi-h0-s0,fungi-h0-s0,PASS,PASS,PASS,False,fungi,PASS,PASS,PASS,PASS,PASS,PASS,"The generated phenotype shows a coherent blend of body/growth plan, appendages, terminal structures and surface material. Earth-species accuracy is not required; leave this combination alone unless runtime animation reveals attachment problems.",fungi-h0-s0.png,440,440,RGBA,5d5936627efabc07b4e98b28be155b744ecaf590b007d18a4d1646c8b94e1747,5d5936627efabc07b4e98b28be155b744ecaf590b007d18a4d1646c8b94e1747
fungi-h0-s1,fungi-h0-s1,PASS,PASS,PASS,True,fungi,PASS,PASS,PASS,PASS,PASS,PASS,"The generated phenotype shows a coherent blend of body/growth plan, appendages, terminal structures and surface material. Earth-species accuracy is not required; leave this combination alone unless runtime animation reveals attachment problems.",fungi-h0-s1.png,440,440,RGBA,57d80e5603e984e15fb5f370672af11bf7910c36e948a7263a0ef1492c368e6e,c75ef5c18319c4fa3d87c360ece251eebc142c9dcd4c52bf1ae6ff7cc547a755
fungi-h0-s10,fungi-h0-s10,HOLD,FAIL,PASS,False,fungi,PASS,POLISH,POLISH,POLISH,PASS,PASS_WITH_POLISH,"The procedural fungal concept is plausible, but the dark cloud-like fruiting mass nearly disappears into the background. Define the substrate attachment and edge silhouette, and increase internal value separation.",fungi-h0-s10.png,440,440,RGBA,176e3565da06acde7ebd902b86ff3eb138e57af3c9252807e64bfda75a7dd3b3,176e3565da06acde7ebd902b86ff3eb138e57af3c9252807e64bfda75a7dd3b3
fungi-h0-s11,fungi-h0-s11,PASS,PASS,PASS,False,fungi,PASS,PASS,PASS,PASS,PASS,PASS,"The generated phenotype shows a coherent blend of body/growth plan, appendages, terminal structures and surface material. Earth-species accuracy is not required; leave this combination alone unless runtime animation reveals attachment problems.",fungi-h0-s11.png,440,440,RGBA,0aa4d22a92a1b279af9ce00e771977dcd1b02ca8e8d1c7f24708081bf984305b,0aa4d22a92a1b279af9ce00e771977dcd1b02ca8e8d1c7f24708081bf984305b
fungi-h0-s12,fungi-h0-s12,PASS,PASS,PASS,True,fungi,PASS,PASS,PASS,PASS,PASS,PASS,"The generated phenotype shows a coherent blend of body/growth plan, appendages, terminal structures and surface material. Earth-species accuracy is not required; leave this combination alone unless runtime animation reveals attachment problems.",fungi-h0-s12.png,440,440,RGBA,52f62ddbefcdff6ef843089d00971695db56ba87ed9637a7eac70ef78fb4eff6,11e6417b750cb5f6f4a66ac319bdf9be88724c9d5824e2fc423f4cdb5a598532
fungi-h0-s13,fungi-h0-s13,PASS,PASS,PASS,False,fungi,PASS,PASS,PASS,PASS,PASS,PASS,"The generated phenotype shows a coherent blend of body/growth plan, appendages, terminal structures and surface material. Earth-species accuracy is not required; leave this combination alone unless runtime animation reveals attachment problems.",fungi-h0-s13.png,440,440,RGBA,d9f6619443f9faa31c9241e816e1232bf9d4e1022e9145238e806619fb511849,d9f6619443f9faa31c9241e816e1232bf9d4e1022e9145238e806619fb511849
fungi-h0-s14,fungi-h0-s14,PASS,PASS,PASS,True,fungi,PASS,PASS,PASS,PASS,PASS,PASS,"The generated phenotype shows a coherent blend of body/growth plan, appendages, terminal structures and surface material. Earth-species accuracy is not required; leave this combination alone unless runtime animation reveals attachment problems.",fungi-h0-s14.png,440,440,RGBA,c248ce400efd0c5c378107f11a3e41e7d19326d5014c0e383523c694c2863f37,e498468947e6167a38c5bff6494fcfb61c7b8ea9fff8b9630d8beae343973f2f
fungi-h0-s15,fungi-h0-s15,PASS,PASS,PASS,True,fungi,PASS,PASS,PASS,PASS,PASS,PASS,"The generated phenotype shows a coherent blend of body/growth plan, appendages, terminal structures and surface material. Earth-species accuracy is not required; leave this combination alone unless runtime animation reveals attachment problems.",fungi-h0-s15.png,440,440,RGBA,e0a513c2684cfb81d9dde7456247a7523ca5635047edeeb43aba127382602455,5ec53bbd669df367c64f464c1a1989f177a8fec3d37b2e82a5f35109507a8236
fungi-h0-s16,fungi-h0-s16,PASS,PASS,PASS,False,fungi,PASS,PASS,PASS,PASS,PASS,PASS,"The generated phenotype shows a coherent blend of body/growth plan, appendages, terminal structures and surface material. Earth-species accuracy is not required; leave this combination alone unless runtime animation reveals attachment problems.",fungi-h0-s16.png,440,440,RGBA,87c1368b3a5a9d18968d9b6292cae762c13f4394e1826ae3fb491e230be4c55c,87c1368b3a5a9d18968d9b6292cae762c13f4394e1826ae3fb491e230be4c55c
fungi-h0-s17,fungi-h0-s17,PASS,PASS,PASS,False,fungi,PASS,PASS,PASS,PASS,PASS,PASS,"The generated phenotype shows a coherent blend of body/growth plan, appendages, terminal structures and surface material. Earth-species accuracy is not required; leave this combination alone unless runtime animation reveals attachment problems.",fungi-h0-s17.png,440,440,RGBA,69417dce67a3a92fed9c5fed510c247cd7b70b88c415733bf5125502b4aaf173,69417dce67a3a92fed9c5fed510c247cd7b70b88c415733bf5125502b4aaf173
fungi-h0-s18,fungi-h0-s18,PASS,PASS,PASS,False,fungi,PASS,PASS,PASS,PASS,PASS,PASS,"The generated phenotype shows a coherent blend of body/growth plan, appendages, terminal structures and surface material. Earth-species accuracy is not required; leave this combination alone unless runtime animation reveals attachment problems.",fungi-h0-s18.png,440,440,RGBA,621663e369960b02842606ef726681d648287c9b1c04f5d1857819a6d00cd815,621663e369960b02842606ef726681d648287c9b1c04f5d1857819a6d00cd815
fungi-h0-s19,fungi-h0-s19,PASS,PASS,PASS,False,fungi,PASS,PASS,PASS,PASS,PASS,PASS,"The generated phenotype shows a coherent blend of body/growth plan, appendages, terminal structures and surface material. Earth-species accuracy is not required; leave this combination alone unless runtime animation reveals attachment problems.",fungi-h0-s19.png,440,440,RGBA,e96b7d8b456471b13ebe187fc18f4b39a686c8dd0af8f97e9901b0c541a1e18d,e96b7d8b456471b13ebe187fc18f4b39a686c8dd0af8f97e9901b0c541a1e18d
fungi-h0-s2,fungi-h0-s2,PASS,PASS,PASS,False,fungi,PASS,PASS,PASS,PASS,PASS,PASS,"The generated phenotype shows a coherent blend of body/growth plan, appendages, terminal structures and surface material. Earth-species accuracy is not required; leave this combination alone unless runtime animation reveals attachment problems.",fungi-h0-s2.png,440,440,RGBA,8327cc68bbb275f8a93bc62ee83d89a0e74742a838a77d065f469d67580df9a1,8327cc68bbb275f8a93bc62ee83d89a0e74742a838a77d065f469d67580df9a1
fungi-h0-s3,fungi-h0-s3,PASS,PASS,PASS,False,fungi,PASS,PASS,PASS,PASS,PASS,PASS,"The generated phenotype shows a coherent blend of body/growth plan, appendages, terminal structures and surface material. Earth-species accuracy is not required; leave this combination alone unless runtime animation reveals attachment problems.",fungi-h0-s3.png,440,440,RGBA,cdeb95c4fb09ecc3c239c4362b6662e0cff0d742e2743bae547b8f1642ceb238,cdeb95c4fb09ecc3c239c4362b6662e0cff0d742e2743bae547b8f1642ceb238
fungi-h0-s4,fungi-h0-s4,PASS,PASS,PASS,False,fungi,PASS,PASS,PASS,PASS,PASS,PASS,"The generated phenotype shows a coherent blend of body/growth plan, appendages, terminal structures and surface material. Earth-species accuracy is not required; leave this combination alone unless runtime animation reveals attachment problems.",fungi-h0-s4.png,440,440,RGBA,984215438fa326243642a36883ec3fed79210408fddd3460e6e44bd534786273,984215438fa326243642a36883ec3fed79210408fddd3460e6e44bd534786273
fungi-h0-s5,fungi-h0-s5,PASS,PASS,PASS,False,fungi,PASS,PASS,PASS,PASS,PASS,PASS,"The generated phenotype shows a coherent blend of body/growth plan, appendages, terminal structures and surface material. Earth-species accuracy is not required; leave this combination alone unless runtime animation reveals attachment problems.",fungi-h0-s5.png,440,440,RGBA,e54764dd9e2d4fa0e9f167385588c596830adcfd607dc9f32c885304d127ef22,e54764dd9e2d4fa0e9f167385588c596830adcfd607dc9f32c885304d127ef22
fungi-h0-s6,fungi-h0-s6,PASS,PASS,PASS,True,fungi,PASS,PASS,PASS,PASS,PASS,PASS,"The generated phenotype shows a coherent blend of body/growth plan, appendages, terminal structures and surface material. Earth-species accuracy is not required; leave this combination alone unless runtime animation reveals attachment problems.",fungi-h0-s6.png,440,440,RGBA,96dba37995d8aaff50f62e321c561ac3818e9d13c2f21bd678b38d5e13c8fb2d,32c39021c15e53ef73bc6e9e65701123ecd8dd73a8540b969257d35e3190ddb7
fungi-h0-s7,fungi-h0-s7,PASS,PASS,PASS,False,fungi,PASS,PASS,PASS,PASS,PASS,PASS,"The generated phenotype shows a coherent blend of body/growth plan, appendages, terminal structures and surface material. Earth-species accuracy is not required; leave this combination alone unless runtime animation reveals attachment problems.",fungi-h0-s7.png,440,440,RGBA,4544c9612f22abe177f28afaa94ce1ccfe341150aea49b27cb7d7cc488e33d77,4544c9612f22abe177f28afaa94ce1ccfe341150aea49b27cb7d7cc488e33d77
fungi-h0-s8,fungi-h0-s8,PASS,PASS,PASS,False,fungi,PASS,PASS,PASS,PASS,PASS,PASS,"The generated phenotype shows a coherent blend of body/growth plan, appendages, terminal structures and surface material. Earth-species accuracy is not required; leave this combination alone unless runtime animation reveals attachment problems.",fungi-h0-s8.png,440,440,RGBA,88cf65213d77158bd88ebc300eca13d33ce6d97a5597f8084ad0309c228924b6,88cf65213d77158bd88ebc300eca13d33ce6d97a5597f8084ad0309c228924b6
fungi-h0-s9,fungi-h0-s9,PASS,PASS,PASS,False,fungi,PASS,PASS,PASS,PASS,PASS,PASS,"The generated phenotype shows a coherent blend of body/growth plan, appendages, terminal structures and surface material. Earth-species accuracy is not required; leave this combination alone unless runtime animation reveals attachment problems.",fungi-h0-s9.png,440,440,RGBA,bf484c64a79e9796db84ca2b175ff0fbd7b9ab239f5982e5619aae13a825026e,bf484c64a79e9796db84ca2b175ff0fbd7b9ab239f5982e5619aae13a825026e
fungi-h1-s0,fungi-h1-s0,PASS,PASS,FAIL,True,fungi,PASS,PASS,PASS,PASS,PASS,PASS,"The generated phenotype shows a coherent blend of body/growth plan, appendages, terminal structures and surface material. Earth-species accuracy is not required; leave this combination alone unless runtime animation reveals attachment problems.",fungi-h1-s0.png,440,440,RGBA,8eed62811686114c631cbd601a1f41425ac5f4eb944ca6db2998a6adb9cc2282,65de863f68fcf1ef10019547add9325f17e52cf6c4f9666ffa1c0fa49dc940a1
fungi-h1-s1,fungi-h1-s1,PASS,PASS,PASS,False,fungi,PASS,PASS,PASS,PASS,PASS,PASS,"The generated phenotype shows a coherent blend of body/growth plan, appendages, terminal structures and surface material. Earth-species accuracy is not required; leave this combination alone unless runtime animation reveals attachment problems.",fungi-h1-s1.png,440,440,RGBA,cc50b0db510b9e36d7d14939c9c1d7085eead7560e23c9561a68b72c7f001ad4,cc50b0db510b9e36d7d14939c9c1d7085eead7560e23c9561a68b72c7f001ad4
fungi-h1-s10,fungi-h1-s10,PASS,PASS,PASS,False,fungi,PASS,PASS,PASS,PASS,PASS,PASS,"The generated phenotype shows a coherent blend of body/growth plan, appendages, terminal structures and surface material. Earth-species accuracy is not required; leave this combination alone unless runtime animation reveals attachment problems.",fungi-h1-s10.png,440,440,RGBA,3f74704a6490ee7d76dd853adda4ea94bb12fd416d57080408cfff92335e3c4c,3f74704a6490ee7d76dd853adda4ea94bb12fd416d57080408cfff92335e3c4c
fungi-h1-s11,fungi-h1-s11,PASS,PASS,PASS,False,fungi,PASS,PASS,PASS,PASS,PASS,PASS,"The generated phenotype shows a coherent blend of body/growth plan, appendages, terminal structures and surface material. Earth-species accuracy is not required; leave this combination alone unless runtime animation reveals attachment problems.",fungi-h1-s11.png,440,440,RGBA,604daa0a36945bd5da0627d5e767074bbd9e767ce440c5c951ad01bf2d94a36a,604daa0a36945bd5da0627d5e767074bbd9e767ce440c5c951ad01bf2d94a36a
fungi-h1-s12,fungi-h1-s12,PASS,PASS,PASS,True,fungi,PASS,PASS,PASS,PASS,PASS,PASS,"The generated phenotype shows a coherent blend of body/growth plan, appendages, terminal structures and surface material. Earth-species accuracy is not required; leave this combination alone unless runtime animation reveals attachment problems.",fungi-h1-s12.png,440,440,RGBA,581f5657793eea8f9933c51525f51ebd881307f0d20885d0775c88ee227fd12f,48fd7267cdc56d6f07d1ef5e98d25334352fe5c9314bebffab8746a105afeace
fungi-h1-s13,fungi-h1-s13,PASS,PASS,PASS,False,fungi,PASS,PASS,PASS,PASS,PASS,PASS,"The generated phenotype shows a coherent blend of body/growth plan, appendages, terminal structures and surface material. Earth-species accuracy is not required; leave this combination alone unless runtime animation reveals attachment problems.",fungi-h1-s13.png,440,440,RGBA,4e1dcff8a77bb3dad46a1fc1bd5d5f83c9dee29c7bc4cbabd94745cc41315ad6,4e1dcff8a77bb3dad46a1fc1bd5d5f83c9dee29c7bc4cbabd94745cc41315ad6
fungi-h1-s14,fungi-h1-s14,PASS,PASS,FAIL,True,fungi,PASS,PASS,PASS,PASS,PASS,PASS,"The generated phenotype shows a coherent blend of body/growth plan, appendages, terminal structures and surface material. Earth-species accuracy is not required; leave this combination alone unless runtime animation reveals attachment problems.",fungi-h1-s14.png,440,440,RGBA,d830eec6d95a5a4db2eff918d12858c441db04accbbaea81380e195973d56059,65de863f68fcf1ef10019547add9325f17e52cf6c4f9666ffa1c0fa49dc940a1
fungi-h1-s15,fungi-h1-s15,PASS,PASS,PASS,False,fungi,PASS,PASS,PASS,PASS,PASS,PASS,"The generated phenotype shows a coherent blend of body/growth plan, appendages, terminal structures and surface material. Earth-species accuracy is not required; leave this combination alone unless runtime animation reveals attachment problems.",fungi-h1-s15.png,440,440,RGBA,21bdaeced7ba291784350f96469ae068efe7e3ab1f6ad2eb66812274eb32fe33,21bdaeced7ba291784350f96469ae068efe7e3ab1f6ad2eb66812274eb32fe33
fungi-h1-s16,fungi-h1-s16,PASS,PASS,PASS,False,fungi,PASS,PASS,PASS,PASS,PASS,PASS,"The generated phenotype shows a coherent blend of body/growth plan, appendages, terminal structures and surface material. Earth-species accuracy is not required; leave this combination alone unless runtime animation reveals attachment problems.",fungi-h1-s16.png,440,440,RGBA,39411468d30f4ee67d9d7a80bee9fd0ebeed63f5f4614fec54913b85a2b58f21,39411468d30f4ee67d9d7a80bee9fd0ebeed63f5f4614fec54913b85a2b58f21
fungi-h1-s17,fungi-h1-s17,PASS,PASS,PASS,False,fungi,PASS,PASS,PASS,PASS,PASS,PASS,"The generated phenotype shows a coherent blend of body/growth plan, appendages, terminal structures and surface material. Earth-species accuracy is not required; leave this combination alone unless runtime animation reveals attachment problems.",fungi-h1-s17.png,440,440,RGBA,7cf13426ae5e4fcf18595ee6ffe88902c2d3d1c050a1ec349cbf4b752a770155,7cf13426ae5e4fcf18595ee6ffe88902c2d3d1c050a1ec349cbf4b752a770155
fungi-h1-s18,fungi-h1-s18,PASS,PASS,PASS,False,fungi,PASS,PASS,PASS,PASS,PASS,PASS,"The generated phenotype shows a coherent blend of body/growth plan, appendages, terminal structures and surface material. Earth-species accuracy is not required; leave this combination alone unless runtime animation reveals attachment problems.",fungi-h1-s18.png,440,440,RGBA,77b2b0f585efbe608641cdab11062f6ec88857e4569f243f6e71b1527f5fa3b8,77b2b0f585efbe608641cdab11062f6ec88857e4569f243f6e71b1527f5fa3b8
fungi-h1-s19,fungi-h1-s19,PASS,PASS,PASS,False,fungi,PASS,PASS,PASS,PASS,PASS,PASS,"The generated phenotype shows a coherent blend of body/growth plan, appendages, terminal structures and surface material. Earth-species accuracy is not required; leave this combination alone unless runtime animation reveals attachment problems.",fungi-h1-s19.png,440,440,RGBA,4132022ac3a827c99fa484354e4521e9f7525b800c0ec9570254aab30412314b,4132022ac3a827c99fa484354e4521e9f7525b800c0ec9570254aab30412314b
fungi-h1-s2,fungi-h1-s2,PASS,PASS,PASS,False,fungi,PASS,PASS,PASS,PASS,PASS,PASS,"The generated phenotype shows a coherent blend of body/growth plan, appendages, terminal structures and surface material. Earth-species accuracy is not required; leave this combination alone unless runtime animation reveals attachment problems.",fungi-h1-s2.png,440,440,RGBA,5cf7aa799db5ad04e028967abaddf5ee7871bc510b8bc593da1ff9e1387c605b,5cf7aa799db5ad04e028967abaddf5ee7871bc510b8bc593da1ff9e1387c605b
fungi-h1-s3,fungi-h1-s3,PASS,PASS,PASS,False,fungi,PASS,PASS,PASS,PASS,PASS,PASS,"The generated phenotype shows a coherent blend of body/growth plan, appendages, terminal structures and surface material. Earth-species accuracy is not required; leave this combination alone unless runtime animation reveals attachment problems.",fungi-h1-s3.png,440,440,RGBA,d1fe3bded47a32a26e979da809e9aba25862600ee0f22f32328a83021548f89e,d1fe3bded47a32a26e979da809e9aba25862600ee0f22f32328a83021548f89e
fungi-h1-s4,fungi-h1-s4,PASS,PASS,PASS,False,fungi,PASS,PASS,PASS,PASS,PASS,PASS,"The generated phenotype shows a coherent blend of body/growth plan, appendages, terminal structures and surface material. Earth-species accuracy is not required; leave this combination alone unless runtime animation reveals attachment problems.",fungi-h1-s4.png,440,440,RGBA,7fcad7a22c7ab82020bcedaa58338b8d5d33d88b7a1de95f2ab102937bb323b4,7fcad7a22c7ab82020bcedaa58338b8d5d33d88b7a1de95f2ab102937bb323b4
fungi-h1-s5,fungi-h1-s5,PASS,PASS,PASS,False,fungi,PASS,PASS,PASS,PASS,PASS,PASS,"The generated phenotype shows a coherent blend of body/growth plan, appendages, terminal structures and surface material. Earth-species accuracy is not required; leave this combination alone unless runtime animation reveals attachment problems.",fungi-h1-s5.png,440,440,RGBA,69eca847c514949ae4d20663545a932e2b9ab3dbfd8ea98851b7841992d419a8,69eca847c514949ae4d20663545a932e2b9ab3dbfd8ea98851b7841992d419a8
fungi-h1-s6,fungi-h1-s6,PASS,PASS,PASS,False,fungi,PASS,PASS,PASS,PASS,PASS,PASS,"The generated phenotype shows a coherent blend of body/growth plan, appendages, terminal structures and surface material. Earth-species accuracy is not required; leave this combination alone unless runtime animation reveals attachment problems.",fungi-h1-s6.png,440,440,RGBA,685be2bc8ef436d6cafb475ad858150b205fbee169d0c306abf6363cbff63efa,685be2bc8ef436d6cafb475ad858150b205fbee169d0c306abf6363cbff63efa
fungi-h1-s7,fungi-h1-s7,PASS,PASS,PASS,False,fungi,PASS,PASS,PASS,PASS,PASS,PASS,"The generated phenotype shows a coherent blend of body/growth plan, appendages, terminal structures and surface material. Earth-species accuracy is not required; leave this combination alone unless runtime animation reveals attachment problems.",fungi-h1-s7.png,440,440,RGBA,b06ad0a12477eb2ba47d54ac02b6663bd15429581c9e3cf2a5db93fc7e14cdc2,b06ad0a12477eb2ba47d54ac02b6663bd15429581c9e3cf2a5db93fc7e14cdc2
fungi-h1-s8,fungi-h1-s8,PASS,PASS,PASS,False,fungi,PASS,PASS,PASS,PASS,PASS,PASS,"The generated phenotype shows a coherent blend of body/growth plan, appendages, terminal structures and surface material. Earth-species accuracy is not required; leave this combination alone unless runtime animation reveals attachment problems.",fungi-h1-s8.png,440,440,RGBA,193293293a0f704dd84d078e2982bd1c39511065e4e3f3437991c2d54ab5aaa2,193293293a0f704dd84d078e2982bd1c39511065e4e3f3437991c2d54ab5aaa2
fungi-h1-s9,fungi-h1-s9,PASS,PASS,PASS,False,fungi,PASS,PASS,PASS,PASS,PASS,PASS,"The generated phenotype shows a coherent blend of body/growth plan, appendages, terminal structures and surface material. Earth-species accuracy is not required; leave this combination alone unless runtime animation reveals attachment problems.",fungi-h1-s9.png,440,440,RGBA,5f9103fad039bec2f916b60ffb2006e89ac48d7f99929b8b67d7815607cd50a5,5f9103fad039bec2f916b60ffb2006e89ac48d7f99929b8b67d7815607cd50a5
fungi-h2-s0,fungi-h2-s0,PASS,PASS,PASS,False,fungi,PASS,PASS,PASS,PASS,PASS,PASS,"The generated phenotype shows a coherent blend of body/growth plan, appendages, terminal structures and surface material. Earth-species accuracy is not required; leave this combination alone unless runtime animation reveals attachment problems.",fungi-h2-s0.png,440,440,RGBA,2d3e3343fb85f843212117f8f67bc50a04ccc8d4f391526d124657adecd49789,2d3e3343fb85f843212117f8f67bc50a04ccc8d4f391526d124657adecd49789
fungi-h2-s1,fungi-h2-s1,PASS,PASS,PASS,True,fungi,PASS,PASS,PASS,PASS,PASS,PASS,"The generated phenotype shows a coherent blend of body/growth plan, appendages, terminal structures and surface material. Earth-species accuracy is not required; leave this combination alone unless runtime animation reveals attachment problems.",fungi-h2-s1.png,440,440,RGBA,a050acf7cb4f6abc637887c8e9ce8434607e3900258c17ecd73c175be702139f,47bfeb4910afff06274135d97603c420920e5dbab49aeb328dfcf1fa31fcb6d7
fungi-h2-s10,fungi-h2-s10,PASS,PASS,PASS,False,fungi,PASS,PASS,PASS,PASS,PASS,PASS,"The generated phenotype shows a coherent blend of body/growth plan, appendages, terminal structures and surface material. Earth-species accuracy is not required; leave this combination alone unless runtime animation reveals attachment problems.",fungi-h2-s10.png,440,440,RGBA,12302834ba15dd71b12350544fd34e089f9b97023c57e9bcb7ea42da5274707b,12302834ba15dd71b12350544fd34e089f9b97023c57e9bcb7ea42da5274707b
fungi-h2-s11,fungi-h2-s11,PASS,PASS,PASS,False,fungi,PASS,PASS,PASS,PASS,PASS,PASS,"The generated phenotype shows a coherent blend of body/growth plan, appendages, terminal structures and surface material. Earth-species accuracy is not required; leave this combination alone unless runtime animation reveals attachment problems.",fungi-h2-s11.png,440,440,RGBA,71af732c052fe1c943aa3de8a446397f008d203ad69b7888bfb78ff19743ca6b,71af732c052fe1c943aa3de8a446397f008d203ad69b7888bfb78ff19743ca6b
fungi-h2-s12,fungi-h2-s12,PASS,PASS,PASS,False,fungi,PASS,PASS,PASS,PASS,PASS,PASS,"The generated phenotype shows a coherent blend of body/growth plan, appendages, terminal structures and surface material. Earth-species accuracy is not required; leave this combination alone unless runtime animation reveals attachment problems.",fungi-h2-s12.png,440,440,RGBA,71666c581e60613bbaa8983f5fdb334d0f89072825a3894085d69345334e90a7,71666c581e60613bbaa8983f5fdb334d0f89072825a3894085d69345334e90a7
fungi-h2-s13,fungi-h2-s13,PASS,PASS,PASS,False,fungi,PASS,PASS,PASS,PASS,PASS,PASS,"The generated phenotype shows a coherent blend of body/growth plan, appendages, terminal structures and surface material. Earth-species accuracy is not required; leave this combination alone unless runtime animation reveals attachment problems.",fungi-h2-s13.png,440,440,RGBA,268e41b6cc0513cc20df1880a12529cb3c4897817b6091d74f2516949703eeb1,268e41b6cc0513cc20df1880a12529cb3c4897817b6091d74f2516949703eeb1
fungi-h2-s14,fungi-h2-s14,PASS,PASS,PASS,False,fungi,PASS,PASS,PASS,PASS,PASS,PASS,"The generated phenotype shows a coherent blend of body/growth plan, appendages, terminal structures and surface material. Earth-species accuracy is not required; leave this combination alone unless runtime animation reveals attachment problems.",fungi-h2-s14.png,440,440,RGBA,436810ee45a6035a24db3e40436bdeca18625fe91bcc253d2eb2283a428a8ed2,436810ee45a6035a24db3e40436bdeca18625fe91bcc253d2eb2283a428a8ed2
fungi-h2-s15,fungi-h2-s15,PASS,PASS,PASS,False,fungi,PASS,PASS,PASS,PASS,PASS,PASS,"The generated phenotype shows a coherent blend of body/growth plan, appendages, terminal structures and surface material. Earth-species accuracy is not required; leave this combination alone unless runtime animation reveals attachment problems.",fungi-h2-s15.png,440,440,RGBA,c2349dc3ecef882f7aece680d63091483c1be07b8e18eddeae91f179c833b0da,c2349dc3ecef882f7aece680d63091483c1be07b8e18eddeae91f179c833b0da
fungi-h2-s16,fungi-h2-s16,PASS,PASS,PASS,False,fungi,PASS,PASS,PASS,PASS,PASS,PASS,"The generated phenotype shows a coherent blend of body/growth plan, appendages, terminal structures and surface material. Earth-species accuracy is not required; leave this combination alone unless runtime animation reveals attachment problems.",fungi-h2-s16.png,440,440,RGBA,24f766a5699556121c59f0f343ad0f8155e0c09622fdc9dc9fb51669d893959f,24f766a5699556121c59f0f343ad0f8155e0c09622fdc9dc9fb51669d893959f
fungi-h2-s17,fungi-h2-s17,PASS,PASS,PASS,False,fungi,PASS,PASS,PASS,PASS,PASS,PASS,"The generated phenotype shows a coherent blend of body/growth plan, appendages, terminal structures and surface material. Earth-species accuracy is not required; leave this combination alone unless runtime animation reveals attachment problems.",fungi-h2-s17.png,440,440,RGBA,2935d9aeae92d20bf15c77132df7052764282029124f05d08e8e8ef86d5285d2,2935d9aeae92d20bf15c77132df7052764282029124f05d08e8e8ef86d5285d2
fungi-h2-s18,fungi-h2-s18,PASS,PASS,PASS,False,fungi,PASS,PASS,PASS,PASS,PASS,PASS,"The generated phenotype shows a coherent blend of body/growth plan, appendages, terminal structures and surface material. Earth-species accuracy is not required; leave this combination alone unless runtime animation reveals attachment problems.",fungi-h2-s18.png,440,440,RGBA,b83973a53d98423f92f3df8ce39cb65ab2674ba080336da314ef6efd77c9c5f6,b83973a53d98423f92f3df8ce39cb65ab2674ba080336da314ef6efd77c9c5f6
fungi-h2-s19,fungi-h2-s19,PASS,PASS,PASS,False,fungi,PASS,PASS,PASS,PASS,PASS,PASS,"The generated phenotype shows a coherent blend of body/growth plan, appendages, terminal structures and surface material. Earth-species accuracy is not required; leave this combination alone unless runtime animation reveals attachment problems.",fungi-h2-s19.png,440,440,RGBA,96347c2c81a99827940929e9e0404ef020c885eb2a8d00791f4cae174d598c99,96347c2c81a99827940929e9e0404ef020c885eb2a8d00791f4cae174d598c99
fungi-h2-s2,fungi-h2-s2,PASS,PASS,PASS,True,fungi,PASS,PASS,PASS,PASS,PASS,PASS,"The generated phenotype shows a coherent blend of body/growth plan, appendages, terminal structures and surface material. Earth-species accuracy is not required; leave this combination alone unless runtime animation reveals attachment problems.",fungi-h2-s2.png,440,440,RGBA,9e78afb82a4e05f6b875a2f6c2b5f2b70c156468de6efe653d6140b2a7be692b,5d0c4cf431e6eeda5cb6623cfcc855c649b61bff32b54062932693239ec5e44a
fungi-h2-s3,fungi-h2-s3,PASS,PASS,PASS,False,fungi,PASS,PASS,PASS,PASS,PASS,PASS,"The generated phenotype shows a coherent blend of body/growth plan, appendages, terminal structures and surface material. Earth-species accuracy is not required; leave this combination alone unless runtime animation reveals attachment problems.",fungi-h2-s3.png,440,440,RGBA,872ed364ea08bc0bb1dfc5c429bc4856dc0943ea67b661d0dc1bfcba64b1cf7c,872ed364ea08bc0bb1dfc5c429bc4856dc0943ea67b661d0dc1bfcba64b1cf7c
fungi-h2-s4,fungi-h2-s4,PASS,PASS,PASS,False,fungi,PASS,PASS,PASS,PASS,PASS,PASS,"The generated phenotype shows a coherent blend of body/growth plan, appendages, terminal structures and surface material. Earth-species accuracy is not required; leave this combination alone unless runtime animation reveals attachment problems.",fungi-h2-s4.png,440,440,RGBA,0bb8572e26c8a83ddc5425c5936e1232af33281f73be47c5fb7e57682dda1979,0bb8572e26c8a83ddc5425c5936e1232af33281f73be47c5fb7e57682dda1979
fungi-h2-s5,fungi-h2-s5,PASS,PASS,PASS,False,fungi,PASS,PASS,PASS,PASS,PASS,PASS,"The generated phenotype shows a coherent blend of body/growth plan, appendages, terminal structures and surface material. Earth-species accuracy is not required; leave this combination alone unless runtime animation reveals attachment problems.",fungi-h2-s5.png,440,440,RGBA,23fdec2fd34d90089a1f7bae189251e79b352843cfa6c5a396aa55fcc30235e3,23fdec2fd34d90089a1f7bae189251e79b352843cfa6c5a396aa55fcc30235e3
fungi-h2-s6,fungi-h2-s6,PASS,PASS,PASS,False,fungi,PASS,PASS,PASS,PASS,PASS,PASS,"The generated phenotype shows a coherent blend of body/growth plan, appendages, terminal structures and surface material. Earth-species accuracy is not required; leave this combination alone unless runtime animation reveals attachment problems.",fungi-h2-s6.png,440,440,RGBA,58b8f6b4287799a6770152aa2864ba0b8a10c877f0970ca54b9dc4454b214df1,58b8f6b4287799a6770152aa2864ba0b8a10c877f0970ca54b9dc4454b214df1
fungi-h2-s7,fungi-h2-s7,PASS,PASS,PASS,False,fungi,PASS,PASS,PASS,PASS,PASS,PASS,"The generated phenotype shows a coherent blend of body/growth plan, appendages, terminal structures and surface material. Earth-species accuracy is not required; leave this combination alone unless runtime animation reveals attachment problems.",fungi-h2-s7.png,440,440,RGBA,664532754c5729c3b64f67e234e55fe0923e16f3e707865723bb9293678c143a,664532754c5729c3b64f67e234e55fe0923e16f3e707865723bb9293678c143a
fungi-h2-s8,fungi-h2-s8,PASS,PASS,PASS,False,fungi,PASS,PASS,PASS,PASS,PASS,PASS,"The generated phenotype shows a coherent blend of body/growth plan, appendages, terminal structures and surface material. Earth-species accuracy is not required; leave this combination alone unless runtime animation reveals attachment problems.",fungi-h2-s8.png,440,440,RGBA,544df9d967087d0b81397f3fd78b38ed1da66b118eed5bdc11e6f72993b5fdfb,544df9d967087d0b81397f3fd78b38ed1da66b118eed5bdc11e6f72993b5fdfb
fungi-h2-s9,fungi-h2-s9,PASS,PASS,PASS,False,fungi,PASS,PASS,PASS,PASS,PASS,PASS,"The generated phenotype shows a coherent blend of body/growth plan, appendages, terminal structures and surface material. Earth-species accuracy is not required; leave this combination alone unless runtime animation reveals attachment problems.",fungi-h2-s9.png,440,440,RGBA,e30140cf6fe0416865e9fbca2b49512b89090afb5212076707a9b088bb083c52,e30140cf6fe0416865e9fbca2b49512b89090afb5212076707a9b088bb083c52
microbe-h0-s0,microbe-h0-s0,PASS,PASS,PASS,False,microbe,PASS,PASS,PASS,PASS,PASS,PASS,"The generated phenotype shows a coherent blend of body/growth plan, appendages, terminal structures and surface material. Earth-species accuracy is not required; leave this combination alone unless runtime animation reveals attachment problems.",microbe-h0-s0.png,440,440,RGBA,86bc4463a22e48cc39c9220ed1f962c7be9e212bae00ac5d0656be18ebce7daf,86bc4463a22e48cc39c9220ed1f962c7be9e212bae00ac5d0656be18ebce7daf
microbe-h0-s1,microbe-h0-s1,PASS,PASS,PASS,False,microbe,PASS,PASS,PASS,PASS,PASS,PASS,"The generated phenotype shows a coherent blend of body/growth plan, appendages, terminal structures and surface material. Earth-species accuracy is not required; leave this combination alone unless runtime animation reveals attachment problems.",microbe-h0-s1.png,440,440,RGBA,c07255bbbc36ccfa73c9ae1e9435d4e5ebde027561c171961c3723dc2b700764,c07255bbbc36ccfa73c9ae1e9435d4e5ebde027561c171961c3723dc2b700764
microbe-h0-s10,microbe-h0-s10,PASS,PASS,PASS,False,microbe,PASS,PASS,PASS,PASS,PASS,PASS,"The generated phenotype shows a coherent blend of body/growth plan, appendages, terminal structures and surface material. Earth-species accuracy is not required; leave this combination alone unless runtime animation reveals attachment problems.",microbe-h0-s10.png,440,440,RGBA,1b64dc7f7f4eba8f131d35b56adad3e783e753dc4bae06b4968d4d2623968893,1b64dc7f7f4eba8f131d35b56adad3e783e753dc4bae06b4968d4d2623968893
microbe-h0-s11,microbe-h0-s11,PASS,PASS,PASS,False,microbe,PASS,PASS,PASS,PASS,PASS,PASS,"The generated phenotype shows a coherent blend of body/growth plan, appendages, terminal structures and surface material. Earth-species accuracy is not required; leave this combination alone unless runtime animation reveals attachment problems.",microbe-h0-s11.png,440,440,RGBA,07c41f50ee300ee0463f5cc151fd633a398b8511b9d1004ab05b374330d61970,07c41f50ee300ee0463f5cc151fd633a398b8511b9d1004ab05b374330d61970
microbe-h0-s12,microbe-h0-s12,PASS,PASS,PASS,True,microbe,PASS,PASS,PASS,PASS,PASS,PASS,"The generated phenotype shows a coherent blend of body/growth plan, appendages, terminal structures and surface material. Earth-species accuracy is not required; leave this combination alone unless runtime animation reveals attachment problems.",microbe-h0-s12.png,440,440,RGBA,7c10b8daa85667922a3ec4ec68272ca6ffb613efb7fc06583e5732c3b22c6367,918aed172bd4e75aa78beee9ef70689d6d0e82d185c221e6fb52c7f14a60354a
microbe-h0-s13,microbe-h0-s13,PASS,PASS,PASS,False,microbe,PASS,PASS,PASS,PASS,PASS,PASS,"The generated phenotype shows a coherent blend of body/growth plan, appendages, terminal structures and surface material. Earth-species accuracy is not required; leave this combination alone unless runtime animation reveals attachment problems.",microbe-h0-s13.png,440,440,RGBA,cb9f16d26cd0f88aa780a7c00f63a1e55b686d483fe10b5dfed7c777c3603c48,cb9f16d26cd0f88aa780a7c00f63a1e55b686d483fe10b5dfed7c777c3603c48
microbe-h0-s14,microbe-h0-s14,PASS,PASS,PASS,False,microbe,PASS,PASS,PASS,PASS,PASS,PASS,"The generated phenotype shows a coherent blend of body/growth plan, appendages, terminal structures and surface material. Earth-species accuracy is not required; leave this combination alone unless runtime animation reveals attachment problems.",microbe-h0-s14.png,440,440,RGBA,c3cc4ee51e0e8f81942791a18652a65a0008ffdc20fcbe39ed38d08cf60b3568,c3cc4ee51e0e8f81942791a18652a65a0008ffdc20fcbe39ed38d08cf60b3568
microbe-h0-s15,microbe-h0-s15,PASS,PASS,PASS,False,microbe,PASS,PASS,PASS,PASS,PASS,PASS,"The generated phenotype shows a coherent blend of body/growth plan, appendages, terminal structures and surface material. Earth-species accuracy is not required; leave this combination alone unless runtime animation reveals attachment problems.",microbe-h0-s15.png,440,440,RGBA,99f01e42c0477f3d10ebadafa53aab68b918990a5acfd88e3211579e024a211a,99f01e42c0477f3d10ebadafa53aab68b918990a5acfd88e3211579e024a211a
microbe-h0-s16,microbe-h0-s16,PASS,PASS,PASS,False,microbe,PASS,PASS,PASS,PASS,PASS,PASS,"The generated phenotype shows a coherent blend of body/growth plan, appendages, terminal structures and surface material. Earth-species accuracy is not required; leave this combination alone unless runtime animation reveals attachment problems.",microbe-h0-s16.png,440,440,RGBA,ef81d5a701b7bed56339d643254de624682ff361f205019d39f3b4f4ada2c2b9,ef81d5a701b7bed56339d643254de624682ff361f205019d39f3b4f4ada2c2b9
microbe-h0-s17,microbe-h0-s17,PASS,PASS,PASS,False,microbe,PASS,PASS,PASS,PASS,PASS,PASS,"The generated phenotype shows a coherent blend of body/growth plan, appendages, terminal structures and surface material. Earth-species accuracy is not required; leave this combination alone unless runtime animation reveals attachment problems.",microbe-h0-s17.png,440,440,RGBA,fe89eb91716321c1172dd16c1e8f08a3b3b499263bd456295fbb43a972066fa7,fe89eb91716321c1172dd16c1e8f08a3b3b499263bd456295fbb43a972066fa7
microbe-h0-s18,microbe-h0-s18,PASS,PASS,PASS,False,microbe,PASS,PASS,PASS,PASS,PASS,PASS,"The generated phenotype shows a coherent blend of body/growth plan, appendages, terminal structures and surface material. Earth-species accuracy is not required; leave this combination alone unless runtime animation reveals attachment problems.",microbe-h0-s18.png,440,440,RGBA,71a8ae1af9910a44e4a59f5a3547c138385c5265bfef3dbe75cebb8a403851be,71a8ae1af9910a44e4a59f5a3547c138385c5265bfef3dbe75cebb8a403851be
microbe-h0-s19,microbe-h0-s19,PASS,PASS,PASS,False,microbe,PASS,PASS,PASS,PASS,PASS,PASS,"The generated phenotype shows a coherent blend of body/growth plan, appendages, terminal structures and surface material. Earth-species accuracy is not required; leave this combination alone unless runtime animation reveals attachment problems.",microbe-h0-s19.png,440,440,RGBA,2c5ad3cc00bc023c0a1b27f527545cc7211b2d8a0ccde55423461802dc657918,2c5ad3cc00bc023c0a1b27f527545cc7211b2d8a0ccde55423461802dc657918
microbe-h0-s2,microbe-h0-s2,PASS,PASS,PASS,False,microbe,PASS,PASS,PASS,PASS,PASS,PASS,"The generated phenotype shows a coherent blend of body/growth plan, appendages, terminal structures and surface material. Earth-species accuracy is not required; leave this combination alone unless runtime animation reveals attachment problems.",microbe-h0-s2.png,440,440,RGBA,3d0743617d3f058cf35a8cb238e3cde5e0bf7a2dd6f113e4002816673c00aacc,3d0743617d3f058cf35a8cb238e3cde5e0bf7a2dd6f113e4002816673c00aacc
microbe-h0-s3,microbe-h0-s3,PASS,PASS,PASS,False,microbe,PASS,PASS,PASS,PASS,PASS,PASS,"The generated phenotype shows a coherent blend of body/growth plan, appendages, terminal structures and surface material. Earth-species accuracy is not required; leave this combination alone unless runtime animation reveals attachment problems.",microbe-h0-s3.png,440,440,RGBA,a0f07d6b8f62814c7452d2988372a146de0182f88ef0a2d4c948d1f02f4cea77,a0f07d6b8f62814c7452d2988372a146de0182f88ef0a2d4c948d1f02f4cea77
microbe-h0-s4,microbe-h0-s4,PASS,PASS,PASS,True,microbe,PASS,PASS,PASS,PASS,PASS,PASS,"The generated phenotype shows a coherent blend of body/growth plan, appendages, terminal structures and surface material. Earth-species accuracy is not required; leave this combination alone unless runtime animation reveals attachment problems.",microbe-h0-s4.png,440,440,RGBA,c9c40c886f6eb6912533a8681bfb8df3304d431a2ff34d2d39394aa3abd6d166,08f612b7abdf6b566996e6d41df2d43783868139bafe29f5bad62fe418da3794
microbe-h0-s5,microbe-h0-s5,PASS,PASS,FAIL,True,microbe,PASS,PASS,PASS,PASS,PASS,PASS,"The generated phenotype shows a coherent blend of body/growth plan, appendages, terminal structures and surface material. Earth-species accuracy is not required; leave this combination alone unless runtime animation reveals attachment problems.",microbe-h0-s5.png,440,440,RGBA,a2890e38be94ec9b22d1cafaa72143397fda0c68acb7c02cef56f0983eb6b183,ea315075ef5fc2e6000f3bdfad4ea8e2f31eb08ddd224b902e8e4eae404f54bb
microbe-h0-s6,microbe-h0-s6,PASS,PASS,PASS,True,microbe,PASS,PASS,PASS,PASS,PASS,PASS,"The generated phenotype shows a coherent blend of body/growth plan, appendages, terminal structures and surface material. Earth-species accuracy is not required; leave this combination alone unless runtime animation reveals attachment problems.",microbe-h0-s6.png,440,440,RGBA,b201d6d9f720a0d47528a70e888a279df3d2bc5f994880e72fef67fd64bc5a8c,56e0c498d0204b3a24a540057a61cc6b50a5107f22c5487715072a1d512e45cd
microbe-h0-s7,microbe-h0-s7,PASS,PASS,PASS,False,microbe,PASS,PASS,PASS,PASS,PASS,PASS,"The generated phenotype shows a coherent blend of body/growth plan, appendages, terminal structures and surface material. Earth-species accuracy is not required; leave this combination alone unless runtime animation reveals attachment problems.",microbe-h0-s7.png,440,440,RGBA,c5b29cb78b7f9a37c3de6c5de4729dfe038fc9df53a189e00531d3d28bce4362,c5b29cb78b7f9a37c3de6c5de4729dfe038fc9df53a189e00531d3d28bce4362
microbe-h0-s8,microbe-h0-s8,PASS,PASS,PASS,False,microbe,PASS,PASS,PASS,PASS,PASS,PASS,"The generated phenotype shows a coherent blend of body/growth plan, appendages, terminal structures and surface material. Earth-species accuracy is not required; leave this combination alone unless runtime animation reveals attachment problems.",microbe-h0-s8.png,440,440,RGBA,b3691bcd7ab0a3ec38e56f79656a455da2fb88390826131c9b5461f23373907d,b3691bcd7ab0a3ec38e56f79656a455da2fb88390826131c9b5461f23373907d
microbe-h0-s9,microbe-h0-s9,PASS,PASS,PASS,False,microbe,PASS,PASS,PASS,PASS,PASS,PASS,"The generated phenotype shows a coherent blend of body/growth plan, appendages, terminal structures and surface material. Earth-species accuracy is not required; leave this combination alone unless runtime animation reveals attachment problems.",microbe-h0-s9.png,440,440,RGBA,e35ee5799e4da27e2da0e116d8b9f3c11f1f24ef88a01662623546dd8ccf4d2c,e35ee5799e4da27e2da0e116d8b9f3c11f1f24ef88a01662623546dd8ccf4d2c
microbe-h1-s0,microbe-h1-s0,PASS,PASS,PASS,False,microbe,PASS,PASS,PASS,PASS,PASS,PASS,"The generated phenotype shows a coherent blend of body/growth plan, appendages, terminal structures and surface material. Earth-species accuracy is not required; leave this combination alone unless runtime animation reveals attachment problems.",microbe-h1-s0.png,440,440,RGBA,c8e12b03f50925c4ecba10989d02845cb801866cce77ddec2cc941c43957f719,c8e12b03f50925c4ecba10989d02845cb801866cce77ddec2cc941c43957f719
microbe-h1-s1,microbe-h1-s1,PASS,PASS,PASS,False,microbe,PASS,PASS,PASS,PASS,PASS,PASS,"The generated phenotype shows a coherent blend of body/growth plan, appendages, terminal structures and surface material. Earth-species accuracy is not required; leave this combination alone unless runtime animation reveals attachment problems.",microbe-h1-s1.png,440,440,RGBA,917a9a60d69d4139f565ead90bd13a2efe049e03dff77e1632d4fc340fe3ac91,917a9a60d69d4139f565ead90bd13a2efe049e03dff77e1632d4fc340fe3ac91
microbe-h1-s10,microbe-h1-s10,PASS,PASS,PASS,False,microbe,PASS,PASS,PASS,PASS,PASS,PASS,"The generated phenotype shows a coherent blend of body/growth plan, appendages, terminal structures and surface material. Earth-species accuracy is not required; leave this combination alone unless runtime animation reveals attachment problems.",microbe-h1-s10.png,440,440,RGBA,b84f4c8f1ff957c58bf91a14b1529700d80cf4d655a14c17fa7fecdd1ad66441,b84f4c8f1ff957c58bf91a14b1529700d80cf4d655a14c17fa7fecdd1ad66441
microbe-h1-s11,microbe-h1-s11,PASS,PASS,PASS,False,microbe,PASS,PASS,PASS,PASS,PASS,PASS,"The generated phenotype shows a coherent blend of body/growth plan, appendages, terminal structures and surface material. Earth-species accuracy is not required; leave this combination alone unless runtime animation reveals attachment problems.",microbe-h1-s11.png,440,440,RGBA,70795ce2ece5cdd322f65866d7fd1f99c423a7be6eef1123d97ff9432f1a6137,70795ce2ece5cdd322f65866d7fd1f99c423a7be6eef1123d97ff9432f1a6137
microbe-h1-s12,microbe-h1-s12,PASS,PASS,PASS,True,microbe,PASS,PASS,PASS,PASS,PASS,PASS,"The generated phenotype shows a coherent blend of body/growth plan, appendages, terminal structures and surface material. Earth-species accuracy is not required; leave this combination alone unless runtime animation reveals attachment problems.",microbe-h1-s12.png,440,440,RGBA,8c7e4324556efa83ab773493b70b0079eb277390be1d848b7959639d2ce52d42,aac97c0e9c8d4d1d8d91f595d34fd8721744a82d3ec3bc0e458bb01b26bbde0c
microbe-h1-s13,microbe-h1-s13,PASS,PASS,PASS,False,microbe,PASS,PASS,PASS,PASS,PASS,PASS,"The generated phenotype shows a coherent blend of body/growth plan, appendages, terminal structures and surface material. Earth-species accuracy is not required; leave this combination alone unless runtime animation reveals attachment problems.",microbe-h1-s13.png,440,440,RGBA,3c583c3f2318a8d3bafc708a9c9c57b70e29a073933c663abfe3f730cd180aec,3c583c3f2318a8d3bafc708a9c9c57b70e29a073933c663abfe3f730cd180aec
microbe-h1-s14,microbe-h1-s14,PASS,PASS,PASS,False,microbe,PASS,PASS,PASS,PASS,PASS,PASS,"The generated phenotype shows a coherent blend of body/growth plan, appendages, terminal structures and surface material. Earth-species accuracy is not required; leave this combination alone unless runtime animation reveals attachment problems.",microbe-h1-s14.png,440,440,RGBA,8a5948a6776d7defe4943df735612fa093f912ae2c2277177748d5dcf724bdad,8a5948a6776d7defe4943df735612fa093f912ae2c2277177748d5dcf724bdad
microbe-h1-s15,microbe-h1-s15,PASS,PASS,PASS,True,microbe,PASS,PASS,PASS,PASS,PASS,PASS,"The generated phenotype shows a coherent blend of body/growth plan, appendages, terminal structures and surface material. Earth-species accuracy is not required; leave this combination alone unless runtime animation reveals attachment problems.",microbe-h1-s15.png,440,440,RGBA,a8135fb1db101cce49a2673b7e2881102f741a681bc0620dd63b957e11fb3368,93abbe19690a20c9404216d13091e9d887fc15df63f2a52e1aed9bf1941c630e
microbe-h1-s16,microbe-h1-s16,PASS,PASS,PASS,False,microbe,PASS,PASS,PASS,PASS,PASS,PASS,"The generated phenotype shows a coherent blend of body/growth plan, appendages, terminal structures and surface material. Earth-species accuracy is not required; leave this combination alone unless runtime animation reveals attachment problems.",microbe-h1-s16.png,440,440,RGBA,ff4f109ba4747e9b1519e67887df985bd70b95b49fb5685540ec6adf7fad4bb0,ff4f109ba4747e9b1519e67887df985bd70b95b49fb5685540ec6adf7fad4bb0
microbe-h1-s17,microbe-h1-s17,PASS,PASS,PASS,False,microbe,PASS,PASS,PASS,PASS,PASS,PASS,"The generated phenotype shows a coherent blend of body/growth plan, appendages, terminal structures and surface material. Earth-species accuracy is not required; leave this combination alone unless runtime animation reveals attachment problems.",microbe-h1-s17.png,440,440,RGBA,42efb5be0bc2ee99da77f929f5a127b4e7480fedca763df796f713655d815a1b,42efb5be0bc2ee99da77f929f5a127b4e7480fedca763df796f713655d815a1b
microbe-h1-s18,microbe-h1-s18,PASS,PASS,PASS,False,microbe,PASS,PASS,PASS,PASS,PASS,PASS,"The generated phenotype shows a coherent blend of body/growth plan, appendages, terminal structures and surface material. Earth-species accuracy is not required; leave this combination alone unless runtime animation reveals attachment problems.",microbe-h1-s18.png,440,440,RGBA,675ca0f33d2ef168c5cdc9a9a8c553fab93fb294aee40d6624d3f149eb5aed26,675ca0f33d2ef168c5cdc9a9a8c553fab93fb294aee40d6624d3f149eb5aed26
microbe-h1-s19,microbe-h1-s19,PASS,PASS,PASS,False,microbe,PASS,PASS,PASS,PASS,PASS,PASS,"The generated phenotype shows a coherent blend of body/growth plan, appendages, terminal structures and surface material. Earth-species accuracy is not required; leave this combination alone unless runtime animation reveals attachment problems.",microbe-h1-s19.png,440,440,RGBA,c89cf239453fcb6723c90fb7561986ea07a81ddc389624e1f07fec7e1c8b4716,c89cf239453fcb6723c90fb7561986ea07a81ddc389624e1f07fec7e1c8b4716
microbe-h1-s2,microbe-h1-s2,PASS,PASS,PASS,True,microbe,PASS,PASS,PASS,PASS,PASS,PASS,"The generated phenotype shows a coherent blend of body/growth plan, appendages, terminal structures and surface material. Earth-species accuracy is not required; leave this combination alone unless runtime animation reveals attachment problems.",microbe-h1-s2.png,440,440,RGBA,f93c4c4b2bd3337a0481b56b8f7b22fe767b074ef7a49fe7c3de9931460e7311,1eefb42ae9c9beb7452ed8a61cda71b81e29acbcb9c773dd4b0dbbc394fade74
microbe-h1-s3,microbe-h1-s3,PASS,PASS,PASS,True,microbe,PASS,PASS,PASS,PASS,PASS,PASS,"The generated phenotype shows a coherent blend of body/growth plan, appendages, terminal structures and surface material. Earth-species accuracy is not required; leave this combination alone unless runtime animation reveals attachment problems.",microbe-h1-s3.png,440,440,RGBA,02e810e26ec21ae75f442d0de0cec2ac303f4bbea71ef7a4c88b6e3a0147e6a3,1b3fb9692f7b0356cf4524767c1d85058fb0574b600ffd9b303e5bd76ba05dce
microbe-h1-s4,microbe-h1-s4,PASS,PASS,PASS,False,microbe,PASS,PASS,PASS,PASS,PASS,PASS,"The generated phenotype shows a coherent blend of body/growth plan, appendages, terminal structures and surface material. Earth-species accuracy is not required; leave this combination alone unless runtime animation reveals attachment problems.",microbe-h1-s4.png,440,440,RGBA,3628a9bcb896e33548073d450b0ac7fdad47da76a7a5120b67702714bbdac7ad,3628a9bcb896e33548073d450b0ac7fdad47da76a7a5120b67702714bbdac7ad
microbe-h1-s5,microbe-h1-s5,PASS,PASS,PASS,False,microbe,PASS,PASS,PASS,PASS,PASS,PASS,"The generated phenotype shows a coherent blend of body/growth plan, appendages, terminal structures and surface material. Earth-species accuracy is not required; leave this combination alone unless runtime animation reveals attachment problems.",microbe-h1-s5.png,440,440,RGBA,2c7d0f79c7d4342975e1ea605cf82265b1462d88bf9d9fb656482a1c6a7934d5,2c7d0f79c7d4342975e1ea605cf82265b1462d88bf9d9fb656482a1c6a7934d5
microbe-h1-s6,microbe-h1-s6,PASS,PASS,PASS,False,microbe,PASS,PASS,PASS,PASS,PASS,PASS,"The generated phenotype shows a coherent blend of body/growth plan, appendages, terminal structures and surface material. Earth-species accuracy is not required; leave this combination alone unless runtime animation reveals attachment problems.",microbe-h1-s6.png,440,440,RGBA,d398cc1e34e930af5d45f66c8a83ee5fcba1efb44c1b2e2fc435d9016e3608b2,d398cc1e34e930af5d45f66c8a83ee5fcba1efb44c1b2e2fc435d9016e3608b2
microbe-h1-s7,microbe-h1-s7,PASS,PASS,PASS,True,microbe,PASS,PASS,PASS,PASS,PASS,PASS,"The generated phenotype shows a coherent blend of body/growth plan, appendages, terminal structures and surface material. Earth-species accuracy is not required; leave this combination alone unless runtime animation reveals attachment problems.",microbe-h1-s7.png,440,440,RGBA,cb8c8e0971d4e9378e633b2250b7a5b387ad35f5bc8b2298c85761a5c5f5227b,190b32330a3a5a7907ad56244d876d3812b42311ad73a11c491dbc7bb119e547
microbe-h1-s8,microbe-h1-s8,PASS,PASS,PASS,True,microbe,PASS,PASS,PASS,PASS,PASS,PASS,"The generated phenotype shows a coherent blend of body/growth plan, appendages, terminal structures and surface material. Earth-species accuracy is not required; leave this combination alone unless runtime animation reveals attachment problems.",microbe-h1-s8.png,440,440,RGBA,2d1670383805e421bc3b3ff9d5c51b8afc42cfa908695896c0b2549252420e11,a279b7a428702196f3df5a5173ef44ef721249adeee2eee5b276da40959dc4fc
microbe-h1-s9,microbe-h1-s9,PASS,PASS,PASS,False,microbe,PASS,PASS,PASS,PASS,PASS,PASS,"The generated phenotype shows a coherent blend of body/growth plan, appendages, terminal structures and surface material. Earth-species accuracy is not required; leave this combination alone unless runtime animation reveals attachment problems.",microbe-h1-s9.png,440,440,RGBA,277325f3066aa7153f4e3280a8ab490189fb64ff5befcc242a3338174d43ab65,277325f3066aa7153f4e3280a8ab490189fb64ff5befcc242a3338174d43ab65
microbe-h2-s0,microbe-h2-s0,PASS,PASS,PASS,True,microbe,PASS,PASS,PASS,PASS,PASS,PASS,"The generated phenotype shows a coherent blend of body/growth plan, appendages, terminal structures and surface material. Earth-species accuracy is not required; leave this combination alone unless runtime animation reveals attachment problems.",microbe-h2-s0.png,440,440,RGBA,d7e997d4acf88010be6f8e9db968751288c44fdbfe1632457390cb4fbb5dfc37,99049fed24f81de35fe97bc77922b3f2419f460e1223d9038199a295ab0c3de7
microbe-h2-s1,microbe-h2-s1,PASS,PASS,PASS,False,microbe,PASS,PASS,PASS,PASS,PASS,PASS,"The generated phenotype shows a coherent blend of body/growth plan, appendages, terminal structures and surface material. Earth-species accuracy is not required; leave this combination alone unless runtime animation reveals attachment problems.",microbe-h2-s1.png,440,440,RGBA,35e188187ea9112a598cb34e8f007d6bd7b7c190a99f251962bbaf47242bce7a,35e188187ea9112a598cb34e8f007d6bd7b7c190a99f251962bbaf47242bce7a
microbe-h2-s10,microbe-h2-s10,PASS,PASS,PASS,False,microbe,PASS,PASS,PASS,PASS,PASS,PASS,"The generated phenotype shows a coherent blend of body/growth plan, appendages, terminal structures and surface material. Earth-species accuracy is not required; leave this combination alone unless runtime animation reveals attachment problems.",microbe-h2-s10.png,440,440,RGBA,fcc5137f0e2b502d849c36d0cf39b3f7e6cbbe9341ce4c2703fde4d69cfc5d8c,fcc5137f0e2b502d849c36d0cf39b3f7e6cbbe9341ce4c2703fde4d69cfc5d8c
microbe-h2-s11,microbe-h2-s11,PASS,PASS,PASS,False,microbe,PASS,PASS,PASS,PASS,PASS,PASS,"The generated phenotype shows a coherent blend of body/growth plan, appendages, terminal structures and surface material. Earth-species accuracy is not required; leave this combination alone unless runtime animation reveals attachment problems.",microbe-h2-s11.png,440,440,RGBA,d5e6f047ffb45fa88a87ba8529664a04e6f1850cf831ad67a5207d2e854792cf,d5e6f047ffb45fa88a87ba8529664a04e6f1850cf831ad67a5207d2e854792cf
microbe-h2-s12,microbe-h2-s12,PASS,PASS,PASS,False,microbe,PASS,PASS,PASS,PASS,PASS,PASS,"The generated phenotype shows a coherent blend of body/growth plan, appendages, terminal structures and surface material. Earth-species accuracy is not required; leave this combination alone unless runtime animation reveals attachment problems.",microbe-h2-s12.png,440,440,RGBA,254e5dfc6489a0762c1910e1bd11b923fa0a489a91c48aed9c473139d3c7b42c,254e5dfc6489a0762c1910e1bd11b923fa0a489a91c48aed9c473139d3c7b42c
microbe-h2-s13,microbe-h2-s13,PASS,PASS,PASS,False,microbe,PASS,PASS,PASS,PASS,PASS,PASS,"The generated phenotype shows a coherent blend of body/growth plan, appendages, terminal structures and surface material. Earth-species accuracy is not required; leave this combination alone unless runtime animation reveals attachment problems.",microbe-h2-s13.png,440,440,RGBA,1e8467ddafce1180ca46d9f614cb5d08915523d3e9e6fd20c866e3f748d807c4,1e8467ddafce1180ca46d9f614cb5d08915523d3e9e6fd20c866e3f748d807c4
microbe-h2-s14,microbe-h2-s14,PASS,PASS,PASS,False,microbe,PASS,PASS,PASS,PASS,PASS,PASS,"The generated phenotype shows a coherent blend of body/growth plan, appendages, terminal structures and surface material. Earth-species accuracy is not required; leave this combination alone unless runtime animation reveals attachment problems.",microbe-h2-s14.png,440,440,RGBA,0699b94a071c5c5266304a00caf52c3bae3c3fa1025bd5b7bb4a423c24ae1618,0699b94a071c5c5266304a00caf52c3bae3c3fa1025bd5b7bb4a423c24ae1618
microbe-h2-s15,microbe-h2-s15,PASS,PASS,PASS,False,microbe,PASS,PASS,PASS,PASS,PASS,PASS,"The generated phenotype shows a coherent blend of body/growth plan, appendages, terminal structures and surface material. Earth-species accuracy is not required; leave this combination alone unless runtime animation reveals attachment problems.",microbe-h2-s15.png,440,440,RGBA,554bab19bf2ae44a7f840b8bf7c0994d94bb6eb460b9a31f5a582d4d83410bfe,554bab19bf2ae44a7f840b8bf7c0994d94bb6eb460b9a31f5a582d4d83410bfe
microbe-h2-s16,microbe-h2-s16,PASS,PASS,PASS,False,microbe,PASS,PASS,PASS,PASS,PASS,PASS,"The generated phenotype shows a coherent blend of body/growth plan, appendages, terminal structures and surface material. Earth-species accuracy is not required; leave this combination alone unless runtime animation reveals attachment problems.",microbe-h2-s16.png,440,440,RGBA,94c0ad337e2fd451246755f28f93e45fcfcb23f24cbeae3dda446f5b5c8bcb91,94c0ad337e2fd451246755f28f93e45fcfcb23f24cbeae3dda446f5b5c8bcb91
microbe-h2-s17,microbe-h2-s17,PASS,PASS,FAIL,True,microbe,PASS,PASS,PASS,PASS,PASS,PASS,"The generated phenotype shows a coherent blend of body/growth plan, appendages, terminal structures and surface material. Earth-species accuracy is not required; leave this combination alone unless runtime animation reveals attachment problems.",microbe-h2-s17.png,440,440,RGBA,8e7a032462a5af58581c884959efe7ee7091a70a41ea554698c5d449bc55f21c,ea315075ef5fc2e6000f3bdfad4ea8e2f31eb08ddd224b902e8e4eae404f54bb
microbe-h2-s18,microbe-h2-s18,PASS,PASS,PASS,False,microbe,PASS,PASS,PASS,PASS,PASS,PASS,"The generated phenotype shows a coherent blend of body/growth plan, appendages, terminal structures and surface material. Earth-species accuracy is not required; leave this combination alone unless runtime animation reveals attachment problems.",microbe-h2-s18.png,440,440,RGBA,fa23f37d4d709c78b720087a107aad111fc84f3c6ab49ceaf92eca32a9a73641,fa23f37d4d709c78b720087a107aad111fc84f3c6ab49ceaf92eca32a9a73641
microbe-h2-s19,microbe-h2-s19,PASS,PASS,PASS,False,microbe,PASS,PASS,PASS,PASS,PASS,PASS,"The generated phenotype shows a coherent blend of body/growth plan, appendages, terminal structures and surface material. Earth-species accuracy is not required; leave this combination alone unless runtime animation reveals attachment problems.",microbe-h2-s19.png,440,440,RGBA,3c4ce90b7e9e0b5ca38ef6072b47b72befff53687e051a91f5405b96f4e96fb0,3c4ce90b7e9e0b5ca38ef6072b47b72befff53687e051a91f5405b96f4e96fb0
microbe-h2-s2,microbe-h2-s2,PASS,PASS,PASS,True,microbe,PASS,PASS,PASS,PASS,PASS,PASS,"The generated phenotype shows a coherent blend of body/growth plan, appendages, terminal structures and surface material. Earth-species accuracy is not required; leave this combination alone unless runtime animation reveals attachment problems.",microbe-h2-s2.png,440,440,RGBA,b6e65230ead01e4a204cdcdba1ce86d19490faceb0f366f935d65f98422c0d2c,821f0041a123a26ea0c26995f8a878cb600677479edd1a337cc7f33895b302f7
microbe-h2-s3,microbe-h2-s3,PASS,PASS,PASS,False,microbe,PASS,PASS,PASS,PASS,PASS,PASS,"The generated phenotype shows a coherent blend of body/growth plan, appendages, terminal structures and surface material. Earth-species accuracy is not required; leave this combination alone unless runtime animation reveals attachment problems.",microbe-h2-s3.png,440,440,RGBA,c7b623e6a0cfc598244835d3eec0ab245b8d0801e294471394161eef4dc03770,c7b623e6a0cfc598244835d3eec0ab245b8d0801e294471394161eef4dc03770
microbe-h2-s4,microbe-h2-s4,PASS,PASS,PASS,False,microbe,PASS,PASS,PASS,PASS,PASS,PASS,"The generated phenotype shows a coherent blend of body/growth plan, appendages, terminal structures and surface material. Earth-species accuracy is not required; leave this combination alone unless runtime animation reveals attachment problems.",microbe-h2-s4.png,440,440,RGBA,95292d633bd9d5dd7b10f6eb11f4c383401e4a62c77e32a5449be2a9b1f55c07,95292d633bd9d5dd7b10f6eb11f4c383401e4a62c77e32a5449be2a9b1f55c07
microbe-h2-s5,microbe-h2-s5,PASS,PASS,FAIL,True,microbe,PASS,PASS,PASS,PASS,PASS,PASS,"The generated phenotype shows a coherent blend of body/growth plan, appendages, terminal structures and surface material. Earth-species accuracy is not required; leave this combination alone unless runtime animation reveals attachment problems.",microbe-h2-s5.png,440,440,RGBA,c308758d1175143e40645ee16ce5e7f2347a6a8fb0ecc8e9245e3e8c3d533034,ea315075ef5fc2e6000f3bdfad4ea8e2f31eb08ddd224b902e8e4eae404f54bb
microbe-h2-s6,microbe-h2-s6,PASS,PASS,PASS,True,microbe,PASS,PASS,PASS,PASS,PASS,PASS,"The generated phenotype shows a coherent blend of body/growth plan, appendages, terminal structures and surface material. Earth-species accuracy is not required; leave this combination alone unless runtime animation reveals attachment problems.",microbe-h2-s6.png,440,440,RGBA,14c4093ba8e8308a79fe45777db8e191423501eeea98b8cf1bf67834d3978252,9fd9265cf3c884604404d1e114e95c4d116a71ad3e4a33860d44bf23f4a8c40a
microbe-h2-s7,microbe-h2-s7,PASS,PASS,PASS,False,microbe,PASS,PASS,PASS,PASS,PASS,PASS,"The generated phenotype shows a coherent blend of body/growth plan, appendages, terminal structures and surface material. Earth-species accuracy is not required; leave this combination alone unless runtime animation reveals attachment problems.",microbe-h2-s7.png,440,440,RGBA,07dcd4b2a3bb0a6a9d9da53a01e107515022ba65345826ad61372fd20a2a5563,07dcd4b2a3bb0a6a9d9da53a01e107515022ba65345826ad61372fd20a2a5563
microbe-h2-s8,microbe-h2-s8,PASS,PASS,PASS,True,microbe,PASS,PASS,PASS,PASS,PASS,PASS,"The generated phenotype shows a coherent blend of body/growth plan, appendages, terminal structures and surface material. Earth-species accuracy is not required; leave this combination alone unless runtime animation reveals attachment problems.",microbe-h2-s8.png,440,440,RGBA,a8a6575c39cdd670e55c592ad724f986e5e44cbe81b4d15a8acbe6f6f5be10ce,af555ad07cd6a2ca0f76d316f2a214fd1e4ea142fae0d0d2d1510ea756ea4767
microbe-h2-s9,microbe-h2-s9,PASS,PASS,FAIL,True,microbe,PASS,PASS,PASS,PASS,PASS,PASS,"The generated phenotype shows a coherent blend of body/growth plan, appendages, terminal structures and surface material. Earth-species accuracy is not required; leave this combination alone unless runtime animation reveals attachment problems.",microbe-h2-s9.png,440,440,RGBA,1fa5385558ac6d1a535f1833468cd00a9c065f38309ebe5afc0e3d79b9aba871,ea315075ef5fc2e6000f3bdfad4ea8e2f31eb08ddd224b902e8e4eae404f54bb
