asset_id,display_name,binary_result,review_band,overall_growth_form,roots_or_attachment,stem_trunk,leaves_fronds,flower_fruit_spore_harvest,scale_and_silhouette,assessment_and_required_fix,changed_since_previous_pass,filename,width,height,mode,sha256,exact_duplicate_with,prior_review_band,expected_growth_family,strict_status,manual_recheck_note,template_family_note,strict_assessment,binary_gate,status_change_from_prior
Acacia,Acacia,PASS,PASS_WITH_POLISH,PASS,POLISH,POLISH,POLISH,POLISH,POLISH,Flat-topped savanna canopy reads; increase crown width/branch structure slightly.,False,Acacia.png,440,440,RGBA,a15743ebbddc6b1fa2b2722374d3d3dcdb9f878bbfbccec60c342cc096222113,,PASS_WITH_POLISH,Tropical trees,HOLD,,"The catalog overuses a round canopy on a straight trunk. Match the species’ trunk habit, branching architecture, crown shape, leaf masses, bark and fruit/flower attachment.","Flat-topped savanna canopy reads; increase crown width/branch structure slightly. The catalog overuses a round canopy on a straight trunk. Match the species’ trunk habit, branching architecture, crown shape, leaf masses, bark and fruit/flower attachment.",FAIL,PASS_WITH_POLISH -> HOLD
Acai,Acai,FAIL,FAIL,FAIL,PASS,FAIL,FAIL,FAIL,FAIL,Should read as a palm with dark berry clusters; current thin stem/leaf ladder is not recognizable.,False,Acai.png,440,440,RGBA,7b1f5e7e4936debce9fe784371fb0b5ed2076fb176d6be05ee8a54e471de26cd,,FAIL,Other plant or harvest type,FAIL,,"Acai needs a species-specific growth-form check: roots/attachment, stem or trunk, leaf/frond arrangement, flower/fruit/spore organ and overall scale.","Should read as a palm with dark berry clusters; current thin stem/leaf ladder is not recognizable. Acai needs a species-specific growth-form check: roots/attachment, stem or trunk, leaf/frond arrangement, flower/fruit/spore organ and overall scale.",FAIL,UNCHANGED
Acorn,Acorn,PASS,PASS_WITH_POLISH,PASS,POLISH,POLISH,POLISH,POLISH,POLISH,"Clarify this as a harvest item rather than a fruiting tree portrait, or link it explicitly to Oak.",False,Acorn.png,440,440,RGBA,c310fb6a9ec899ae7eb2f9cfff58d76e0c22367084549525f6f9c1ac89cd224e,,PASS_WITH_POLISH,Other plant or harvest type,HOLD,,"Acorn needs a species-specific growth-form check: roots/attachment, stem or trunk, leaf/frond arrangement, flower/fruit/spore organ and overall scale.","Clarify this as a harvest item rather than a fruiting tree portrait, or link it explicitly to Oak. Acorn needs a species-specific growth-form check: roots/attachment, stem or trunk, leaf/frond arrangement, flower/fruit/spore organ and overall scale.",FAIL,PASS_WITH_POLISH -> HOLD
African_Ginger,African Ginger,PASS,PASS_WITH_POLISH,PASS,POLISH,POLISH,POLISH,POLISH,POLISH,"No critical duplicate, clipping, or gross growth-family error found. Broad growth form is usable; species-level botanical specificity may still be simplified.",False,African_Ginger.png,440,440,RGBA,a83f47425b172927831887e89ecaaf01a214e6a5909f3202bdc887bed541b3eb,,PASS_WITH_POLISH,Other plant or harvest type,HOLD,,"African Ginger needs a species-specific growth-form check: roots/attachment, stem or trunk, leaf/frond arrangement, flower/fruit/spore organ and overall scale.","No critical duplicate, clipping, or gross growth-family error found. Broad growth form is usable; species-level botanical specificity may still be simplified. African Ginger needs a species-specific growth-form check: roots/attachment, stem or trunk, leaf/frond arrangement, flower/fruit/spore organ and overall scale.",FAIL,PASS_WITH_POLISH -> HOLD
Agave,Agave,PASS,PASS_WITH_POLISH,PASS,POLISH,POLISH,POLISH,POLISH,POLISH,"No critical duplicate, clipping, or gross growth-family error found. Broad growth form is usable; species-level botanical specificity may still be simplified.",False,Agave.png,440,440,RGBA,32d3f9dcfa0cb917d5de7a44104bde5a89f4daa9f9eb9b0ae5ffd136b722132f,,PASS_WITH_POLISH,12. Succulents and Desert Plants,HOLD,,"Match stem geometry, branching/rosette habit, pads/ribs, spines, flower and fruit placement for the named cactus or succulent.","No critical duplicate, clipping, or gross growth-family error found. Broad growth form is usable; species-level botanical specificity may still be simplified. Match stem geometry, branching/rosette habit, pads/ribs, spines, flower and fruit placement for the named cactus or succulent.",FAIL,PASS_WITH_POLISH -> HOLD
Air_Plant,Air Plant,PASS,PASS_WITH_POLISH,PASS,POLISH,POLISH,POLISH,POLISH,POLISH,"No critical duplicate, clipping, or gross growth-family error found. Broad growth form is usable; species-level botanical specificity may still be simplified.",False,Air_Plant.png,440,440,RGBA,f1850b0118bfba73615f0aa4b697c8c80dd7b8cd95b4c3faa019925d6b927a9b,,PASS_WITH_POLISH,17. Parasitic and Unusual Plants,HOLD,,"Air Plant needs a species-specific growth-form check: roots/attachment, stem or trunk, leaf/frond arrangement, flower/fruit/spore organ and overall scale.","No critical duplicate, clipping, or gross growth-family error found. Broad growth form is usable; species-level botanical specificity may still be simplified. Air Plant needs a species-specific growth-form check: roots/attachment, stem or trunk, leaf/frond arrangement, flower/fruit/spore organ and overall scale.",FAIL,PASS_WITH_POLISH -> HOLD
Alfalfa,Alfalfa,PASS,PASS_WITH_POLISH,PASS,POLISH,POLISH,POLISH,POLISH,POLISH,"No critical duplicate, clipping, or gross growth-family error found. Broad growth form is usable; species-level botanical specificity may still be simplified.",False,Alfalfa.png,440,440,RGBA,21b38c82c37f265e8de4c5ccc661783bed43320bd49505816bc7dbfb254a13b2,,PASS_WITH_POLISH,Other plant or harvest type,HOLD,,"Alfalfa needs a species-specific growth-form check: roots/attachment, stem or trunk, leaf/frond arrangement, flower/fruit/spore organ and overall scale.","No critical duplicate, clipping, or gross growth-family error found. Broad growth form is usable; species-level botanical specificity may still be simplified. Alfalfa needs a species-specific growth-form check: roots/attachment, stem or trunk, leaf/frond arrangement, flower/fruit/spore organ and overall scale.",FAIL,PASS_WITH_POLISH -> HOLD
Aloe,Aloe,PASS,PASS_WITH_POLISH,PASS,POLISH,POLISH,POLISH,POLISH,POLISH,"No critical duplicate, clipping, or gross growth-family error found. Broad growth form is usable; species-level botanical specificity may still be simplified.",False,Aloe.png,440,440,RGBA,4bcce218f0f8b993494b535bea9b6ee3cedbed1fdf182d349d9e5078ee2f56de,,PASS_WITH_POLISH,12. Succulents and Desert Plants,HOLD,,"Match stem geometry, branching/rosette habit, pads/ribs, spines, flower and fruit placement for the named cactus or succulent.","No critical duplicate, clipping, or gross growth-family error found. Broad growth form is usable; species-level botanical specificity may still be simplified. Match stem geometry, branching/rosette habit, pads/ribs, spines, flower and fruit placement for the named cactus or succulent.",FAIL,PASS_WITH_POLISH -> HOLD
Alpine_Mint,Alpine Mint,PASS,PASS_WITH_POLISH,PASS,POLISH,POLISH,POLISH,POLISH,POLISH,"No critical duplicate, clipping, or gross growth-family error found. Broad growth form is usable; species-level botanical specificity may still be simplified.",False,Alpine_Mint.png,440,440,RGBA,04b30e07ec293449fa491c77e3ce968d1323bf18d2748502ee86ad15a918070a,,PASS_WITH_POLISH,Other plant or harvest type,HOLD,,"Alpine Mint needs a species-specific growth-form check: roots/attachment, stem or trunk, leaf/frond arrangement, flower/fruit/spore organ and overall scale.","No critical duplicate, clipping, or gross growth-family error found. Broad growth form is usable; species-level botanical specificity may still be simplified. Alpine Mint needs a species-specific growth-form check: roots/attachment, stem or trunk, leaf/frond arrangement, flower/fruit/spore organ and overall scale.",FAIL,PASS_WITH_POLISH -> HOLD
Alpine_Sorrel,Alpine Sorrel,PASS,PASS_WITH_POLISH,PASS,POLISH,POLISH,POLISH,POLISH,POLISH,"No critical duplicate, clipping, or gross growth-family error found. Broad growth form is usable; species-level botanical specificity may still be simplified.",False,Alpine_Sorrel.png,440,440,RGBA,82e8267adcc2652912fe578236f91a6d6fdece9b399f515859a3561a3b57d7cf,,PASS_WITH_POLISH,Other plant or harvest type,HOLD,,"Alpine Sorrel needs a species-specific growth-form check: roots/attachment, stem or trunk, leaf/frond arrangement, flower/fruit/spore organ and overall scale.","No critical duplicate, clipping, or gross growth-family error found. Broad growth form is usable; species-level botanical specificity may still be simplified. Alpine Sorrel needs a species-specific growth-form check: roots/attachment, stem or trunk, leaf/frond arrangement, flower/fruit/spore organ and overall scale.",FAIL,PASS_WITH_POLISH -> HOLD
Amaranth,Amaranth,PASS,PASS_WITH_POLISH,PASS,POLISH,POLISH,POLISH,POLISH,POLISH,"No critical duplicate, clipping, or gross growth-family error found. Broad growth form is usable; species-level botanical specificity may still be simplified.",False,Amaranth.png,440,440,RGBA,935ee681ba36be2bc134f41dd84ecafed53fdc7ea4d160adef1c9af29b0dd068,,PASS_WITH_POLISH,7. Grain and Staple Crops,HOLD,,"Correct the culm, leaf arrangement and species-specific seed head/inflorescence; many grains currently share one generic spike or grass tuft.","No critical duplicate, clipping, or gross growth-family error found. Broad growth form is usable; species-level botanical specificity may still be simplified. Correct the culm, leaf arrangement and species-specific seed head/inflorescence; many grains currently share one generic spike or grass tuft.",FAIL,PASS_WITH_POLISH -> HOLD
Angel's_Trumpet,Angel's Trumpet,FAIL,FAIL,FAIL,PASS,FAIL,PASS,FAIL,FAIL,Add woody shrub/tree structure with large hanging trumpet flowers.,False,Angel's_Trumpet.png,440,440,RGBA,88db67b9b90510be34cbffa31441b67d8d3bc5ba905c034e5d6f91f71a9a331f,,FAIL,Other plant or harvest type,FAIL,,"Angel's Trumpet needs a species-specific growth-form check: roots/attachment, stem or trunk, leaf/frond arrangement, flower/fruit/spore organ and overall scale.","Add woody shrub/tree structure with large hanging trumpet flowers. Angel's Trumpet needs a species-specific growth-form check: roots/attachment, stem or trunk, leaf/frond arrangement, flower/fruit/spore organ and overall scale.",FAIL,UNCHANGED
Angelica,Angelica,PASS,PASS_WITH_POLISH,PASS,POLISH,POLISH,POLISH,POLISH,POLISH,Add compound umbels and broader herb structure.,False,Angelica.png,440,440,RGBA,199f70412e4a5993f8b558e473e91ce493c54c2e60910b58fee718aec36a7ced,,PASS_WITH_POLISH,Other plant or harvest type,HOLD,,"Angelica needs a species-specific growth-form check: roots/attachment, stem or trunk, leaf/frond arrangement, flower/fruit/spore organ and overall scale.","Add compound umbels and broader herb structure. Angelica needs a species-specific growth-form check: roots/attachment, stem or trunk, leaf/frond arrangement, flower/fruit/spore organ and overall scale.",FAIL,PASS_WITH_POLISH -> HOLD
Anise,Anise,PASS,PASS_WITH_POLISH,PASS,POLISH,POLISH,POLISH,POLISH,POLISH,"No critical duplicate, clipping, or gross growth-family error found. Broad growth form is usable; species-level botanical specificity may still be simplified.",False,Anise.png,440,440,RGBA,8701b9bd8201ebc31bd6c14b7a41432d5c05624b88e97013fcdc875ef3088840,,PASS_WITH_POLISH,Other plant or harvest type,HOLD,,"Anise needs a species-specific growth-form check: roots/attachment, stem or trunk, leaf/frond arrangement, flower/fruit/spore organ and overall scale.","No critical duplicate, clipping, or gross growth-family error found. Broad growth form is usable; species-level botanical specificity may still be simplified. Anise needs a species-specific growth-form check: roots/attachment, stem or trunk, leaf/frond arrangement, flower/fruit/spore organ and overall scale.",FAIL,PASS_WITH_POLISH -> HOLD
Apple,Apple,PASS,PASS_WITH_POLISH,PASS,POLISH,POLISH,POLISH,POLISH,POLISH,"No critical duplicate, clipping, or gross growth-family error found. Broad growth form is usable; species-level botanical specificity may still be simplified.",False,Apple.png,440,440,RGBA,da952fc48cadd601553084c719e7f2336bd8de2a20619c0ffb208eadd6f6ba6e,,PASS_WITH_POLISH,4. Fruit and Nut Trees,HOLD,,"The catalog overuses a round canopy on a straight trunk. Match the species’ trunk habit, branching architecture, crown shape, leaf masses, bark and fruit/flower attachment.","No critical duplicate, clipping, or gross growth-family error found. Broad growth form is usable; species-level botanical specificity may still be simplified. The catalog overuses a round canopy on a straight trunk. Match the species’ trunk habit, branching architecture, crown shape, leaf masses, bark and fruit/flower attachment.",FAIL,PASS_WITH_POLISH -> HOLD
Apricot,Apricot,PASS,PASS_WITH_POLISH,PASS,POLISH,POLISH,POLISH,POLISH,POLISH,"No critical duplicate, clipping, or gross growth-family error found. Broad growth form is usable; species-level botanical specificity may still be simplified.",False,Apricot.png,440,440,RGBA,59bbf0392d25752d7591ff2655d1c1fb5311a0cd6a123d7693dd150cec3d93e4,,PASS_WITH_POLISH,4. Fruit and Nut Trees,HOLD,,"The catalog overuses a round canopy on a straight trunk. Match the species’ trunk habit, branching architecture, crown shape, leaf masses, bark and fruit/flower attachment.","No critical duplicate, clipping, or gross growth-family error found. Broad growth form is usable; species-level botanical specificity may still be simplified. The catalog overuses a round canopy on a straight trunk. Match the species’ trunk habit, branching architecture, crown shape, leaf masses, bark and fruit/flower attachment.",FAIL,PASS_WITH_POLISH -> HOLD
Arctic_Blueberry,Arctic Blueberry,PASS,PASS_WITH_POLISH,PASS,POLISH,POLISH,POLISH,POLISH,POLISH,"No critical duplicate, clipping, or gross growth-family error found. Broad growth form is usable; species-level botanical specificity may still be simplified.",False,Arctic_Blueberry.png,440,440,RGBA,1706e880e6a537d53ca22de7b609149d8a669fe06402a0ac3b8c9ad36c3306f5,,PASS_WITH_POLISH,Other plant or harvest type,HOLD,,"Arctic Blueberry needs a species-specific growth-form check: roots/attachment, stem or trunk, leaf/frond arrangement, flower/fruit/spore organ and overall scale.","No critical duplicate, clipping, or gross growth-family error found. Broad growth form is usable; species-level botanical specificity may still be simplified. Arctic Blueberry needs a species-specific growth-form check: roots/attachment, stem or trunk, leaf/frond arrangement, flower/fruit/spore organ and overall scale.",FAIL,PASS_WITH_POLISH -> HOLD
Arctic_Sorrel,Arctic Sorrel,PASS,PASS_WITH_POLISH,PASS,POLISH,POLISH,POLISH,POLISH,POLISH,"No critical duplicate, clipping, or gross growth-family error found. Broad growth form is usable; species-level botanical specificity may still be simplified.",False,Arctic_Sorrel.png,440,440,RGBA,47b54c56b2c65d236336220ed445c57fe877bba36d32e8bffb12c7520318780c,,PASS_WITH_POLISH,Other plant or harvest type,HOLD,,"Arctic Sorrel needs a species-specific growth-form check: roots/attachment, stem or trunk, leaf/frond arrangement, flower/fruit/spore organ and overall scale.","No critical duplicate, clipping, or gross growth-family error found. Broad growth form is usable; species-level botanical specificity may still be simplified. Arctic Sorrel needs a species-specific growth-form check: roots/attachment, stem or trunk, leaf/frond arrangement, flower/fruit/spore organ and overall scale.",FAIL,PASS_WITH_POLISH -> HOLD
Arctic_Willow,Arctic Willow,PASS,PASS_WITH_POLISH,PASS,POLISH,POLISH,POLISH,POLISH,POLISH,"No critical duplicate, clipping, or gross growth-family error found. Broad growth form is usable; species-level botanical specificity may still be simplified.",False,Arctic_Willow.png,440,440,RGBA,91116f325f29a5a3e08ce43cda80b272b69503aa1fc85f2413b68f081a5f1f75,,PASS_WITH_POLISH,Other plant or harvest type,HOLD,,"Arctic Willow needs a species-specific growth-form check: roots/attachment, stem or trunk, leaf/frond arrangement, flower/fruit/spore organ and overall scale.","No critical duplicate, clipping, or gross growth-family error found. Broad growth form is usable; species-level botanical specificity may still be simplified. Arctic Willow needs a species-specific growth-form check: roots/attachment, stem or trunk, leaf/frond arrangement, flower/fruit/spore organ and overall scale.",FAIL,PASS_WITH_POLISH -> HOLD
Arnica,Arnica,PASS,PASS_WITH_POLISH,PASS,POLISH,POLISH,POLISH,POLISH,POLISH,"No critical duplicate, clipping, or gross growth-family error found. Broad growth form is usable; species-level botanical specificity may still be simplified.",False,Arnica.png,440,440,RGBA,83a7cdc7580fb4d8cfa77922e0ce1c5194e2f5a604bd4980675bf07526f9958c,,PASS_WITH_POLISH,Other plant or harvest type,HOLD,,"Arnica needs a species-specific growth-form check: roots/attachment, stem or trunk, leaf/frond arrangement, flower/fruit/spore organ and overall scale.","No critical duplicate, clipping, or gross growth-family error found. Broad growth form is usable; species-level botanical specificity may still be simplified. Arnica needs a species-specific growth-form check: roots/attachment, stem or trunk, leaf/frond arrangement, flower/fruit/spore organ and overall scale.",FAIL,PASS_WITH_POLISH -> HOLD
Arrowhead,Arrowhead,PASS,PASS_WITH_POLISH,PASS,POLISH,POLISH,POLISH,POLISH,POLISH,Current organ-like blobs read as harvest items; source plant should show aquatic arrow-shaped leaves.,False,Arrowhead.png,440,440,RGBA,76f44563147eab12a1ac5690a9cbe4a883954d0a748b55eb49942c058fb5aba2,,PASS_WITH_POLISH,Other plant or harvest type,HOLD,,"Arrowhead needs a species-specific growth-form check: roots/attachment, stem or trunk, leaf/frond arrangement, flower/fruit/spore organ and overall scale.","Current organ-like blobs read as harvest items; source plant should show aquatic arrow-shaped leaves. Arrowhead needs a species-specific growth-form check: roots/attachment, stem or trunk, leaf/frond arrangement, flower/fruit/spore organ and overall scale.",FAIL,PASS_WITH_POLISH -> HOLD
Arrowroot,Arrowroot,PASS,PASS_WITH_POLISH,PASS,POLISH,POLISH,POLISH,POLISH,POLISH,Current rosette lacks the broad tropical leaves and rhizome/source relationship.,False,Arrowroot.png,440,440,RGBA,9178e5a23d708fd4c16097e08c583fdff8c0d34b3fb0cc3630e2d8351a61dcef,,PASS_WITH_POLISH,7. Grain and Staple Crops,HOLD,,"Correct the culm, leaf arrangement and species-specific seed head/inflorescence; many grains currently share one generic spike or grass tuft.","Current rosette lacks the broad tropical leaves and rhizome/source relationship. Correct the culm, leaf arrangement and species-specific seed head/inflorescence; many grains currently share one generic spike or grass tuft.",FAIL,PASS_WITH_POLISH -> HOLD
Avocado,Avocado,PASS,PASS_WITH_POLISH,PASS,POLISH,POLISH,POLISH,POLISH,POLISH,"No critical duplicate, clipping, or gross growth-family error found. Broad growth form is usable; species-level botanical specificity may still be simplified.",False,Avocado.png,440,440,RGBA,f270e3770a6880f14d2fdbcb64af18e1c9e4cf9dc2297bc86a007a944ae866ef,,PASS_WITH_POLISH,4. Fruit and Nut Trees,HOLD,,"The catalog overuses a round canopy on a straight trunk. Match the species’ trunk habit, branching architecture, crown shape, leaf masses, bark and fruit/flower attachment.","No critical duplicate, clipping, or gross growth-family error found. Broad growth form is usable; species-level botanical specificity may still be simplified. The catalog overuses a round canopy on a straight trunk. Match the species’ trunk habit, branching architecture, crown shape, leaf masses, bark and fruit/flower attachment.",FAIL,PASS_WITH_POLISH -> HOLD
Bamboo_Shoots,Bamboo Shoots,PASS,PASS_WITH_POLISH,PASS,POLISH,POLISH,POLISH,POLISH,POLISH,Clarify as a harvest item with conical shoots rather than a generic grass tuft.,False,Bamboo_Shoots.png,440,440,RGBA,8ffa0a02c809e78557e57f9ca83f7c6d13a28373930e934e59e461132f7f92c9,,PASS_WITH_POLISH,Other plant or harvest type,HOLD,,"Bamboo Shoots needs a species-specific growth-form check: roots/attachment, stem or trunk, leaf/frond arrangement, flower/fruit/spore organ and overall scale.","Clarify as a harvest item with conical shoots rather than a generic grass tuft. Bamboo Shoots needs a species-specific growth-form check: roots/attachment, stem or trunk, leaf/frond arrangement, flower/fruit/spore organ and overall scale.",FAIL,PASS_WITH_POLISH -> HOLD
Banana,Banana,PASS,PASS,PASS,PASS,PASS,PASS,PASS,PASS,Broad banana leaves and fruit cluster read clearly.,False,Banana.png,440,440,RGBA,f1cc363578bcdf7fde9cac0e70f1f7977905827d4499fb501fed7f2022ae1541,,PASS,Other plant or harvest type,FAIL,"Current palm-like trunk/crown does not match a banana plant. Use a giant herb with overlapping pseudostem, very broad torn leaves, and a hanging banana bunch with terminal flower.","Banana needs a species-specific growth-form check: roots/attachment, stem or trunk, leaf/frond arrangement, flower/fruit/spore organ and overall scale.","Current palm-like trunk/crown does not match a banana plant. Use a giant herb with overlapping pseudostem, very broad torn leaves, and a hanging banana bunch with terminal flower.",FAIL,PASS -> FAIL
Baobab,Baobab,PASS,PASS,PASS,PASS,PASS,PASS,PASS,PASS,Massive bottle trunk and compact crown are recognizable.,False,Baobab.png,440,440,RGBA,b24bf6bb45db3381d5b21b148ebf11abf31450900b275a7a684476b8362753b5,,PASS,Tropical trees,PASS,,"The catalog overuses a round canopy on a straight trunk. Match the species’ trunk habit, branching architecture, crown shape, leaf masses, bark and fruit/flower attachment.",PASS — Leave alone. The source plant or harvest organ has an appropriate growth form and recognizable silhouette.,PASS,UNCHANGED
Barley,Barley,PASS,PASS_WITH_POLISH,PASS,POLISH,POLISH,POLISH,POLISH,POLISH,Add a distinct long-awned grain head.,False,Barley.png,440,440,RGBA,7f98d882b1a082c0b4396dfbda13043ebc90664f3cad9d5b8e2bf3caa302af3c,,PASS_WITH_POLISH,7. Grain and Staple Crops,HOLD,,"Correct the culm, leaf arrangement and species-specific seed head/inflorescence; many grains currently share one generic spike or grass tuft.","Add a distinct long-awned grain head. Correct the culm, leaf arrangement and species-specific seed head/inflorescence; many grains currently share one generic spike or grass tuft.",FAIL,PASS_WITH_POLISH -> HOLD
Barrel_Cactus_Fruit,Barrel Cactus Fruit,PASS,PASS_WITH_POLISH,PASS,POLISH,POLISH,POLISH,POLISH,POLISH,"No critical duplicate, clipping, or gross growth-family error found. Broad growth form is usable; species-level botanical specificity may still be simplified.",False,Barrel_Cactus_Fruit.png,440,440,RGBA,b92326a7111e16418ba318e989e0dcb7998f7a63f5d80fe3b955a1632d60b931,,PASS_WITH_POLISH,Other plant or harvest type,HOLD,,"Barrel Cactus Fruit needs a species-specific growth-form check: roots/attachment, stem or trunk, leaf/frond arrangement, flower/fruit/spore organ and overall scale.","No critical duplicate, clipping, or gross growth-family error found. Broad growth form is usable; species-level botanical specificity may still be simplified. Barrel Cactus Fruit needs a species-specific growth-form check: roots/attachment, stem or trunk, leaf/frond arrangement, flower/fruit/spore organ and overall scale.",FAIL,PASS_WITH_POLISH -> HOLD
Bay_Laurel,Bay Laurel,PASS,PASS_WITH_POLISH,PASS,POLISH,POLISH,POLISH,POLISH,POLISH,"No critical duplicate, clipping, or gross growth-family error found. Broad growth form is usable; species-level botanical specificity may still be simplified.",False,Bay_Laurel.png,440,440,RGBA,be8b10b26a44abd801d637a9e6d668e45877f3a0a030ec3973c7981d9e05257a,,PASS_WITH_POLISH,Other plant or harvest type,HOLD,,"Bay Laurel needs a species-specific growth-form check: roots/attachment, stem or trunk, leaf/frond arrangement, flower/fruit/spore organ and overall scale.","No critical duplicate, clipping, or gross growth-family error found. Broad growth form is usable; species-level botanical specificity may still be simplified. Bay Laurel needs a species-specific growth-form check: roots/attachment, stem or trunk, leaf/frond arrangement, flower/fruit/spore organ and overall scale.",FAIL,PASS_WITH_POLISH -> HOLD
Beach_Morning_Glory,Beach Morning Glory,FAIL,FAIL,FAIL,FAIL,PASS,PASS,FAIL,FAIL,Use a creeping coastal vine with funnel flowers; current floating white cluster is not recognizable.,False,Beach_Morning_Glory.png,440,440,RGBA,e16587b0f6c1ae6fd8ed2f891267804495aa28903dfac43f0ecf8c70bfc5a029,,FAIL,Other plant or harvest type,FAIL,,"Beach Morning Glory needs a species-specific growth-form check: roots/attachment, stem or trunk, leaf/frond arrangement, flower/fruit/spore organ and overall scale.","Use a creeping coastal vine with funnel flowers; current floating white cluster is not recognizable. Beach Morning Glory needs a species-specific growth-form check: roots/attachment, stem or trunk, leaf/frond arrangement, flower/fruit/spore organ and overall scale.",FAIL,UNCHANGED
Beach_Pea,Beach Pea,PASS,PASS_WITH_POLISH,PASS,POLISH,POLISH,POLISH,POLISH,POLISH,"No critical duplicate, clipping, or gross growth-family error found. Broad growth form is usable; species-level botanical specificity may still be simplified.",False,Beach_Pea.png,440,440,RGBA,b56d54c48fc226b537087d65f54cdf98862c0cffa4b9c15a1a93e402cbbd0b89,,PASS_WITH_POLISH,Other plant or harvest type,HOLD,,"Beach Pea needs a species-specific growth-form check: roots/attachment, stem or trunk, leaf/frond arrangement, flower/fruit/spore organ and overall scale.","No critical duplicate, clipping, or gross growth-family error found. Broad growth form is usable; species-level botanical specificity may still be simplified. Beach Pea needs a species-specific growth-form check: roots/attachment, stem or trunk, leaf/frond arrangement, flower/fruit/spore organ and overall scale.",FAIL,PASS_WITH_POLISH -> HOLD
Beach_Plum,Beach Plum,PASS,PASS_WITH_POLISH,PASS,POLISH,POLISH,POLISH,POLISH,POLISH,"No critical duplicate, clipping, or gross growth-family error found. Broad growth form is usable; species-level botanical specificity may still be simplified.",False,Beach_Plum.png,440,440,RGBA,7fe959163b3bfc1dc586684e674fe59d5524c4743bb71c25641b1d3864ec6419,,PASS_WITH_POLISH,Other plant or harvest type,HOLD,,"Beach Plum needs a species-specific growth-form check: roots/attachment, stem or trunk, leaf/frond arrangement, flower/fruit/spore organ and overall scale.","No critical duplicate, clipping, or gross growth-family error found. Broad growth form is usable; species-level botanical specificity may still be simplified. Beach Plum needs a species-specific growth-form check: roots/attachment, stem or trunk, leaf/frond arrangement, flower/fruit/spore organ and overall scale.",FAIL,PASS_WITH_POLISH -> HOLD
Bearberry,Bearberry,PASS,PASS_WITH_POLISH,PASS,POLISH,POLISH,POLISH,POLISH,POLISH,"No critical duplicate, clipping, or gross growth-family error found. Broad growth form is usable; species-level botanical specificity may still be simplified.",False,Bearberry.png,440,440,RGBA,2116e422817026b5e03af9e282bec18df359f9e30b6dd731d990cf5d9506e62a,,PASS_WITH_POLISH,Other plant or harvest type,HOLD,,"Bearberry needs a species-specific growth-form check: roots/attachment, stem or trunk, leaf/frond arrangement, flower/fruit/spore organ and overall scale.","No critical duplicate, clipping, or gross growth-family error found. Broad growth form is usable; species-level botanical specificity may still be simplified. Bearberry needs a species-specific growth-form check: roots/attachment, stem or trunk, leaf/frond arrangement, flower/fruit/spore organ and overall scale.",FAIL,PASS_WITH_POLISH -> HOLD
Beet,Beet,PASS,PASS_WITH_POLISH,PASS,POLISH,POLISH,POLISH,POLISH,POLISH,"No critical duplicate, clipping, or gross growth-family error found. Broad growth form is usable; species-level botanical specificity may still be simplified.",False,Beet.png,440,440,RGBA,5ec9124d49f61765f0894de8877772eae317229bad781b1b7cd2dd5ee92b6315,,PASS_WITH_POLISH,Root vegetables,HOLD,,"Show the source plant and the correct underground storage organ, leaf top and harvest relationship rather than an isolated generic bulb.","No critical duplicate, clipping, or gross growth-family error found. Broad growth form is usable; species-level botanical specificity may still be simplified. Show the source plant and the correct underground storage organ, leaf top and harvest relationship rather than an isolated generic bulb.",FAIL,PASS_WITH_POLISH -> HOLD
Belladonna,Belladonna,PASS,PASS_WITH_POLISH,PASS,POLISH,POLISH,POLISH,POLISH,POLISH,"No critical duplicate, clipping, or gross growth-family error found. Broad growth form is usable; species-level botanical specificity may still be simplified.",False,Belladonna.png,440,440,RGBA,afd12b852986be3c606547cc137c4aae0e5cabdc78e4a413f9abb186d30a1f7f,,PASS_WITH_POLISH,Other plant or harvest type,HOLD,,"Belladonna needs a species-specific growth-form check: roots/attachment, stem or trunk, leaf/frond arrangement, flower/fruit/spore organ and overall scale.","No critical duplicate, clipping, or gross growth-family error found. Broad growth form is usable; species-level botanical specificity may still be simplified. Belladonna needs a species-specific growth-form check: roots/attachment, stem or trunk, leaf/frond arrangement, flower/fruit/spore organ and overall scale.",FAIL,PASS_WITH_POLISH -> HOLD
Bergamot,Bergamot,PASS,PASS_WITH_POLISH,PASS,POLISH,POLISH,POLISH,POLISH,POLISH,"No critical duplicate, clipping, or gross growth-family error found. Broad growth form is usable; species-level botanical specificity may still be simplified.",False,Bergamot.png,440,440,RGBA,171a43967a727c0ca9fae87a0a5bf3f7996e85369e7e7cf76a9d7f39685be6ff,,PASS_WITH_POLISH,Other plant or harvest type,HOLD,,"Bergamot needs a species-specific growth-form check: roots/attachment, stem or trunk, leaf/frond arrangement, flower/fruit/spore organ and overall scale.","No critical duplicate, clipping, or gross growth-family error found. Broad growth form is usable; species-level botanical specificity may still be simplified. Bergamot needs a species-specific growth-form check: roots/attachment, stem or trunk, leaf/frond arrangement, flower/fruit/spore organ and overall scale.",FAIL,PASS_WITH_POLISH -> HOLD
Bilberry,Bilberry,PASS,PASS_WITH_POLISH,PASS,POLISH,POLISH,POLISH,POLISH,POLISH,"No critical duplicate, clipping, or gross growth-family error found. Broad growth form is usable; species-level botanical specificity may still be simplified.",False,Bilberry.png,440,440,RGBA,7370e7524ff68e23ef9df8a3312fad8977e727869273b6dc52a529e817300d40,,PASS_WITH_POLISH,Other plant or harvest type,HOLD,,"Bilberry needs a species-specific growth-form check: roots/attachment, stem or trunk, leaf/frond arrangement, flower/fruit/spore organ and overall scale.","No critical duplicate, clipping, or gross growth-family error found. Broad growth form is usable; species-level botanical specificity may still be simplified. Bilberry needs a species-specific growth-form check: roots/attachment, stem or trunk, leaf/frond arrangement, flower/fruit/spore organ and overall scale.",FAIL,PASS_WITH_POLISH -> HOLD
Birch_Sap,Birch Sap,PASS,PASS_WITH_POLISH,PASS,POLISH,POLISH,POLISH,POLISH,POLISH,"No critical duplicate, clipping, or gross growth-family error found. Broad growth form is usable; species-level botanical specificity may still be simplified.",False,Birch_Sap.png,440,440,RGBA,e81e9026da950e55368f31427013df66a71d941511de76f0918de4ffffdab2b0,,PASS_WITH_POLISH,Other plant or harvest type,HOLD,,"Birch Sap needs a species-specific growth-form check: roots/attachment, stem or trunk, leaf/frond arrangement, flower/fruit/spore organ and overall scale.","No critical duplicate, clipping, or gross growth-family error found. Broad growth form is usable; species-level botanical specificity may still be simplified. Birch Sap needs a species-specific growth-form check: roots/attachment, stem or trunk, leaf/frond arrangement, flower/fruit/spore organ and overall scale.",FAIL,PASS_WITH_POLISH -> HOLD
Bitterroot,Bitterroot,PASS,PASS_WITH_POLISH,PASS,POLISH,POLISH,POLISH,POLISH,POLISH,"No critical duplicate, clipping, or gross growth-family error found. Broad growth form is usable; species-level botanical specificity may still be simplified.",False,Bitterroot.png,440,440,RGBA,b43d695e80dfb45ba28278b47cb4fcdc5091d6238418b16a52fe4816077b3c4c,,PASS_WITH_POLISH,Other plant or harvest type,HOLD,,"Bitterroot needs a species-specific growth-form check: roots/attachment, stem or trunk, leaf/frond arrangement, flower/fruit/spore organ and overall scale.","No critical duplicate, clipping, or gross growth-family error found. Broad growth form is usable; species-level botanical specificity may still be simplified. Bitterroot needs a species-specific growth-form check: roots/attachment, stem or trunk, leaf/frond arrangement, flower/fruit/spore organ and overall scale.",FAIL,PASS_WITH_POLISH -> HOLD
Black-Eyed_Susan,Black Eyed Susan,PASS,PASS_WITH_POLISH,PASS,POLISH,POLISH,POLISH,POLISH,POLISH,"No critical duplicate, clipping, or gross growth-family error found. Broad growth form is usable; species-level botanical specificity may still be simplified.",False,Black-Eyed_Susan.png,440,440,RGBA,72f622de28dc0e6235cd7fd28dfefaa3d916c78ad9fb0ebb067369f8330f7af6,,PASS_WITH_POLISH,Other plant or harvest type,HOLD,,"Black Eyed Susan needs a species-specific growth-form check: roots/attachment, stem or trunk, leaf/frond arrangement, flower/fruit/spore organ and overall scale.","No critical duplicate, clipping, or gross growth-family error found. Broad growth form is usable; species-level botanical specificity may still be simplified. Black Eyed Susan needs a species-specific growth-form check: roots/attachment, stem or trunk, leaf/frond arrangement, flower/fruit/spore organ and overall scale.",FAIL,PASS_WITH_POLISH -> HOLD
Black_Grape,Black Grape,PASS,PASS_WITH_POLISH,PASS,POLISH,POLISH,POLISH,POLISH,POLISH,"No critical duplicate, clipping, or gross growth-family error found. Broad growth form is usable; species-level botanical specificity may still be simplified.",False,Black_Grape.png,440,440,RGBA,2779711d94b5960401f50819e1b990c36b9b08e1300fb1ef721adda5284b2a36,,PASS_WITH_POLISH,Other plant or harvest type,HOLD,,"Black Grape needs a species-specific growth-form check: roots/attachment, stem or trunk, leaf/frond arrangement, flower/fruit/spore organ and overall scale.","No critical duplicate, clipping, or gross growth-family error found. Broad growth form is usable; species-level botanical specificity may still be simplified. Black Grape needs a species-specific growth-form check: roots/attachment, stem or trunk, leaf/frond arrangement, flower/fruit/spore organ and overall scale.",FAIL,PASS_WITH_POLISH -> HOLD
Black_Pepper,Black Pepper,FAIL,FAIL,FAIL,FAIL,PASS,PASS,FAIL,FAIL,Use a climbing vine with hanging pepper spikes; current red berry chain is insufficient.,False,Black_Pepper.png,440,440,RGBA,bdf4330d54121d227f13dce9dd53015402855e979af850eb2f24b8e0049926cf,,FAIL,9. Herbs and Spices,FAIL,,"Match the named plant’s actual growth habit, leaf arrangement, flower/seed structure and scale; many currently use one vertical leaf-ladder or color-only herb template.","Use a climbing vine with hanging pepper spikes; current red berry chain is insufficient. Match the named plant’s actual growth habit, leaf arrangement, flower/seed structure and scale; many currently use one vertical leaf-ladder or color-only herb template.",FAIL,UNCHANGED
Blackberry,Blackberry,PASS,PASS_WITH_POLISH,PASS,POLISH,POLISH,POLISH,POLISH,POLISH,"No critical duplicate, clipping, or gross growth-family error found. Broad growth form is usable; species-level botanical specificity may still be simplified.",False,Blackberry.png,440,440,RGBA,9bd5a5eb5f108656b8d86b8bdffc4bd3062d28825fe35466542bf2aac0f0455d,,PASS_WITH_POLISH,5. Shrubs and Bushes,HOLD,,"Blackberry needs a species-specific growth-form check: roots/attachment, stem or trunk, leaf/frond arrangement, flower/fruit/spore organ and overall scale.","No critical duplicate, clipping, or gross growth-family error found. Broad growth form is usable; species-level botanical specificity may still be simplified. Blackberry needs a species-specific growth-form check: roots/attachment, stem or trunk, leaf/frond arrangement, flower/fruit/spore organ and overall scale.",FAIL,PASS_WITH_POLISH -> HOLD
Bladderwrack,Bladderwrack,FAIL,FAIL,FAIL,PASS,PASS,FAIL,PASS,FAIL,Add branching brown fronds with paired air bladders.,False,Bladderwrack.png,440,440,RGBA,76a4dadba14275f247039a00f842946b714e92415bc02895804ffc81cbd1c237,,FAIL,Other plant or harvest type,FAIL,,"Bladderwrack needs a species-specific growth-form check: roots/attachment, stem or trunk, leaf/frond arrangement, flower/fruit/spore organ and overall scale.","Add branching brown fronds with paired air bladders. Bladderwrack needs a species-specific growth-form check: roots/attachment, stem or trunk, leaf/frond arrangement, flower/fruit/spore organ and overall scale.",FAIL,UNCHANGED
Blueberry,Blueberry,PASS,PASS_WITH_POLISH,PASS,POLISH,POLISH,POLISH,POLISH,POLISH,"No critical duplicate, clipping, or gross growth-family error found. Broad growth form is usable; species-level botanical specificity may still be simplified.",False,Blueberry.png,440,440,RGBA,30d2953eab743c8db0b24eba7ed94a34d345bfee04b489ea10735aa618a5de6f,,PASS_WITH_POLISH,5. Shrubs and Bushes,HOLD,,"Blueberry needs a species-specific growth-form check: roots/attachment, stem or trunk, leaf/frond arrangement, flower/fruit/spore organ and overall scale.","No critical duplicate, clipping, or gross growth-family error found. Broad growth form is usable; species-level botanical specificity may still be simplified. Blueberry needs a species-specific growth-form check: roots/attachment, stem or trunk, leaf/frond arrangement, flower/fruit/spore organ and overall scale.",FAIL,PASS_WITH_POLISH -> HOLD
Bog_Myrtle,Bog Myrtle,PASS,PASS_WITH_POLISH,PASS,POLISH,POLISH,POLISH,POLISH,POLISH,"No critical duplicate, clipping, or gross growth-family error found. Broad growth form is usable; species-level botanical specificity may still be simplified.",False,Bog_Myrtle.png,440,440,RGBA,914ce82bc35d813af7251283c7dcc107558ef731e3548ce6fb0f9e87a778783e,,PASS_WITH_POLISH,Other plant or harvest type,HOLD,,"Bog Myrtle needs a species-specific growth-form check: roots/attachment, stem or trunk, leaf/frond arrangement, flower/fruit/spore organ and overall scale.","No critical duplicate, clipping, or gross growth-family error found. Broad growth form is usable; species-level botanical specificity may still be simplified. Bog Myrtle needs a species-specific growth-form check: roots/attachment, stem or trunk, leaf/frond arrangement, flower/fruit/spore organ and overall scale.",FAIL,PASS_WITH_POLISH -> HOLD
Bog_Rosemary,Bog Rosemary,PASS,PASS_WITH_POLISH,PASS,POLISH,POLISH,POLISH,POLISH,POLISH,"No critical duplicate, clipping, or gross growth-family error found. Broad growth form is usable; species-level botanical specificity may still be simplified.",False,Bog_Rosemary.png,440,440,RGBA,a571b9e499ce785c478915eab2a65a0782d81374d147e4e80fb8862cbf61423a,,PASS_WITH_POLISH,Other plant or harvest type,HOLD,,"Bog Rosemary needs a species-specific growth-form check: roots/attachment, stem or trunk, leaf/frond arrangement, flower/fruit/spore organ and overall scale.","No critical duplicate, clipping, or gross growth-family error found. Broad growth form is usable; species-level botanical specificity may still be simplified. Bog Rosemary needs a species-specific growth-form check: roots/attachment, stem or trunk, leaf/frond arrangement, flower/fruit/spore organ and overall scale.",FAIL,PASS_WITH_POLISH -> HOLD
Brazil_Nut,Brazil Nut,PASS,PASS_WITH_POLISH,PASS,POLISH,POLISH,POLISH,POLISH,POLISH,"No critical duplicate, clipping, or gross growth-family error found. Broad growth form is usable; species-level botanical specificity may still be simplified.",False,Brazil_Nut.png,440,440,RGBA,df36f61406d7eec27eb5e964b948f0f12384cfb517e094f2cbc576fe7a88c865,,PASS_WITH_POLISH,4. Fruit and Nut Trees,HOLD,,"The catalog overuses a round canopy on a straight trunk. Match the species’ trunk habit, branching architecture, crown shape, leaf masses, bark and fruit/flower attachment.","No critical duplicate, clipping, or gross growth-family error found. Broad growth form is usable; species-level botanical specificity may still be simplified. The catalog overuses a round canopy on a straight trunk. Match the species’ trunk habit, branching architecture, crown shape, leaf masses, bark and fruit/flower attachment.",FAIL,PASS_WITH_POLISH -> HOLD
Breadfruit,Breadfruit,PASS,PASS_WITH_POLISH,PASS,POLISH,POLISH,POLISH,POLISH,POLISH,"No critical duplicate, clipping, or gross growth-family error found. Broad growth form is usable; species-level botanical specificity may still be simplified.",False,Breadfruit.png,440,440,RGBA,1cc6fea25be144f1288b829c70dad5fdf7291f6cac65af183c6f709bbb622850,,PASS_WITH_POLISH,Other plant or harvest type,HOLD,,"Breadfruit needs a species-specific growth-form check: roots/attachment, stem or trunk, leaf/frond arrangement, flower/fruit/spore organ and overall scale.","No critical duplicate, clipping, or gross growth-family error found. Broad growth form is usable; species-level botanical specificity may still be simplified. Breadfruit needs a species-specific growth-form check: roots/attachment, stem or trunk, leaf/frond arrangement, flower/fruit/spore organ and overall scale.",FAIL,PASS_WITH_POLISH -> HOLD
Breadnut,Breadnut,PASS,PASS_WITH_POLISH,PASS,POLISH,POLISH,POLISH,POLISH,POLISH,"No critical duplicate, clipping, or gross growth-family error found. Broad growth form is usable; species-level botanical specificity may still be simplified.",False,Breadnut.png,440,440,RGBA,3aa161073ed9301e2af41074fbe70f2ea20b64c77df80f28c63047c0ca7343b6,,PASS_WITH_POLISH,Other plant or harvest type,HOLD,,"Breadnut needs a species-specific growth-form check: roots/attachment, stem or trunk, leaf/frond arrangement, flower/fruit/spore organ and overall scale.","No critical duplicate, clipping, or gross growth-family error found. Broad growth form is usable; species-level botanical specificity may still be simplified. Breadnut needs a species-specific growth-form check: roots/attachment, stem or trunk, leaf/frond arrangement, flower/fruit/spore organ and overall scale.",FAIL,PASS_WITH_POLISH -> HOLD
Bromeliad,Bromeliad,PASS,PASS_WITH_POLISH,PASS,POLISH,POLISH,POLISH,POLISH,POLISH,"No critical duplicate, clipping, or gross growth-family error found. Broad growth form is usable; species-level botanical specificity may still be simplified.",False,Bromeliad.png,440,440,RGBA,cab93746f4d53002229677cce3ea250192c32016905cedc743800ffda2fad352,,PASS_WITH_POLISH,10. Flowering Herbs and Wildflowers,HOLD,,"Match the named plant’s actual growth habit, leaf arrangement, flower/seed structure and scale; many currently use one vertical leaf-ladder or color-only herb template.","No critical duplicate, clipping, or gross growth-family error found. Broad growth form is usable; species-level botanical specificity may still be simplified. Match the named plant’s actual growth habit, leaf arrangement, flower/seed structure and scale; many currently use one vertical leaf-ladder or color-only herb template.",FAIL,PASS_WITH_POLISH -> HOLD
Brooklime,Brooklime,PASS,PASS_WITH_POLISH,PASS,POLISH,POLISH,POLISH,POLISH,POLISH,"No critical duplicate, clipping, or gross growth-family error found. Broad growth form is usable; species-level botanical specificity may still be simplified.",False,Brooklime.png,440,440,RGBA,eefdf732a9d202806b532e5efe7659777f959575142b392d652df9cd407cf82e,,PASS_WITH_POLISH,Other plant or harvest type,HOLD,,"Brooklime needs a species-specific growth-form check: roots/attachment, stem or trunk, leaf/frond arrangement, flower/fruit/spore organ and overall scale.","No critical duplicate, clipping, or gross growth-family error found. Broad growth form is usable; species-level botanical specificity may still be simplified. Brooklime needs a species-specific growth-form check: roots/attachment, stem or trunk, leaf/frond arrangement, flower/fruit/spore organ and overall scale.",FAIL,PASS_WITH_POLISH -> HOLD
Buckwheat,Buckwheat,FAIL,FAIL,FAIL,PASS,PASS,FAIL,FAIL,FAIL,Use broad leaves and clustered flowers; current cylindrical grain-like form is incorrect.,False,Buckwheat.png,440,440,RGBA,9c2e5798838c2cbe6261d2c9afa437051d5a937d6a955982511a222df6710403,,FAIL,7. Grain and Staple Crops,FAIL,,"Correct the culm, leaf arrangement and species-specific seed head/inflorescence; many grains currently share one generic spike or grass tuft.","Use broad leaves and clustered flowers; current cylindrical grain-like form is incorrect. Correct the culm, leaf arrangement and species-specific seed head/inflorescence; many grains currently share one generic spike or grass tuft.",FAIL,UNCHANGED
Bull_Kelp,Bull Kelp,PASS,PASS_WITH_POLISH,PASS,POLISH,POLISH,POLISH,POLISH,POLISH,"Add a long stipe, large gas bladder, and broad blades.",False,Bull_Kelp.png,440,440,RGBA,8b1ac30088dc88c3e362b9e473eee96cd533d6f50109e74af2d44518af5eb359,,PASS_WITH_POLISH,Other plant or harvest type,HOLD,,"Bull Kelp needs a species-specific growth-form check: roots/attachment, stem or trunk, leaf/frond arrangement, flower/fruit/spore organ and overall scale.","Add a long stipe, large gas bladder, and broad blades. Bull Kelp needs a species-specific growth-form check: roots/attachment, stem or trunk, leaf/frond arrangement, flower/fruit/spore organ and overall scale.",FAIL,PASS_WITH_POLISH -> HOLD
Buttercup,Buttercup,PASS,PASS_WITH_POLISH,PASS,POLISH,POLISH,POLISH,POLISH,POLISH,"No critical duplicate, clipping, or gross growth-family error found. Broad growth form is usable; species-level botanical specificity may still be simplified.",False,Buttercup.png,440,440,RGBA,d7a87d2f2820e99f241568402bc4831b6633c9cdf2fb87d5d4d335b0f47af9dc,,PASS_WITH_POLISH,10. Flowering Herbs and Wildflowers,HOLD,,"Match the named plant’s actual growth habit, leaf arrangement, flower/seed structure and scale; many currently use one vertical leaf-ladder or color-only herb template.","No critical duplicate, clipping, or gross growth-family error found. Broad growth form is usable; species-level botanical specificity may still be simplified. Match the named plant’s actual growth habit, leaf arrangement, flower/seed structure and scale; many currently use one vertical leaf-ladder or color-only herb template.",FAIL,PASS_WITH_POLISH -> HOLD
Cabbage,Cabbage,PASS,PASS,PASS,PASS,PASS,PASS,PASS,PASS,Compact layered leafy head is now recognizable.,True,Cabbage.png,440,440,RGBA,451dec5103e8bddbfb38389c3a38b2336ad0483409bb1810d83e3aee851df636,,PASS,Leaf vegetables,PASS,,"Match the source plant, leaf habit and attached fruit/harvest organ. Fruit should be connected to stems/branches and not carry identity by label alone.",PASS — Leave alone. The source plant or harvest organ has an appropriate growth form and recognizable silhouette.,PASS,UNCHANGED
Cacao,Cacao,PASS,PASS_WITH_POLISH,PASS,POLISH,POLISH,POLISH,POLISH,POLISH,"No critical duplicate, clipping, or gross growth-family error found. Broad growth form is usable; species-level botanical specificity may still be simplified.",False,Cacao.png,440,440,RGBA,21012390f3ed86413b1b51dc2ec995b30ac5a8a6a6ef1483003505a7805d1fd4,,PASS_WITH_POLISH,Other plant or harvest type,HOLD,,"Cacao needs a species-specific growth-form check: roots/attachment, stem or trunk, leaf/frond arrangement, flower/fruit/spore organ and overall scale.","No critical duplicate, clipping, or gross growth-family error found. Broad growth form is usable; species-level botanical specificity may still be simplified. Cacao needs a species-specific growth-form check: roots/attachment, stem or trunk, leaf/frond arrangement, flower/fruit/spore organ and overall scale.",FAIL,PASS_WITH_POLISH -> HOLD
Calotropis,Calotropis,PASS,PASS_WITH_POLISH,PASS,POLISH,POLISH,POLISH,POLISH,POLISH,"No critical duplicate, clipping, or gross growth-family error found. Broad growth form is usable; species-level botanical specificity may still be simplified.",False,Calotropis.png,440,440,RGBA,6681319d75684ccbb2c084bd2de42f28f5fb6ea0dac92f11282aa2382eb6dbc3,,PASS_WITH_POLISH,Other plant or harvest type,HOLD,,"Calotropis needs a species-specific growth-form check: roots/attachment, stem or trunk, leaf/frond arrangement, flower/fruit/spore organ and overall scale.","No critical duplicate, clipping, or gross growth-family error found. Broad growth form is usable; species-level botanical specificity may still be simplified. Calotropis needs a species-specific growth-form check: roots/attachment, stem or trunk, leaf/frond arrangement, flower/fruit/spore organ and overall scale.",FAIL,PASS_WITH_POLISH -> HOLD
Camphor_Tree,Camphor Tree,PASS,PASS_WITH_POLISH,PASS,POLISH,POLISH,POLISH,POLISH,POLISH,"No critical duplicate, clipping, or gross growth-family error found. Broad growth form is usable; species-level botanical specificity may still be simplified.",False,Camphor_Tree.png,440,440,RGBA,ce2fa9a3540b887b0af5eecc27cf4289d2f943b5b73ae5dadf09b7314dc73e9c,,PASS_WITH_POLISH,Other plant or harvest type,HOLD,,"Camphor Tree needs a species-specific growth-form check: roots/attachment, stem or trunk, leaf/frond arrangement, flower/fruit/spore organ and overall scale.","No critical duplicate, clipping, or gross growth-family error found. Broad growth form is usable; species-level botanical specificity may still be simplified. Camphor Tree needs a species-specific growth-form check: roots/attachment, stem or trunk, leaf/frond arrangement, flower/fruit/spore organ and overall scale.",FAIL,PASS_WITH_POLISH -> HOLD
Canola,Canola,PASS,PASS_WITH_POLISH,PASS,POLISH,POLISH,POLISH,POLISH,POLISH,Add branching stems with clusters of small yellow flowers.,False,Canola.png,440,440,RGBA,35133fcc78879a0ecb6ecea41edd53beba9598dafa30a294ba7073cdffd6fcf4,,PASS_WITH_POLISH,Other plant or harvest type,HOLD,,"Canola needs a species-specific growth-form check: roots/attachment, stem or trunk, leaf/frond arrangement, flower/fruit/spore organ and overall scale.","Add branching stems with clusters of small yellow flowers. Canola needs a species-specific growth-form check: roots/attachment, stem or trunk, leaf/frond arrangement, flower/fruit/spore organ and overall scale.",FAIL,PASS_WITH_POLISH -> HOLD
Canopy_Vine,Canopy Vine,PASS,PASS_WITH_POLISH,PASS,POLISH,POLISH,POLISH,POLISH,POLISH,"No critical duplicate, clipping, or gross growth-family error found. Broad growth form is usable; species-level botanical specificity may still be simplified.",False,Canopy_Vine.png,440,440,RGBA,ed1e0d51db7ddec0ad8a06a4e815ae75de73a8ce3fc597b87b0df7316162bc05,,PASS_WITH_POLISH,Other plant or harvest type,HOLD,,"Canopy Vine needs a species-specific growth-form check: roots/attachment, stem or trunk, leaf/frond arrangement, flower/fruit/spore organ and overall scale.","No critical duplicate, clipping, or gross growth-family error found. Broad growth form is usable; species-level botanical specificity may still be simplified. Canopy Vine needs a species-specific growth-form check: roots/attachment, stem or trunk, leaf/frond arrangement, flower/fruit/spore organ and overall scale.",FAIL,PASS_WITH_POLISH -> HOLD
Cardamom,Cardamom,FAIL,FAIL,FAIL,PASS,PASS,FAIL,FAIL,FAIL,Current low rosette is too generic; add ginger-family leaves and basal flower/seed-pod cues.,False,Cardamom.png,440,440,RGBA,77ff714998471c471e3225d990a30468e68d34f38e5c25fc3c10d4318d48aadc,,FAIL,9. Herbs and Spices,FAIL,,"Match the named plant’s actual growth habit, leaf arrangement, flower/seed structure and scale; many currently use one vertical leaf-ladder or color-only herb template.","Current low rosette is too generic; add ginger-family leaves and basal flower/seed-pod cues. Match the named plant’s actual growth habit, leaf arrangement, flower/seed structure and scale; many currently use one vertical leaf-ladder or color-only herb template.",FAIL,UNCHANGED
Carob,Carob,PASS,PASS_WITH_POLISH,PASS,POLISH,POLISH,POLISH,POLISH,POLISH,"No critical duplicate, clipping, or gross growth-family error found. Broad growth form is usable; species-level botanical specificity may still be simplified.",False,Carob.png,440,440,RGBA,2390842bd643af2cf868ce9ee369d4d7112007d88e1ca4908cecf1a06ab712ee,,PASS_WITH_POLISH,Other plant or harvest type,HOLD,,"Carob needs a species-specific growth-form check: roots/attachment, stem or trunk, leaf/frond arrangement, flower/fruit/spore organ and overall scale.","No critical duplicate, clipping, or gross growth-family error found. Broad growth form is usable; species-level botanical specificity may still be simplified. Carob needs a species-specific growth-form check: roots/attachment, stem or trunk, leaf/frond arrangement, flower/fruit/spore organ and overall scale.",FAIL,PASS_WITH_POLISH -> HOLD
Carrot,Carrot,PASS,PASS,PASS,PASS,PASS,PASS,PASS,PASS,Tapered root and feathery top are now shown.,True,Carrot.png,440,440,RGBA,7741584014980677bc3249ccec22f785b058098519ed5e18f4157e686a5e7ce7,,PASS,Root vegetables,PASS,,"Show the source plant and the correct underground storage organ, leaf top and harvest relationship rather than an isolated generic bulb.",PASS — Leave alone. The source plant or harvest organ has an appropriate growth form and recognizable silhouette.,PASS,UNCHANGED
Cashew,Cashew,PASS,PASS_WITH_POLISH,PASS,POLISH,POLISH,POLISH,POLISH,POLISH,"No critical duplicate, clipping, or gross growth-family error found. Broad growth form is usable; species-level botanical specificity may still be simplified.",False,Cashew.png,440,440,RGBA,3badd260fe8ba3118d179e916e216253dbc30101de482ab90972867591a4ae47,,PASS_WITH_POLISH,4. Fruit and Nut Trees,HOLD,,"The catalog overuses a round canopy on a straight trunk. Match the species’ trunk habit, branching architecture, crown shape, leaf masses, bark and fruit/flower attachment.","No critical duplicate, clipping, or gross growth-family error found. Broad growth form is usable; species-level botanical specificity may still be simplified. The catalog overuses a round canopy on a straight trunk. Match the species’ trunk habit, branching architecture, crown shape, leaf masses, bark and fruit/flower attachment.",FAIL,PASS_WITH_POLISH -> HOLD
Cassava,Cassava,PASS,PASS_WITH_POLISH,PASS,POLISH,POLISH,POLISH,POLISH,POLISH,Add palmate leaves and clearer root-crop identity.,False,Cassava.png,440,440,RGBA,46dade890a61dd64b9522058c3304eaf2f2b070df3254f2b704ef03d5c3b4ac2,,PASS_WITH_POLISH,7. Grain and Staple Crops,HOLD,,"Correct the culm, leaf arrangement and species-specific seed head/inflorescence; many grains currently share one generic spike or grass tuft.","Add palmate leaves and clearer root-crop identity. Correct the culm, leaf arrangement and species-specific seed head/inflorescence; many grains currently share one generic spike or grass tuft.",FAIL,PASS_WITH_POLISH -> HOLD
Castor_Bean,Castor Bean,PASS,PASS_WITH_POLISH,PASS,POLISH,POLISH,POLISH,POLISH,POLISH,"No critical duplicate, clipping, or gross growth-family error found. Broad growth form is usable; species-level botanical specificity may still be simplified.",False,Castor_Bean.png,440,440,RGBA,12e1457ddc840331fbcf16ad6a5322a88db9ae08ebc17a6ef00b68f814477ef0,,PASS_WITH_POLISH,Other plant or harvest type,HOLD,,"Castor Bean needs a species-specific growth-form check: roots/attachment, stem or trunk, leaf/frond arrangement, flower/fruit/spore organ and overall scale.","No critical duplicate, clipping, or gross growth-family error found. Broad growth form is usable; species-level botanical specificity may still be simplified. Castor Bean needs a species-specific growth-form check: roots/attachment, stem or trunk, leaf/frond arrangement, flower/fruit/spore organ and overall scale.",FAIL,PASS_WITH_POLISH -> HOLD
Cattail,Cattail,PASS,PASS_WITH_POLISH,PASS,POLISH,POLISH,POLISH,POLISH,POLISH,Add brown cylindrical seed heads; current grass alone is insufficient.,False,Cattail.png,440,440,RGBA,0691dffc4df3b1d0adc314956bd8d07f37b05c52dc4aafc79b9d397c227c2bd8,,PASS_WITH_POLISH,14. Aquatic and Wetland Plants,HOLD,,"Use the correct holdfast/rooting, blade/frond form, branching, air bladders and water-growth habit instead of a single generic ribbon or blob.","Add brown cylindrical seed heads; current grass alone is insufficient. Use the correct holdfast/rooting, blade/frond form, branching, air bladders and water-growth habit instead of a single generic ribbon or blob.",FAIL,PASS_WITH_POLISH -> HOLD
Cave_Fern,Cave Fern,PASS,PASS_WITH_POLISH,PASS,POLISH,POLISH,POLISH,POLISH,POLISH,"No critical duplicate, clipping, or gross growth-family error found. Broad growth form is usable; species-level botanical specificity may still be simplified.",False,Cave_Fern.png,440,440,RGBA,0069006ef2ce3cc798eb804338a1507adbc052aaab60d9726a0192c1c02b0221,,PASS_WITH_POLISH,Other plant or harvest type,HOLD,,"Cave Fern needs a species-specific growth-form check: roots/attachment, stem or trunk, leaf/frond arrangement, flower/fruit/spore organ and overall scale.","No critical duplicate, clipping, or gross growth-family error found. Broad growth form is usable; species-level botanical specificity may still be simplified. Cave Fern needs a species-specific growth-form check: roots/attachment, stem or trunk, leaf/frond arrangement, flower/fruit/spore organ and overall scale.",FAIL,PASS_WITH_POLISH -> HOLD
Cedar,Cedar,PASS,PASS_WITH_POLISH,PASS,POLISH,POLISH,POLISH,POLISH,POLISH,"No critical duplicate, clipping, or gross growth-family error found. Broad growth form is usable; species-level botanical specificity may still be simplified.",False,Cedar.png,440,440,RGBA,0de39bc313982d63b4bc69675371d495d60665380c8f4387cceabf40a5e4b58a,,PASS_WITH_POLISH,2. Conifers and Other Seed Plants,HOLD,,"Cedar needs a species-specific growth-form check: roots/attachment, stem or trunk, leaf/frond arrangement, flower/fruit/spore organ and overall scale.","No critical duplicate, clipping, or gross growth-family error found. Broad growth form is usable; species-level botanical specificity may still be simplified. Cedar needs a species-specific growth-form check: roots/attachment, stem or trunk, leaf/frond arrangement, flower/fruit/spore organ and overall scale.",FAIL,PASS_WITH_POLISH -> HOLD
Chamomile,Chamomile,PASS,PASS_WITH_POLISH,PASS,POLISH,POLISH,POLISH,POLISH,POLISH,"No critical duplicate, clipping, or gross growth-family error found. Broad growth form is usable; species-level botanical specificity may still be simplified.",False,Chamomile.png,440,440,RGBA,a09053784cb4d6fda63189c6a83d977ceaa80f97b894d594fe9d071d4061bea4,,PASS_WITH_POLISH,9. Herbs and Spices,HOLD,,"Match the named plant’s actual growth habit, leaf arrangement, flower/seed structure and scale; many currently use one vertical leaf-ladder or color-only herb template.","No critical duplicate, clipping, or gross growth-family error found. Broad growth form is usable; species-level botanical specificity may still be simplified. Match the named plant’s actual growth habit, leaf arrangement, flower/seed structure and scale; many currently use one vertical leaf-ladder or color-only herb template.",FAIL,PASS_WITH_POLISH -> HOLD
Cherry,Cherry,PASS,PASS_WITH_POLISH,PASS,POLISH,POLISH,POLISH,POLISH,POLISH,"No critical duplicate, clipping, or gross growth-family error found. Broad growth form is usable; species-level botanical specificity may still be simplified.",False,Cherry.png,440,440,RGBA,2db184688b95540a8aa2cd94d78601a0d8f1c8678e6070dd27cbede3de5d7317,,PASS_WITH_POLISH,4. Fruit and Nut Trees,HOLD,,"The catalog overuses a round canopy on a straight trunk. Match the species’ trunk habit, branching architecture, crown shape, leaf masses, bark and fruit/flower attachment.","No critical duplicate, clipping, or gross growth-family error found. Broad growth form is usable; species-level botanical specificity may still be simplified. The catalog overuses a round canopy on a straight trunk. Match the species’ trunk habit, branching architecture, crown shape, leaf masses, bark and fruit/flower attachment.",FAIL,PASS_WITH_POLISH -> HOLD
Chestnut,Chestnut,PASS,PASS_WITH_POLISH,PASS,POLISH,POLISH,POLISH,POLISH,POLISH,"No critical duplicate, clipping, or gross growth-family error found. Broad growth form is usable; species-level botanical specificity may still be simplified.",False,Chestnut.png,440,440,RGBA,3fa9933acce1770ede7a04868be35ad2afcef90ae0569a37ebb0273a004fd55d,,PASS_WITH_POLISH,4. Fruit and Nut Trees,HOLD,,"The catalog overuses a round canopy on a straight trunk. Match the species’ trunk habit, branching architecture, crown shape, leaf masses, bark and fruit/flower attachment.","No critical duplicate, clipping, or gross growth-family error found. Broad growth form is usable; species-level botanical specificity may still be simplified. The catalog overuses a round canopy on a straight trunk. Match the species’ trunk habit, branching architecture, crown shape, leaf masses, bark and fruit/flower attachment.",FAIL,PASS_WITH_POLISH -> HOLD
Chicory,Chicory,PASS,PASS_WITH_POLISH,PASS,POLISH,POLISH,POLISH,POLISH,POLISH,"No critical duplicate, clipping, or gross growth-family error found. Broad growth form is usable; species-level botanical specificity may still be simplified.",False,Chicory.png,440,440,RGBA,d95a70c7359305e2602ef0908c77351252743d2c46435470a8752451ff5882e6,,PASS_WITH_POLISH,Other plant or harvest type,HOLD,,"Chicory needs a species-specific growth-form check: roots/attachment, stem or trunk, leaf/frond arrangement, flower/fruit/spore organ and overall scale.","No critical duplicate, clipping, or gross growth-family error found. Broad growth form is usable; species-level botanical specificity may still be simplified. Chicory needs a species-specific growth-form check: roots/attachment, stem or trunk, leaf/frond arrangement, flower/fruit/spore organ and overall scale.",FAIL,PASS_WITH_POLISH -> HOLD
Chili_Pepper,Chili Pepper,PASS,PASS_WITH_POLISH,PASS,POLISH,POLISH,POLISH,POLISH,POLISH,"No critical duplicate, clipping, or gross growth-family error found. Broad growth form is usable; species-level botanical specificity may still be simplified.",False,Chili_Pepper.png,440,440,RGBA,dd09841f94a9452ab4482e24ae19f66202cf1038570c38bd135e8c15fadab194,,PASS_WITH_POLISH,Fruiting vegetables,HOLD,,"Match the source plant, leaf habit and attached fruit/harvest organ. Fruit should be connected to stems/branches and not carry identity by label alone.","No critical duplicate, clipping, or gross growth-family error found. Broad growth form is usable; species-level botanical specificity may still be simplified. Match the source plant, leaf habit and attached fruit/harvest organ. Fruit should be connected to stems/branches and not carry identity by label alone.",FAIL,PASS_WITH_POLISH -> HOLD
Chokecherry,Chokecherry,PASS,PASS_WITH_POLISH,PASS,POLISH,POLISH,POLISH,POLISH,POLISH,"No critical duplicate, clipping, or gross growth-family error found. Broad growth form is usable; species-level botanical specificity may still be simplified.",False,Chokecherry.png,440,440,RGBA,84aaa7f9c172aec82bc452a7763430f87971892a7039a45f6563087cfb461c7c,,PASS_WITH_POLISH,Other plant or harvest type,HOLD,,"Chokecherry needs a species-specific growth-form check: roots/attachment, stem or trunk, leaf/frond arrangement, flower/fruit/spore organ and overall scale.","No critical duplicate, clipping, or gross growth-family error found. Broad growth form is usable; species-level botanical specificity may still be simplified. Chokecherry needs a species-specific growth-form check: roots/attachment, stem or trunk, leaf/frond arrangement, flower/fruit/spore organ and overall scale.",FAIL,PASS_WITH_POLISH -> HOLD
Cinnamon,Cinnamon,FAIL,FAIL,FAIL,PASS,FAIL,FAIL,PASS,FAIL,Should be a woody shrub/tree with natural green leaves and bark/cinnamon cue.,False,Cinnamon.png,440,440,RGBA,9fdfecb20fc637fae638e564780e84bf93d7c5e6c2586bd1202c85b360ebcc3d,,FAIL,9. Herbs and Spices,FAIL,,"Match the named plant’s actual growth habit, leaf arrangement, flower/seed structure and scale; many currently use one vertical leaf-ladder or color-only herb template.","Should be a woody shrub/tree with natural green leaves and bark/cinnamon cue. Match the named plant’s actual growth habit, leaf arrangement, flower/seed structure and scale; many currently use one vertical leaf-ladder or color-only herb template.",FAIL,UNCHANGED
Cliff_Rose,Cliff Rose,PASS,PASS_WITH_POLISH,PASS,POLISH,POLISH,POLISH,POLISH,POLISH,"No critical duplicate, clipping, or gross growth-family error found. Broad growth form is usable; species-level botanical specificity may still be simplified.",False,Cliff_Rose.png,440,440,RGBA,cb67665dd2883532bb77c6204447e0e08c37eeb1fefe91a4f65bf45877a3d651,,PASS_WITH_POLISH,Other plant or harvest type,HOLD,,"Cliff Rose needs a species-specific growth-form check: roots/attachment, stem or trunk, leaf/frond arrangement, flower/fruit/spore organ and overall scale.","No critical duplicate, clipping, or gross growth-family error found. Broad growth form is usable; species-level botanical specificity may still be simplified. Cliff Rose needs a species-specific growth-form check: roots/attachment, stem or trunk, leaf/frond arrangement, flower/fruit/spore organ and overall scale.",FAIL,PASS_WITH_POLISH -> HOLD
Cloudberry,Cloudberry,PASS,PASS_WITH_POLISH,PASS,POLISH,POLISH,POLISH,POLISH,POLISH,"No critical duplicate, clipping, or gross growth-family error found. Broad growth form is usable; species-level botanical specificity may still be simplified.",False,Cloudberry.png,440,440,RGBA,7bf708282affa20da15ab715b19c35293d40d34fcf1f98ea3ac83407450060c1,,PASS_WITH_POLISH,Other plant or harvest type,HOLD,,"Cloudberry needs a species-specific growth-form check: roots/attachment, stem or trunk, leaf/frond arrangement, flower/fruit/spore organ and overall scale.","No critical duplicate, clipping, or gross growth-family error found. Broad growth form is usable; species-level botanical specificity may still be simplified. Cloudberry needs a species-specific growth-form check: roots/attachment, stem or trunk, leaf/frond arrangement, flower/fruit/spore organ and overall scale.",FAIL,PASS_WITH_POLISH -> HOLD
Clove,Clove,PASS,PASS_WITH_POLISH,PASS,POLISH,POLISH,POLISH,POLISH,POLISH,Add recognizable flower-bud clusters on a woody tree/shrub.,False,Clove.png,440,440,RGBA,55f149259e8d96f61661680423805246087c0ec4267ccd84183dfff9ff752b58,,PASS_WITH_POLISH,9. Herbs and Spices,HOLD,,"Match the named plant’s actual growth habit, leaf arrangement, flower/seed structure and scale; many currently use one vertical leaf-ladder or color-only herb template.","Add recognizable flower-bud clusters on a woody tree/shrub. Match the named plant’s actual growth habit, leaf arrangement, flower/seed structure and scale; many currently use one vertical leaf-ladder or color-only herb template.",FAIL,PASS_WITH_POLISH -> HOLD
Clover,Clover,PASS,PASS_WITH_POLISH,PASS,POLISH,POLISH,POLISH,POLISH,POLISH,"No critical duplicate, clipping, or gross growth-family error found. Broad growth form is usable; species-level botanical specificity may still be simplified.",False,Clover.png,440,440,RGBA,393247c8ccec3273480cd924ed5017e53abd15e785d9447c2e5d68509455b59f,,PASS_WITH_POLISH,10. Flowering Herbs and Wildflowers,HOLD,,"Match the named plant’s actual growth habit, leaf arrangement, flower/seed structure and scale; many currently use one vertical leaf-ladder or color-only herb template.","No critical duplicate, clipping, or gross growth-family error found. Broad growth form is usable; species-level botanical specificity may still be simplified. Match the named plant’s actual growth habit, leaf arrangement, flower/seed structure and scale; many currently use one vertical leaf-ladder or color-only herb template.",FAIL,PASS_WITH_POLISH -> HOLD
Coastal_Sage,Coastal Sage,PASS,PASS_WITH_POLISH,PASS,POLISH,POLISH,POLISH,POLISH,POLISH,"No critical duplicate, clipping, or gross growth-family error found. Broad growth form is usable; species-level botanical specificity may still be simplified.",False,Coastal_Sage.png,440,440,RGBA,03b15c2fd40618dd99c7af95d40257c4c32bc6cb9b2ded1c40969c19d838e1ec,,PASS_WITH_POLISH,Other plant or harvest type,HOLD,,"Coastal Sage needs a species-specific growth-form check: roots/attachment, stem or trunk, leaf/frond arrangement, flower/fruit/spore organ and overall scale.","No critical duplicate, clipping, or gross growth-family error found. Broad growth form is usable; species-level botanical specificity may still be simplified. Coastal Sage needs a species-specific growth-form check: roots/attachment, stem or trunk, leaf/frond arrangement, flower/fruit/spore organ and overall scale.",FAIL,PASS_WITH_POLISH -> HOLD
Coconut,Coconut,PASS,PASS,PASS,PASS,PASS,PASS,PASS,PASS,Palm and coconut crown are recognizable.,False,Coconut.png,440,440,RGBA,8a6133f4682e32a1e9ec93be568e206afbc422cb87c028aad811818d306c009a,,PASS,4. Fruit and Nut Trees,PASS,,"The catalog overuses a round canopy on a straight trunk. Match the species’ trunk habit, branching architecture, crown shape, leaf masses, bark and fruit/flower attachment.",PASS — Leave alone. The source plant or harvest organ has an appropriate growth form and recognizable silhouette.,PASS,UNCHANGED
Coffee,Coffee,PASS,PASS_WITH_POLISH,PASS,POLISH,POLISH,POLISH,POLISH,POLISH,"No critical duplicate, clipping, or gross growth-family error found. Broad growth form is usable; species-level botanical specificity may still be simplified.",False,Coffee.png,440,440,RGBA,6514f9e10821e1618da90c2b0ebcb86503ee6aa6642f2add288aed765b4034aa,,PASS_WITH_POLISH,Other plant or harvest type,HOLD,,"Coffee needs a species-specific growth-form check: roots/attachment, stem or trunk, leaf/frond arrangement, flower/fruit/spore organ and overall scale.","No critical duplicate, clipping, or gross growth-family error found. Broad growth form is usable; species-level botanical specificity may still be simplified. Coffee needs a species-specific growth-form check: roots/attachment, stem or trunk, leaf/frond arrangement, flower/fruit/spore organ and overall scale.",FAIL,PASS_WITH_POLISH -> HOLD
Coralline_Algae,Coralline Algae,PASS,PASS_WITH_POLISH,PASS,POLISH,POLISH,POLISH,POLISH,POLISH,"No critical duplicate, clipping, or gross growth-family error found. Broad growth form is usable; species-level botanical specificity may still be simplified.",False,Coralline_Algae.png,440,440,RGBA,99bbe824898a9d7dc20d9f3d4d677c49c4a1df89a6a2572bc6979e9773896bd3,,PASS_WITH_POLISH,Other plant or harvest type,HOLD,,"Coralline Algae needs a species-specific growth-form check: roots/attachment, stem or trunk, leaf/frond arrangement, flower/fruit/spore organ and overall scale.","No critical duplicate, clipping, or gross growth-family error found. Broad growth form is usable; species-level botanical specificity may still be simplified. Coralline Algae needs a species-specific growth-form check: roots/attachment, stem or trunk, leaf/frond arrangement, flower/fruit/spore organ and overall scale.",FAIL,PASS_WITH_POLISH -> HOLD
Corn,Corn,PASS,PASS,PASS,PASS,PASS,PASS,PASS,PASS,"Tall stalk, leaves, tassel, and attached ear are now visible.",True,Corn.png,440,440,RGBA,735ed4e4a83cdab55420c9e004dd2fdd4c3f28069333cf3b68258aa714687476,,PASS,7. Grain and Staple Crops,PASS,,"Correct the culm, leaf arrangement and species-specific seed head/inflorescence; many grains currently share one generic spike or grass tuft.",PASS — Leave alone. The source plant or harvest organ has an appropriate growth form and recognizable silhouette.,PASS,UNCHANGED
Cotton,Cotton,FAIL,FAIL,FAIL,PASS,PASS,PASS,FAIL,FAIL,Add multiple cotton bolls and a branching plant body.,False,Cotton.png,440,440,RGBA,afa09d4e216f19b6b135143ade35bf6277b4c49301c48fa0f9560d7375f853af,,FAIL,Other plant or harvest type,FAIL,,"Cotton needs a species-specific growth-form check: roots/attachment, stem or trunk, leaf/frond arrangement, flower/fruit/spore organ and overall scale.","Add multiple cotton bolls and a branching plant body. Cotton needs a species-specific growth-form check: roots/attachment, stem or trunk, leaf/frond arrangement, flower/fruit/spore organ and overall scale.",FAIL,UNCHANGED
Crabapple,Crabapple,PASS,PASS_WITH_POLISH,PASS,POLISH,POLISH,POLISH,POLISH,POLISH,"No critical duplicate, clipping, or gross growth-family error found. Broad growth form is usable; species-level botanical specificity may still be simplified.",False,Crabapple.png,440,440,RGBA,9d8ed23e5bc4d094d4926b0ba5ee4f4b4299c7bbb747da3af4bf98e8deca8422,,PASS_WITH_POLISH,Other plant or harvest type,HOLD,,"Crabapple needs a species-specific growth-form check: roots/attachment, stem or trunk, leaf/frond arrangement, flower/fruit/spore organ and overall scale.","No critical duplicate, clipping, or gross growth-family error found. Broad growth form is usable; species-level botanical specificity may still be simplified. Crabapple needs a species-specific growth-form check: roots/attachment, stem or trunk, leaf/frond arrangement, flower/fruit/spore organ and overall scale.",FAIL,PASS_WITH_POLISH -> HOLD
Cranberry,Cranberry,PASS,PASS_WITH_POLISH,PASS,POLISH,POLISH,POLISH,POLISH,POLISH,"No critical duplicate, clipping, or gross growth-family error found. Broad growth form is usable; species-level botanical specificity may still be simplified.",False,Cranberry.png,440,440,RGBA,044f2c7fb9cc7d071260573b2ae2416c35d757d9191328e3dd40999d036a66f5,,PASS_WITH_POLISH,5. Shrubs and Bushes,HOLD,,"Cranberry needs a species-specific growth-form check: roots/attachment, stem or trunk, leaf/frond arrangement, flower/fruit/spore organ and overall scale.","No critical duplicate, clipping, or gross growth-family error found. Broad growth form is usable; species-level botanical specificity may still be simplified. Cranberry needs a species-specific growth-form check: roots/attachment, stem or trunk, leaf/frond arrangement, flower/fruit/spore organ and overall scale.",FAIL,PASS_WITH_POLISH -> HOLD
Creosote_Bush,Creosote Bush,PASS,PASS_WITH_POLISH,PASS,POLISH,POLISH,POLISH,POLISH,POLISH,"No critical duplicate, clipping, or gross growth-family error found. Broad growth form is usable; species-level botanical specificity may still be simplified.",False,Creosote_Bush.png,440,440,RGBA,dda4cca877d1052a39a3251b1f52fc4e8d145a6be9a8d30ef05c2646f72d9cc6,,PASS_WITH_POLISH,Other plant or harvest type,HOLD,,"Creosote Bush needs a species-specific growth-form check: roots/attachment, stem or trunk, leaf/frond arrangement, flower/fruit/spore organ and overall scale.","No critical duplicate, clipping, or gross growth-family error found. Broad growth form is usable; species-level botanical specificity may still be simplified. Creosote Bush needs a species-specific growth-form check: roots/attachment, stem or trunk, leaf/frond arrangement, flower/fruit/spore organ and overall scale.",FAIL,PASS_WITH_POLISH -> HOLD
Crowberry,Crowberry,PASS,PASS_WITH_POLISH,PASS,POLISH,POLISH,POLISH,POLISH,POLISH,"No critical duplicate, clipping, or gross growth-family error found. Broad growth form is usable; species-level botanical specificity may still be simplified.",False,Crowberry.png,440,440,RGBA,e311de52d113c61d9af4eb90a2ccff3232b43e05bf1742dc2cf40da8fd42e16b,,PASS_WITH_POLISH,Other plant or harvest type,HOLD,,"Crowberry needs a species-specific growth-form check: roots/attachment, stem or trunk, leaf/frond arrangement, flower/fruit/spore organ and overall scale.","No critical duplicate, clipping, or gross growth-family error found. Broad growth form is usable; species-level botanical specificity may still be simplified. Crowberry needs a species-specific growth-form check: roots/attachment, stem or trunk, leaf/frond arrangement, flower/fruit/spore organ and overall scale.",FAIL,PASS_WITH_POLISH -> HOLD
Cucumber,Cucumber,FAIL,FAIL,FAIL,FAIL,PASS,FAIL,PASS,FAIL,Use a creeping/climbing vine with broad leaves and attached cucumbers.,False,Cucumber.png,440,440,RGBA,3944b36f6ae119a259706085363645fd0fdf1ff8fb5b7921d4587943c25c874e,,FAIL,Fruiting vegetables,FAIL,,"Match the source plant, leaf habit and attached fruit/harvest organ. Fruit should be connected to stems/branches and not carry identity by label alone.","Use a creeping/climbing vine with broad leaves and attached cucumbers. Match the source plant, leaf habit and attached fruit/harvest organ. Fruit should be connected to stems/branches and not carry identity by label alone.",FAIL,UNCHANGED
Currant,Currant,PASS,PASS_WITH_POLISH,PASS,POLISH,POLISH,POLISH,POLISH,POLISH,"No critical duplicate, clipping, or gross growth-family error found. Broad growth form is usable; species-level botanical specificity may still be simplified.",False,Currant.png,440,440,RGBA,fe4b9e8f90bb06d34ba5e1a1681b6f32066990a3156f2d3db258c36ce891cca4,,PASS_WITH_POLISH,5. Shrubs and Bushes,HOLD,,"Currant needs a species-specific growth-form check: roots/attachment, stem or trunk, leaf/frond arrangement, flower/fruit/spore organ and overall scale.","No critical duplicate, clipping, or gross growth-family error found. Broad growth form is usable; species-level botanical specificity may still be simplified. Currant needs a species-specific growth-form check: roots/attachment, stem or trunk, leaf/frond arrangement, flower/fruit/spore organ and overall scale.",FAIL,PASS_WITH_POLISH -> HOLD
Curry_Leaf,Curry Leaf,PASS,PASS_WITH_POLISH,PASS,POLISH,POLISH,POLISH,POLISH,POLISH,"No critical duplicate, clipping, or gross growth-family error found. Broad growth form is usable; species-level botanical specificity may still be simplified.",False,Curry_Leaf.png,440,440,RGBA,79adba9feaf08e112c9974ed628a8aaaef59a76196ef463c5388b09837462b72,,PASS_WITH_POLISH,Other plant or harvest type,HOLD,,"Curry Leaf needs a species-specific growth-form check: roots/attachment, stem or trunk, leaf/frond arrangement, flower/fruit/spore organ and overall scale.","No critical duplicate, clipping, or gross growth-family error found. Broad growth form is usable; species-level botanical specificity may still be simplified. Curry Leaf needs a species-specific growth-form check: roots/attachment, stem or trunk, leaf/frond arrangement, flower/fruit/spore organ and overall scale.",FAIL,PASS_WITH_POLISH -> HOLD
Daisy,Daisy,PASS,PASS_WITH_POLISH,PASS,POLISH,POLISH,POLISH,POLISH,POLISH,"No critical duplicate, clipping, or gross growth-family error found. Broad growth form is usable; species-level botanical specificity may still be simplified.",False,Daisy.png,440,440,RGBA,7451499f6d9d2acd29107ad1a3149a8ab5adf38950294e71d7204b4e99b92f79,,PASS_WITH_POLISH,10. Flowering Herbs and Wildflowers,HOLD,,"Match the named plant’s actual growth habit, leaf arrangement, flower/seed structure and scale; many currently use one vertical leaf-ladder or color-only herb template.","No critical duplicate, clipping, or gross growth-family error found. Broad growth form is usable; species-level botanical specificity may still be simplified. Match the named plant’s actual growth habit, leaf arrangement, flower/seed structure and scale; many currently use one vertical leaf-ladder or color-only herb template.",FAIL,PASS_WITH_POLISH -> HOLD
Dandelion,Dandelion,PASS,PASS_WITH_POLISH,PASS,POLISH,POLISH,POLISH,POLISH,POLISH,"No critical duplicate, clipping, or gross growth-family error found. Broad growth form is usable; species-level botanical specificity may still be simplified.",False,Dandelion.png,440,440,RGBA,243331c53bfdf51eec8e96bab5fc790df5d08e38c3e36619b24f2c8500a119fb,,PASS_WITH_POLISH,10. Flowering Herbs and Wildflowers,HOLD,,"Match the named plant’s actual growth habit, leaf arrangement, flower/seed structure and scale; many currently use one vertical leaf-ladder or color-only herb template.","No critical duplicate, clipping, or gross growth-family error found. Broad growth form is usable; species-level botanical specificity may still be simplified. Match the named plant’s actual growth habit, leaf arrangement, flower/seed structure and scale; many currently use one vertical leaf-ladder or color-only herb template.",FAIL,PASS_WITH_POLISH -> HOLD
Date,Date,PASS,PASS_WITH_POLISH,PASS,POLISH,POLISH,POLISH,POLISH,POLISH,Clarify as a harvest item linked to Date Palm rather than a second full palm portrait.,False,Date.png,440,440,RGBA,84c2a185fd0a5c8bdc53f17516cf4b505adfc2c0c49719bfb4460a5d7807456e,,PASS_WITH_POLISH,Other plant or harvest type,HOLD,,"Date needs a species-specific growth-form check: roots/attachment, stem or trunk, leaf/frond arrangement, flower/fruit/spore organ and overall scale.","Clarify as a harvest item linked to Date Palm rather than a second full palm portrait. Date needs a species-specific growth-form check: roots/attachment, stem or trunk, leaf/frond arrangement, flower/fruit/spore organ and overall scale.",FAIL,PASS_WITH_POLISH -> HOLD
Date_Palm,Date Palm,PASS,PASS_WITH_POLISH,PASS,POLISH,POLISH,POLISH,POLISH,POLISH,"No critical duplicate, clipping, or gross growth-family error found. Broad growth form is usable; species-level botanical specificity may still be simplified.",False,Date_Palm.png,440,440,RGBA,dbd03de1a141ad1ae0e13aa12d175a3142e02c453b1bc1691c27364f0d0c1a88,,PASS_WITH_POLISH,3. Palms and Palm-Like Plants,HOLD,,"Date Palm needs a species-specific growth-form check: roots/attachment, stem or trunk, leaf/frond arrangement, flower/fruit/spore organ and overall scale.","No critical duplicate, clipping, or gross growth-family error found. Broad growth form is usable; species-level botanical specificity may still be simplified. Date Palm needs a species-specific growth-form check: roots/attachment, stem or trunk, leaf/frond arrangement, flower/fruit/spore organ and overall scale.",FAIL,PASS_WITH_POLISH -> HOLD
Date_Plum,Date Plum,PASS,PASS_WITH_POLISH,PASS,POLISH,POLISH,POLISH,POLISH,POLISH,"No critical duplicate, clipping, or gross growth-family error found. Broad growth form is usable; species-level botanical specificity may still be simplified.",False,Date_Plum.png,440,440,RGBA,132cb23bc39a888551fb13cd39c178a8d0b77588f32c34a01a264cf3389d5f6d,,PASS_WITH_POLISH,Other plant or harvest type,HOLD,,"Date Plum needs a species-specific growth-form check: roots/attachment, stem or trunk, leaf/frond arrangement, flower/fruit/spore organ and overall scale.","No critical duplicate, clipping, or gross growth-family error found. Broad growth form is usable; species-level botanical specificity may still be simplified. Date Plum needs a species-specific growth-form check: roots/attachment, stem or trunk, leaf/frond arrangement, flower/fruit/spore organ and overall scale.",FAIL,PASS_WITH_POLISH -> HOLD
Desert_Melon,Desert Melon,PASS,PASS_WITH_POLISH,PASS,POLISH,POLISH,POLISH,POLISH,POLISH,"No critical duplicate, clipping, or gross growth-family error found. Broad growth form is usable; species-level botanical specificity may still be simplified.",False,Desert_Melon.png,440,440,RGBA,79372d6df76a0e074db7d3edba8aa3229b69054733b045b8bba8fc35522dca77,,PASS_WITH_POLISH,Other plant or harvest type,HOLD,,"Desert Melon needs a species-specific growth-form check: roots/attachment, stem or trunk, leaf/frond arrangement, flower/fruit/spore organ and overall scale.","No critical duplicate, clipping, or gross growth-family error found. Broad growth form is usable; species-level botanical specificity may still be simplified. Desert Melon needs a species-specific growth-form check: roots/attachment, stem or trunk, leaf/frond arrangement, flower/fruit/spore organ and overall scale.",FAIL,PASS_WITH_POLISH -> HOLD
Desert_Mint,Desert Mint,PASS,PASS_WITH_POLISH,PASS,POLISH,POLISH,POLISH,POLISH,POLISH,"No critical duplicate, clipping, or gross growth-family error found. Broad growth form is usable; species-level botanical specificity may still be simplified.",False,Desert_Mint.png,440,440,RGBA,c78892f0e5d53d90f5bf6cb7ff400145d9b9561232646dd67777e5e14d8cbec6,,PASS_WITH_POLISH,Other plant or harvest type,HOLD,,"Desert Mint needs a species-specific growth-form check: roots/attachment, stem or trunk, leaf/frond arrangement, flower/fruit/spore organ and overall scale.","No critical duplicate, clipping, or gross growth-family error found. Broad growth form is usable; species-level botanical specificity may still be simplified. Desert Mint needs a species-specific growth-form check: roots/attachment, stem or trunk, leaf/frond arrangement, flower/fruit/spore organ and overall scale.",FAIL,PASS_WITH_POLISH -> HOLD
Desert_Rose,Desert Rose,PASS,PASS_WITH_POLISH,PASS,POLISH,POLISH,POLISH,POLISH,POLISH,"No critical duplicate, clipping, or gross growth-family error found. Broad growth form is usable; species-level botanical specificity may still be simplified.",False,Desert_Rose.png,440,440,RGBA,204dbe976612f19cf31f23d911b06ac5f58611a050e7e5dfa07b34d2328c3ae5,,PASS_WITH_POLISH,12. Succulents and Desert Plants,HOLD,,"Match stem geometry, branching/rosette habit, pads/ribs, spines, flower and fruit placement for the named cactus or succulent.","No critical duplicate, clipping, or gross growth-family error found. Broad growth form is usable; species-level botanical specificity may still be simplified. Match stem geometry, branching/rosette habit, pads/ribs, spines, flower and fruit placement for the named cactus or succulent.",FAIL,PASS_WITH_POLISH -> HOLD
Desert_Sage,Desert Sage,PASS,PASS_WITH_POLISH,PASS,POLISH,POLISH,POLISH,POLISH,POLISH,"No critical duplicate, clipping, or gross growth-family error found. Broad growth form is usable; species-level botanical specificity may still be simplified.",False,Desert_Sage.png,440,440,RGBA,3e568b0c4d984edaf2736573b00ffa865456c70b1dca13fb8aa936c7dc11e9f3,,PASS_WITH_POLISH,Other plant or harvest type,HOLD,,"Desert Sage needs a species-specific growth-form check: roots/attachment, stem or trunk, leaf/frond arrangement, flower/fruit/spore organ and overall scale.","No critical duplicate, clipping, or gross growth-family error found. Broad growth form is usable; species-level botanical specificity may still be simplified. Desert Sage needs a species-specific growth-form check: roots/attachment, stem or trunk, leaf/frond arrangement, flower/fruit/spore organ and overall scale.",FAIL,PASS_WITH_POLISH -> HOLD
Devil's_Claw,Devil's Claw,PASS,PASS_WITH_POLISH,PASS,POLISH,POLISH,POLISH,POLISH,POLISH,"No critical duplicate, clipping, or gross growth-family error found. Broad growth form is usable; species-level botanical specificity may still be simplified.",False,Devil's_Claw.png,440,440,RGBA,aacba2eec94908c2f60c05277cb60b2d8beddd28ea9299f524fc9692ecd49c44,,PASS_WITH_POLISH,Other plant or harvest type,HOLD,,"Devil's Claw needs a species-specific growth-form check: roots/attachment, stem or trunk, leaf/frond arrangement, flower/fruit/spore organ and overall scale.","No critical duplicate, clipping, or gross growth-family error found. Broad growth form is usable; species-level botanical specificity may still be simplified. Devil's Claw needs a species-specific growth-form check: roots/attachment, stem or trunk, leaf/frond arrangement, flower/fruit/spore organ and overall scale.",FAIL,PASS_WITH_POLISH -> HOLD
Devil's_Club,Devil's Club,PASS,PASS_WITH_POLISH,PASS,POLISH,POLISH,POLISH,POLISH,POLISH,"No critical duplicate, clipping, or gross growth-family error found. Broad growth form is usable; species-level botanical specificity may still be simplified.",False,Devil's_Club.png,440,440,RGBA,a2ea17ce0c05c16c94073c81c7ebdaa073add008db0a418f38af1ac7edee1947,,PASS_WITH_POLISH,Other plant or harvest type,HOLD,,"Devil's Club needs a species-specific growth-form check: roots/attachment, stem or trunk, leaf/frond arrangement, flower/fruit/spore organ and overall scale.","No critical duplicate, clipping, or gross growth-family error found. Broad growth form is usable; species-level botanical specificity may still be simplified. Devil's Club needs a species-specific growth-form check: roots/attachment, stem or trunk, leaf/frond arrangement, flower/fruit/spore organ and overall scale.",FAIL,PASS_WITH_POLISH -> HOLD
Dragon_Fruit,Dragon Fruit,FAIL,FAIL,FAIL,PASS,FAIL,PASS,FAIL,FAIL,Add climbing/branching cactus stems and attached dragon fruit; current vertical columns are incomplete.,False,Dragon_Fruit.png,440,440,RGBA,ca38827a412551aba8b31f5d1ddfac60b3a21ef866f757261da09d788cf4430d,,FAIL,Other plant or harvest type,FAIL,,"Dragon Fruit needs a species-specific growth-form check: roots/attachment, stem or trunk, leaf/frond arrangement, flower/fruit/spore organ and overall scale.","Add climbing/branching cactus stems and attached dragon fruit; current vertical columns are incomplete. Dragon Fruit needs a species-specific growth-form check: roots/attachment, stem or trunk, leaf/frond arrangement, flower/fruit/spore organ and overall scale.",FAIL,UNCHANGED
Duckweed,Duckweed,PASS,PASS_WITH_POLISH,PASS,POLISH,POLISH,POLISH,POLISH,POLISH,Use a surface mat of many tiny floating leaves rather than a few large pods.,False,Duckweed.png,440,440,RGBA,eea9ba70ee09365308c07c633cf286436a95d077d784d12a39e48ab5a1d0d054,,PASS_WITH_POLISH,14. Aquatic and Wetland Plants,HOLD,,"Use the correct holdfast/rooting, blade/frond form, branching, air bladders and water-growth habit instead of a single generic ribbon or blob.","Use a surface mat of many tiny floating leaves rather than a few large pods. Use the correct holdfast/rooting, blade/frond form, branching, air bladders and water-growth habit instead of a single generic ribbon or blob.",FAIL,PASS_WITH_POLISH -> HOLD
Dulse,Dulse,PASS,PASS_WITH_POLISH,PASS,POLISH,POLISH,POLISH,POLISH,POLISH,Use broad reddish sheet/frond morphology and marine attachment.,False,Dulse.png,440,440,RGBA,ac521f8e9cac9f952ed59295b145d194ac44cffc979535e6cda9b563a8ce0646,,PASS_WITH_POLISH,Other plant or harvest type,HOLD,,"Dulse needs a species-specific growth-form check: roots/attachment, stem or trunk, leaf/frond arrangement, flower/fruit/spore organ and overall scale.","Use broad reddish sheet/frond morphology and marine attachment. Dulse needs a species-specific growth-form check: roots/attachment, stem or trunk, leaf/frond arrangement, flower/fruit/spore organ and overall scale.",FAIL,PASS_WITH_POLISH -> HOLD
Durian,Durian,PASS,PASS_WITH_POLISH,PASS,POLISH,POLISH,POLISH,POLISH,POLISH,"No critical duplicate, clipping, or gross growth-family error found. Broad growth form is usable; species-level botanical specificity may still be simplified.",False,Durian.png,440,440,RGBA,a8974d65a165e23eda440df1384216a863c7dfc857a1acf258ac0326d8d24aec,,PASS_WITH_POLISH,4. Fruit and Nut Trees,HOLD,,"The catalog overuses a round canopy on a straight trunk. Match the species’ trunk habit, branching architecture, crown shape, leaf masses, bark and fruit/flower attachment.","No critical duplicate, clipping, or gross growth-family error found. Broad growth form is usable; species-level botanical specificity may still be simplified. The catalog overuses a round canopy on a straight trunk. Match the species’ trunk habit, branching architecture, crown shape, leaf masses, bark and fruit/flower attachment.",FAIL,PASS_WITH_POLISH -> HOLD
Echinacea,Echinacea,PASS,PASS_WITH_POLISH,PASS,POLISH,POLISH,POLISH,POLISH,POLISH,"No critical duplicate, clipping, or gross growth-family error found. Broad growth form is usable; species-level botanical specificity may still be simplified.",False,Echinacea.png,440,440,RGBA,51aca11a123b9815db624d792276c1b420c7f50a44e1b2360e202c6f8b6aa73c,,PASS_WITH_POLISH,9. Herbs and Spices,HOLD,,"Match the named plant’s actual growth habit, leaf arrangement, flower/seed structure and scale; many currently use one vertical leaf-ladder or color-only herb template.","No critical duplicate, clipping, or gross growth-family error found. Broad growth form is usable; species-level botanical specificity may still be simplified. Match the named plant’s actual growth habit, leaf arrangement, flower/seed structure and scale; many currently use one vertical leaf-ladder or color-only herb template.",FAIL,PASS_WITH_POLISH -> HOLD
Edelweiss,Edelweiss,PASS,PASS_WITH_POLISH,PASS,POLISH,POLISH,POLISH,POLISH,POLISH,"No critical duplicate, clipping, or gross growth-family error found. Broad growth form is usable; species-level botanical specificity may still be simplified.",False,Edelweiss.png,440,440,RGBA,05995101c68db90a63e0a33958090c3ea96a18ca74a664461a7bccc073b5d8d3,,PASS_WITH_POLISH,Other plant or harvest type,HOLD,,"Edelweiss needs a species-specific growth-form check: roots/attachment, stem or trunk, leaf/frond arrangement, flower/fruit/spore organ and overall scale.","No critical duplicate, clipping, or gross growth-family error found. Broad growth form is usable; species-level botanical specificity may still be simplified. Edelweiss needs a species-specific growth-form check: roots/attachment, stem or trunk, leaf/frond arrangement, flower/fruit/spore organ and overall scale.",FAIL,PASS_WITH_POLISH -> HOLD
Elderberry,Elderberry,PASS,PASS_WITH_POLISH,PASS,POLISH,POLISH,POLISH,POLISH,POLISH,"No critical duplicate, clipping, or gross growth-family error found. Broad growth form is usable; species-level botanical specificity may still be simplified.",False,Elderberry.png,440,440,RGBA,6f9a5a018cf468311c20854255c1edbae20f078f00fe4aa99665d7e9f26dcc7b,,PASS_WITH_POLISH,5. Shrubs and Bushes,HOLD,,"Elderberry needs a species-specific growth-form check: roots/attachment, stem or trunk, leaf/frond arrangement, flower/fruit/spore organ and overall scale.","No critical duplicate, clipping, or gross growth-family error found. Broad growth form is usable; species-level botanical specificity may still be simplified. Elderberry needs a species-specific growth-form check: roots/attachment, stem or trunk, leaf/frond arrangement, flower/fruit/spore organ and overall scale.",FAIL,PASS_WITH_POLISH -> HOLD
Ephedra,Ephedra,PASS,PASS_WITH_POLISH,PASS,POLISH,POLISH,POLISH,POLISH,POLISH,"No critical duplicate, clipping, or gross growth-family error found. Broad growth form is usable; species-level botanical specificity may still be simplified.",False,Ephedra.png,440,440,RGBA,196734bb03d56bf72425e274f24c614a39bbdc5d819e0f0a2a57156efe040c57,,PASS_WITH_POLISH,Other plant or harvest type,HOLD,,"Ephedra needs a species-specific growth-form check: roots/attachment, stem or trunk, leaf/frond arrangement, flower/fruit/spore organ and overall scale.","No critical duplicate, clipping, or gross growth-family error found. Broad growth form is usable; species-level botanical specificity may still be simplified. Ephedra needs a species-specific growth-form check: roots/attachment, stem or trunk, leaf/frond arrangement, flower/fruit/spore organ and overall scale.",FAIL,PASS_WITH_POLISH -> HOLD
Eucalyptus,Eucalyptus,PASS,PASS_WITH_POLISH,PASS,POLISH,POLISH,POLISH,POLISH,POLISH,"No critical duplicate, clipping, or gross growth-family error found. Broad growth form is usable; species-level botanical specificity may still be simplified.",False,Eucalyptus.png,440,440,RGBA,772dd1869072cd5798d1e3b04afe3a3a6c387aee86ee8f8e68f6c03523f2072d,,PASS_WITH_POLISH,Mediterranean and dry-climate trees,HOLD,,"The catalog overuses a round canopy on a straight trunk. Match the species’ trunk habit, branching architecture, crown shape, leaf masses, bark and fruit/flower attachment.","No critical duplicate, clipping, or gross growth-family error found. Broad growth form is usable; species-level botanical specificity may still be simplified. The catalog overuses a round canopy on a straight trunk. Match the species’ trunk habit, branching architecture, crown shape, leaf masses, bark and fruit/flower attachment.",FAIL,PASS_WITH_POLISH -> HOLD
Fennel,Fennel,PASS,PASS_WITH_POLISH,PASS,POLISH,POLISH,POLISH,POLISH,POLISH,"No critical duplicate, clipping, or gross growth-family error found. Broad growth form is usable; species-level botanical specificity may still be simplified.",False,Fennel.png,440,440,RGBA,7cfb60782e62fb69267fed51e6c2a23c86c660a3ba21b05f5a4db22f57945e26,,PASS_WITH_POLISH,Bulb and stem vegetables,HOLD,,"Show the source plant and the correct underground storage organ, leaf top and harvest relationship rather than an isolated generic bulb.","No critical duplicate, clipping, or gross growth-family error found. Broad growth form is usable; species-level botanical specificity may still be simplified. Show the source plant and the correct underground storage organ, leaf top and harvest relationship rather than an isolated generic bulb.",FAIL,PASS_WITH_POLISH -> HOLD
Fenugreek,Fenugreek,PASS,PASS_WITH_POLISH,PASS,POLISH,POLISH,POLISH,POLISH,POLISH,"No critical duplicate, clipping, or gross growth-family error found. Broad growth form is usable; species-level botanical specificity may still be simplified.",False,Fenugreek.png,440,440,RGBA,88e405d4a0bc6038b1a81558bd834f9765829a2498c03325cd09384294798b88,,PASS_WITH_POLISH,Other plant or harvest type,HOLD,,"Fenugreek needs a species-specific growth-form check: roots/attachment, stem or trunk, leaf/frond arrangement, flower/fruit/spore organ and overall scale.","No critical duplicate, clipping, or gross growth-family error found. Broad growth form is usable; species-level botanical specificity may still be simplified. Fenugreek needs a species-specific growth-form check: roots/attachment, stem or trunk, leaf/frond arrangement, flower/fruit/spore organ and overall scale.",FAIL,PASS_WITH_POLISH -> HOLD
Fiddlehead_Fern,Fiddlehead Fern,PASS,PASS_WITH_POLISH,PASS,POLISH,POLISH,POLISH,POLISH,POLISH,"No critical duplicate, clipping, or gross growth-family error found. Broad growth form is usable; species-level botanical specificity may still be simplified.",False,Fiddlehead_Fern.png,440,440,RGBA,018b14d6dd7f0c97317057f36c983275c5ac1ef505523d493b10a77470befaa7,,PASS_WITH_POLISH,Other plant or harvest type,HOLD,,"Fiddlehead Fern needs a species-specific growth-form check: roots/attachment, stem or trunk, leaf/frond arrangement, flower/fruit/spore organ and overall scale.","No critical duplicate, clipping, or gross growth-family error found. Broad growth form is usable; species-level botanical specificity may still be simplified. Fiddlehead Fern needs a species-specific growth-form check: roots/attachment, stem or trunk, leaf/frond arrangement, flower/fruit/spore organ and overall scale.",FAIL,PASS_WITH_POLISH -> HOLD
Fig,Fig,PASS,PASS_WITH_POLISH,PASS,POLISH,POLISH,POLISH,POLISH,POLISH,"No critical duplicate, clipping, or gross growth-family error found. Broad growth form is usable; species-level botanical specificity may still be simplified.",False,Fig.png,440,440,RGBA,90b9e741e24f4dd4e204fc330fd050e49fddd3700951dcf2e5956d5358e7b004,,PASS_WITH_POLISH,4. Fruit and Nut Trees,HOLD,,"The catalog overuses a round canopy on a straight trunk. Match the species’ trunk habit, branching architecture, crown shape, leaf masses, bark and fruit/flower attachment.","No critical duplicate, clipping, or gross growth-family error found. Broad growth form is usable; species-level botanical specificity may still be simplified. The catalog overuses a round canopy on a straight trunk. Match the species’ trunk habit, branching architecture, crown shape, leaf masses, bark and fruit/flower attachment.",FAIL,PASS_WITH_POLISH -> HOLD
Fireweed,Fireweed,PASS,PASS_WITH_POLISH,PASS,POLISH,POLISH,POLISH,POLISH,POLISH,"No critical duplicate, clipping, or gross growth-family error found. Broad growth form is usable; species-level botanical specificity may still be simplified.",False,Fireweed.png,440,440,RGBA,35a1e98334477ddeaead045b16598d592d758eb0de0d3b27b56a78669cd81c27,,PASS_WITH_POLISH,Other plant or harvest type,HOLD,,"Fireweed needs a species-specific growth-form check: roots/attachment, stem or trunk, leaf/frond arrangement, flower/fruit/spore organ and overall scale.","No critical duplicate, clipping, or gross growth-family error found. Broad growth form is usable; species-level botanical specificity may still be simplified. Fireweed needs a species-specific growth-form check: roots/attachment, stem or trunk, leaf/frond arrangement, flower/fruit/spore organ and overall scale.",FAIL,PASS_WITH_POLISH -> HOLD
Flax,Flax,PASS,PASS_WITH_POLISH,PASS,POLISH,POLISH,POLISH,POLISH,POLISH,Add slender branched stems and small blue flowers; current vertical ear is crop-generic.,False,Flax.png,440,440,RGBA,633cfcaa1f69e1c483a84abd20b51a850630ed50fd6f778588ad3ebd4353e8e0,,PASS_WITH_POLISH,Other plant or harvest type,HOLD,,"Flax needs a species-specific growth-form check: roots/attachment, stem or trunk, leaf/frond arrangement, flower/fruit/spore organ and overall scale.","Add slender branched stems and small blue flowers; current vertical ear is crop-generic. Flax needs a species-specific growth-form check: roots/attachment, stem or trunk, leaf/frond arrangement, flower/fruit/spore organ and overall scale.",FAIL,PASS_WITH_POLISH -> HOLD
Floating_Green_Algae,Floating Green Algae,PASS,PASS_WITH_POLISH,PASS,POLISH,POLISH,POLISH,POLISH,POLISH,Use a floating mat/filament mass rather than large ribbon shapes if this is planktonic algae.,False,Floating_Green_Algae.png,440,440,RGBA,638c224be4d293430a912ed09b3e6c0ca8e80a8521dd40d0f90a0ed98a4e8b90,,PASS_WITH_POLISH,Other plant or harvest type,HOLD,,"Floating Green Algae needs a species-specific growth-form check: roots/attachment, stem or trunk, leaf/frond arrangement, flower/fruit/spore organ and overall scale.","Use a floating mat/filament mass rather than large ribbon shapes if this is planktonic algae. Floating Green Algae needs a species-specific growth-form check: roots/attachment, stem or trunk, leaf/frond arrangement, flower/fruit/spore organ and overall scale.",FAIL,PASS_WITH_POLISH -> HOLD
Foxglove,Foxglove,PASS,PASS_WITH_POLISH,PASS,POLISH,POLISH,POLISH,POLISH,POLISH,"No critical duplicate, clipping, or gross growth-family error found. Broad growth form is usable; species-level botanical specificity may still be simplified.",False,Foxglove.png,440,440,RGBA,565ffc19f60b3a8f38a43c991ba11a11be1992ccc12db102afec2e2b38fd4e72,,PASS_WITH_POLISH,10. Flowering Herbs and Wildflowers,HOLD,,"Match the named plant’s actual growth habit, leaf arrangement, flower/seed structure and scale; many currently use one vertical leaf-ladder or color-only herb template.","No critical duplicate, clipping, or gross growth-family error found. Broad growth form is usable; species-level botanical specificity may still be simplified. Match the named plant’s actual growth habit, leaf arrangement, flower/seed structure and scale; many currently use one vertical leaf-ladder or color-only herb template.",FAIL,PASS_WITH_POLISH -> HOLD
Garlic,Garlic,PASS,PASS_WITH_POLISH,PASS,POLISH,POLISH,POLISH,POLISH,POLISH,"No critical duplicate, clipping, or gross growth-family error found. Broad growth form is usable; species-level botanical specificity may still be simplified.",False,Garlic.png,440,440,RGBA,1894fc3316431ed6a36c136f108614792b1c5a5457c375aaf7d00d34589b1c53,,PASS_WITH_POLISH,Bulb and stem vegetables,HOLD,,"Show the source plant and the correct underground storage organ, leaf top and harvest relationship rather than an isolated generic bulb.","No critical duplicate, clipping, or gross growth-family error found. Broad growth form is usable; species-level botanical specificity may still be simplified. Show the source plant and the correct underground storage organ, leaf top and harvest relationship rather than an isolated generic bulb.",FAIL,PASS_WITH_POLISH -> HOLD
Gentian,Gentian,PASS,PASS_WITH_POLISH,PASS,POLISH,POLISH,POLISH,POLISH,POLISH,"No critical duplicate, clipping, or gross growth-family error found. Broad growth form is usable; species-level botanical specificity may still be simplified.",False,Gentian.png,440,440,RGBA,fa0a0db8d51ab10f06e0a8ca4ca54a0cdef7626791690c63a07b775e817df050,,PASS_WITH_POLISH,Other plant or harvest type,HOLD,,"Gentian needs a species-specific growth-form check: roots/attachment, stem or trunk, leaf/frond arrangement, flower/fruit/spore organ and overall scale.","No critical duplicate, clipping, or gross growth-family error found. Broad growth form is usable; species-level botanical specificity may still be simplified. Gentian needs a species-specific growth-form check: roots/attachment, stem or trunk, leaf/frond arrangement, flower/fruit/spore organ and overall scale.",FAIL,PASS_WITH_POLISH -> HOLD
Giant_Kelp,Giant Kelp,PASS,PASS_WITH_POLISH,PASS,POLISH,POLISH,POLISH,POLISH,POLISH,"Add long stipes, holdfast, gas bladders, and broad blades.",False,Giant_Kelp.png,440,440,RGBA,6f618eed028ea36673afd24c79303cb4a12a7e93b841e4ecf9ac818bcd2cf801,,PASS_WITH_POLISH,Other plant or harvest type,HOLD,,"Giant Kelp needs a species-specific growth-form check: roots/attachment, stem or trunk, leaf/frond arrangement, flower/fruit/spore organ and overall scale.","Add long stipes, holdfast, gas bladders, and broad blades. Giant Kelp needs a species-specific growth-form check: roots/attachment, stem or trunk, leaf/frond arrangement, flower/fruit/spore organ and overall scale.",FAIL,PASS_WITH_POLISH -> HOLD
Ginger,Ginger,PASS,PASS_WITH_POLISH,PASS,POLISH,POLISH,POLISH,POLISH,POLISH,"No critical duplicate, clipping, or gross growth-family error found. Broad growth form is usable; species-level botanical specificity may still be simplified.",False,Ginger.png,440,440,RGBA,8848ad1effe6814a396da1779c4d9d0ca3a0e60bcfc871abc4991369e6ceb824,,PASS_WITH_POLISH,9. Herbs and Spices,HOLD,,"Match the named plant’s actual growth habit, leaf arrangement, flower/seed structure and scale; many currently use one vertical leaf-ladder or color-only herb template.","No critical duplicate, clipping, or gross growth-family error found. Broad growth form is usable; species-level botanical specificity may still be simplified. Match the named plant’s actual growth habit, leaf arrangement, flower/seed structure and scale; many currently use one vertical leaf-ladder or color-only herb template.",FAIL,PASS_WITH_POLISH -> HOLD
Ginseng,Ginseng,PASS,PASS_WITH_POLISH,PASS,POLISH,POLISH,POLISH,POLISH,POLISH,"No critical duplicate, clipping, or gross growth-family error found. Broad growth form is usable; species-level botanical specificity may still be simplified.",False,Ginseng.png,440,440,RGBA,2fc9eed64da7bab2022db39bbbf55662e46613027892a9d8db209bcbe5501846,,PASS_WITH_POLISH,9. Herbs and Spices,HOLD,,"Match the named plant’s actual growth habit, leaf arrangement, flower/seed structure and scale; many currently use one vertical leaf-ladder or color-only herb template.","No critical duplicate, clipping, or gross growth-family error found. Broad growth form is usable; species-level botanical specificity may still be simplified. Match the named plant’s actual growth habit, leaf arrangement, flower/seed structure and scale; many currently use one vertical leaf-ladder or color-only herb template.",FAIL,PASS_WITH_POLISH -> HOLD
Glasswort,Glasswort,PASS,PASS_WITH_POLISH,PASS,POLISH,POLISH,POLISH,POLISH,POLISH,"No critical duplicate, clipping, or gross growth-family error found. Broad growth form is usable; species-level botanical specificity may still be simplified.",False,Glasswort.png,440,440,RGBA,d536b9b20632f77fa81de65bfe4c10ece9d8c50e47d6a75db8b1e3f5127e5741,,PASS_WITH_POLISH,Other plant or harvest type,HOLD,,"Glasswort needs a species-specific growth-form check: roots/attachment, stem or trunk, leaf/frond arrangement, flower/fruit/spore organ and overall scale.","No critical duplicate, clipping, or gross growth-family error found. Broad growth form is usable; species-level botanical specificity may still be simplified. Glasswort needs a species-specific growth-form check: roots/attachment, stem or trunk, leaf/frond arrangement, flower/fruit/spore organ and overall scale.",FAIL,PASS_WITH_POLISH -> HOLD
Goldenrod,Goldenrod,PASS,PASS_WITH_POLISH,PASS,POLISH,POLISH,POLISH,POLISH,POLISH,"No critical duplicate, clipping, or gross growth-family error found. Broad growth form is usable; species-level botanical specificity may still be simplified.",False,Goldenrod.png,440,440,RGBA,8b22975372135b6e1736fff6a4e0dfbe8298ded9456ff2a686ba4d3867d874e2,,PASS_WITH_POLISH,10. Flowering Herbs and Wildflowers,HOLD,,"Match the named plant’s actual growth habit, leaf arrangement, flower/seed structure and scale; many currently use one vertical leaf-ladder or color-only herb template.","No critical duplicate, clipping, or gross growth-family error found. Broad growth form is usable; species-level botanical specificity may still be simplified. Match the named plant’s actual growth habit, leaf arrangement, flower/seed structure and scale; many currently use one vertical leaf-ladder or color-only herb template.",FAIL,PASS_WITH_POLISH -> HOLD
Gooseberry,Gooseberry,PASS,PASS_WITH_POLISH,PASS,POLISH,POLISH,POLISH,POLISH,POLISH,"No critical duplicate, clipping, or gross growth-family error found. Broad growth form is usable; species-level botanical specificity may still be simplified.",False,Gooseberry.png,440,440,RGBA,f296360a87169f7c427fb6c534fc85e464048c08f3c6405a29d3e8728ba23cd1,,PASS_WITH_POLISH,5. Shrubs and Bushes,HOLD,,"Gooseberry needs a species-specific growth-form check: roots/attachment, stem or trunk, leaf/frond arrangement, flower/fruit/spore organ and overall scale.","No critical duplicate, clipping, or gross growth-family error found. Broad growth form is usable; species-level botanical specificity may still be simplified. Gooseberry needs a species-specific growth-form check: roots/attachment, stem or trunk, leaf/frond arrangement, flower/fruit/spore organ and overall scale.",FAIL,PASS_WITH_POLISH -> HOLD
Grape,Grape,PASS,PASS_WITH_POLISH,PASS,POLISH,POLISH,POLISH,POLISH,POLISH,"No critical duplicate, clipping, or gross growth-family error found. Broad growth form is usable; species-level botanical specificity may still be simplified.",False,Grape.png,440,440,RGBA,ebed75c2952313163f7a3a86beffa75e32c43b2806f216b4d99b3f9fa5afcca3,,PASS_WITH_POLISH,Other plant or harvest type,HOLD,,"Grape needs a species-specific growth-form check: roots/attachment, stem or trunk, leaf/frond arrangement, flower/fruit/spore organ and overall scale.","No critical duplicate, clipping, or gross growth-family error found. Broad growth form is usable; species-level botanical specificity may still be simplified. Grape needs a species-specific growth-form check: roots/attachment, stem or trunk, leaf/frond arrangement, flower/fruit/spore organ and overall scale.",FAIL,PASS_WITH_POLISH -> HOLD
Green_Algae,Green Algae,FAIL,BLOCKER,FAIL,PASS,PASS,PASS,PASS,FAIL,Canonical ownership overlaps the microbe library. Define macroalgal versus microalgal records and use one authoritative ID per organism.,True,Green_Algae.png,440,440,RGBA,67c8f932802d71c1965925e4ed9efb9b8dbf43a29f3bcc4a6882c5df22fb2072,,BLOCKER,Algae,BLOCKER,,"Use the correct holdfast/rooting, blade/frond form, branching, air bladders and water-growth habit instead of a single generic ribbon or blob.","Canonical ownership overlaps the microbe library. Define macroalgal versus microalgal records and use one authoritative ID per organism. Use the correct holdfast/rooting, blade/frond form, branching, air bladders and water-growth habit instead of a single generic ribbon or blob.",FAIL,UNCHANGED
Guava,Guava,PASS,PASS_WITH_POLISH,PASS,POLISH,POLISH,POLISH,POLISH,POLISH,"No critical duplicate, clipping, or gross growth-family error found. Broad growth form is usable; species-level botanical specificity may still be simplified.",False,Guava.png,440,440,RGBA,672f762e92b92b85961e5896db450bed9fda1e8171f4d6cd5bc3e80169cd8b8b,,PASS_WITH_POLISH,4. Fruit and Nut Trees,HOLD,,"The catalog overuses a round canopy on a straight trunk. Match the species’ trunk habit, branching architecture, crown shape, leaf masses, bark and fruit/flower attachment.","No critical duplicate, clipping, or gross growth-family error found. Broad growth form is usable; species-level botanical specificity may still be simplified. The catalog overuses a round canopy on a straight trunk. Match the species’ trunk habit, branching architecture, crown shape, leaf masses, bark and fruit/flower attachment.",FAIL,PASS_WITH_POLISH -> HOLD
Hardy_Fern,Hardy Fern,PASS,PASS_WITH_POLISH,PASS,POLISH,POLISH,POLISH,POLISH,POLISH,"No critical duplicate, clipping, or gross growth-family error found. Broad growth form is usable; species-level botanical specificity may still be simplified.",False,Hardy_Fern.png,440,440,RGBA,5d3f963b9a50ccddd3e1a0f79bf388de419381c35ec1c74ea780db4458f12cbe,,PASS_WITH_POLISH,Other plant or harvest type,HOLD,,"Hardy Fern needs a species-specific growth-form check: roots/attachment, stem or trunk, leaf/frond arrangement, flower/fruit/spore organ and overall scale.","No critical duplicate, clipping, or gross growth-family error found. Broad growth form is usable; species-level botanical specificity may still be simplified. Hardy Fern needs a species-specific growth-form check: roots/attachment, stem or trunk, leaf/frond arrangement, flower/fruit/spore organ and overall scale.",FAIL,PASS_WITH_POLISH -> HOLD
Hazelnut,Hazelnut,PASS,PASS_WITH_POLISH,PASS,POLISH,POLISH,POLISH,POLISH,POLISH,"No critical duplicate, clipping, or gross growth-family error found. Broad growth form is usable; species-level botanical specificity may still be simplified.",False,Hazelnut.png,440,440,RGBA,f8ca68e64d234d5c2436e88636b5acd5a382478cfffaad31cca3a5f888869539,,PASS_WITH_POLISH,4. Fruit and Nut Trees,HOLD,,"The catalog overuses a round canopy on a straight trunk. Match the species’ trunk habit, branching architecture, crown shape, leaf masses, bark and fruit/flower attachment.","No critical duplicate, clipping, or gross growth-family error found. Broad growth form is usable; species-level botanical specificity may still be simplified. The catalog overuses a round canopy on a straight trunk. Match the species’ trunk habit, branching architecture, crown shape, leaf masses, bark and fruit/flower attachment.",FAIL,PASS_WITH_POLISH -> HOLD
Heather,Heather,PASS,PASS_WITH_POLISH,PASS,POLISH,POLISH,POLISH,POLISH,POLISH,"No critical duplicate, clipping, or gross growth-family error found. Broad growth form is usable; species-level botanical specificity may still be simplified.",False,Heather.png,440,440,RGBA,39deb37cea8a1ddd70cffb3e021fe236801a549078f8ad3d750008fe79a16240,,PASS_WITH_POLISH,5. Shrubs and Bushes,HOLD,,"Heather needs a species-specific growth-form check: roots/attachment, stem or trunk, leaf/frond arrangement, flower/fruit/spore organ and overall scale.","No critical duplicate, clipping, or gross growth-family error found. Broad growth form is usable; species-level botanical specificity may still be simplified. Heather needs a species-specific growth-form check: roots/attachment, stem or trunk, leaf/frond arrangement, flower/fruit/spore organ and overall scale.",FAIL,PASS_WITH_POLISH -> HOLD
Hemlock,Hemlock,PASS,PASS_WITH_POLISH,PASS,POLISH,POLISH,POLISH,POLISH,POLISH,"No critical duplicate, clipping, or gross growth-family error found. Broad growth form is usable; species-level botanical specificity may still be simplified.",False,Hemlock.png,440,440,RGBA,46e8eb046f12c18994c1f0b22c392cf514ef8badac8aca75409288ff18660524,,PASS_WITH_POLISH,2. Conifers and Other Seed Plants,HOLD,,"Hemlock needs a species-specific growth-form check: roots/attachment, stem or trunk, leaf/frond arrangement, flower/fruit/spore organ and overall scale.","No critical duplicate, clipping, or gross growth-family error found. Broad growth form is usable; species-level botanical specificity may still be simplified. Hemlock needs a species-specific growth-form check: roots/attachment, stem or trunk, leaf/frond arrangement, flower/fruit/spore organ and overall scale.",FAIL,PASS_WITH_POLISH -> HOLD
Hemp,Hemp,PASS,PASS,PASS,PASS,PASS,PASS,PASS,PASS,Palmately divided leaves and upright herb structure now read correctly.,True,Hemp.png,440,440,RGBA,fbd57180e21fe465b10dc3517ebf933edd3d7b4a9a9ab504c848594cd81379e0,,PASS,Other plant or harvest type,PASS,,"Hemp needs a species-specific growth-form check: roots/attachment, stem or trunk, leaf/frond arrangement, flower/fruit/spore organ and overall scale.",PASS — Leave alone. The source plant or harvest organ has an appropriate growth form and recognizable silhouette.,PASS,UNCHANGED
Holy_Basil,Holy Basil,PASS,PASS_WITH_POLISH,PASS,POLISH,POLISH,POLISH,POLISH,POLISH,"No critical duplicate, clipping, or gross growth-family error found. Broad growth form is usable; species-level botanical specificity may still be simplified.",False,Holy_Basil.png,440,440,RGBA,d101092443510c8d843162046ff4c2ac0932f95364636ec67116691361c2aa63,,PASS_WITH_POLISH,Other plant or harvest type,HOLD,,"Holy Basil needs a species-specific growth-form check: roots/attachment, stem or trunk, leaf/frond arrangement, flower/fruit/spore organ and overall scale.","No critical duplicate, clipping, or gross growth-family error found. Broad growth form is usable; species-level botanical specificity may still be simplified. Holy Basil needs a species-specific growth-form check: roots/attachment, stem or trunk, leaf/frond arrangement, flower/fruit/spore organ and overall scale.",FAIL,PASS_WITH_POLISH -> HOLD
Huckleberry,Huckleberry,PASS,PASS_WITH_POLISH,PASS,POLISH,POLISH,POLISH,POLISH,POLISH,"No critical duplicate, clipping, or gross growth-family error found. Broad growth form is usable; species-level botanical specificity may still be simplified.",False,Huckleberry.png,440,440,RGBA,29fea3e6e33eb33b8e8a46f0bcab91a83d3cd24d3a69d63079cfc29eb8b7f80e,,PASS_WITH_POLISH,Other plant or harvest type,HOLD,,"Huckleberry needs a species-specific growth-form check: roots/attachment, stem or trunk, leaf/frond arrangement, flower/fruit/spore organ and overall scale.","No critical duplicate, clipping, or gross growth-family error found. Broad growth form is usable; species-level botanical specificity may still be simplified. Huckleberry needs a species-specific growth-form check: roots/attachment, stem or trunk, leaf/frond arrangement, flower/fruit/spore organ and overall scale.",FAIL,PASS_WITH_POLISH -> HOLD
Ice_Algae,Ice Algae,PASS,PASS_WITH_POLISH,PASS,POLISH,POLISH,POLISH,POLISH,POLISH,Surface colony on ice is now represented; clarify whether this is a microalga and align ownership with the microbe taxonomy model.,True,Ice_Algae.png,440,440,RGBA,fcc762acdd2791209b6d1cbe57d3e845248d70f2c0cef43226a2160fab9ee3d1,,PASS_WITH_POLISH,Other plant or harvest type,HOLD,,"Ice Algae needs a species-specific growth-form check: roots/attachment, stem or trunk, leaf/frond arrangement, flower/fruit/spore organ and overall scale.","Surface colony on ice is now represented; clarify whether this is a microalga and align ownership with the microbe taxonomy model. Ice Algae needs a species-specific growth-form check: roots/attachment, stem or trunk, leaf/frond arrangement, flower/fruit/spore organ and overall scale.",FAIL,PASS_WITH_POLISH -> HOLD
Indian_Gooseberry,Indian Gooseberry,PASS,PASS_WITH_POLISH,PASS,POLISH,POLISH,POLISH,POLISH,POLISH,"No critical duplicate, clipping, or gross growth-family error found. Broad growth form is usable; species-level botanical specificity may still be simplified.",False,Indian_Gooseberry.png,440,440,RGBA,a64200deb2a7e50a2178c102bef27ba76d7b90782a2a2e6ea150a7d6834af798,,PASS_WITH_POLISH,Other plant or harvest type,HOLD,,"Indian Gooseberry needs a species-specific growth-form check: roots/attachment, stem or trunk, leaf/frond arrangement, flower/fruit/spore organ and overall scale.","No critical duplicate, clipping, or gross growth-family error found. Broad growth form is usable; species-level botanical specificity may still be simplified. Indian Gooseberry needs a species-specific growth-form check: roots/attachment, stem or trunk, leaf/frond arrangement, flower/fruit/spore organ and overall scale.",FAIL,PASS_WITH_POLISH -> HOLD
Ivy,Ivy,FAIL,FAIL,FAIL,FAIL,PASS,FAIL,PASS,FAIL,Use a climbing vine with lobed leaves and attachment habit.,False,Ivy.png,440,440,RGBA,5f2fbd9a27483721a65b806a445f768923c906a02cd69cb3b77153c9cef65710,,FAIL,11. Vines and Climbing Plants,FAIL,,"Show the correct climbing/twining habit, support attachment, tendrils, leaf arrangement and attached flowers/fruit rather than floating clusters or an upright shrub.","Use a climbing vine with lobed leaves and attachment habit. Show the correct climbing/twining habit, support attachment, tendrils, leaf arrangement and attached flowers/fruit rather than floating clusters or an upright shrub.",FAIL,UNCHANGED
Jackfruit,Jackfruit,PASS,PASS_WITH_POLISH,PASS,POLISH,POLISH,POLISH,POLISH,POLISH,"No critical duplicate, clipping, or gross growth-family error found. Broad growth form is usable; species-level botanical specificity may still be simplified.",False,Jackfruit.png,440,440,RGBA,39abada2565e7a4d17b37dcf924b172fadb2fb0118f12c9df05b35df1217f6b2,,PASS_WITH_POLISH,4. Fruit and Nut Trees,HOLD,,"The catalog overuses a round canopy on a straight trunk. Match the species’ trunk habit, branching architecture, crown shape, leaf masses, bark and fruit/flower attachment.","No critical duplicate, clipping, or gross growth-family error found. Broad growth form is usable; species-level botanical specificity may still be simplified. The catalog overuses a round canopy on a straight trunk. Match the species’ trunk habit, branching architecture, crown shape, leaf masses, bark and fruit/flower attachment.",FAIL,PASS_WITH_POLISH -> HOLD
Joshua_Tree,Joshua Tree,PASS,PASS_WITH_POLISH,PASS,POLISH,POLISH,POLISH,POLISH,POLISH,Branching trunk is now present; enlarge terminal spiky rosettes and irregular branching.,False,Joshua_Tree.png,440,440,RGBA,3d5f5c8b468a823eb3eadf231f20b3919f0bdff1ddc1b7498384c19bada75b91,,PASS_WITH_POLISH,Other plant or harvest type,HOLD,,"Joshua Tree needs a species-specific growth-form check: roots/attachment, stem or trunk, leaf/frond arrangement, flower/fruit/spore organ and overall scale.","Branching trunk is now present; enlarge terminal spiky rosettes and irregular branching. Joshua Tree needs a species-specific growth-form check: roots/attachment, stem or trunk, leaf/frond arrangement, flower/fruit/spore organ and overall scale.",FAIL,PASS_WITH_POLISH -> HOLD
Jujube,Jujube,PASS,PASS_WITH_POLISH,PASS,POLISH,POLISH,POLISH,POLISH,POLISH,"No critical duplicate, clipping, or gross growth-family error found. Broad growth form is usable; species-level botanical specificity may still be simplified.",False,Jujube.png,440,440,RGBA,cb7496d1c1b88a5f625f8ee32b0cd0a6946c62963fa951ec1d1cf4eaa5fc8a15,,PASS_WITH_POLISH,4. Fruit and Nut Trees,HOLD,,"The catalog overuses a round canopy on a straight trunk. Match the species’ trunk habit, branching architecture, crown shape, leaf masses, bark and fruit/flower attachment.","No critical duplicate, clipping, or gross growth-family error found. Broad growth form is usable; species-level botanical specificity may still be simplified. The catalog overuses a round canopy on a straight trunk. Match the species’ trunk habit, branching architecture, crown shape, leaf masses, bark and fruit/flower attachment.",FAIL,PASS_WITH_POLISH -> HOLD
Juniper,Juniper,PASS,PASS_WITH_POLISH,PASS,POLISH,POLISH,POLISH,POLISH,POLISH,"No critical duplicate, clipping, or gross growth-family error found. Broad growth form is usable; species-level botanical specificity may still be simplified.",False,Juniper.png,440,440,RGBA,a68791e0e36bec2ff00b80d20c9316ea6f5022afeb57915d33f87e9f527ff100,,PASS_WITH_POLISH,2. Conifers and Other Seed Plants,HOLD,,"Juniper needs a species-specific growth-form check: roots/attachment, stem or trunk, leaf/frond arrangement, flower/fruit/spore organ and overall scale.","No critical duplicate, clipping, or gross growth-family error found. Broad growth form is usable; species-level botanical specificity may still be simplified. Juniper needs a species-specific growth-form check: roots/attachment, stem or trunk, leaf/frond arrangement, flower/fruit/spore organ and overall scale.",FAIL,PASS_WITH_POLISH -> HOLD
Juniper_Berries,Juniper Berries,PASS,PASS_WITH_POLISH,PASS,POLISH,POLISH,POLISH,POLISH,POLISH,"No critical duplicate, clipping, or gross growth-family error found. Broad growth form is usable; species-level botanical specificity may still be simplified.",False,Juniper_Berries.png,440,440,RGBA,91fea528e9a32a25001419b85980b3d5126af7e23aaaa2a03b36374b5eb2629e,,PASS_WITH_POLISH,Other plant or harvest type,HOLD,,"Juniper Berries needs a species-specific growth-form check: roots/attachment, stem or trunk, leaf/frond arrangement, flower/fruit/spore organ and overall scale.","No critical duplicate, clipping, or gross growth-family error found. Broad growth form is usable; species-level botanical specificity may still be simplified. Juniper Berries needs a species-specific growth-form check: roots/attachment, stem or trunk, leaf/frond arrangement, flower/fruit/spore organ and overall scale.",FAIL,PASS_WITH_POLISH -> HOLD
Kelp,Kelp,PASS,PASS_WITH_POLISH,PASS,POLISH,POLISH,POLISH,POLISH,POLISH,Add broad blades and a holdfast; current narrow vertical ribbon is too minimal.,False,Kelp.png,440,440,RGBA,4d536854165d2530926df2ddfc805148119e7e2cb58354f91981ace9e28ff8e1,,PASS_WITH_POLISH,Algae,HOLD,,"Use the correct holdfast/rooting, blade/frond form, branching, air bladders and water-growth habit instead of a single generic ribbon or blob.","Add broad blades and a holdfast; current narrow vertical ribbon is too minimal. Use the correct holdfast/rooting, blade/frond form, branching, air bladders and water-growth habit instead of a single generic ribbon or blob.",FAIL,PASS_WITH_POLISH -> HOLD
Kiwi_Fruit,Kiwi Fruit,PASS,PASS,PASS,PASS,PASS,PASS,PASS,PASS,Vine habit and attached fuzzy fruit are now represented.,True,Kiwi_Fruit.png,440,440,RGBA,df1b5c547a96da054e902eea13d7dcedc05df013116063e36b64ebf6439a6364,,PASS,Other plant or harvest type,PASS,,"Kiwi Fruit needs a species-specific growth-form check: roots/attachment, stem or trunk, leaf/frond arrangement, flower/fruit/spore organ and overall scale.",PASS — Leave alone. The source plant or harvest organ has an appropriate growth form and recognizable silhouette.,PASS,UNCHANGED
Labrador_Tea,Labrador Tea,PASS,PASS_WITH_POLISH,PASS,POLISH,POLISH,POLISH,POLISH,POLISH,"No critical duplicate, clipping, or gross growth-family error found. Broad growth form is usable; species-level botanical specificity may still be simplified.",False,Labrador_Tea.png,440,440,RGBA,aa90e5a628b5a9d22e0bed75dbcd07fbf1dcba6fbf60137a7ad72d6af948bf74,,PASS_WITH_POLISH,Other plant or harvest type,HOLD,,"Labrador Tea needs a species-specific growth-form check: roots/attachment, stem or trunk, leaf/frond arrangement, flower/fruit/spore organ and overall scale.","No critical duplicate, clipping, or gross growth-family error found. Broad growth form is usable; species-level botanical specificity may still be simplified. Labrador Tea needs a species-specific growth-form check: roots/attachment, stem or trunk, leaf/frond arrangement, flower/fruit/spore organ and overall scale.",FAIL,PASS_WITH_POLISH -> HOLD
Lavender,Lavender,PASS,PASS_WITH_POLISH,PASS,POLISH,POLISH,POLISH,POLISH,POLISH,"No critical duplicate, clipping, or gross growth-family error found. Broad growth form is usable; species-level botanical specificity may still be simplified.",False,Lavender.png,440,440,RGBA,c48db16a7029da462feb71f41c84d0016751c19a74bcabe59aafc2dbef7a3e1c,,PASS_WITH_POLISH,9. Herbs and Spices,HOLD,,"Match the named plant’s actual growth habit, leaf arrangement, flower/seed structure and scale; many currently use one vertical leaf-ladder or color-only herb template.","No critical duplicate, clipping, or gross growth-family error found. Broad growth form is usable; species-level botanical specificity may still be simplified. Match the named plant’s actual growth habit, leaf arrangement, flower/seed structure and scale; many currently use one vertical leaf-ladder or color-only herb template.",FAIL,PASS_WITH_POLISH -> HOLD
Lemon,Lemon,PASS,PASS_WITH_POLISH,PASS,POLISH,POLISH,POLISH,POLISH,POLISH,"No critical duplicate, clipping, or gross growth-family error found. Broad growth form is usable; species-level botanical specificity may still be simplified.",False,Lemon.png,440,440,RGBA,b53a3e4a4e4babfbed1f8cc71d682e6ae0bc49041462692aecd3aa10c7f4e611,,PASS_WITH_POLISH,4. Fruit and Nut Trees,HOLD,,"The catalog overuses a round canopy on a straight trunk. Match the species’ trunk habit, branching architecture, crown shape, leaf masses, bark and fruit/flower attachment.","No critical duplicate, clipping, or gross growth-family error found. Broad growth form is usable; species-level botanical specificity may still be simplified. The catalog overuses a round canopy on a straight trunk. Match the species’ trunk habit, branching architecture, crown shape, leaf masses, bark and fruit/flower attachment.",FAIL,PASS_WITH_POLISH -> HOLD
Lichen,Lichen,PASS,PASS_WITH_POLISH,PASS,POLISH,POLISH,POLISH,POLISH,POLISH,Clarify crustose/foliose lichen mat rather than a generic spiky rosette.,False,Lichen.png,440,440,RGBA,ed61dcf6beb87f788ec7da6b09f7e892b7551659f35a14a2a47497dcc4a3211c,,PASS_WITH_POLISH,Other plant or harvest type,HOLD,,"Lichen needs a species-specific growth-form check: roots/attachment, stem or trunk, leaf/frond arrangement, flower/fruit/spore organ and overall scale.","Clarify crustose/foliose lichen mat rather than a generic spiky rosette. Lichen needs a species-specific growth-form check: roots/attachment, stem or trunk, leaf/frond arrangement, flower/fruit/spore organ and overall scale.",FAIL,PASS_WITH_POLISH -> HOLD
Licorice,Licorice,PASS,PASS_WITH_POLISH,PASS,POLISH,POLISH,POLISH,POLISH,POLISH,"No critical duplicate, clipping, or gross growth-family error found. Broad growth form is usable; species-level botanical specificity may still be simplified.",False,Licorice.png,440,440,RGBA,1515fd43add167d4065f9616eb97181810f8b7e5877641102f7124142f8a69ea,,PASS_WITH_POLISH,Other plant or harvest type,HOLD,,"Licorice needs a species-specific growth-form check: roots/attachment, stem or trunk, leaf/frond arrangement, flower/fruit/spore organ and overall scale.","No critical duplicate, clipping, or gross growth-family error found. Broad growth form is usable; species-level botanical specificity may still be simplified. Licorice needs a species-specific growth-form check: roots/attachment, stem or trunk, leaf/frond arrangement, flower/fruit/spore organ and overall scale.",FAIL,PASS_WITH_POLISH -> HOLD
Licorice_Fern,Licorice Fern,PASS,PASS_WITH_POLISH,PASS,POLISH,POLISH,POLISH,POLISH,POLISH,"No critical duplicate, clipping, or gross growth-family error found. Broad growth form is usable; species-level botanical specificity may still be simplified.",False,Licorice_Fern.png,440,440,RGBA,e5fc07a144d3164d4fcd7d1cbb203cb046bc697129ed5350614db735598f3be6,,PASS_WITH_POLISH,Other plant or harvest type,HOLD,,"Licorice Fern needs a species-specific growth-form check: roots/attachment, stem or trunk, leaf/frond arrangement, flower/fruit/spore organ and overall scale.","No critical duplicate, clipping, or gross growth-family error found. Broad growth form is usable; species-level botanical specificity may still be simplified. Licorice Fern needs a species-specific growth-form check: roots/attachment, stem or trunk, leaf/frond arrangement, flower/fruit/spore organ and overall scale.",FAIL,PASS_WITH_POLISH -> HOLD
Licorice_Root,Licorice Root,PASS,PASS_WITH_POLISH,PASS,POLISH,POLISH,POLISH,POLISH,POLISH,"No critical duplicate, clipping, or gross growth-family error found. Broad growth form is usable; species-level botanical specificity may still be simplified.",False,Licorice_Root.png,440,440,RGBA,2b9f35ccd552be21674d2427f8af403769887385310772a97335e77e35285131,,PASS_WITH_POLISH,Other plant or harvest type,HOLD,,"Licorice Root needs a species-specific growth-form check: roots/attachment, stem or trunk, leaf/frond arrangement, flower/fruit/spore organ and overall scale.","No critical duplicate, clipping, or gross growth-family error found. Broad growth form is usable; species-level botanical specificity may still be simplified. Licorice Root needs a species-specific growth-form check: roots/attachment, stem or trunk, leaf/frond arrangement, flower/fruit/spore organ and overall scale.",FAIL,PASS_WITH_POLISH -> HOLD
Lime,Lime,PASS,PASS_WITH_POLISH,PASS,POLISH,POLISH,POLISH,POLISH,POLISH,"No critical duplicate, clipping, or gross growth-family error found. Broad growth form is usable; species-level botanical specificity may still be simplified.",False,Lime.png,440,440,RGBA,c84e37959bdadf6a04892cf9fc2feb5cafd725b65bd5d594fd3785931181f060,,PASS_WITH_POLISH,4. Fruit and Nut Trees,HOLD,,"The catalog overuses a round canopy on a straight trunk. Match the species’ trunk habit, branching architecture, crown shape, leaf masses, bark and fruit/flower attachment.","No critical duplicate, clipping, or gross growth-family error found. Broad growth form is usable; species-level botanical specificity may still be simplified. The catalog overuses a round canopy on a straight trunk. Match the species’ trunk habit, branching architecture, crown shape, leaf masses, bark and fruit/flower attachment.",FAIL,PASS_WITH_POLISH -> HOLD
Lingonberry,Lingonberry,PASS,PASS_WITH_POLISH,PASS,POLISH,POLISH,POLISH,POLISH,POLISH,"No critical duplicate, clipping, or gross growth-family error found. Broad growth form is usable; species-level botanical specificity may still be simplified.",False,Lingonberry.png,440,440,RGBA,c5f72b88e86c789705dc50510cbf18dd7fd8a8cb6ea4c5280e74f04c759b9b2d,,PASS_WITH_POLISH,Other plant or harvest type,HOLD,,"Lingonberry needs a species-specific growth-form check: roots/attachment, stem or trunk, leaf/frond arrangement, flower/fruit/spore organ and overall scale.","No critical duplicate, clipping, or gross growth-family error found. Broad growth form is usable; species-level botanical specificity may still be simplified. Lingonberry needs a species-specific growth-form check: roots/attachment, stem or trunk, leaf/frond arrangement, flower/fruit/spore organ and overall scale.",FAIL,PASS_WITH_POLISH -> HOLD
Lotus,Lotus,PASS,PASS,PASS,PASS,PASS,PASS,PASS,PASS,Floating leaf and flower read clearly.,False,Lotus.png,440,440,RGBA,baac5b7fc010cbecd118109e380061da059fbf9e3c8529b9b218b3a7793d6a2b,,PASS,14. Aquatic and Wetland Plants,PASS,,"Use the correct holdfast/rooting, blade/frond form, branching, air bladders and water-growth habit instead of a single generic ribbon or blob.",PASS — Leave alone. The source plant or harvest organ has an appropriate growth form and recognizable silhouette.,PASS,UNCHANGED
Lotus_Root,Lotus Root,PASS,PASS,PASS,PASS,PASS,PASS,PASS,PASS,Harvest organ is clearly separated from the source plant.,False,Lotus_Root.png,440,440,RGBA,8ccec2b414d400dbb078fea4a849fd2f45229820cbf0606ad2ca4279b74f7d23,,PASS,Other plant or harvest type,PASS,,"Lotus Root needs a species-specific growth-form check: roots/attachment, stem or trunk, leaf/frond arrangement, flower/fruit/spore organ and overall scale.",PASS — Leave alone. The source plant or harvest organ has an appropriate growth form and recognizable silhouette.,PASS,UNCHANGED
Lychee,Lychee,PASS,PASS_WITH_POLISH,PASS,POLISH,POLISH,POLISH,POLISH,POLISH,"No critical duplicate, clipping, or gross growth-family error found. Broad growth form is usable; species-level botanical specificity may still be simplified.",False,Lychee.png,440,440,RGBA,463b5230924ed66bb01386e9b68555f6632b91f8066e49572ae35c03f8c5ce4c,,PASS_WITH_POLISH,4. Fruit and Nut Trees,HOLD,,"The catalog overuses a round canopy on a straight trunk. Match the species’ trunk habit, branching architecture, crown shape, leaf masses, bark and fruit/flower attachment.","No critical duplicate, clipping, or gross growth-family error found. Broad growth form is usable; species-level botanical specificity may still be simplified. The catalog overuses a round canopy on a straight trunk. Match the species’ trunk habit, branching architecture, crown shape, leaf masses, bark and fruit/flower attachment.",FAIL,PASS_WITH_POLISH -> HOLD
Maidenhair_Fern,Maidenhair Fern,PASS,PASS_WITH_POLISH,PASS,POLISH,POLISH,POLISH,POLISH,POLISH,"No critical duplicate, clipping, or gross growth-family error found. Broad growth form is usable; species-level botanical specificity may still be simplified.",False,Maidenhair_Fern.png,440,440,RGBA,119e8a3d2ef319e69ca9638d5ccc333ab6fdbbc257cc907e85b984e44f736b18,,PASS_WITH_POLISH,15. Ferns and Fern Allies,HOLD,,"Use the correct frond or mat structure, branching/pinnae pattern, growth habit and attachment; avoid recoloring one fan-fern.","No critical duplicate, clipping, or gross growth-family error found. Broad growth form is usable; species-level botanical specificity may still be simplified. Use the correct frond or mat structure, branching/pinnae pattern, growth habit and attachment; avoid recoloring one fan-fern.",FAIL,PASS_WITH_POLISH -> HOLD
Mango,Mango,PASS,PASS_WITH_POLISH,PASS,POLISH,POLISH,POLISH,POLISH,POLISH,"No critical duplicate, clipping, or gross growth-family error found. Broad growth form is usable; species-level botanical specificity may still be simplified.",False,Mango.png,440,440,RGBA,1ca707a363e32aeb2798f0cbb7bd440400b11dc82f3fd857b7df41cc9cf76db2,,PASS_WITH_POLISH,4. Fruit and Nut Trees,HOLD,,"The catalog overuses a round canopy on a straight trunk. Match the species’ trunk habit, branching architecture, crown shape, leaf masses, bark and fruit/flower attachment.","No critical duplicate, clipping, or gross growth-family error found. Broad growth form is usable; species-level botanical specificity may still be simplified. The catalog overuses a round canopy on a straight trunk. Match the species’ trunk habit, branching architecture, crown shape, leaf masses, bark and fruit/flower attachment.",FAIL,PASS_WITH_POLISH -> HOLD
Mangosteen,Mangosteen,PASS,PASS_WITH_POLISH,PASS,POLISH,POLISH,POLISH,POLISH,POLISH,"No critical duplicate, clipping, or gross growth-family error found. Broad growth form is usable; species-level botanical specificity may still be simplified.",False,Mangosteen.png,440,440,RGBA,65eb95376575c82a1c4abbdf349667592a379a3632805423dc7c813f435395d7,,PASS_WITH_POLISH,Other plant or harvest type,HOLD,,"Mangosteen needs a species-specific growth-form check: roots/attachment, stem or trunk, leaf/frond arrangement, flower/fruit/spore organ and overall scale.","No critical duplicate, clipping, or gross growth-family error found. Broad growth form is usable; species-level botanical specificity may still be simplified. Mangosteen needs a species-specific growth-form check: roots/attachment, stem or trunk, leaf/frond arrangement, flower/fruit/spore organ and overall scale.",FAIL,PASS_WITH_POLISH -> HOLD
Mangrove_Leaves,Mangrove Leaves,PASS,PASS_WITH_POLISH,PASS,POLISH,POLISH,POLISH,POLISH,POLISH,"No critical duplicate, clipping, or gross growth-family error found. Broad growth form is usable; species-level botanical specificity may still be simplified.",False,Mangrove_Leaves.png,440,440,RGBA,41f7216f1f9ab4baaf1c5ee73a16a692a737d44defa7d4ec834d114147739f53,,PASS_WITH_POLISH,Other plant or harvest type,HOLD,,"Mangrove Leaves needs a species-specific growth-form check: roots/attachment, stem or trunk, leaf/frond arrangement, flower/fruit/spore organ and overall scale.","No critical duplicate, clipping, or gross growth-family error found. Broad growth form is usable; species-level botanical specificity may still be simplified. Mangrove Leaves needs a species-specific growth-form check: roots/attachment, stem or trunk, leaf/frond arrangement, flower/fruit/spore organ and overall scale.",FAIL,PASS_WITH_POLISH -> HOLD
Maple_Sap,Maple Sap,PASS,PASS_WITH_POLISH,PASS,POLISH,POLISH,POLISH,POLISH,POLISH,"No critical duplicate, clipping, or gross growth-family error found. Broad growth form is usable; species-level botanical specificity may still be simplified.",False,Maple_Sap.png,440,440,RGBA,26f10ca82f66d8c7b88fd96c6563492fb4964e29ab17982843773fcc3179c99a,,PASS_WITH_POLISH,Other plant or harvest type,HOLD,,"Maple Sap needs a species-specific growth-form check: roots/attachment, stem or trunk, leaf/frond arrangement, flower/fruit/spore organ and overall scale.","No critical duplicate, clipping, or gross growth-family error found. Broad growth form is usable; species-level botanical specificity may still be simplified. Maple Sap needs a species-specific growth-form check: roots/attachment, stem or trunk, leaf/frond arrangement, flower/fruit/spore organ and overall scale.",FAIL,PASS_WITH_POLISH -> HOLD
Marsh_Rosemary,Marsh Rosemary,PASS,PASS_WITH_POLISH,PASS,POLISH,POLISH,POLISH,POLISH,POLISH,"No critical duplicate, clipping, or gross growth-family error found. Broad growth form is usable; species-level botanical specificity may still be simplified.",False,Marsh_Rosemary.png,440,440,RGBA,b310617e502e0f3707cc3d1302885093356d60418c6b5607ac0d4b1379a21cf0,,PASS_WITH_POLISH,Other plant or harvest type,HOLD,,"Marsh Rosemary needs a species-specific growth-form check: roots/attachment, stem or trunk, leaf/frond arrangement, flower/fruit/spore organ and overall scale.","No critical duplicate, clipping, or gross growth-family error found. Broad growth form is usable; species-level botanical specificity may still be simplified. Marsh Rosemary needs a species-specific growth-form check: roots/attachment, stem or trunk, leaf/frond arrangement, flower/fruit/spore organ and overall scale.",FAIL,PASS_WITH_POLISH -> HOLD
Marula,Marula,PASS,PASS_WITH_POLISH,PASS,POLISH,POLISH,POLISH,POLISH,POLISH,"No critical duplicate, clipping, or gross growth-family error found. Broad growth form is usable; species-level botanical specificity may still be simplified.",False,Marula.png,440,440,RGBA,8161f71dd70a9e260b9db2b5dbda0a83a4361e3b66c41cfaac2d5e2b88c1a0ab,,PASS_WITH_POLISH,Other plant or harvest type,HOLD,,"Marula needs a species-specific growth-form check: roots/attachment, stem or trunk, leaf/frond arrangement, flower/fruit/spore organ and overall scale.","No critical duplicate, clipping, or gross growth-family error found. Broad growth form is usable; species-level botanical specificity may still be simplified. Marula needs a species-specific growth-form check: roots/attachment, stem or trunk, leaf/frond arrangement, flower/fruit/spore organ and overall scale.",FAIL,PASS_WITH_POLISH -> HOLD
Meadow_Grass,Meadow Grass,PASS,PASS_WITH_POLISH,PASS,POLISH,POLISH,POLISH,POLISH,POLISH,"No critical duplicate, clipping, or gross growth-family error found. Broad growth form is usable; species-level botanical specificity may still be simplified.",False,Meadow_Grass.png,440,440,RGBA,d951f60e85bbd0c940011588bf2ca2f3ba5be1b5da80158a0204e06cc219c6f0,,PASS_WITH_POLISH,6. Grasses and Grass-Like Plants,HOLD,,"Correct the culm, leaf arrangement and species-specific seed head/inflorescence; many grains currently share one generic spike or grass tuft.","No critical duplicate, clipping, or gross growth-family error found. Broad growth form is usable; species-level botanical specificity may still be simplified. Correct the culm, leaf arrangement and species-specific seed head/inflorescence; many grains currently share one generic spike or grass tuft.",FAIL,PASS_WITH_POLISH -> HOLD
Melon,Melon,PASS,PASS_WITH_POLISH,PASS,POLISH,POLISH,POLISH,POLISH,POLISH,"No critical duplicate, clipping, or gross growth-family error found. Broad growth form is usable; species-level botanical specificity may still be simplified.",False,Melon.png,440,440,RGBA,37286646cbf59a30aad574bf6c32a8a35f2872dc0f09a0f18ac98ab34c6a65ae,,PASS_WITH_POLISH,Other plant or harvest type,HOLD,,"Melon needs a species-specific growth-form check: roots/attachment, stem or trunk, leaf/frond arrangement, flower/fruit/spore organ and overall scale.","No critical duplicate, clipping, or gross growth-family error found. Broad growth form is usable; species-level botanical specificity may still be simplified. Melon needs a species-specific growth-form check: roots/attachment, stem or trunk, leaf/frond arrangement, flower/fruit/spore organ and overall scale.",FAIL,PASS_WITH_POLISH -> HOLD
Mesquite,Mesquite,PASS,PASS_WITH_POLISH,PASS,POLISH,POLISH,POLISH,POLISH,POLISH,"No critical duplicate, clipping, or gross growth-family error found. Broad growth form is usable; species-level botanical specificity may still be simplified.",False,Mesquite.png,440,440,RGBA,334ccf7c392ef3b46322064eb8c33a6a8311198bfc4607f1c4fdb33ab2390e1b,,PASS_WITH_POLISH,5. Shrubs and Bushes,HOLD,,"Mesquite needs a species-specific growth-form check: roots/attachment, stem or trunk, leaf/frond arrangement, flower/fruit/spore organ and overall scale.","No critical duplicate, clipping, or gross growth-family error found. Broad growth form is usable; species-level botanical specificity may still be simplified. Mesquite needs a species-specific growth-form check: roots/attachment, stem or trunk, leaf/frond arrangement, flower/fruit/spore organ and overall scale.",FAIL,PASS_WITH_POLISH -> HOLD
Milkweed,Milkweed,PASS,PASS_WITH_POLISH,PASS,POLISH,POLISH,POLISH,POLISH,POLISH,Add broad paired leaves and distinctive flower/seed-pod clusters.,False,Milkweed.png,440,440,RGBA,fbeff4eb32abf6ef9ec587bd941dcdd598af77d02ebf38dff0e5009b5c2a543c,,PASS_WITH_POLISH,Other plant or harvest type,HOLD,,"Milkweed needs a species-specific growth-form check: roots/attachment, stem or trunk, leaf/frond arrangement, flower/fruit/spore organ and overall scale.","Add broad paired leaves and distinctive flower/seed-pod clusters. Milkweed needs a species-specific growth-form check: roots/attachment, stem or trunk, leaf/frond arrangement, flower/fruit/spore organ and overall scale.",FAIL,PASS_WITH_POLISH -> HOLD
Millet,Millet,PASS,PASS_WITH_POLISH,PASS,POLISH,POLISH,POLISH,POLISH,POLISH,Add dense clustered panicles.,False,Millet.png,440,440,RGBA,61ec048d822bba35db86505782207846c5da2d40bff5c260034ab401ea12a0b9,,PASS_WITH_POLISH,7. Grain and Staple Crops,HOLD,,"Correct the culm, leaf arrangement and species-specific seed head/inflorescence; many grains currently share one generic spike or grass tuft.","Add dense clustered panicles. Correct the culm, leaf arrangement and species-specific seed head/inflorescence; many grains currently share one generic spike or grass tuft.",FAIL,PASS_WITH_POLISH -> HOLD
Miner's_Lettuce,Miner's Lettuce,PASS,PASS_WITH_POLISH,PASS,POLISH,POLISH,POLISH,POLISH,POLISH,"No critical duplicate, clipping, or gross growth-family error found. Broad growth form is usable; species-level botanical specificity may still be simplified.",False,Miner's_Lettuce.png,440,440,RGBA,c25b6e7200251ead98166379c32f4f19013f4b62e0b3fc39fd3d42452bd1590c,,PASS_WITH_POLISH,Other plant or harvest type,HOLD,,"Miner's Lettuce needs a species-specific growth-form check: roots/attachment, stem or trunk, leaf/frond arrangement, flower/fruit/spore organ and overall scale.","No critical duplicate, clipping, or gross growth-family error found. Broad growth form is usable; species-level botanical specificity may still be simplified. Miner's Lettuce needs a species-specific growth-form check: roots/attachment, stem or trunk, leaf/frond arrangement, flower/fruit/spore organ and overall scale.",FAIL,PASS_WITH_POLISH -> HOLD
Mint,Mint,PASS,PASS_WITH_POLISH,PASS,POLISH,POLISH,POLISH,POLISH,POLISH,"No critical duplicate, clipping, or gross growth-family error found. Broad growth form is usable; species-level botanical specificity may still be simplified.",False,Mint.png,440,440,RGBA,7492040d6594f154da654fa8e499a33a3129f432006a493ee832bdb20f294228,,PASS_WITH_POLISH,9. Herbs and Spices,HOLD,,"Match the named plant’s actual growth habit, leaf arrangement, flower/seed structure and scale; many currently use one vertical leaf-ladder or color-only herb template.","No critical duplicate, clipping, or gross growth-family error found. Broad growth form is usable; species-level botanical specificity may still be simplified. Match the named plant’s actual growth habit, leaf arrangement, flower/seed structure and scale; many currently use one vertical leaf-ladder or color-only herb template.",FAIL,PASS_WITH_POLISH -> HOLD
Monkshood,Monkshood,PASS,PASS_WITH_POLISH,PASS,POLISH,POLISH,POLISH,POLISH,POLISH,"No critical duplicate, clipping, or gross growth-family error found. Broad growth form is usable; species-level botanical specificity may still be simplified.",False,Monkshood.png,440,440,RGBA,1c594414ae49459c45fef9a525354d6b3dd16e5579f0b6cc82c40aca7c36e54f,,PASS_WITH_POLISH,Other plant or harvest type,HOLD,,"Monkshood needs a species-specific growth-form check: roots/attachment, stem or trunk, leaf/frond arrangement, flower/fruit/spore organ and overall scale.","No critical duplicate, clipping, or gross growth-family error found. Broad growth form is usable; species-level botanical specificity may still be simplified. Monkshood needs a species-specific growth-form check: roots/attachment, stem or trunk, leaf/frond arrangement, flower/fruit/spore organ and overall scale.",FAIL,PASS_WITH_POLISH -> HOLD
Mormon_Tea,Mormon Tea,PASS,PASS_WITH_POLISH,PASS,POLISH,POLISH,POLISH,POLISH,POLISH,"No critical duplicate, clipping, or gross growth-family error found. Broad growth form is usable; species-level botanical specificity may still be simplified.",False,Mormon_Tea.png,440,440,RGBA,b206b44906a58b95be3919ca32b46c62a75fe9d92315212ce167b89a07b60cdf,,PASS_WITH_POLISH,Other plant or harvest type,HOLD,,"Mormon Tea needs a species-specific growth-form check: roots/attachment, stem or trunk, leaf/frond arrangement, flower/fruit/spore organ and overall scale.","No critical duplicate, clipping, or gross growth-family error found. Broad growth form is usable; species-level botanical specificity may still be simplified. Mormon Tea needs a species-specific growth-form check: roots/attachment, stem or trunk, leaf/frond arrangement, flower/fruit/spore organ and overall scale.",FAIL,PASS_WITH_POLISH -> HOLD
Mountain_Blueberry,Mountain Blueberry,PASS,PASS_WITH_POLISH,PASS,POLISH,POLISH,POLISH,POLISH,POLISH,"No critical duplicate, clipping, or gross growth-family error found. Broad growth form is usable; species-level botanical specificity may still be simplified.",False,Mountain_Blueberry.png,440,440,RGBA,95dc65d57142eafb3a645ea109c8ac5ab87449f36516402ed32c12a18826942f,,PASS_WITH_POLISH,Other plant or harvest type,HOLD,,"Mountain Blueberry needs a species-specific growth-form check: roots/attachment, stem or trunk, leaf/frond arrangement, flower/fruit/spore organ and overall scale.","No critical duplicate, clipping, or gross growth-family error found. Broad growth form is usable; species-level botanical specificity may still be simplified. Mountain Blueberry needs a species-specific growth-form check: roots/attachment, stem or trunk, leaf/frond arrangement, flower/fruit/spore organ and overall scale.",FAIL,PASS_WITH_POLISH -> HOLD
Mountain_Cranberry,Mountain Cranberry,PASS,PASS_WITH_POLISH,PASS,POLISH,POLISH,POLISH,POLISH,POLISH,"No critical duplicate, clipping, or gross growth-family error found. Broad growth form is usable; species-level botanical specificity may still be simplified.",False,Mountain_Cranberry.png,440,440,RGBA,84b54d0f275b2708dd3437f00745229e166cd263276e2db890ec6285c1b3f088,,PASS_WITH_POLISH,Other plant or harvest type,HOLD,,"Mountain Cranberry needs a species-specific growth-form check: roots/attachment, stem or trunk, leaf/frond arrangement, flower/fruit/spore organ and overall scale.","No critical duplicate, clipping, or gross growth-family error found. Broad growth form is usable; species-level botanical specificity may still be simplified. Mountain Cranberry needs a species-specific growth-form check: roots/attachment, stem or trunk, leaf/frond arrangement, flower/fruit/spore organ and overall scale.",FAIL,PASS_WITH_POLISH -> HOLD
Mountain_Mint,Mountain Mint,PASS,PASS_WITH_POLISH,PASS,POLISH,POLISH,POLISH,POLISH,POLISH,"No critical duplicate, clipping, or gross growth-family error found. Broad growth form is usable; species-level botanical specificity may still be simplified.",False,Mountain_Mint.png,440,440,RGBA,89c2cba42d65afd7febbfabcf498210e706797509616299ff407485a4cb5848a,,PASS_WITH_POLISH,Other plant or harvest type,HOLD,,"Mountain Mint needs a species-specific growth-form check: roots/attachment, stem or trunk, leaf/frond arrangement, flower/fruit/spore organ and overall scale.","No critical duplicate, clipping, or gross growth-family error found. Broad growth form is usable; species-level botanical specificity may still be simplified. Mountain Mint needs a species-specific growth-form check: roots/attachment, stem or trunk, leaf/frond arrangement, flower/fruit/spore organ and overall scale.",FAIL,PASS_WITH_POLISH -> HOLD
Mountain_Papaya,Mountain Papaya,PASS,PASS_WITH_POLISH,PASS,POLISH,POLISH,POLISH,POLISH,POLISH,"No critical duplicate, clipping, or gross growth-family error found. Broad growth form is usable; species-level botanical specificity may still be simplified.",False,Mountain_Papaya.png,440,440,RGBA,13a4108efa762ea1fb7862e7f49c6cbb5775142df70632962803048562f75bbb,,PASS_WITH_POLISH,Other plant or harvest type,HOLD,,"Mountain Papaya needs a species-specific growth-form check: roots/attachment, stem or trunk, leaf/frond arrangement, flower/fruit/spore organ and overall scale.","No critical duplicate, clipping, or gross growth-family error found. Broad growth form is usable; species-level botanical specificity may still be simplified. Mountain Papaya needs a species-specific growth-form check: roots/attachment, stem or trunk, leaf/frond arrangement, flower/fruit/spore organ and overall scale.",FAIL,PASS_WITH_POLISH -> HOLD
Mountain_Sorrel,Mountain Sorrel,PASS,PASS_WITH_POLISH,PASS,POLISH,POLISH,POLISH,POLISH,POLISH,"No critical duplicate, clipping, or gross growth-family error found. Broad growth form is usable; species-level botanical specificity may still be simplified.",False,Mountain_Sorrel.png,440,440,RGBA,7f6ecb7c6c7e5f432ffb3fbe5eb7e42ce55170152e322b66016bd4f5f4c0e8d5,,PASS_WITH_POLISH,Other plant or harvest type,HOLD,,"Mountain Sorrel needs a species-specific growth-form check: roots/attachment, stem or trunk, leaf/frond arrangement, flower/fruit/spore organ and overall scale.","No critical duplicate, clipping, or gross growth-family error found. Broad growth form is usable; species-level botanical specificity may still be simplified. Mountain Sorrel needs a species-specific growth-form check: roots/attachment, stem or trunk, leaf/frond arrangement, flower/fruit/spore organ and overall scale.",FAIL,PASS_WITH_POLISH -> HOLD
Mountain_Thyme,Mountain Thyme,PASS,PASS_WITH_POLISH,PASS,POLISH,POLISH,POLISH,POLISH,POLISH,"No critical duplicate, clipping, or gross growth-family error found. Broad growth form is usable; species-level botanical specificity may still be simplified.",False,Mountain_Thyme.png,440,440,RGBA,ce2beda6e6b268ee3431d431097448536392ee42b7a87df10cce21ebebf1a1df,,PASS_WITH_POLISH,Other plant or harvest type,HOLD,,"Mountain Thyme needs a species-specific growth-form check: roots/attachment, stem or trunk, leaf/frond arrangement, flower/fruit/spore organ and overall scale.","No critical duplicate, clipping, or gross growth-family error found. Broad growth form is usable; species-level botanical specificity may still be simplified. Mountain Thyme needs a species-specific growth-form check: roots/attachment, stem or trunk, leaf/frond arrangement, flower/fruit/spore organ and overall scale.",FAIL,PASS_WITH_POLISH -> HOLD
Mugwort,Mugwort,PASS,PASS_WITH_POLISH,PASS,POLISH,POLISH,POLISH,POLISH,POLISH,"No critical duplicate, clipping, or gross growth-family error found. Broad growth form is usable; species-level botanical specificity may still be simplified.",False,Mugwort.png,440,440,RGBA,beef9a3e182e7e6d4e529b7e053e56db17f571cbc0010eb2ceb9d0f691e23c21,,PASS_WITH_POLISH,Other plant or harvest type,HOLD,,"Mugwort needs a species-specific growth-form check: roots/attachment, stem or trunk, leaf/frond arrangement, flower/fruit/spore organ and overall scale.","No critical duplicate, clipping, or gross growth-family error found. Broad growth form is usable; species-level botanical specificity may still be simplified. Mugwort needs a species-specific growth-form check: roots/attachment, stem or trunk, leaf/frond arrangement, flower/fruit/spore organ and overall scale.",FAIL,PASS_WITH_POLISH -> HOLD
Mulberry,Mulberry,PASS,PASS_WITH_POLISH,PASS,POLISH,POLISH,POLISH,POLISH,POLISH,"No critical duplicate, clipping, or gross growth-family error found. Broad growth form is usable; species-level botanical specificity may still be simplified.",False,Mulberry.png,440,440,RGBA,639240ab20cebe50737e62d4256954025175fe4c767d502b8dbc59727d199d2b,,PASS_WITH_POLISH,4. Fruit and Nut Trees,HOLD,,"The catalog overuses a round canopy on a straight trunk. Match the species’ trunk habit, branching architecture, crown shape, leaf masses, bark and fruit/flower attachment.","No critical duplicate, clipping, or gross growth-family error found. Broad growth form is usable; species-level botanical specificity may still be simplified. The catalog overuses a round canopy on a straight trunk. Match the species’ trunk habit, branching architecture, crown shape, leaf masses, bark and fruit/flower attachment.",FAIL,PASS_WITH_POLISH -> HOLD
Mustard,Mustard,FAIL,FAIL,FAIL,PASS,FAIL,PASS,FAIL,FAIL,Current tree-like form is incorrect; use branched herb with yellow flowers and seed pods.,False,Mustard.png,440,440,RGBA,13a493a775cd3cdf29a901f97c7c79465e222a37c18da59251f3c9d850836e42,,FAIL,9. Herbs and Spices,FAIL,,"Match the named plant’s actual growth habit, leaf arrangement, flower/seed structure and scale; many currently use one vertical leaf-ladder or color-only herb template.","Current tree-like form is incorrect; use branched herb with yellow flowers and seed pods. Match the named plant’s actual growth habit, leaf arrangement, flower/seed structure and scale; many currently use one vertical leaf-ladder or color-only herb template.",FAIL,UNCHANGED
Neem,Neem,PASS,PASS_WITH_POLISH,PASS,POLISH,POLISH,POLISH,POLISH,POLISH,"No critical duplicate, clipping, or gross growth-family error found. Broad growth form is usable; species-level botanical specificity may still be simplified.",False,Neem.png,440,440,RGBA,601c0cd6fc6990eada1067da88d9cdfe0613a965b147b3e6c10ee312ca2108e5,,PASS_WITH_POLISH,Other plant or harvest type,HOLD,,"Neem needs a species-specific growth-form check: roots/attachment, stem or trunk, leaf/frond arrangement, flower/fruit/spore organ and overall scale.","No critical duplicate, clipping, or gross growth-family error found. Broad growth form is usable; species-level botanical specificity may still be simplified. Neem needs a species-specific growth-form check: roots/attachment, stem or trunk, leaf/frond arrangement, flower/fruit/spore organ and overall scale.",FAIL,PASS_WITH_POLISH -> HOLD
Nettle,Nettle,PASS,PASS_WITH_POLISH,PASS,POLISH,POLISH,POLISH,POLISH,POLISH,"No critical duplicate, clipping, or gross growth-family error found. Broad growth form is usable; species-level botanical specificity may still be simplified.",False,Nettle.png,440,440,RGBA,73f50c0afd0e576113f11c7d2135adc541938760162e0ea4c6c2b86c83089759,,PASS_WITH_POLISH,Other plant or harvest type,HOLD,,"Nettle needs a species-specific growth-form check: roots/attachment, stem or trunk, leaf/frond arrangement, flower/fruit/spore organ and overall scale.","No critical duplicate, clipping, or gross growth-family error found. Broad growth form is usable; species-level botanical specificity may still be simplified. Nettle needs a species-specific growth-form check: roots/attachment, stem or trunk, leaf/frond arrangement, flower/fruit/spore organ and overall scale.",FAIL,PASS_WITH_POLISH -> HOLD
Nipa_Palm_Fruit,Nipa Palm Fruit,PASS,PASS_WITH_POLISH,PASS,POLISH,POLISH,POLISH,POLISH,POLISH,"No critical duplicate, clipping, or gross growth-family error found. Broad growth form is usable; species-level botanical specificity may still be simplified.",False,Nipa_Palm_Fruit.png,440,440,RGBA,e2147654131ad8e1300e5e16fbe2c8e57b61ea504446b4d95959859fab452e88,,PASS_WITH_POLISH,Other plant or harvest type,HOLD,,"Nipa Palm Fruit needs a species-specific growth-form check: roots/attachment, stem or trunk, leaf/frond arrangement, flower/fruit/spore organ and overall scale.","No critical duplicate, clipping, or gross growth-family error found. Broad growth form is usable; species-level botanical specificity may still be simplified. Nipa Palm Fruit needs a species-specific growth-form check: roots/attachment, stem or trunk, leaf/frond arrangement, flower/fruit/spore organ and overall scale.",FAIL,PASS_WITH_POLISH -> HOLD
Nutmeg,Nutmeg,PASS,PASS_WITH_POLISH,PASS,POLISH,POLISH,POLISH,POLISH,POLISH,"No critical duplicate, clipping, or gross growth-family error found. Broad growth form is usable; species-level botanical specificity may still be simplified.",False,Nutmeg.png,440,440,RGBA,b6acfba044396337e74c4ee102844ae659c34f8bef0a942b96f90c4bb4068236,,PASS_WITH_POLISH,9. Herbs and Spices,HOLD,,"Match the named plant’s actual growth habit, leaf arrangement, flower/seed structure and scale; many currently use one vertical leaf-ladder or color-only herb template.","No critical duplicate, clipping, or gross growth-family error found. Broad growth form is usable; species-level botanical specificity may still be simplified. Match the named plant’s actual growth habit, leaf arrangement, flower/seed structure and scale; many currently use one vertical leaf-ladder or color-only herb template.",FAIL,PASS_WITH_POLISH -> HOLD
Oak,Oak,PASS,PASS_WITH_POLISH,PASS,POLISH,POLISH,POLISH,POLISH,POLISH,"No critical duplicate, clipping, or gross growth-family error found. Broad growth form is usable; species-level botanical specificity may still be simplified.",False,Oak.png,440,440,RGBA,79f2695f5abaac53924e91042bc53ac1c380e37c6df2b9f9ea221a20f196513d,,PASS_WITH_POLISH,Temperate broadleaf trees,HOLD,,"The catalog overuses a round canopy on a straight trunk. Match the species’ trunk habit, branching architecture, crown shape, leaf masses, bark and fruit/flower attachment.","No critical duplicate, clipping, or gross growth-family error found. Broad growth form is usable; species-level botanical specificity may still be simplified. The catalog overuses a round canopy on a straight trunk. Match the species’ trunk habit, branching architecture, crown shape, leaf masses, bark and fruit/flower attachment.",FAIL,PASS_WITH_POLISH -> HOLD
Oats,Oats,PASS,PASS_WITH_POLISH,PASS,POLISH,POLISH,POLISH,POLISH,POLISH,Add loose hanging panicles.,False,Oats.png,440,440,RGBA,2b59819e950b27cc6ad6059cda930f3e2fe813b1d7528bd32fe74d5f9fc9a9e3,,PASS_WITH_POLISH,7. Grain and Staple Crops,HOLD,,"Correct the culm, leaf arrangement and species-specific seed head/inflorescence; many grains currently share one generic spike or grass tuft.","Add loose hanging panicles. Correct the culm, leaf arrangement and species-specific seed head/inflorescence; many grains currently share one generic spike or grass tuft.",FAIL,PASS_WITH_POLISH -> HOLD
Oleander,Oleander,PASS,PASS_WITH_POLISH,PASS,POLISH,POLISH,POLISH,POLISH,POLISH,"No critical duplicate, clipping, or gross growth-family error found. Broad growth form is usable; species-level botanical specificity may still be simplified.",False,Oleander.png,440,440,RGBA,5c0db3095d3fc1fe82224921bae2138d22b49dbefd5a6035b356c805c9947fe3,,PASS_WITH_POLISH,5. Shrubs and Bushes,HOLD,,"Oleander needs a species-specific growth-form check: roots/attachment, stem or trunk, leaf/frond arrangement, flower/fruit/spore organ and overall scale.","No critical duplicate, clipping, or gross growth-family error found. Broad growth form is usable; species-level botanical specificity may still be simplified. Oleander needs a species-specific growth-form check: roots/attachment, stem or trunk, leaf/frond arrangement, flower/fruit/spore organ and overall scale.",FAIL,PASS_WITH_POLISH -> HOLD
Olive,Olive,PASS,PASS_WITH_POLISH,PASS,POLISH,POLISH,POLISH,POLISH,POLISH,"No critical duplicate, clipping, or gross growth-family error found. Broad growth form is usable; species-level botanical specificity may still be simplified.",False,Olive.png,440,440,RGBA,f5e44e0f87817947539e1eaff28867362cc8c8bbb379e1e3922b871e37c87884,,PASS_WITH_POLISH,4. Fruit and Nut Trees,HOLD,,"The catalog overuses a round canopy on a straight trunk. Match the species’ trunk habit, branching architecture, crown shape, leaf masses, bark and fruit/flower attachment.","No critical duplicate, clipping, or gross growth-family error found. Broad growth form is usable; species-level botanical specificity may still be simplified. The catalog overuses a round canopy on a straight trunk. Match the species’ trunk habit, branching architecture, crown shape, leaf masses, bark and fruit/flower attachment.",FAIL,PASS_WITH_POLISH -> HOLD
Onion,Onion,PASS,PASS_WITH_POLISH,PASS,POLISH,POLISH,POLISH,POLISH,POLISH,"No critical duplicate, clipping, or gross growth-family error found. Broad growth form is usable; species-level botanical specificity may still be simplified.",False,Onion.png,440,440,RGBA,a51537ac05aaa66258fdf9272e6dd7bfd40b91bfdd643b9542bb676bb5171834,,PASS_WITH_POLISH,Bulb and stem vegetables,HOLD,,"Show the source plant and the correct underground storage organ, leaf top and harvest relationship rather than an isolated generic bulb.","No critical duplicate, clipping, or gross growth-family error found. Broad growth form is usable; species-level botanical specificity may still be simplified. Show the source plant and the correct underground storage organ, leaf top and harvest relationship rather than an isolated generic bulb.",FAIL,PASS_WITH_POLISH -> HOLD
Orange,Orange,PASS,PASS_WITH_POLISH,PASS,POLISH,POLISH,POLISH,POLISH,POLISH,"No critical duplicate, clipping, or gross growth-family error found. Broad growth form is usable; species-level botanical specificity may still be simplified.",False,Orange.png,440,440,RGBA,63bc9b8a5ef4a5c6b7500861e80668d30db650203d8459d46c013f6bd891bb98,,PASS_WITH_POLISH,4. Fruit and Nut Trees,HOLD,,"The catalog overuses a round canopy on a straight trunk. Match the species’ trunk habit, branching architecture, crown shape, leaf masses, bark and fruit/flower attachment.","No critical duplicate, clipping, or gross growth-family error found. Broad growth form is usable; species-level botanical specificity may still be simplified. The catalog overuses a round canopy on a straight trunk. Match the species’ trunk habit, branching architecture, crown shape, leaf masses, bark and fruit/flower attachment.",FAIL,PASS_WITH_POLISH -> HOLD
Orchid_Pods,Orchid Pods,PASS,PASS_WITH_POLISH,PASS,POLISH,POLISH,POLISH,POLISH,POLISH,"No critical duplicate, clipping, or gross growth-family error found. Broad growth form is usable; species-level botanical specificity may still be simplified.",False,Orchid_Pods.png,440,440,RGBA,3f11434d826aed7f6274c09692c63c29e3627044fff3bebc70bf14acea96bc3e,,PASS_WITH_POLISH,Other plant or harvest type,HOLD,,"Orchid Pods needs a species-specific growth-form check: roots/attachment, stem or trunk, leaf/frond arrangement, flower/fruit/spore organ and overall scale.","No critical duplicate, clipping, or gross growth-family error found. Broad growth form is usable; species-level botanical specificity may still be simplified. Orchid Pods needs a species-specific growth-form check: roots/attachment, stem or trunk, leaf/frond arrangement, flower/fruit/spore organ and overall scale.",FAIL,PASS_WITH_POLISH -> HOLD
Oregano,Oregano,PASS,PASS_WITH_POLISH,PASS,POLISH,POLISH,POLISH,POLISH,POLISH,"No critical duplicate, clipping, or gross growth-family error found. Broad growth form is usable; species-level botanical specificity may still be simplified.",False,Oregano.png,440,440,RGBA,971379a2436a4c41ce78d955d68f77fb9274a03040aa0cd94cc980313291b0b4,,PASS_WITH_POLISH,9. Herbs and Spices,HOLD,,"Match the named plant’s actual growth habit, leaf arrangement, flower/seed structure and scale; many currently use one vertical leaf-ladder or color-only herb template.","No critical duplicate, clipping, or gross growth-family error found. Broad growth form is usable; species-level botanical specificity may still be simplified. Match the named plant’s actual growth habit, leaf arrangement, flower/seed structure and scale; many currently use one vertical leaf-ladder or color-only herb template.",FAIL,PASS_WITH_POLISH -> HOLD
Pampas_Herb,Pampas Herb,PASS,PASS_WITH_POLISH,PASS,POLISH,POLISH,POLISH,POLISH,POLISH,"No critical duplicate, clipping, or gross growth-family error found. Broad growth form is usable; species-level botanical specificity may still be simplified.",False,Pampas_Herb.png,440,440,RGBA,7c8632228d1363681a37ed6fc565a27a101676cab6252a0ea70c0ce32a0ad303,,PASS_WITH_POLISH,Other plant or harvest type,HOLD,,"Pampas Herb needs a species-specific growth-form check: roots/attachment, stem or trunk, leaf/frond arrangement, flower/fruit/spore organ and overall scale.","No critical duplicate, clipping, or gross growth-family error found. Broad growth form is usable; species-level botanical specificity may still be simplified. Pampas Herb needs a species-specific growth-form check: roots/attachment, stem or trunk, leaf/frond arrangement, flower/fruit/spore organ and overall scale.",FAIL,PASS_WITH_POLISH -> HOLD
Pandanus_Fruit,Pandanus Fruit,PASS,PASS_WITH_POLISH,PASS,POLISH,POLISH,POLISH,POLISH,POLISH,"No critical duplicate, clipping, or gross growth-family error found. Broad growth form is usable; species-level botanical specificity may still be simplified.",False,Pandanus_Fruit.png,440,440,RGBA,07d6ce45875a3c26ff6809a3f13e6414e5a0fcf15016e3814d600f0bb06ca560,,PASS_WITH_POLISH,Other plant or harvest type,HOLD,,"Pandanus Fruit needs a species-specific growth-form check: roots/attachment, stem or trunk, leaf/frond arrangement, flower/fruit/spore organ and overall scale.","No critical duplicate, clipping, or gross growth-family error found. Broad growth form is usable; species-level botanical specificity may still be simplified. Pandanus Fruit needs a species-specific growth-form check: roots/attachment, stem or trunk, leaf/frond arrangement, flower/fruit/spore organ and overall scale.",FAIL,PASS_WITH_POLISH -> HOLD
Papaya,Papaya,PASS,PASS_WITH_POLISH,PASS,POLISH,POLISH,POLISH,POLISH,POLISH,"No critical duplicate, clipping, or gross growth-family error found. Broad growth form is usable; species-level botanical specificity may still be simplified.",False,Papaya.png,440,440,RGBA,f663bbfd596009f4f07872bbd2d5fa79ab25135a01c21b703f602d6135554eb2,,PASS_WITH_POLISH,4. Fruit and Nut Trees,HOLD,,"The catalog overuses a round canopy on a straight trunk. Match the species’ trunk habit, branching architecture, crown shape, leaf masses, bark and fruit/flower attachment.","No critical duplicate, clipping, or gross growth-family error found. Broad growth form is usable; species-level botanical specificity may still be simplified. The catalog overuses a round canopy on a straight trunk. Match the species’ trunk habit, branching architecture, crown shape, leaf masses, bark and fruit/flower attachment.",FAIL,PASS_WITH_POLISH -> HOLD
Papyrus,Papyrus,PASS,PASS_WITH_POLISH,PASS,POLISH,POLISH,POLISH,POLISH,POLISH,"No critical duplicate, clipping, or gross growth-family error found. Broad growth form is usable; species-level botanical specificity may still be simplified.",False,Papyrus.png,440,440,RGBA,d661a5f406875285b5d055e2a0c6811421cecdd484c589f9a3275748fd4ababd,,PASS_WITH_POLISH,14. Aquatic and Wetland Plants,HOLD,,"Use the correct holdfast/rooting, blade/frond form, branching, air bladders and water-growth habit instead of a single generic ribbon or blob.","No critical duplicate, clipping, or gross growth-family error found. Broad growth form is usable; species-level botanical specificity may still be simplified. Use the correct holdfast/rooting, blade/frond form, branching, air bladders and water-growth habit instead of a single generic ribbon or blob.",FAIL,PASS_WITH_POLISH -> HOLD
Papyrus_Shoots,Papyrus Shoots,PASS,PASS_WITH_POLISH,PASS,POLISH,POLISH,POLISH,POLISH,POLISH,"No critical duplicate, clipping, or gross growth-family error found. Broad growth form is usable; species-level botanical specificity may still be simplified.",False,Papyrus_Shoots.png,440,440,RGBA,041785326652158b607e33ca8b25925d65644f17654f2fac902b60b05d2c4e6f,,PASS_WITH_POLISH,Other plant or harvest type,HOLD,,"Papyrus Shoots needs a species-specific growth-form check: roots/attachment, stem or trunk, leaf/frond arrangement, flower/fruit/spore organ and overall scale.","No critical duplicate, clipping, or gross growth-family error found. Broad growth form is usable; species-level botanical specificity may still be simplified. Papyrus Shoots needs a species-specific growth-form check: roots/attachment, stem or trunk, leaf/frond arrangement, flower/fruit/spore organ and overall scale.",FAIL,PASS_WITH_POLISH -> HOLD
Passionflower,Passionflower,PASS,PASS_WITH_POLISH,PASS,POLISH,POLISH,POLISH,POLISH,POLISH,"No critical duplicate, clipping, or gross growth-family error found. Broad growth form is usable; species-level botanical specificity may still be simplified.",False,Passionflower.png,440,440,RGBA,141ba5cf74fa1c0f7aa11744fa569cc785014c7ff980604bb7ae10e4051fbb6c,,PASS_WITH_POLISH,11. Vines and Climbing Plants,HOLD,,"Show the correct climbing/twining habit, support attachment, tendrils, leaf arrangement and attached flowers/fruit rather than floating clusters or an upright shrub.","No critical duplicate, clipping, or gross growth-family error found. Broad growth form is usable; species-level botanical specificity may still be simplified. Show the correct climbing/twining habit, support attachment, tendrils, leaf arrangement and attached flowers/fruit rather than floating clusters or an upright shrub.",FAIL,PASS_WITH_POLISH -> HOLD
Passionfruit,Passionfruit,PASS,PASS_WITH_POLISH,PASS,POLISH,POLISH,POLISH,POLISH,POLISH,"No critical duplicate, clipping, or gross growth-family error found. Broad growth form is usable; species-level botanical specificity may still be simplified.",False,Passionfruit.png,440,440,RGBA,d2912564af9f757108cc24f6090c66f070ad720010f15d3690e5bf3b05ba402e,,PASS_WITH_POLISH,Other plant or harvest type,HOLD,,"Passionfruit needs a species-specific growth-form check: roots/attachment, stem or trunk, leaf/frond arrangement, flower/fruit/spore organ and overall scale.","No critical duplicate, clipping, or gross growth-family error found. Broad growth form is usable; species-level botanical specificity may still be simplified. Passionfruit needs a species-specific growth-form check: roots/attachment, stem or trunk, leaf/frond arrangement, flower/fruit/spore organ and overall scale.",FAIL,PASS_WITH_POLISH -> HOLD
Peach,Peach,PASS,PASS_WITH_POLISH,PASS,POLISH,POLISH,POLISH,POLISH,POLISH,"No critical duplicate, clipping, or gross growth-family error found. Broad growth form is usable; species-level botanical specificity may still be simplified.",False,Peach.png,440,440,RGBA,2defcc5ae6a9a7a0d2cb03d54f4711fb67ee074f63a382103d366cec2cf1ce34,,PASS_WITH_POLISH,4. Fruit and Nut Trees,HOLD,,"The catalog overuses a round canopy on a straight trunk. Match the species’ trunk habit, branching architecture, crown shape, leaf masses, bark and fruit/flower attachment.","No critical duplicate, clipping, or gross growth-family error found. Broad growth form is usable; species-level botanical specificity may still be simplified. The catalog overuses a round canopy on a straight trunk. Match the species’ trunk habit, branching architecture, crown shape, leaf masses, bark and fruit/flower attachment.",FAIL,PASS_WITH_POLISH -> HOLD
Peanut,Peanut,FAIL,FAIL,FAIL,FAIL,PASS,FAIL,FAIL,FAIL,Add low compound-leaf plant and underground pod/harvest relationship.,False,Peanut.png,440,440,RGBA,1ecfc92a1896e902ddf099e6665381119212364f431618d507b27f2d526badff,,FAIL,Legumes,FAIL,,"Peanut needs a species-specific growth-form check: roots/attachment, stem or trunk, leaf/frond arrangement, flower/fruit/spore organ and overall scale.","Add low compound-leaf plant and underground pod/harvest relationship. Peanut needs a species-specific growth-form check: roots/attachment, stem or trunk, leaf/frond arrangement, flower/fruit/spore organ and overall scale.",FAIL,UNCHANGED
Pear,Pear,PASS,PASS_WITH_POLISH,PASS,POLISH,POLISH,POLISH,POLISH,POLISH,"No critical duplicate, clipping, or gross growth-family error found. Broad growth form is usable; species-level botanical specificity may still be simplified.",False,Pear.png,440,440,RGBA,3ff5a84297001f9ad0d960437c7a241f7a96960552e8d7c5a3725660f78e0cfc,,PASS_WITH_POLISH,4. Fruit and Nut Trees,HOLD,,"The catalog overuses a round canopy on a straight trunk. Match the species’ trunk habit, branching architecture, crown shape, leaf masses, bark and fruit/flower attachment.","No critical duplicate, clipping, or gross growth-family error found. Broad growth form is usable; species-level botanical specificity may still be simplified. The catalog overuses a round canopy on a straight trunk. Match the species’ trunk habit, branching architecture, crown shape, leaf masses, bark and fruit/flower attachment.",FAIL,PASS_WITH_POLISH -> HOLD
Persimmon,Persimmon,PASS,PASS_WITH_POLISH,PASS,POLISH,POLISH,POLISH,POLISH,POLISH,"No critical duplicate, clipping, or gross growth-family error found. Broad growth form is usable; species-level botanical specificity may still be simplified.",False,Persimmon.png,440,440,RGBA,d7c6b17188bda22674bf03c5817697b6316399a565e2a41f147604ade9be3c77,,PASS_WITH_POLISH,4. Fruit and Nut Trees,HOLD,,"The catalog overuses a round canopy on a straight trunk. Match the species’ trunk habit, branching architecture, crown shape, leaf masses, bark and fruit/flower attachment.","No critical duplicate, clipping, or gross growth-family error found. Broad growth form is usable; species-level botanical specificity may still be simplified. The catalog overuses a round canopy on a straight trunk. Match the species’ trunk habit, branching architecture, crown shape, leaf masses, bark and fruit/flower attachment.",FAIL,PASS_WITH_POLISH -> HOLD
Pickerelweed,Pickerelweed,PASS,PASS_WITH_POLISH,PASS,POLISH,POLISH,POLISH,POLISH,POLISH,"No critical duplicate, clipping, or gross growth-family error found. Broad growth form is usable; species-level botanical specificity may still be simplified.",False,Pickerelweed.png,440,440,RGBA,c337e61a5b2df67396cc1039dca78169351bc35cbdc89bf17b13a285648adf04,,PASS_WITH_POLISH,Other plant or harvest type,HOLD,,"Pickerelweed needs a species-specific growth-form check: roots/attachment, stem or trunk, leaf/frond arrangement, flower/fruit/spore organ and overall scale.","No critical duplicate, clipping, or gross growth-family error found. Broad growth form is usable; species-level botanical specificity may still be simplified. Pickerelweed needs a species-specific growth-form check: roots/attachment, stem or trunk, leaf/frond arrangement, flower/fruit/spore organ and overall scale.",FAIL,PASS_WITH_POLISH -> HOLD
Pigeon_Pea,Pigeon Pea,PASS,PASS_WITH_POLISH,PASS,POLISH,POLISH,POLISH,POLISH,POLISH,"No critical duplicate, clipping, or gross growth-family error found. Broad growth form is usable; species-level botanical specificity may still be simplified.",False,Pigeon_Pea.png,440,440,RGBA,7ed0b545a2d0c6228b034863e0bd69877f3072ffa0cbccfbdf84cf4a94456107,,PASS_WITH_POLISH,Other plant or harvest type,HOLD,,"Pigeon Pea needs a species-specific growth-form check: roots/attachment, stem or trunk, leaf/frond arrangement, flower/fruit/spore organ and overall scale.","No critical duplicate, clipping, or gross growth-family error found. Broad growth form is usable; species-level botanical specificity may still be simplified. Pigeon Pea needs a species-specific growth-form check: roots/attachment, stem or trunk, leaf/frond arrangement, flower/fruit/spore organ and overall scale.",FAIL,PASS_WITH_POLISH -> HOLD
Pine_Nuts,Pine Nuts,PASS,PASS_WITH_POLISH,PASS,POLISH,POLISH,POLISH,POLISH,POLISH,"No critical duplicate, clipping, or gross growth-family error found. Broad growth form is usable; species-level botanical specificity may still be simplified.",False,Pine_Nuts.png,440,440,RGBA,3088ea976c2133a1cf94687729c4ef3f03cb091ea94260e0315be330ce6fc98b,,PASS_WITH_POLISH,Other plant or harvest type,HOLD,,"Pine Nuts needs a species-specific growth-form check: roots/attachment, stem or trunk, leaf/frond arrangement, flower/fruit/spore organ and overall scale.","No critical duplicate, clipping, or gross growth-family error found. Broad growth form is usable; species-level botanical specificity may still be simplified. Pine Nuts needs a species-specific growth-form check: roots/attachment, stem or trunk, leaf/frond arrangement, flower/fruit/spore organ and overall scale.",FAIL,PASS_WITH_POLISH -> HOLD
Pineapple,Pineapple,PASS,PASS,PASS,PASS,PASS,PASS,PASS,PASS,"Central fruit, crown, and basal rosette now read clearly.",False,Pineapple.png,440,440,RGBA,9b88274f7391ea6d613c4e49bfef31084b01cc53dce20e44cc309630c79ca970,,PASS,Other plant or harvest type,PASS,,"Pineapple needs a species-specific growth-form check: roots/attachment, stem or trunk, leaf/frond arrangement, flower/fruit/spore organ and overall scale.",PASS — Leave alone. The source plant or harvest organ has an appropriate growth form and recognizable silhouette.,PASS,UNCHANGED
Pinyon_Pine,Pinyon Pine,PASS,PASS_WITH_POLISH,PASS,POLISH,POLISH,POLISH,POLISH,POLISH,"No critical duplicate, clipping, or gross growth-family error found. Broad growth form is usable; species-level botanical specificity may still be simplified.",False,Pinyon_Pine.png,440,440,RGBA,e930c6b11e66760f590344833711a9c02ab8900e1780ff294d457e35bfba4277,,PASS_WITH_POLISH,Other plant or harvest type,HOLD,,"Pinyon Pine needs a species-specific growth-form check: roots/attachment, stem or trunk, leaf/frond arrangement, flower/fruit/spore organ and overall scale.","No critical duplicate, clipping, or gross growth-family error found. Broad growth form is usable; species-level botanical specificity may still be simplified. Pinyon Pine needs a species-specific growth-form check: roots/attachment, stem or trunk, leaf/frond arrangement, flower/fruit/spore organ and overall scale.",FAIL,PASS_WITH_POLISH -> HOLD
Pitcher_Plant,Pitcher Plant,PASS,PASS_WITH_POLISH,PASS,POLISH,POLISH,POLISH,POLISH,POLISH,"No critical duplicate, clipping, or gross growth-family error found. Broad growth form is usable; species-level botanical specificity may still be simplified.",False,Pitcher_Plant.png,440,440,RGBA,89dfeeec863a07c809e41770222b71a594f460b53d1fa0b30c4a5ed6ed3ab305,,PASS_WITH_POLISH,13. Carnivorous Plants,HOLD,,"Pitcher Plant needs a species-specific growth-form check: roots/attachment, stem or trunk, leaf/frond arrangement, flower/fruit/spore organ and overall scale.","No critical duplicate, clipping, or gross growth-family error found. Broad growth form is usable; species-level botanical specificity may still be simplified. Pitcher Plant needs a species-specific growth-form check: roots/attachment, stem or trunk, leaf/frond arrangement, flower/fruit/spore organ and overall scale.",FAIL,PASS_WITH_POLISH -> HOLD
Plantain,Plantain,PASS,PASS_WITH_POLISH,PASS,POLISH,POLISH,POLISH,POLISH,POLISH,"No critical duplicate, clipping, or gross growth-family error found. Broad growth form is usable; species-level botanical specificity may still be simplified.",False,Plantain.png,440,440,RGBA,22fb6e2cdf62beff501ce75f353f61458f3f44198b0d788f68f483d509243736,,PASS_WITH_POLISH,4. Fruit and Nut Trees,HOLD,,"The catalog overuses a round canopy on a straight trunk. Match the species’ trunk habit, branching architecture, crown shape, leaf masses, bark and fruit/flower attachment.","No critical duplicate, clipping, or gross growth-family error found. Broad growth form is usable; species-level botanical specificity may still be simplified. The catalog overuses a round canopy on a straight trunk. Match the species’ trunk habit, branching architecture, crown shape, leaf masses, bark and fruit/flower attachment.",FAIL,PASS_WITH_POLISH -> HOLD
Plantain_Herb,Plantain Herb,PASS,PASS_WITH_POLISH,PASS,POLISH,POLISH,POLISH,POLISH,POLISH,"No critical duplicate, clipping, or gross growth-family error found. Broad growth form is usable; species-level botanical specificity may still be simplified.",False,Plantain_Herb.png,440,440,RGBA,2fa1e680f17d8ad7b6c148caa4863c874452e8af35967d4fede4a6f7848393bd,,PASS_WITH_POLISH,Other plant or harvest type,HOLD,,"Plantain Herb needs a species-specific growth-form check: roots/attachment, stem or trunk, leaf/frond arrangement, flower/fruit/spore organ and overall scale.","No critical duplicate, clipping, or gross growth-family error found. Broad growth form is usable; species-level botanical specificity may still be simplified. Plantain Herb needs a species-specific growth-form check: roots/attachment, stem or trunk, leaf/frond arrangement, flower/fruit/spore organ and overall scale.",FAIL,PASS_WITH_POLISH -> HOLD
Plum,Plum,PASS,PASS_WITH_POLISH,PASS,POLISH,POLISH,POLISH,POLISH,POLISH,"No critical duplicate, clipping, or gross growth-family error found. Broad growth form is usable; species-level botanical specificity may still be simplified.",False,Plum.png,440,440,RGBA,ad53a65580b13ef62bc4e79f5647cddc4abbe752794f7496c6b1430d556cb285,,PASS_WITH_POLISH,4. Fruit and Nut Trees,HOLD,,"The catalog overuses a round canopy on a straight trunk. Match the species’ trunk habit, branching architecture, crown shape, leaf masses, bark and fruit/flower attachment.","No critical duplicate, clipping, or gross growth-family error found. Broad growth form is usable; species-level botanical specificity may still be simplified. The catalog overuses a round canopy on a straight trunk. Match the species’ trunk habit, branching architecture, crown shape, leaf masses, bark and fruit/flower attachment.",FAIL,PASS_WITH_POLISH -> HOLD
Pomegranate,Pomegranate,PASS,PASS_WITH_POLISH,PASS,POLISH,POLISH,POLISH,POLISH,POLISH,"No critical duplicate, clipping, or gross growth-family error found. Broad growth form is usable; species-level botanical specificity may still be simplified.",False,Pomegranate.png,440,440,RGBA,a306c09ed77c5ea9ca237523b1379ed0a7eee0525be5612c80a2316e5954699d,,PASS_WITH_POLISH,4. Fruit and Nut Trees,HOLD,,"The catalog overuses a round canopy on a straight trunk. Match the species’ trunk habit, branching architecture, crown shape, leaf masses, bark and fruit/flower attachment.","No critical duplicate, clipping, or gross growth-family error found. Broad growth form is usable; species-level botanical specificity may still be simplified. The catalog overuses a round canopy on a straight trunk. Match the species’ trunk habit, branching architecture, crown shape, leaf masses, bark and fruit/flower attachment.",FAIL,PASS_WITH_POLISH -> HOLD
Poppy,Poppy,PASS,PASS_WITH_POLISH,PASS,POLISH,POLISH,POLISH,POLISH,POLISH,"No critical duplicate, clipping, or gross growth-family error found. Broad growth form is usable; species-level botanical specificity may still be simplified.",False,Poppy.png,440,440,RGBA,92cc1518993b9ef35b1abcce65ec02f753b961745f4e5e8acaad7b6af6c1a3c4,,PASS_WITH_POLISH,10. Flowering Herbs and Wildflowers,HOLD,,"Match the named plant’s actual growth habit, leaf arrangement, flower/seed structure and scale; many currently use one vertical leaf-ladder or color-only herb template.","No critical duplicate, clipping, or gross growth-family error found. Broad growth form is usable; species-level botanical specificity may still be simplified. Match the named plant’s actual growth habit, leaf arrangement, flower/seed structure and scale; many currently use one vertical leaf-ladder or color-only herb template.",FAIL,PASS_WITH_POLISH -> HOLD
Potato,Potato,PASS,PASS_WITH_POLISH,PASS,POLISH,POLISH,POLISH,POLISH,POLISH,"No critical duplicate, clipping, or gross growth-family error found. Broad growth form is usable; species-level botanical specificity may still be simplified.",False,Potato.png,440,440,RGBA,0aad0fc5fe41ccabec415faee279f1dfe07bd9c245cef0d74c49690d15100710,,PASS_WITH_POLISH,7. Grain and Staple Crops,HOLD,,"Correct the culm, leaf arrangement and species-specific seed head/inflorescence; many grains currently share one generic spike or grass tuft.","No critical duplicate, clipping, or gross growth-family error found. Broad growth form is usable; species-level botanical specificity may still be simplified. Correct the culm, leaf arrangement and species-specific seed head/inflorescence; many grains currently share one generic spike or grass tuft.",FAIL,PASS_WITH_POLISH -> HOLD
Prairie_Turnip,Prairie Turnip,PASS,PASS_WITH_POLISH,PASS,POLISH,POLISH,POLISH,POLISH,POLISH,"No critical duplicate, clipping, or gross growth-family error found. Broad growth form is usable; species-level botanical specificity may still be simplified.",False,Prairie_Turnip.png,440,440,RGBA,4d23b4b3144bf207f5bc55f23f5597317238a894c50f393504a4653197f4e4fe,,PASS_WITH_POLISH,Other plant or harvest type,HOLD,,"Prairie Turnip needs a species-specific growth-form check: roots/attachment, stem or trunk, leaf/frond arrangement, flower/fruit/spore organ and overall scale.","No critical duplicate, clipping, or gross growth-family error found. Broad growth form is usable; species-level botanical specificity may still be simplified. Prairie Turnip needs a species-specific growth-form check: roots/attachment, stem or trunk, leaf/frond arrangement, flower/fruit/spore organ and overall scale.",FAIL,PASS_WITH_POLISH -> HOLD
Prickly_Pear,Prickly Pear,PASS,PASS_WITH_POLISH,PASS,POLISH,POLISH,POLISH,POLISH,POLISH,"No critical duplicate, clipping, or gross growth-family error found. Broad growth form is usable; species-level botanical specificity may still be simplified.",False,Prickly_Pear.png,440,440,RGBA,8762537a36164147c61fdf3da39f24a1645b888ff569765bc1a57e05a789ee0c,,PASS_WITH_POLISH,12. Succulents and Desert Plants,HOLD,,"Match stem geometry, branching/rosette habit, pads/ribs, spines, flower and fruit placement for the named cactus or succulent.","No critical duplicate, clipping, or gross growth-family error found. Broad growth form is usable; species-level botanical specificity may still be simplified. Match stem geometry, branching/rosette habit, pads/ribs, spines, flower and fruit placement for the named cactus or succulent.",FAIL,PASS_WITH_POLISH -> HOLD
Purple_Saxifrage,Purple Saxifrage,PASS,PASS_WITH_POLISH,PASS,POLISH,POLISH,POLISH,POLISH,POLISH,"No critical duplicate, clipping, or gross growth-family error found. Broad growth form is usable; species-level botanical specificity may still be simplified.",False,Purple_Saxifrage.png,440,440,RGBA,e9b60b9139310853245978caaefc8b10e34694f4c2d48f5d0742981b9e96efc1,,PASS_WITH_POLISH,Other plant or harvest type,HOLD,,"Purple Saxifrage needs a species-specific growth-form check: roots/attachment, stem or trunk, leaf/frond arrangement, flower/fruit/spore organ and overall scale.","No critical duplicate, clipping, or gross growth-family error found. Broad growth form is usable; species-level botanical specificity may still be simplified. Purple Saxifrage needs a species-specific growth-form check: roots/attachment, stem or trunk, leaf/frond arrangement, flower/fruit/spore organ and overall scale.",FAIL,PASS_WITH_POLISH -> HOLD
Quinoa,Quinoa,PASS,PASS_WITH_POLISH,PASS,POLISH,POLISH,POLISH,POLISH,POLISH,Add broad branched seed head rather than a cylindrical cereal spike.,False,Quinoa.png,440,440,RGBA,a11714e5b5a8b512983013c23e69c7845fe2143eac6ab36b2b4895a8b19f88e9,,PASS_WITH_POLISH,7. Grain and Staple Crops,HOLD,,"Correct the culm, leaf arrangement and species-specific seed head/inflorescence; many grains currently share one generic spike or grass tuft.","Add broad branched seed head rather than a cylindrical cereal spike. Correct the culm, leaf arrangement and species-specific seed head/inflorescence; many grains currently share one generic spike or grass tuft.",FAIL,PASS_WITH_POLISH -> HOLD
Rabbitbrush,Rabbitbrush,PASS,PASS_WITH_POLISH,PASS,POLISH,POLISH,POLISH,POLISH,POLISH,"No critical duplicate, clipping, or gross growth-family error found. Broad growth form is usable; species-level botanical specificity may still be simplified.",False,Rabbitbrush.png,440,440,RGBA,1967da013e045be24bb14a0f60327f35644a37f5e5897f0726c0b9ffe83b5fa0,,PASS_WITH_POLISH,Other plant or harvest type,HOLD,,"Rabbitbrush needs a species-specific growth-form check: roots/attachment, stem or trunk, leaf/frond arrangement, flower/fruit/spore organ and overall scale.","No critical duplicate, clipping, or gross growth-family error found. Broad growth form is usable; species-level botanical specificity may still be simplified. Rabbitbrush needs a species-specific growth-form check: roots/attachment, stem or trunk, leaf/frond arrangement, flower/fruit/spore organ and overall scale.",FAIL,PASS_WITH_POLISH -> HOLD
Rafflesia,Rafflesia,PASS,PASS,PASS,PASS,PASS,PASS,PASS,PASS,Ground-level giant bloom is now recognizable; optional further petal spotting/detail only.,False,Rafflesia.png,440,440,RGBA,eff3eba959e4d1dad44618933d8284d48e31adcf08bf959c0f409100c5b78981,,PASS,17. Parasitic and Unusual Plants,PASS,,"Rafflesia needs a species-specific growth-form check: roots/attachment, stem or trunk, leaf/frond arrangement, flower/fruit/spore organ and overall scale.",PASS — Leave alone. The source plant or harvest organ has an appropriate growth form and recognizable silhouette.,PASS,UNCHANGED
Rainforest_Nettle,Rainforest Nettle,PASS,PASS_WITH_POLISH,PASS,POLISH,POLISH,POLISH,POLISH,POLISH,"No critical duplicate, clipping, or gross growth-family error found. Broad growth form is usable; species-level botanical specificity may still be simplified.",False,Rainforest_Nettle.png,440,440,RGBA,085a38166e2077d302a620e2861b996714ceb82e0a0aeff69d7945cfe6261cde,,PASS_WITH_POLISH,Other plant or harvest type,HOLD,,"Rainforest Nettle needs a species-specific growth-form check: roots/attachment, stem or trunk, leaf/frond arrangement, flower/fruit/spore organ and overall scale.","No critical duplicate, clipping, or gross growth-family error found. Broad growth form is usable; species-level botanical specificity may still be simplified. Rainforest Nettle needs a species-specific growth-form check: roots/attachment, stem or trunk, leaf/frond arrangement, flower/fruit/spore organ and overall scale.",FAIL,PASS_WITH_POLISH -> HOLD
Rambutan,Rambutan,PASS,PASS_WITH_POLISH,PASS,POLISH,POLISH,POLISH,POLISH,POLISH,"No critical duplicate, clipping, or gross growth-family error found. Broad growth form is usable; species-level botanical specificity may still be simplified.",False,Rambutan.png,440,440,RGBA,f1096a2c65aa8c7830a48f023cb046d4e6e6040ac4ef2c9b1b271e340bbb6588,,PASS_WITH_POLISH,4. Fruit and Nut Trees,HOLD,,"The catalog overuses a round canopy on a straight trunk. Match the species’ trunk habit, branching architecture, crown shape, leaf masses, bark and fruit/flower attachment.","No critical duplicate, clipping, or gross growth-family error found. Broad growth form is usable; species-level botanical specificity may still be simplified. The catalog overuses a round canopy on a straight trunk. Match the species’ trunk habit, branching architecture, crown shape, leaf masses, bark and fruit/flower attachment.",FAIL,PASS_WITH_POLISH -> HOLD
Raspberry,Raspberry,PASS,PASS_WITH_POLISH,PASS,POLISH,POLISH,POLISH,POLISH,POLISH,"No critical duplicate, clipping, or gross growth-family error found. Broad growth form is usable; species-level botanical specificity may still be simplified.",False,Raspberry.png,440,440,RGBA,7dd19f47e0a2d4c01aa976b14fad86a55d36016c0c5a10755ce1c6f0b2e41301,,PASS_WITH_POLISH,5. Shrubs and Bushes,HOLD,,"Raspberry needs a species-specific growth-form check: roots/attachment, stem or trunk, leaf/frond arrangement, flower/fruit/spore organ and overall scale.","No critical duplicate, clipping, or gross growth-family error found. Broad growth form is usable; species-level botanical specificity may still be simplified. Raspberry needs a species-specific growth-form check: roots/attachment, stem or trunk, leaf/frond arrangement, flower/fruit/spore organ and overall scale.",FAIL,PASS_WITH_POLISH -> HOLD
Rattan,Rattan,PASS,PASS_WITH_POLISH,PASS,POLISH,POLISH,POLISH,POLISH,POLISH,"No critical duplicate, clipping, or gross growth-family error found. Broad growth form is usable; species-level botanical specificity may still be simplified.",False,Rattan.png,440,440,RGBA,95b5163e5659718f2f8a0501b86326009a4b24eebf0f5b79f5cd86f84a332574,,PASS_WITH_POLISH,11. Vines and Climbing Plants,HOLD,,"Show the correct climbing/twining habit, support attachment, tendrils, leaf arrangement and attached flowers/fruit rather than floating clusters or an upright shrub.","No critical duplicate, clipping, or gross growth-family error found. Broad growth form is usable; species-level botanical specificity may still be simplified. Show the correct climbing/twining habit, support attachment, tendrils, leaf arrangement and attached flowers/fruit rather than floating clusters or an upright shrub.",FAIL,PASS_WITH_POLISH -> HOLD
Red_Algae,Red Algae,PASS,PASS_WITH_POLISH,PASS,POLISH,POLISH,POLISH,POLISH,POLISH,"No critical duplicate, clipping, or gross growth-family error found. Broad growth form is usable; species-level botanical specificity may still be simplified.",False,Red_Algae.png,440,440,RGBA,0fb87143643f01998e19802e42de18d494a45372760cc2022303dede89a3418e,,PASS_WITH_POLISH,Algae,HOLD,,"Use the correct holdfast/rooting, blade/frond form, branching, air bladders and water-growth habit instead of a single generic ribbon or blob.","No critical duplicate, clipping, or gross growth-family error found. Broad growth form is usable; species-level botanical specificity may still be simplified. Use the correct holdfast/rooting, blade/frond form, branching, air bladders and water-growth habit instead of a single generic ribbon or blob.",FAIL,PASS_WITH_POLISH -> HOLD
Red_Grape,Red Grape,PASS,PASS_WITH_POLISH,PASS,POLISH,POLISH,POLISH,POLISH,POLISH,"No critical duplicate, clipping, or gross growth-family error found. Broad growth form is usable; species-level botanical specificity may still be simplified.",False,Red_Grape.png,440,440,RGBA,95ccdae0478ffaffbee25aae4f6a9ec8168850d61366413928d69c4780a2e1d9,,PASS_WITH_POLISH,Other plant or harvest type,HOLD,,"Red Grape needs a species-specific growth-form check: roots/attachment, stem or trunk, leaf/frond arrangement, flower/fruit/spore organ and overall scale.","No critical duplicate, clipping, or gross growth-family error found. Broad growth form is usable; species-level botanical specificity may still be simplified. Red Grape needs a species-specific growth-form check: roots/attachment, stem or trunk, leaf/frond arrangement, flower/fruit/spore organ and overall scale.",FAIL,PASS_WITH_POLISH -> HOLD
Redwood,Redwood,PASS,PASS_WITH_POLISH,PASS,POLISH,POLISH,POLISH,POLISH,POLISH,Tall conifer read is clear; increase columnar crown/trunk scale relationship.,False,Redwood.png,440,440,RGBA,bd0e9393f5b62db8b4c8b1028c611f46464c02a902134c7113f88b8f917d7916,,PASS_WITH_POLISH,2. Conifers and Other Seed Plants,HOLD,,"Redwood needs a species-specific growth-form check: roots/attachment, stem or trunk, leaf/frond arrangement, flower/fruit/spore organ and overall scale.","Tall conifer read is clear; increase columnar crown/trunk scale relationship. Redwood needs a species-specific growth-form check: roots/attachment, stem or trunk, leaf/frond arrangement, flower/fruit/spore organ and overall scale.",FAIL,PASS_WITH_POLISH -> HOLD
Reindeer_Lichen,Reindeer Lichen,FAIL,BLOCKER,FAIL,PASS,FAIL,PASS,PASS,FAIL,Canonical ownership overlaps the fungi library. Keep one authoritative fungus/lichen record and reference it from flora/ecology systems.,True,Reindeer_Lichen.png,440,440,RGBA,746b12ce7b155fd9ceed5ca774008ae99332f9992a40f3245571fbc3b7616352,,BLOCKER,Lichens,BLOCKER,,"Reindeer Lichen needs a species-specific growth-form check: roots/attachment, stem or trunk, leaf/frond arrangement, flower/fruit/spore organ and overall scale.","Canonical ownership overlaps the fungi library. Keep one authoritative fungus/lichen record and reference it from flora/ecology systems. Reindeer Lichen needs a species-specific growth-form check: roots/attachment, stem or trunk, leaf/frond arrangement, flower/fruit/spore organ and overall scale.",FAIL,UNCHANGED
Rhubarb,Rhubarb,PASS,PASS_WITH_POLISH,PASS,POLISH,POLISH,POLISH,POLISH,POLISH,Red petioles are improved; add large broad basal leaves.,False,Rhubarb.png,440,440,RGBA,56d9456a200f917ce238cd29042be9bf367258a16d435c147faebec51370d1c9,,PASS_WITH_POLISH,Other plant or harvest type,HOLD,,"Rhubarb needs a species-specific growth-form check: roots/attachment, stem or trunk, leaf/frond arrangement, flower/fruit/spore organ and overall scale.","Red petioles are improved; add large broad basal leaves. Rhubarb needs a species-specific growth-form check: roots/attachment, stem or trunk, leaf/frond arrangement, flower/fruit/spore organ and overall scale.",FAIL,PASS_WITH_POLISH -> HOLD
Rice,Rice,PASS,PASS_WITH_POLISH,PASS,POLISH,POLISH,POLISH,POLISH,POLISH,Add drooping branched panicles and wetland/rice-stalk identity.,False,Rice.png,440,440,RGBA,9461f64d92138bb105534da1ffb049741e3fa3526228a01d88f432774e475e4e,,PASS_WITH_POLISH,7. Grain and Staple Crops,HOLD,,"Correct the culm, leaf arrangement and species-specific seed head/inflorescence; many grains currently share one generic spike or grass tuft.","Add drooping branched panicles and wetland/rice-stalk identity. Correct the culm, leaf arrangement and species-specific seed head/inflorescence; many grains currently share one generic spike or grass tuft.",FAIL,PASS_WITH_POLISH -> HOLD
Riverbank_Nettle,Riverbank Nettle,PASS,PASS_WITH_POLISH,PASS,POLISH,POLISH,POLISH,POLISH,POLISH,"No critical duplicate, clipping, or gross growth-family error found. Broad growth form is usable; species-level botanical specificity may still be simplified.",False,Riverbank_Nettle.png,440,440,RGBA,5c439d893063fc9ef4898b8efe493a78f6a115b599ee9e42f35c9abc66a7f078,,PASS_WITH_POLISH,Other plant or harvest type,HOLD,,"Riverbank Nettle needs a species-specific growth-form check: roots/attachment, stem or trunk, leaf/frond arrangement, flower/fruit/spore organ and overall scale.","No critical duplicate, clipping, or gross growth-family error found. Broad growth form is usable; species-level botanical specificity may still be simplified. Riverbank Nettle needs a species-specific growth-form check: roots/attachment, stem or trunk, leaf/frond arrangement, flower/fruit/spore organ and overall scale.",FAIL,PASS_WITH_POLISH -> HOLD
Rose_Hip,Rose Hip,PASS,PASS_WITH_POLISH,PASS,POLISH,POLISH,POLISH,POLISH,POLISH,"No critical duplicate, clipping, or gross growth-family error found. Broad growth form is usable; species-level botanical specificity may still be simplified.",False,Rose_Hip.png,440,440,RGBA,3b63c0ee3edb67c65b59ee8db2b2c4431dde1632caa5f0816f39c9b8c826a6c1,,PASS_WITH_POLISH,Other plant or harvest type,HOLD,,"Rose Hip needs a species-specific growth-form check: roots/attachment, stem or trunk, leaf/frond arrangement, flower/fruit/spore organ and overall scale.","No critical duplicate, clipping, or gross growth-family error found. Broad growth form is usable; species-level botanical specificity may still be simplified. Rose Hip needs a species-specific growth-form check: roots/attachment, stem or trunk, leaf/frond arrangement, flower/fruit/spore organ and overall scale.",FAIL,PASS_WITH_POLISH -> HOLD
Roselle,Roselle,PASS,PASS_WITH_POLISH,PASS,POLISH,POLISH,POLISH,POLISH,POLISH,"No critical duplicate, clipping, or gross growth-family error found. Broad growth form is usable; species-level botanical specificity may still be simplified.",False,Roselle.png,440,440,RGBA,a0974f7d5cbba70b296085b85825ebba9177aa75ca40e73b8b190c119ef87e2e,,PASS_WITH_POLISH,Other plant or harvest type,HOLD,,"Roselle needs a species-specific growth-form check: roots/attachment, stem or trunk, leaf/frond arrangement, flower/fruit/spore organ and overall scale.","No critical duplicate, clipping, or gross growth-family error found. Broad growth form is usable; species-level botanical specificity may still be simplified. Roselle needs a species-specific growth-form check: roots/attachment, stem or trunk, leaf/frond arrangement, flower/fruit/spore organ and overall scale.",FAIL,PASS_WITH_POLISH -> HOLD
Rosemary,Rosemary,PASS,PASS_WITH_POLISH,PASS,POLISH,POLISH,POLISH,POLISH,POLISH,"No critical duplicate, clipping, or gross growth-family error found. Broad growth form is usable; species-level botanical specificity may still be simplified.",False,Rosemary.png,440,440,RGBA,2551c7f26d69c20017fa90feb2a3cd83634c3c9a48c928ea2e7f8b47ff264ae6,,PASS_WITH_POLISH,9. Herbs and Spices,HOLD,,"Match the named plant’s actual growth habit, leaf arrangement, flower/seed structure and scale; many currently use one vertical leaf-ladder or color-only herb template.","No critical duplicate, clipping, or gross growth-family error found. Broad growth form is usable; species-level botanical specificity may still be simplified. Match the named plant’s actual growth habit, leaf arrangement, flower/seed structure and scale; many currently use one vertical leaf-ladder or color-only herb template.",FAIL,PASS_WITH_POLISH -> HOLD
Rush_Shoots,Rush Shoots,PASS,PASS_WITH_POLISH,PASS,POLISH,POLISH,POLISH,POLISH,POLISH,"No critical duplicate, clipping, or gross growth-family error found. Broad growth form is usable; species-level botanical specificity may still be simplified.",False,Rush_Shoots.png,440,440,RGBA,bc33ab611d547531a6896bc32fc993863231ef442c41ebe264f4b0d7cc3286ba,,PASS_WITH_POLISH,Other plant or harvest type,HOLD,,"Rush Shoots needs a species-specific growth-form check: roots/attachment, stem or trunk, leaf/frond arrangement, flower/fruit/spore organ and overall scale.","No critical duplicate, clipping, or gross growth-family error found. Broad growth form is usable; species-level botanical specificity may still be simplified. Rush Shoots needs a species-specific growth-form check: roots/attachment, stem or trunk, leaf/frond arrangement, flower/fruit/spore organ and overall scale.",FAIL,PASS_WITH_POLISH -> HOLD
Rye,Rye,PASS,PASS_WITH_POLISH,PASS,POLISH,POLISH,POLISH,POLISH,POLISH,Add a slender elongated spike.,False,Rye.png,440,440,RGBA,78d2f6e0a9bf5baed8b0d4ec632f1270bc42c8328fbea1c658639f8b1fce2825,,PASS_WITH_POLISH,7. Grain and Staple Crops,HOLD,,"Correct the culm, leaf arrangement and species-specific seed head/inflorescence; many grains currently share one generic spike or grass tuft.","Add a slender elongated spike. Correct the culm, leaf arrangement and species-specific seed head/inflorescence; many grains currently share one generic spike or grass tuft.",FAIL,PASS_WITH_POLISH -> HOLD
Sage,Sage,PASS,PASS_WITH_POLISH,PASS,POLISH,POLISH,POLISH,POLISH,POLISH,"No critical duplicate, clipping, or gross growth-family error found. Broad growth form is usable; species-level botanical specificity may still be simplified.",False,Sage.png,440,440,RGBA,b5f423b022062dbc2de8d89c2091ecfa0e90e562ac6ac75dfded02cc6514c21c,,PASS_WITH_POLISH,9. Herbs and Spices,HOLD,,"Match the named plant’s actual growth habit, leaf arrangement, flower/seed structure and scale; many currently use one vertical leaf-ladder or color-only herb template.","No critical duplicate, clipping, or gross growth-family error found. Broad growth form is usable; species-level botanical specificity may still be simplified. Match the named plant’s actual growth habit, leaf arrangement, flower/seed structure and scale; many currently use one vertical leaf-ladder or color-only herb template.",FAIL,PASS_WITH_POLISH -> HOLD
Sagebrush,Sagebrush,PASS,PASS_WITH_POLISH,PASS,POLISH,POLISH,POLISH,POLISH,POLISH,"No critical duplicate, clipping, or gross growth-family error found. Broad growth form is usable; species-level botanical specificity may still be simplified.",False,Sagebrush.png,440,440,RGBA,6ea16d380a80d4126c9affb07d5712d6a87d5934189916e237269a58c1ce0caa,,PASS_WITH_POLISH,5. Shrubs and Bushes,HOLD,,"Sagebrush needs a species-specific growth-form check: roots/attachment, stem or trunk, leaf/frond arrangement, flower/fruit/spore organ and overall scale.","No critical duplicate, clipping, or gross growth-family error found. Broad growth form is usable; species-level botanical specificity may still be simplified. Sagebrush needs a species-specific growth-form check: roots/attachment, stem or trunk, leaf/frond arrangement, flower/fruit/spore organ and overall scale.",FAIL,PASS_WITH_POLISH -> HOLD
Salmonberry,Salmonberry,PASS,PASS_WITH_POLISH,PASS,POLISH,POLISH,POLISH,POLISH,POLISH,"No critical duplicate, clipping, or gross growth-family error found. Broad growth form is usable; species-level botanical specificity may still be simplified.",False,Salmonberry.png,440,440,RGBA,9dee4f7a87ac64a91edaf6dcefc29ce494eac400ca6c2a83722d84e3c88f26da,,PASS_WITH_POLISH,Other plant or harvest type,HOLD,,"Salmonberry needs a species-specific growth-form check: roots/attachment, stem or trunk, leaf/frond arrangement, flower/fruit/spore organ and overall scale.","No critical duplicate, clipping, or gross growth-family error found. Broad growth form is usable; species-level botanical specificity may still be simplified. Salmonberry needs a species-specific growth-form check: roots/attachment, stem or trunk, leaf/frond arrangement, flower/fruit/spore organ and overall scale.",FAIL,PASS_WITH_POLISH -> HOLD
Saltbush,Saltbush,PASS,PASS_WITH_POLISH,PASS,POLISH,POLISH,POLISH,POLISH,POLISH,"No critical duplicate, clipping, or gross growth-family error found. Broad growth form is usable; species-level botanical specificity may still be simplified.",False,Saltbush.png,440,440,RGBA,b81407ca4c3a9e2d8500c2afe4c617c0001903d89615089c151341534ecf0ef0,,PASS_WITH_POLISH,5. Shrubs and Bushes,HOLD,,"Saltbush needs a species-specific growth-form check: roots/attachment, stem or trunk, leaf/frond arrangement, flower/fruit/spore organ and overall scale.","No critical duplicate, clipping, or gross growth-family error found. Broad growth form is usable; species-level botanical specificity may still be simplified. Saltbush needs a species-specific growth-form check: roots/attachment, stem or trunk, leaf/frond arrangement, flower/fruit/spore organ and overall scale.",FAIL,PASS_WITH_POLISH -> HOLD
Saltgrass,Saltgrass,PASS,PASS_WITH_POLISH,PASS,POLISH,POLISH,POLISH,POLISH,POLISH,"No critical duplicate, clipping, or gross growth-family error found. Broad growth form is usable; species-level botanical specificity may still be simplified.",False,Saltgrass.png,440,440,RGBA,31eeb349b31a8ddb72f1441cb31700910703d3e3e281a1b4b2430531bd1bdb5f,,PASS_WITH_POLISH,Other plant or harvest type,HOLD,,"Saltgrass needs a species-specific growth-form check: roots/attachment, stem or trunk, leaf/frond arrangement, flower/fruit/spore organ and overall scale.","No critical duplicate, clipping, or gross growth-family error found. Broad growth form is usable; species-level botanical specificity may still be simplified. Saltgrass needs a species-specific growth-form check: roots/attachment, stem or trunk, leaf/frond arrangement, flower/fruit/spore organ and overall scale.",FAIL,PASS_WITH_POLISH -> HOLD
Samphire,Samphire,PASS,PASS_WITH_POLISH,PASS,POLISH,POLISH,POLISH,POLISH,POLISH,"No critical duplicate, clipping, or gross growth-family error found. Broad growth form is usable; species-level botanical specificity may still be simplified.",False,Samphire.png,440,440,RGBA,07f5b8dbd16e706228d5c9cca64354839e6ca3a8ee9929797bfe93e739fe8386,,PASS_WITH_POLISH,Other plant or harvest type,HOLD,,"Samphire needs a species-specific growth-form check: roots/attachment, stem or trunk, leaf/frond arrangement, flower/fruit/spore organ and overall scale.","No critical duplicate, clipping, or gross growth-family error found. Broad growth form is usable; species-level botanical specificity may still be simplified. Samphire needs a species-specific growth-form check: roots/attachment, stem or trunk, leaf/frond arrangement, flower/fruit/spore organ and overall scale.",FAIL,PASS_WITH_POLISH -> HOLD
Sargassum,Sargassum,FAIL,FAIL,FAIL,PASS,PASS,FAIL,PASS,FAIL,Add branching fronds and numerous air bladders; current narrow tuft is insufficient.,False,Sargassum.png,440,440,RGBA,ba533bd2058e48a76a2c80f05d3eb65b538aeccd7276f127de7a2ea47efe0cf3,,FAIL,Algae,FAIL,,"Use the correct holdfast/rooting, blade/frond form, branching, air bladders and water-growth habit instead of a single generic ribbon or blob.","Add branching fronds and numerous air bladders; current narrow tuft is insufficient. Use the correct holdfast/rooting, blade/frond form, branching, air bladders and water-growth habit instead of a single generic ribbon or blob.",FAIL,UNCHANGED
Scurvy_Grass,Scurvy Grass,PASS,PASS_WITH_POLISH,PASS,POLISH,POLISH,POLISH,POLISH,POLISH,"No critical duplicate, clipping, or gross growth-family error found. Broad growth form is usable; species-level botanical specificity may still be simplified.",False,Scurvy_Grass.png,440,440,RGBA,2009ec97827702c3e228cd22b026ae1eb9b9030c7971717558780c99533128bf,,PASS_WITH_POLISH,Other plant or harvest type,HOLD,,"Scurvy Grass needs a species-specific growth-form check: roots/attachment, stem or trunk, leaf/frond arrangement, flower/fruit/spore organ and overall scale.","No critical duplicate, clipping, or gross growth-family error found. Broad growth form is usable; species-level botanical specificity may still be simplified. Scurvy Grass needs a species-specific growth-form check: roots/attachment, stem or trunk, leaf/frond arrangement, flower/fruit/spore organ and overall scale.",FAIL,PASS_WITH_POLISH -> HOLD
Sea_Beet,Sea Beet,PASS,PASS_WITH_POLISH,PASS,POLISH,POLISH,POLISH,POLISH,POLISH,"No critical duplicate, clipping, or gross growth-family error found. Broad growth form is usable; species-level botanical specificity may still be simplified.",False,Sea_Beet.png,440,440,RGBA,ad565b1866fd52e9ddc8342bd19ca73d74ebb76baff04e0bc19bab9119f8d19b,,PASS_WITH_POLISH,Other plant or harvest type,HOLD,,"Sea Beet needs a species-specific growth-form check: roots/attachment, stem or trunk, leaf/frond arrangement, flower/fruit/spore organ and overall scale.","No critical duplicate, clipping, or gross growth-family error found. Broad growth form is usable; species-level botanical specificity may still be simplified. Sea Beet needs a species-specific growth-form check: roots/attachment, stem or trunk, leaf/frond arrangement, flower/fruit/spore organ and overall scale.",FAIL,PASS_WITH_POLISH -> HOLD
Sea_Buckthorn,Sea Buckthorn,PASS,PASS_WITH_POLISH,PASS,POLISH,POLISH,POLISH,POLISH,POLISH,"No critical duplicate, clipping, or gross growth-family error found. Broad growth form is usable; species-level botanical specificity may still be simplified.",False,Sea_Buckthorn.png,440,440,RGBA,495113eaa700eea1e58f3e633b5267126206152915128611a9c0a75fc935e4e2,,PASS_WITH_POLISH,Other plant or harvest type,HOLD,,"Sea Buckthorn needs a species-specific growth-form check: roots/attachment, stem or trunk, leaf/frond arrangement, flower/fruit/spore organ and overall scale.","No critical duplicate, clipping, or gross growth-family error found. Broad growth form is usable; species-level botanical specificity may still be simplified. Sea Buckthorn needs a species-specific growth-form check: roots/attachment, stem or trunk, leaf/frond arrangement, flower/fruit/spore organ and overall scale.",FAIL,PASS_WITH_POLISH -> HOLD
Sea_Fennel,Sea Fennel,PASS,PASS_WITH_POLISH,PASS,POLISH,POLISH,POLISH,POLISH,POLISH,"No critical duplicate, clipping, or gross growth-family error found. Broad growth form is usable; species-level botanical specificity may still be simplified.",False,Sea_Fennel.png,440,440,RGBA,85fbb9d90d7be7d92321751e47d019d2f37bfdc2f284d60d6112f7b15e1da076,,PASS_WITH_POLISH,Other plant or harvest type,HOLD,,"Sea Fennel needs a species-specific growth-form check: roots/attachment, stem or trunk, leaf/frond arrangement, flower/fruit/spore organ and overall scale.","No critical duplicate, clipping, or gross growth-family error found. Broad growth form is usable; species-level botanical specificity may still be simplified. Sea Fennel needs a species-specific growth-form check: roots/attachment, stem or trunk, leaf/frond arrangement, flower/fruit/spore organ and overall scale.",FAIL,PASS_WITH_POLISH -> HOLD
Sea_Grape,Sea Grape,PASS,PASS_WITH_POLISH,PASS,POLISH,POLISH,POLISH,POLISH,POLISH,"No critical duplicate, clipping, or gross growth-family error found. Broad growth form is usable; species-level botanical specificity may still be simplified.",False,Sea_Grape.png,440,440,RGBA,9917ceff66ad40deaac155653ffb9aa3ea0d92245a8a43c0895f2824069f5c7a,,PASS_WITH_POLISH,Coastal trees,HOLD,,"The catalog overuses a round canopy on a straight trunk. Match the species’ trunk habit, branching architecture, crown shape, leaf masses, bark and fruit/flower attachment.","No critical duplicate, clipping, or gross growth-family error found. Broad growth form is usable; species-level botanical specificity may still be simplified. The catalog overuses a round canopy on a straight trunk. Match the species’ trunk habit, branching architecture, crown shape, leaf masses, bark and fruit/flower attachment.",FAIL,PASS_WITH_POLISH -> HOLD
Sea_Grapes_Algae,Sea Grapes Algae,PASS,PASS_WITH_POLISH,PASS,POLISH,POLISH,POLISH,POLISH,POLISH,"No critical duplicate, clipping, or gross growth-family error found. Broad growth form is usable; species-level botanical specificity may still be simplified.",False,Sea_Grapes_Algae.png,440,440,RGBA,5d3a519fb004112cac02e77278e3a2a2f43810873ddbb74dc774b939c3dcf05d,,PASS_WITH_POLISH,Other plant or harvest type,HOLD,,"Sea Grapes Algae needs a species-specific growth-form check: roots/attachment, stem or trunk, leaf/frond arrangement, flower/fruit/spore organ and overall scale.","No critical duplicate, clipping, or gross growth-family error found. Broad growth form is usable; species-level botanical specificity may still be simplified. Sea Grapes Algae needs a species-specific growth-form check: roots/attachment, stem or trunk, leaf/frond arrangement, flower/fruit/spore organ and overall scale.",FAIL,PASS_WITH_POLISH -> HOLD
Sea_Kale,Sea Kale,PASS,PASS_WITH_POLISH,PASS,POLISH,POLISH,POLISH,POLISH,POLISH,"No critical duplicate, clipping, or gross growth-family error found. Broad growth form is usable; species-level botanical specificity may still be simplified.",False,Sea_Kale.png,440,440,RGBA,4707fe99c162ddd07c494545a001d104ea56a1ba784512a5dea2426b622aa88d,,PASS_WITH_POLISH,Other plant or harvest type,HOLD,,"Sea Kale needs a species-specific growth-form check: roots/attachment, stem or trunk, leaf/frond arrangement, flower/fruit/spore organ and overall scale.","No critical duplicate, clipping, or gross growth-family error found. Broad growth form is usable; species-level botanical specificity may still be simplified. Sea Kale needs a species-specific growth-form check: roots/attachment, stem or trunk, leaf/frond arrangement, flower/fruit/spore organ and overall scale.",FAIL,PASS_WITH_POLISH -> HOLD
Sea_Lavender,Sea Lavender,PASS,PASS_WITH_POLISH,PASS,POLISH,POLISH,POLISH,POLISH,POLISH,"No critical duplicate, clipping, or gross growth-family error found. Broad growth form is usable; species-level botanical specificity may still be simplified.",False,Sea_Lavender.png,440,440,RGBA,b13b20007dbef95d881649df3df4033cdea2538402286b9c30253b4f5f8c119f,,PASS_WITH_POLISH,Other plant or harvest type,HOLD,,"Sea Lavender needs a species-specific growth-form check: roots/attachment, stem or trunk, leaf/frond arrangement, flower/fruit/spore organ and overall scale.","No critical duplicate, clipping, or gross growth-family error found. Broad growth form is usable; species-level botanical specificity may still be simplified. Sea Lavender needs a species-specific growth-form check: roots/attachment, stem or trunk, leaf/frond arrangement, flower/fruit/spore organ and overall scale.",FAIL,PASS_WITH_POLISH -> HOLD
Sea_Lettuce,Sea Lettuce,PASS,PASS,PASS,PASS,PASS,PASS,PASS,PASS,Broad sheet-like green blade now reads as sea lettuce.,True,Sea_Lettuce.png,440,440,RGBA,3dfa47f8322b5947bc927421b7c543bfd216cdd12150fe933c637a51db6268c1,,PASS,Other plant or harvest type,PASS,,"Sea Lettuce needs a species-specific growth-form check: roots/attachment, stem or trunk, leaf/frond arrangement, flower/fruit/spore organ and overall scale.",PASS — Leave alone. The source plant or harvest organ has an appropriate growth form and recognizable silhouette.,PASS,UNCHANGED
Sea_Purslane,Sea Purslane,PASS,PASS_WITH_POLISH,PASS,POLISH,POLISH,POLISH,POLISH,POLISH,"No critical duplicate, clipping, or gross growth-family error found. Broad growth form is usable; species-level botanical specificity may still be simplified.",False,Sea_Purslane.png,440,440,RGBA,a9a31a2fde3ee1e17a4c5fa3e79c631ed9d95eb6d63a60f0b462395127c090c0,,PASS_WITH_POLISH,Other plant or harvest type,HOLD,,"Sea Purslane needs a species-specific growth-form check: roots/attachment, stem or trunk, leaf/frond arrangement, flower/fruit/spore organ and overall scale.","No critical duplicate, clipping, or gross growth-family error found. Broad growth form is usable; species-level botanical specificity may still be simplified. Sea Purslane needs a species-specific growth-form check: roots/attachment, stem or trunk, leaf/frond arrangement, flower/fruit/spore organ and overall scale.",FAIL,PASS_WITH_POLISH -> HOLD
Sea_Rocket,Sea Rocket,PASS,PASS_WITH_POLISH,PASS,POLISH,POLISH,POLISH,POLISH,POLISH,"No critical duplicate, clipping, or gross growth-family error found. Broad growth form is usable; species-level botanical specificity may still be simplified.",False,Sea_Rocket.png,440,440,RGBA,c9cff13ecc97ada56d763d5f75a65e5f3e58a870e595301bc9347de7d2def89c,,PASS_WITH_POLISH,Other plant or harvest type,HOLD,,"Sea Rocket needs a species-specific growth-form check: roots/attachment, stem or trunk, leaf/frond arrangement, flower/fruit/spore organ and overall scale.","No critical duplicate, clipping, or gross growth-family error found. Broad growth form is usable; species-level botanical specificity may still be simplified. Sea Rocket needs a species-specific growth-form check: roots/attachment, stem or trunk, leaf/frond arrangement, flower/fruit/spore organ and overall scale.",FAIL,PASS_WITH_POLISH -> HOLD
Seagrass,Seagrass,PASS,PASS_WITH_POLISH,PASS,POLISH,POLISH,POLISH,POLISH,POLISH,Use a denser underwater meadow of narrow blades and rhizome/holdfast context.,False,Seagrass.png,440,440,RGBA,d04d21850db2d6171570e067c8ca4ae8cb9b415e3d60ab07ac4527d1e6fdfc27,,PASS_WITH_POLISH,14. Aquatic and Wetland Plants,HOLD,,"Use the correct holdfast/rooting, blade/frond form, branching, air bladders and water-growth habit instead of a single generic ribbon or blob.","Use a denser underwater meadow of narrow blades and rhizome/holdfast context. Use the correct holdfast/rooting, blade/frond form, branching, air bladders and water-growth habit instead of a single generic ribbon or blob.",FAIL,PASS_WITH_POLISH -> HOLD
Serviceberry,Serviceberry,PASS,PASS_WITH_POLISH,PASS,POLISH,POLISH,POLISH,POLISH,POLISH,"No critical duplicate, clipping, or gross growth-family error found. Broad growth form is usable; species-level botanical specificity may still be simplified.",False,Serviceberry.png,440,440,RGBA,7595c4e3089758935f2bcec1e0480b9fbd6b4543523eeb1bdd8cc75af33f4b66,,PASS_WITH_POLISH,Other plant or harvest type,HOLD,,"Serviceberry needs a species-specific growth-form check: roots/attachment, stem or trunk, leaf/frond arrangement, flower/fruit/spore organ and overall scale.","No critical duplicate, clipping, or gross growth-family error found. Broad growth form is usable; species-level botanical specificity may still be simplified. Serviceberry needs a species-specific growth-form check: roots/attachment, stem or trunk, leaf/frond arrangement, flower/fruit/spore organ and overall scale.",FAIL,PASS_WITH_POLISH -> HOLD
Sesame,Sesame,PASS,PASS_WITH_POLISH,PASS,POLISH,POLISH,POLISH,POLISH,POLISH,Add branched herb with tubular flowers and seed capsules.,False,Sesame.png,440,440,RGBA,030b375fbbea56c15dfb5b90e5f453addd34be1b0b4d3422ca4600b3b36d3f82,,PASS_WITH_POLISH,Other plant or harvest type,HOLD,,"Sesame needs a species-specific growth-form check: roots/attachment, stem or trunk, leaf/frond arrangement, flower/fruit/spore organ and overall scale.","Add branched herb with tubular flowers and seed capsules. Sesame needs a species-specific growth-form check: roots/attachment, stem or trunk, leaf/frond arrangement, flower/fruit/spore organ and overall scale.",FAIL,PASS_WITH_POLISH -> HOLD
Snow_Algae,Snow Algae,FAIL,BLOCKER,FAIL,PASS,PASS,PASS,PASS,FAIL,Canonical ownership overlaps the microbe library. Define the organism once and reference its surface-colony presentation.,True,Snow_Algae.png,440,440,RGBA,92454c1bd8f4b7001cb25b88886903d0778f13b28c723e84cc542389a5593acf,,BLOCKER,Other plant or harvest type,BLOCKER,,"Snow Algae needs a species-specific growth-form check: roots/attachment, stem or trunk, leaf/frond arrangement, flower/fruit/spore organ and overall scale.","Canonical ownership overlaps the microbe library. Define the organism once and reference its surface-colony presentation. Snow Algae needs a species-specific growth-form check: roots/attachment, stem or trunk, leaf/frond arrangement, flower/fruit/spore organ and overall scale.",FAIL,UNCHANGED
Solomon's_Seal,Solomon's Seal,PASS,PASS_WITH_POLISH,PASS,POLISH,POLISH,POLISH,POLISH,POLISH,"No critical duplicate, clipping, or gross growth-family error found. Broad growth form is usable; species-level botanical specificity may still be simplified.",False,Solomon's_Seal.png,440,440,RGBA,68f5da94ccb903b66021422af14bfe583780b1bfd4807053320ea247ff8c6d61,,PASS_WITH_POLISH,Other plant or harvest type,HOLD,,"Solomon's Seal needs a species-specific growth-form check: roots/attachment, stem or trunk, leaf/frond arrangement, flower/fruit/spore organ and overall scale.","No critical duplicate, clipping, or gross growth-family error found. Broad growth form is usable; species-level botanical specificity may still be simplified. Solomon's Seal needs a species-specific growth-form check: roots/attachment, stem or trunk, leaf/frond arrangement, flower/fruit/spore organ and overall scale.",FAIL,PASS_WITH_POLISH -> HOLD
Sorghum,Sorghum,PASS,PASS_WITH_POLISH,PASS,POLISH,POLISH,POLISH,POLISH,POLISH,Add broad branching seed clusters.,False,Sorghum.png,440,440,RGBA,f2f36e02e68f4d1c82f6a3e1a7bebeaed77ad947cb5fc2ef52a2df149e429a8f,,PASS_WITH_POLISH,7. Grain and Staple Crops,HOLD,,"Correct the culm, leaf arrangement and species-specific seed head/inflorescence; many grains currently share one generic spike or grass tuft.","Add broad branching seed clusters. Correct the culm, leaf arrangement and species-specific seed head/inflorescence; many grains currently share one generic spike or grass tuft.",FAIL,PASS_WITH_POLISH -> HOLD
Sorrel,Sorrel,PASS,PASS_WITH_POLISH,PASS,POLISH,POLISH,POLISH,POLISH,POLISH,"No critical duplicate, clipping, or gross growth-family error found. Broad growth form is usable; species-level botanical specificity may still be simplified.",False,Sorrel.png,440,440,RGBA,85bd24d3d78b44dd2ddf2442dcb299b12cf9d8dcb28aaffc66556d377a754982,,PASS_WITH_POLISH,Other plant or harvest type,HOLD,,"Sorrel needs a species-specific growth-form check: roots/attachment, stem or trunk, leaf/frond arrangement, flower/fruit/spore organ and overall scale.","No critical duplicate, clipping, or gross growth-family error found. Broad growth form is usable; species-level botanical specificity may still be simplified. Sorrel needs a species-specific growth-form check: roots/attachment, stem or trunk, leaf/frond arrangement, flower/fruit/spore organ and overall scale.",FAIL,PASS_WITH_POLISH -> HOLD
Soursop,Soursop,PASS,PASS_WITH_POLISH,PASS,POLISH,POLISH,POLISH,POLISH,POLISH,"No critical duplicate, clipping, or gross growth-family error found. Broad growth form is usable; species-level botanical specificity may still be simplified.",False,Soursop.png,440,440,RGBA,ad3bafec6072ac356031de1fdc813d033743c27d3d513ede1ecfe892bf8d177e,,PASS_WITH_POLISH,4. Fruit and Nut Trees,HOLD,,"The catalog overuses a round canopy on a straight trunk. Match the species’ trunk habit, branching architecture, crown shape, leaf masses, bark and fruit/flower attachment.","No critical duplicate, clipping, or gross growth-family error found. Broad growth form is usable; species-level botanical specificity may still be simplified. The catalog overuses a round canopy on a straight trunk. Match the species’ trunk habit, branching architecture, crown shape, leaf masses, bark and fruit/flower attachment.",FAIL,PASS_WITH_POLISH -> HOLD
Spruce_Tips,Spruce Tips,PASS,PASS_WITH_POLISH,PASS,POLISH,POLISH,POLISH,POLISH,POLISH,"No critical duplicate, clipping, or gross growth-family error found. Broad growth form is usable; species-level botanical specificity may still be simplified.",False,Spruce_Tips.png,440,440,RGBA,98b934f09e85c8c5ee03711a6d429870c15d8f083defaaeabcf33acec2aefa03,,PASS_WITH_POLISH,Other plant or harvest type,HOLD,,"Spruce Tips needs a species-specific growth-form check: roots/attachment, stem or trunk, leaf/frond arrangement, flower/fruit/spore organ and overall scale.","No critical duplicate, clipping, or gross growth-family error found. Broad growth form is usable; species-level botanical specificity may still be simplified. Spruce Tips needs a species-specific growth-form check: roots/attachment, stem or trunk, leaf/frond arrangement, flower/fruit/spore organ and overall scale.",FAIL,PASS_WITH_POLISH -> HOLD
Star_Anise,Star Anise,PASS,PASS_WITH_POLISH,PASS,POLISH,POLISH,POLISH,POLISH,POLISH,"No critical duplicate, clipping, or gross growth-family error found. Broad growth form is usable; species-level botanical specificity may still be simplified.",False,Star_Anise.png,440,440,RGBA,10f7f0403664b27b6b08c7ce310e0f3e0500e7cb4e2f8d5fe43a72afe74202ba,,PASS_WITH_POLISH,Other plant or harvest type,HOLD,,"Star Anise needs a species-specific growth-form check: roots/attachment, stem or trunk, leaf/frond arrangement, flower/fruit/spore organ and overall scale.","No critical duplicate, clipping, or gross growth-family error found. Broad growth form is usable; species-level botanical specificity may still be simplified. Star Anise needs a species-specific growth-form check: roots/attachment, stem or trunk, leaf/frond arrangement, flower/fruit/spore organ and overall scale.",FAIL,PASS_WITH_POLISH -> HOLD
Starfruit,Starfruit,PASS,PASS_WITH_POLISH,PASS,POLISH,POLISH,POLISH,POLISH,POLISH,"No critical duplicate, clipping, or gross growth-family error found. Broad growth form is usable; species-level botanical specificity may still be simplified.",False,Starfruit.png,440,440,RGBA,e9e02d5f3dd02b7a18320ea2d91c091c03be0de3c38b54d0bf8bff811a5a524d,,PASS_WITH_POLISH,4. Fruit and Nut Trees,HOLD,,"The catalog overuses a round canopy on a straight trunk. Match the species’ trunk habit, branching architecture, crown shape, leaf masses, bark and fruit/flower attachment.","No critical duplicate, clipping, or gross growth-family error found. Broad growth form is usable; species-level botanical specificity may still be simplified. The catalog overuses a round canopy on a straight trunk. Match the species’ trunk habit, branching architecture, crown shape, leaf masses, bark and fruit/flower attachment.",FAIL,PASS_WITH_POLISH -> HOLD
Steppe_Tulip,Steppe Tulip,PASS,PASS_WITH_POLISH,PASS,POLISH,POLISH,POLISH,POLISH,POLISH,"No critical duplicate, clipping, or gross growth-family error found. Broad growth form is usable; species-level botanical specificity may still be simplified.",False,Steppe_Tulip.png,440,440,RGBA,bfc3764741b39c8d3d42d18afdccc48ff790d0b5041661686a1ac01416f2eb85,,PASS_WITH_POLISH,Other plant or harvest type,HOLD,,"Steppe Tulip needs a species-specific growth-form check: roots/attachment, stem or trunk, leaf/frond arrangement, flower/fruit/spore organ and overall scale.","No critical duplicate, clipping, or gross growth-family error found. Broad growth form is usable; species-level botanical specificity may still be simplified. Steppe Tulip needs a species-specific growth-form check: roots/attachment, stem or trunk, leaf/frond arrangement, flower/fruit/spore organ and overall scale.",FAIL,PASS_WITH_POLISH -> HOLD
Sugar_Kelp,Sugar Kelp,PASS,PASS_WITH_POLISH,PASS,POLISH,POLISH,POLISH,POLISH,POLISH,Add broad undulating blade and holdfast.,False,Sugar_Kelp.png,440,440,RGBA,aad87f2760813d136d59ce64e9c62f986fed7dbd5173bf30bb8de418d78be24a,,PASS_WITH_POLISH,Other plant or harvest type,HOLD,,"Sugar Kelp needs a species-specific growth-form check: roots/attachment, stem or trunk, leaf/frond arrangement, flower/fruit/spore organ and overall scale.","Add broad undulating blade and holdfast. Sugar Kelp needs a species-specific growth-form check: roots/attachment, stem or trunk, leaf/frond arrangement, flower/fruit/spore organ and overall scale.",FAIL,PASS_WITH_POLISH -> HOLD
Sundew,Sundew,PASS,PASS_WITH_POLISH,PASS,POLISH,POLISH,POLISH,POLISH,POLISH,"No critical duplicate, clipping, or gross growth-family error found. Broad growth form is usable; species-level botanical specificity may still be simplified.",False,Sundew.png,440,440,RGBA,ab9990f62431a3ad1f46170a0c128b966bb2e373df72b00488a171ec559edfe8,,PASS_WITH_POLISH,13. Carnivorous Plants,HOLD,,"Sundew needs a species-specific growth-form check: roots/attachment, stem or trunk, leaf/frond arrangement, flower/fruit/spore organ and overall scale.","No critical duplicate, clipping, or gross growth-family error found. Broad growth form is usable; species-level botanical specificity may still be simplified. Sundew needs a species-specific growth-form check: roots/attachment, stem or trunk, leaf/frond arrangement, flower/fruit/spore organ and overall scale.",FAIL,PASS_WITH_POLISH -> HOLD
Sunflower,Sunflower,PASS,PASS_WITH_POLISH,PASS,POLISH,POLISH,POLISH,POLISH,POLISH,"No critical duplicate, clipping, or gross growth-family error found. Broad growth form is usable; species-level botanical specificity may still be simplified.",False,Sunflower.png,440,440,RGBA,50e0cdb0306e7af9b2d3dd975193bd6a87af10af50bdc7462b87f2e192aee41f,,PASS_WITH_POLISH,10. Flowering Herbs and Wildflowers,HOLD,,"Match the named plant’s actual growth habit, leaf arrangement, flower/seed structure and scale; many currently use one vertical leaf-ladder or color-only herb template.","No critical duplicate, clipping, or gross growth-family error found. Broad growth form is usable; species-level botanical specificity may still be simplified. Match the named plant’s actual growth habit, leaf arrangement, flower/seed structure and scale; many currently use one vertical leaf-ladder or color-only herb template.",FAIL,PASS_WITH_POLISH -> HOLD
Swamp_Mint,Swamp Mint,PASS,PASS_WITH_POLISH,PASS,POLISH,POLISH,POLISH,POLISH,POLISH,"No critical duplicate, clipping, or gross growth-family error found. Broad growth form is usable; species-level botanical specificity may still be simplified.",False,Swamp_Mint.png,440,440,RGBA,47df99a972acce001e46b2ce745e6d6ccb8083365dab7b76ce9ce5b59179477e,,PASS_WITH_POLISH,Other plant or harvest type,HOLD,,"Swamp Mint needs a species-specific growth-form check: roots/attachment, stem or trunk, leaf/frond arrangement, flower/fruit/spore organ and overall scale.","No critical duplicate, clipping, or gross growth-family error found. Broad growth form is usable; species-level botanical specificity may still be simplified. Swamp Mint needs a species-specific growth-form check: roots/attachment, stem or trunk, leaf/frond arrangement, flower/fruit/spore organ and overall scale.",FAIL,PASS_WITH_POLISH -> HOLD
Sweet_Flag,Sweet Flag,PASS,PASS_WITH_POLISH,PASS,POLISH,POLISH,POLISH,POLISH,POLISH,"No critical duplicate, clipping, or gross growth-family error found. Broad growth form is usable; species-level botanical specificity may still be simplified.",False,Sweet_Flag.png,440,440,RGBA,d0d69d02d3d33620d1aad759e238fbd3e230e67aa70553f13219957bcb5fdea0,,PASS_WITH_POLISH,Other plant or harvest type,HOLD,,"Sweet Flag needs a species-specific growth-form check: roots/attachment, stem or trunk, leaf/frond arrangement, flower/fruit/spore organ and overall scale.","No critical duplicate, clipping, or gross growth-family error found. Broad growth form is usable; species-level botanical specificity may still be simplified. Sweet Flag needs a species-specific growth-form check: roots/attachment, stem or trunk, leaf/frond arrangement, flower/fruit/spore organ and overall scale.",FAIL,PASS_WITH_POLISH -> HOLD
Sweet_Potato,Sweet Potato,PASS,PASS_WITH_POLISH,PASS,POLISH,POLISH,POLISH,POLISH,POLISH,"No critical duplicate, clipping, or gross growth-family error found. Broad growth form is usable; species-level botanical specificity may still be simplified.",False,Sweet_Potato.png,440,440,RGBA,bb53a5f20f0fd2c3421cb077b276fa6b17bf1050a0f950933e76e30a8c467d2a,,PASS_WITH_POLISH,7. Grain and Staple Crops,HOLD,,"Correct the culm, leaf arrangement and species-specific seed head/inflorescence; many grains currently share one generic spike or grass tuft.","No critical duplicate, clipping, or gross growth-family error found. Broad growth form is usable; species-level botanical specificity may still be simplified. Correct the culm, leaf arrangement and species-specific seed head/inflorescence; many grains currently share one generic spike or grass tuft.",FAIL,PASS_WITH_POLISH -> HOLD
Sword_Fern,Sword Fern,PASS,PASS_WITH_POLISH,PASS,POLISH,POLISH,POLISH,POLISH,POLISH,"No critical duplicate, clipping, or gross growth-family error found. Broad growth form is usable; species-level botanical specificity may still be simplified.",False,Sword_Fern.png,440,440,RGBA,e438b189fe193165710ca2d9d84c4b60e8251a01c5039c71b6b53a5b5e8871d1,,PASS_WITH_POLISH,15. Ferns and Fern Allies,HOLD,,"Use the correct frond or mat structure, branching/pinnae pattern, growth habit and attachment; avoid recoloring one fan-fern.","No critical duplicate, clipping, or gross growth-family error found. Broad growth form is usable; species-level botanical specificity may still be simplified. Use the correct frond or mat structure, branching/pinnae pattern, growth habit and attachment; avoid recoloring one fan-fern.",FAIL,PASS_WITH_POLISH -> HOLD
Tamarind,Tamarind,PASS,PASS_WITH_POLISH,PASS,POLISH,POLISH,POLISH,POLISH,POLISH,"No critical duplicate, clipping, or gross growth-family error found. Broad growth form is usable; species-level botanical specificity may still be simplified.",False,Tamarind.png,440,440,RGBA,ad1eb9786bbe6847550c9fc3badbce98b343f2c1f1192001ba78600ea88f7a77,,PASS_WITH_POLISH,Tropical trees,HOLD,,"The catalog overuses a round canopy on a straight trunk. Match the species’ trunk habit, branching architecture, crown shape, leaf masses, bark and fruit/flower attachment.","No critical duplicate, clipping, or gross growth-family error found. Broad growth form is usable; species-level botanical specificity may still be simplified. The catalog overuses a round canopy on a straight trunk. Match the species’ trunk habit, branching architecture, crown shape, leaf masses, bark and fruit/flower attachment.",FAIL,PASS_WITH_POLISH -> HOLD
Tamarisk,Tamarisk,PASS,PASS_WITH_POLISH,PASS,POLISH,POLISH,POLISH,POLISH,POLISH,"No critical duplicate, clipping, or gross growth-family error found. Broad growth form is usable; species-level botanical specificity may still be simplified.",False,Tamarisk.png,440,440,RGBA,f7f353a65218a8217b4ee853bff1772133a4d1862176ce4cec82277c11cf6584,,PASS_WITH_POLISH,Other plant or harvest type,HOLD,,"Tamarisk needs a species-specific growth-form check: roots/attachment, stem or trunk, leaf/frond arrangement, flower/fruit/spore organ and overall scale.","No critical duplicate, clipping, or gross growth-family error found. Broad growth form is usable; species-level botanical specificity may still be simplified. Tamarisk needs a species-specific growth-form check: roots/attachment, stem or trunk, leaf/frond arrangement, flower/fruit/spore organ and overall scale.",FAIL,PASS_WITH_POLISH -> HOLD
Taro,Taro,PASS,PASS_WITH_POLISH,PASS,POLISH,POLISH,POLISH,POLISH,POLISH,"No critical duplicate, clipping, or gross growth-family error found. Broad growth form is usable; species-level botanical specificity may still be simplified.",False,Taro.png,440,440,RGBA,2a0a6675d3d8206d7c85fe840001cea4a8834c7d6e44d711ce9315e79f7c08d0,,PASS_WITH_POLISH,7. Grain and Staple Crops,HOLD,,"Correct the culm, leaf arrangement and species-specific seed head/inflorescence; many grains currently share one generic spike or grass tuft.","No critical duplicate, clipping, or gross growth-family error found. Broad growth form is usable; species-level botanical specificity may still be simplified. Correct the culm, leaf arrangement and species-specific seed head/inflorescence; many grains currently share one generic spike or grass tuft.",FAIL,PASS_WITH_POLISH -> HOLD
Tea,Tea,PASS,PASS_WITH_POLISH,PASS,POLISH,POLISH,POLISH,POLISH,POLISH,"No critical duplicate, clipping, or gross growth-family error found. Broad growth form is usable; species-level botanical specificity may still be simplified.",False,Tea.png,440,440,RGBA,2e3802c0b40c6240b7e6eedf080fa66bcfa4de3d22deb12cbdad2d8fc975d8d8,,PASS_WITH_POLISH,Other plant or harvest type,HOLD,,"Tea needs a species-specific growth-form check: roots/attachment, stem or trunk, leaf/frond arrangement, flower/fruit/spore organ and overall scale.","No critical duplicate, clipping, or gross growth-family error found. Broad growth form is usable; species-level botanical specificity may still be simplified. Tea needs a species-specific growth-form check: roots/attachment, stem or trunk, leaf/frond arrangement, flower/fruit/spore organ and overall scale.",FAIL,PASS_WITH_POLISH -> HOLD
Tea_Tree,Tea Tree,FAIL,FAIL,FAIL,PASS,FAIL,FAIL,FAIL,FAIL,Use a woody shrub/tree with narrow leaves and small flowers; current stem is generic.,False,Tea_Tree.png,440,440,RGBA,b3579f714fbc7b536dcf24403bd6aa274a110e6ca83786a56154108abceb16b3,,FAIL,Other plant or harvest type,FAIL,,"Tea Tree needs a species-specific growth-form check: roots/attachment, stem or trunk, leaf/frond arrangement, flower/fruit/spore organ and overall scale.","Use a woody shrub/tree with narrow leaves and small flowers; current stem is generic. Tea Tree needs a species-specific growth-form check: roots/attachment, stem or trunk, leaf/frond arrangement, flower/fruit/spore organ and overall scale.",FAIL,UNCHANGED
Thyme,Thyme,PASS,PASS_WITH_POLISH,PASS,POLISH,POLISH,POLISH,POLISH,POLISH,"No critical duplicate, clipping, or gross growth-family error found. Broad growth form is usable; species-level botanical specificity may still be simplified.",False,Thyme.png,440,440,RGBA,ba62d181fe2566295fe6bb39eb25ecf8d5b7c4a2fa5c0b40149d4a69c6e2e3de,,PASS_WITH_POLISH,9. Herbs and Spices,HOLD,,"Match the named plant’s actual growth habit, leaf arrangement, flower/seed structure and scale; many currently use one vertical leaf-ladder or color-only herb template.","No critical duplicate, clipping, or gross growth-family error found. Broad growth form is usable; species-level botanical specificity may still be simplified. Match the named plant’s actual growth habit, leaf arrangement, flower/seed structure and scale; many currently use one vertical leaf-ladder or color-only herb template.",FAIL,PASS_WITH_POLISH -> HOLD
Tobacco,Tobacco,PASS,PASS,PASS,PASS,PASS,PASS,PASS,PASS,Large broad leaves and flowering stem are now represented.,True,Tobacco.png,440,440,RGBA,ab9b19730cb85e5d7f5a86e4cd6a2a8a6b01858712df28f7a4d75c226adc1eff,,PASS,Other plant or harvest type,PASS,,"Tobacco needs a species-specific growth-form check: roots/attachment, stem or trunk, leaf/frond arrangement, flower/fruit/spore organ and overall scale.",PASS — Leave alone. The source plant or harvest organ has an appropriate growth form and recognizable silhouette.,PASS,UNCHANGED
Tree_Fern_Shoots,Tree Fern Shoots,PASS,PASS_WITH_POLISH,PASS,POLISH,POLISH,POLISH,POLISH,POLISH,"No critical duplicate, clipping, or gross growth-family error found. Broad growth form is usable; species-level botanical specificity may still be simplified.",False,Tree_Fern_Shoots.png,440,440,RGBA,45ef1629115258eeb1c34eb66de94b9451670029d987a372ed8d1fe5ed949c46,,PASS_WITH_POLISH,Other plant or harvest type,HOLD,,"Tree Fern Shoots needs a species-specific growth-form check: roots/attachment, stem or trunk, leaf/frond arrangement, flower/fruit/spore organ and overall scale.","No critical duplicate, clipping, or gross growth-family error found. Broad growth form is usable; species-level botanical specificity may still be simplified. Tree Fern Shoots needs a species-specific growth-form check: roots/attachment, stem or trunk, leaf/frond arrangement, flower/fruit/spore organ and overall scale.",FAIL,PASS_WITH_POLISH -> HOLD
Tree_Tomato,Tree Tomato,PASS,PASS_WITH_POLISH,PASS,POLISH,POLISH,POLISH,POLISH,POLISH,"No critical duplicate, clipping, or gross growth-family error found. Broad growth form is usable; species-level botanical specificity may still be simplified.",False,Tree_Tomato.png,440,440,RGBA,d7caceca1b3aead35638e735c19e2144eb0781186acde0fe758bf07f3c949afe,,PASS_WITH_POLISH,Other plant or harvest type,HOLD,,"Tree Tomato needs a species-specific growth-form check: roots/attachment, stem or trunk, leaf/frond arrangement, flower/fruit/spore organ and overall scale.","No critical duplicate, clipping, or gross growth-family error found. Broad growth form is usable; species-level botanical specificity may still be simplified. Tree Tomato needs a species-specific growth-form check: roots/attachment, stem or trunk, leaf/frond arrangement, flower/fruit/spore organ and overall scale.",FAIL,PASS_WITH_POLISH -> HOLD
Turmeric,Turmeric,PASS,PASS_WITH_POLISH,PASS,POLISH,POLISH,POLISH,POLISH,POLISH,"No critical duplicate, clipping, or gross growth-family error found. Broad growth form is usable; species-level botanical specificity may still be simplified.",False,Turmeric.png,440,440,RGBA,672dba01fd718f1eb1ab618278e216678e9e2acef71a908b8c87f8e2aa287ae2,,PASS_WITH_POLISH,9. Herbs and Spices,HOLD,,"Match the named plant’s actual growth habit, leaf arrangement, flower/seed structure and scale; many currently use one vertical leaf-ladder or color-only herb template.","No critical duplicate, clipping, or gross growth-family error found. Broad growth form is usable; species-level botanical specificity may still be simplified. Match the named plant’s actual growth habit, leaf arrangement, flower/seed structure and scale; many currently use one vertical leaf-ladder or color-only herb template.",FAIL,PASS_WITH_POLISH -> HOLD
Tussock_Grass,Tussock Grass,PASS,PASS_WITH_POLISH,PASS,POLISH,POLISH,POLISH,POLISH,POLISH,"No critical duplicate, clipping, or gross growth-family error found. Broad growth form is usable; species-level botanical specificity may still be simplified.",False,Tussock_Grass.png,440,440,RGBA,c29f00a4f9ce309b88260c6568256ead4ba646dc2ab4c8d76b92ffadd6b12c45,,PASS_WITH_POLISH,Other plant or harvest type,HOLD,,"Tussock Grass needs a species-specific growth-form check: roots/attachment, stem or trunk, leaf/frond arrangement, flower/fruit/spore organ and overall scale.","No critical duplicate, clipping, or gross growth-family error found. Broad growth form is usable; species-level botanical specificity may still be simplified. Tussock Grass needs a species-specific growth-form check: roots/attachment, stem or trunk, leaf/frond arrangement, flower/fruit/spore organ and overall scale.",FAIL,PASS_WITH_POLISH -> HOLD
Valerian,Valerian,PASS,PASS_WITH_POLISH,PASS,POLISH,POLISH,POLISH,POLISH,POLISH,"No critical duplicate, clipping, or gross growth-family error found. Broad growth form is usable; species-level botanical specificity may still be simplified.",False,Valerian.png,440,440,RGBA,2639d2d3b611506a15588ef9c7da4805f7b574380bd0e74d282879ab342d3457,,PASS_WITH_POLISH,9. Herbs and Spices,HOLD,,"Match the named plant’s actual growth habit, leaf arrangement, flower/seed structure and scale; many currently use one vertical leaf-ladder or color-only herb template.","No critical duplicate, clipping, or gross growth-family error found. Broad growth form is usable; species-level botanical specificity may still be simplified. Match the named plant’s actual growth habit, leaf arrangement, flower/seed structure and scale; many currently use one vertical leaf-ladder or color-only herb template.",FAIL,PASS_WITH_POLISH -> HOLD
Vanilla_Orchid,Vanilla Orchid,PASS,PASS_WITH_POLISH,PASS,POLISH,POLISH,POLISH,POLISH,POLISH,Vine identity reads; add more orchid flower/pod specificity.,False,Vanilla_Orchid.png,440,440,RGBA,02f5e367eb7b8adf41f36c085979e6e47f718b4f6d4492269651a9f33d78c540,,PASS_WITH_POLISH,Other plant or harvest type,HOLD,,"Vanilla Orchid needs a species-specific growth-form check: roots/attachment, stem or trunk, leaf/frond arrangement, flower/fruit/spore organ and overall scale.","Vine identity reads; add more orchid flower/pod specificity. Vanilla Orchid needs a species-specific growth-form check: roots/attachment, stem or trunk, leaf/frond arrangement, flower/fruit/spore organ and overall scale.",FAIL,PASS_WITH_POLISH -> HOLD
Venus_Flytrap,Venus Flytrap,PASS,PASS_WITH_POLISH,PASS,POLISH,POLISH,POLISH,POLISH,POLISH,"No critical duplicate, clipping, or gross growth-family error found. Broad growth form is usable; species-level botanical specificity may still be simplified.",False,Venus_Flytrap.png,440,440,RGBA,6fcb798ce3b226bcc590571458a72b09396f9172bc78d1f5c79495153c36943f,,PASS_WITH_POLISH,13. Carnivorous Plants,HOLD,,"Venus Flytrap needs a species-specific growth-form check: roots/attachment, stem or trunk, leaf/frond arrangement, flower/fruit/spore organ and overall scale.","No critical duplicate, clipping, or gross growth-family error found. Broad growth form is usable; species-level botanical specificity may still be simplified. Venus Flytrap needs a species-specific growth-form check: roots/attachment, stem or trunk, leaf/frond arrangement, flower/fruit/spore organ and overall scale.",FAIL,PASS_WITH_POLISH -> HOLD
Violet,Violet,PASS,PASS_WITH_POLISH,PASS,POLISH,POLISH,POLISH,POLISH,POLISH,"No critical duplicate, clipping, or gross growth-family error found. Broad growth form is usable; species-level botanical specificity may still be simplified.",False,Violet.png,440,440,RGBA,90c9f062f6c2273355a58c749723f12a1882aa539e2a4f1099788747ce05f3c5,,PASS_WITH_POLISH,10. Flowering Herbs and Wildflowers,HOLD,,"Match the named plant’s actual growth habit, leaf arrangement, flower/seed structure and scale; many currently use one vertical leaf-ladder or color-only herb template.","No critical duplicate, clipping, or gross growth-family error found. Broad growth form is usable; species-level botanical specificity may still be simplified. Match the named plant’s actual growth habit, leaf arrangement, flower/seed structure and scale; many currently use one vertical leaf-ladder or color-only herb template.",FAIL,PASS_WITH_POLISH -> HOLD
Wakame,Wakame,PASS,PASS_WITH_POLISH,PASS,POLISH,POLISH,POLISH,POLISH,POLISH,"No critical duplicate, clipping, or gross growth-family error found. Broad growth form is usable; species-level botanical specificity may still be simplified.",False,Wakame.png,440,440,RGBA,11367d5fce9a06c21bee63b0dae5584f800c72afb40e7b0e5686a3aa6aded1e9,,PASS_WITH_POLISH,Other plant or harvest type,HOLD,,"Wakame needs a species-specific growth-form check: roots/attachment, stem or trunk, leaf/frond arrangement, flower/fruit/spore organ and overall scale.","No critical duplicate, clipping, or gross growth-family error found. Broad growth form is usable; species-level botanical specificity may still be simplified. Wakame needs a species-specific growth-form check: roots/attachment, stem or trunk, leaf/frond arrangement, flower/fruit/spore organ and overall scale.",FAIL,PASS_WITH_POLISH -> HOLD
Walnut,Walnut,PASS,PASS_WITH_POLISH,PASS,POLISH,POLISH,POLISH,POLISH,POLISH,"No critical duplicate, clipping, or gross growth-family error found. Broad growth form is usable; species-level botanical specificity may still be simplified.",False,Walnut.png,440,440,RGBA,654ff32222bc5ea21ecf4243b3210b6018cc7e25cbfd40c3c148d3ab466332b6,,PASS_WITH_POLISH,4. Fruit and Nut Trees,HOLD,,"The catalog overuses a round canopy on a straight trunk. Match the species’ trunk habit, branching architecture, crown shape, leaf masses, bark and fruit/flower attachment.","No critical duplicate, clipping, or gross growth-family error found. Broad growth form is usable; species-level botanical specificity may still be simplified. The catalog overuses a round canopy on a straight trunk. Match the species’ trunk habit, branching architecture, crown shape, leaf masses, bark and fruit/flower attachment.",FAIL,PASS_WITH_POLISH -> HOLD
Water_Hemlock,Water Hemlock,PASS,PASS_WITH_POLISH,PASS,POLISH,POLISH,POLISH,POLISH,POLISH,Use branched herb with compound umbels; current stem is too generic.,False,Water_Hemlock.png,440,440,RGBA,049730fd6081bd19149f9e120c3606a009a160b605c4fe399871d146b9ec745b,,PASS_WITH_POLISH,Other plant or harvest type,HOLD,,"Water Hemlock needs a species-specific growth-form check: roots/attachment, stem or trunk, leaf/frond arrangement, flower/fruit/spore organ and overall scale.","Use branched herb with compound umbels; current stem is too generic. Water Hemlock needs a species-specific growth-form check: roots/attachment, stem or trunk, leaf/frond arrangement, flower/fruit/spore organ and overall scale.",FAIL,PASS_WITH_POLISH -> HOLD
Water_Lily,Water Lily,PASS,PASS_WITH_POLISH,PASS,POLISH,POLISH,POLISH,POLISH,POLISH,"No critical duplicate, clipping, or gross growth-family error found. Broad growth form is usable; species-level botanical specificity may still be simplified.",False,Water_Lily.png,440,440,RGBA,9364ce924670b725a56d13241fd8a1b7c578a901e851de336f2bd9b29d1b7192,,PASS_WITH_POLISH,14. Aquatic and Wetland Plants,HOLD,,"Use the correct holdfast/rooting, blade/frond form, branching, air bladders and water-growth habit instead of a single generic ribbon or blob.","No critical duplicate, clipping, or gross growth-family error found. Broad growth form is usable; species-level botanical specificity may still be simplified. Use the correct holdfast/rooting, blade/frond form, branching, air bladders and water-growth habit instead of a single generic ribbon or blob.",FAIL,PASS_WITH_POLISH -> HOLD
Water_Mint,Water Mint,PASS,PASS_WITH_POLISH,PASS,POLISH,POLISH,POLISH,POLISH,POLISH,"No critical duplicate, clipping, or gross growth-family error found. Broad growth form is usable; species-level botanical specificity may still be simplified.",False,Water_Mint.png,440,440,RGBA,1f38607eed33dfa27c1d0e44e6cd6c2c5fb00b4c7c1aee513da609423527f6a6,,PASS_WITH_POLISH,Other plant or harvest type,HOLD,,"Water Mint needs a species-specific growth-form check: roots/attachment, stem or trunk, leaf/frond arrangement, flower/fruit/spore organ and overall scale.","No critical duplicate, clipping, or gross growth-family error found. Broad growth form is usable; species-level botanical specificity may still be simplified. Water Mint needs a species-specific growth-form check: roots/attachment, stem or trunk, leaf/frond arrangement, flower/fruit/spore organ and overall scale.",FAIL,PASS_WITH_POLISH -> HOLD
Water_Spinach,Water Spinach,PASS,PASS_WITH_POLISH,PASS,POLISH,POLISH,POLISH,POLISH,POLISH,"No critical duplicate, clipping, or gross growth-family error found. Broad growth form is usable; species-level botanical specificity may still be simplified.",False,Water_Spinach.png,440,440,RGBA,41b54c218adc3bdb4e228a868ab27c5d75a2d15efd95d94e2dda083ecbf50222,,PASS_WITH_POLISH,Other plant or harvest type,HOLD,,"Water Spinach needs a species-specific growth-form check: roots/attachment, stem or trunk, leaf/frond arrangement, flower/fruit/spore organ and overall scale.","No critical duplicate, clipping, or gross growth-family error found. Broad growth form is usable; species-level botanical specificity may still be simplified. Water Spinach needs a species-specific growth-form check: roots/attachment, stem or trunk, leaf/frond arrangement, flower/fruit/spore organ and overall scale.",FAIL,PASS_WITH_POLISH -> HOLD
Watercress,Watercress,PASS,PASS_WITH_POLISH,PASS,POLISH,POLISH,POLISH,POLISH,POLISH,"No critical duplicate, clipping, or gross growth-family error found. Broad growth form is usable; species-level botanical specificity may still be simplified.",False,Watercress.png,440,440,RGBA,db388345374f04eb72fac6ec0cbefb825669734dc84332714df6a926b197acb0,,PASS_WITH_POLISH,Leaf vegetables,HOLD,,"Match the source plant, leaf habit and attached fruit/harvest organ. Fruit should be connected to stems/branches and not carry identity by label alone.","No critical duplicate, clipping, or gross growth-family error found. Broad growth form is usable; species-level botanical specificity may still be simplified. Match the source plant, leaf habit and attached fruit/harvest organ. Fruit should be connected to stems/branches and not carry identity by label alone.",FAIL,PASS_WITH_POLISH -> HOLD
Watermelon,Watermelon,PASS,PASS,PASS,PASS,PASS,PASS,PASS,PASS,Creeping vine and large fruit are now visible.,True,Watermelon.png,440,440,RGBA,399ed989fd3c41570cd8e9c1d5ccddcd56bc6702df0e482d340465485cc15945,,PASS,Other plant or harvest type,PASS,,"Watermelon needs a species-specific growth-form check: roots/attachment, stem or trunk, leaf/frond arrangement, flower/fruit/spore organ and overall scale.",PASS — Leave alone. The source plant or harvest organ has an appropriate growth form and recognizable silhouette.,PASS,UNCHANGED
Wheat,Wheat,PASS,PASS_WITH_POLISH,PASS,POLISH,POLISH,POLISH,POLISH,POLISH,Add compact grain spikes with awns; current grass tuft is too generic.,False,Wheat.png,440,440,RGBA,b425c4fe3190b9c9df25d60a69a6d51f0c2f67161181b296cbcd753ab54c5e2e,,PASS_WITH_POLISH,7. Grain and Staple Crops,HOLD,,"Correct the culm, leaf arrangement and species-specific seed head/inflorescence; many grains currently share one generic spike or grass tuft.","Add compact grain spikes with awns; current grass tuft is too generic. Correct the culm, leaf arrangement and species-specific seed head/inflorescence; many grains currently share one generic spike or grass tuft.",FAIL,PASS_WITH_POLISH -> HOLD
White_Grape,White Grape,PASS,PASS_WITH_POLISH,PASS,POLISH,POLISH,POLISH,POLISH,POLISH,"No critical duplicate, clipping, or gross growth-family error found. Broad growth form is usable; species-level botanical specificity may still be simplified.",False,White_Grape.png,440,440,RGBA,42feeb9e6a2e0b95f63a95a695a8b61eaefc009fc7722a275b25185faaf2b299,,PASS_WITH_POLISH,Other plant or harvest type,HOLD,,"White Grape needs a species-specific growth-form check: roots/attachment, stem or trunk, leaf/frond arrangement, flower/fruit/spore organ and overall scale.","No critical duplicate, clipping, or gross growth-family error found. Broad growth form is usable; species-level botanical specificity may still be simplified. White Grape needs a species-specific growth-form check: roots/attachment, stem or trunk, leaf/frond arrangement, flower/fruit/spore organ and overall scale.",FAIL,PASS_WITH_POLISH -> HOLD
Wild_Blueberry,Wild Blueberry,PASS,PASS_WITH_POLISH,PASS,POLISH,POLISH,POLISH,POLISH,POLISH,"No critical duplicate, clipping, or gross growth-family error found. Broad growth form is usable; species-level botanical specificity may still be simplified.",False,Wild_Blueberry.png,440,440,RGBA,62e5a12b45b54c413dbee634094af234a1a0f1bc605a2b5c6f3c04aa3197f0f9,,PASS_WITH_POLISH,Other plant or harvest type,HOLD,,"Wild Blueberry needs a species-specific growth-form check: roots/attachment, stem or trunk, leaf/frond arrangement, flower/fruit/spore organ and overall scale.","No critical duplicate, clipping, or gross growth-family error found. Broad growth form is usable; species-level botanical specificity may still be simplified. Wild Blueberry needs a species-specific growth-form check: roots/attachment, stem or trunk, leaf/frond arrangement, flower/fruit/spore organ and overall scale.",FAIL,PASS_WITH_POLISH -> HOLD
Wild_Cherry,Wild Cherry,PASS,PASS_WITH_POLISH,PASS,POLISH,POLISH,POLISH,POLISH,POLISH,"No critical duplicate, clipping, or gross growth-family error found. Broad growth form is usable; species-level botanical specificity may still be simplified.",False,Wild_Cherry.png,440,440,RGBA,c06ff3c6e2d2753f9472ce5b4f7aa471b89a5e7135ac87b00ae510f515b823a8,,PASS_WITH_POLISH,Other plant or harvest type,HOLD,,"Wild Cherry needs a species-specific growth-form check: roots/attachment, stem or trunk, leaf/frond arrangement, flower/fruit/spore organ and overall scale.","No critical duplicate, clipping, or gross growth-family error found. Broad growth form is usable; species-level botanical specificity may still be simplified. Wild Cherry needs a species-specific growth-form check: roots/attachment, stem or trunk, leaf/frond arrangement, flower/fruit/spore organ and overall scale.",FAIL,PASS_WITH_POLISH -> HOLD
Wild_Chili,Wild Chili,PASS,PASS_WITH_POLISH,PASS,POLISH,POLISH,POLISH,POLISH,POLISH,"No critical duplicate, clipping, or gross growth-family error found. Broad growth form is usable; species-level botanical specificity may still be simplified.",False,Wild_Chili.png,440,440,RGBA,d5d35fca6a5abc4a0599a834cf453f2e4f814d9e4b03208e1c83d88b8cc8cd58,,PASS_WITH_POLISH,Other plant or harvest type,HOLD,,"Wild Chili needs a species-specific growth-form check: roots/attachment, stem or trunk, leaf/frond arrangement, flower/fruit/spore organ and overall scale.","No critical duplicate, clipping, or gross growth-family error found. Broad growth form is usable; species-level botanical specificity may still be simplified. Wild Chili needs a species-specific growth-form check: roots/attachment, stem or trunk, leaf/frond arrangement, flower/fruit/spore organ and overall scale.",FAIL,PASS_WITH_POLISH -> HOLD
Wild_Chive,Wild Chive,PASS,PASS_WITH_POLISH,PASS,POLISH,POLISH,POLISH,POLISH,POLISH,"No critical duplicate, clipping, or gross growth-family error found. Broad growth form is usable; species-level botanical specificity may still be simplified.",False,Wild_Chive.png,440,440,RGBA,40af17dce22b96501e2ec26add9523fc66fd24575f67b05c1cac4d316c314b6d,,PASS_WITH_POLISH,Other plant or harvest type,HOLD,,"Wild Chive needs a species-specific growth-form check: roots/attachment, stem or trunk, leaf/frond arrangement, flower/fruit/spore organ and overall scale.","No critical duplicate, clipping, or gross growth-family error found. Broad growth form is usable; species-level botanical specificity may still be simplified. Wild Chive needs a species-specific growth-form check: roots/attachment, stem or trunk, leaf/frond arrangement, flower/fruit/spore organ and overall scale.",FAIL,PASS_WITH_POLISH -> HOLD
Wild_Fig,Wild Fig,PASS,PASS_WITH_POLISH,PASS,POLISH,POLISH,POLISH,POLISH,POLISH,"No critical duplicate, clipping, or gross growth-family error found. Broad growth form is usable; species-level botanical specificity may still be simplified.",False,Wild_Fig.png,440,440,RGBA,871d3cd29352072d0eea20ecb367ffa6e491a3634320dd6d2c0bea6b1924249c,,PASS_WITH_POLISH,Other plant or harvest type,HOLD,,"Wild Fig needs a species-specific growth-form check: roots/attachment, stem or trunk, leaf/frond arrangement, flower/fruit/spore organ and overall scale.","No critical duplicate, clipping, or gross growth-family error found. Broad growth form is usable; species-level botanical specificity may still be simplified. Wild Fig needs a species-specific growth-form check: roots/attachment, stem or trunk, leaf/frond arrangement, flower/fruit/spore organ and overall scale.",FAIL,PASS_WITH_POLISH -> HOLD
Wild_Garlic,Wild Garlic,PASS,PASS_WITH_POLISH,PASS,POLISH,POLISH,POLISH,POLISH,POLISH,"No critical duplicate, clipping, or gross growth-family error found. Broad growth form is usable; species-level botanical specificity may still be simplified.",False,Wild_Garlic.png,440,440,RGBA,82dbf638a8b0b793c0cc86eaefedaa2a1eb2c1bd023dcd49350ce86b6aeb91c3,,PASS_WITH_POLISH,Other plant or harvest type,HOLD,,"Wild Garlic needs a species-specific growth-form check: roots/attachment, stem or trunk, leaf/frond arrangement, flower/fruit/spore organ and overall scale.","No critical duplicate, clipping, or gross growth-family error found. Broad growth form is usable; species-level botanical specificity may still be simplified. Wild Garlic needs a species-specific growth-form check: roots/attachment, stem or trunk, leaf/frond arrangement, flower/fruit/spore organ and overall scale.",FAIL,PASS_WITH_POLISH -> HOLD
Wild_Ginger,Wild Ginger,PASS,PASS_WITH_POLISH,PASS,POLISH,POLISH,POLISH,POLISH,POLISH,"No critical duplicate, clipping, or gross growth-family error found. Broad growth form is usable; species-level botanical specificity may still be simplified.",False,Wild_Ginger.png,440,440,RGBA,a615868ddbbd785bab04bcb42ce76ac5f11e22614519730878243249faef03e0,,PASS_WITH_POLISH,Other plant or harvest type,HOLD,,"Wild Ginger needs a species-specific growth-form check: roots/attachment, stem or trunk, leaf/frond arrangement, flower/fruit/spore organ and overall scale.","No critical duplicate, clipping, or gross growth-family error found. Broad growth form is usable; species-level botanical specificity may still be simplified. Wild Ginger needs a species-specific growth-form check: roots/attachment, stem or trunk, leaf/frond arrangement, flower/fruit/spore organ and overall scale.",FAIL,PASS_WITH_POLISH -> HOLD
Wild_Guava,Wild Guava,PASS,PASS_WITH_POLISH,PASS,POLISH,POLISH,POLISH,POLISH,POLISH,"No critical duplicate, clipping, or gross growth-family error found. Broad growth form is usable; species-level botanical specificity may still be simplified.",False,Wild_Guava.png,440,440,RGBA,36f765baaa37c27cfd5028426cbd14fe2d6498bc360b4de6e4ada0243e48b08e,,PASS_WITH_POLISH,Other plant or harvest type,HOLD,,"Wild Guava needs a species-specific growth-form check: roots/attachment, stem or trunk, leaf/frond arrangement, flower/fruit/spore organ and overall scale.","No critical duplicate, clipping, or gross growth-family error found. Broad growth form is usable; species-level botanical specificity may still be simplified. Wild Guava needs a species-specific growth-form check: roots/attachment, stem or trunk, leaf/frond arrangement, flower/fruit/spore organ and overall scale.",FAIL,PASS_WITH_POLISH -> HOLD
Wild_Mango,Wild Mango,PASS,PASS_WITH_POLISH,PASS,POLISH,POLISH,POLISH,POLISH,POLISH,"No critical duplicate, clipping, or gross growth-family error found. Broad growth form is usable; species-level botanical specificity may still be simplified.",False,Wild_Mango.png,440,440,RGBA,e2e22fdac5b321695528bda1c25e48934b038389647251632251758bc53462a0,,PASS_WITH_POLISH,Other plant or harvest type,HOLD,,"Wild Mango needs a species-specific growth-form check: roots/attachment, stem or trunk, leaf/frond arrangement, flower/fruit/spore organ and overall scale.","No critical duplicate, clipping, or gross growth-family error found. Broad growth form is usable; species-level botanical specificity may still be simplified. Wild Mango needs a species-specific growth-form check: roots/attachment, stem or trunk, leaf/frond arrangement, flower/fruit/spore organ and overall scale.",FAIL,PASS_WITH_POLISH -> HOLD
Wild_Melon,Wild Melon,PASS,PASS_WITH_POLISH,PASS,POLISH,POLISH,POLISH,POLISH,POLISH,"No critical duplicate, clipping, or gross growth-family error found. Broad growth form is usable; species-level botanical specificity may still be simplified.",False,Wild_Melon.png,440,440,RGBA,85b6d8b8284586bd0a1ff6ee4f0b6541a32e65e652e3f0811f787604a6916a3b,,PASS_WITH_POLISH,Other plant or harvest type,HOLD,,"Wild Melon needs a species-specific growth-form check: roots/attachment, stem or trunk, leaf/frond arrangement, flower/fruit/spore organ and overall scale.","No critical duplicate, clipping, or gross growth-family error found. Broad growth form is usable; species-level botanical specificity may still be simplified. Wild Melon needs a species-specific growth-form check: roots/attachment, stem or trunk, leaf/frond arrangement, flower/fruit/spore organ and overall scale.",FAIL,PASS_WITH_POLISH -> HOLD
Wild_Mint,Wild Mint,PASS,PASS_WITH_POLISH,PASS,POLISH,POLISH,POLISH,POLISH,POLISH,"No critical duplicate, clipping, or gross growth-family error found. Broad growth form is usable; species-level botanical specificity may still be simplified.",False,Wild_Mint.png,440,440,RGBA,eb0b101871e04f7a1be2f0b163e98b6b6d6b65abf148de087269f3d5b11a82f8,,PASS_WITH_POLISH,Other plant or harvest type,HOLD,,"Wild Mint needs a species-specific growth-form check: roots/attachment, stem or trunk, leaf/frond arrangement, flower/fruit/spore organ and overall scale.","No critical duplicate, clipping, or gross growth-family error found. Broad growth form is usable; species-level botanical specificity may still be simplified. Wild Mint needs a species-specific growth-form check: roots/attachment, stem or trunk, leaf/frond arrangement, flower/fruit/spore organ and overall scale.",FAIL,PASS_WITH_POLISH -> HOLD
Wild_Mustard,Wild Mustard,PASS,PASS_WITH_POLISH,PASS,POLISH,POLISH,POLISH,POLISH,POLISH,"No critical duplicate, clipping, or gross growth-family error found. Broad growth form is usable; species-level botanical specificity may still be simplified.",False,Wild_Mustard.png,440,440,RGBA,82f46ced22d4c9de66e204f862212162f5ff686324f45bf956193ae488995333,,PASS_WITH_POLISH,Other plant or harvest type,HOLD,,"Wild Mustard needs a species-specific growth-form check: roots/attachment, stem or trunk, leaf/frond arrangement, flower/fruit/spore organ and overall scale.","No critical duplicate, clipping, or gross growth-family error found. Broad growth form is usable; species-level botanical specificity may still be simplified. Wild Mustard needs a species-specific growth-form check: roots/attachment, stem or trunk, leaf/frond arrangement, flower/fruit/spore organ and overall scale.",FAIL,PASS_WITH_POLISH -> HOLD
Wild_Onion,Wild Onion,PASS,PASS_WITH_POLISH,PASS,POLISH,POLISH,POLISH,POLISH,POLISH,"No critical duplicate, clipping, or gross growth-family error found. Broad growth form is usable; species-level botanical specificity may still be simplified.",False,Wild_Onion.png,440,440,RGBA,f8ac557c0ef20979205d676a003a7bd494bc0d21b99b1d1888841b2c56eb53db,,PASS_WITH_POLISH,Other plant or harvest type,HOLD,,"Wild Onion needs a species-specific growth-form check: roots/attachment, stem or trunk, leaf/frond arrangement, flower/fruit/spore organ and overall scale.","No critical duplicate, clipping, or gross growth-family error found. Broad growth form is usable; species-level botanical specificity may still be simplified. Wild Onion needs a species-specific growth-form check: roots/attachment, stem or trunk, leaf/frond arrangement, flower/fruit/spore organ and overall scale.",FAIL,PASS_WITH_POLISH -> HOLD
Wild_Rhubarb,Wild Rhubarb,PASS,PASS_WITH_POLISH,PASS,POLISH,POLISH,POLISH,POLISH,POLISH,"No critical duplicate, clipping, or gross growth-family error found. Broad growth form is usable; species-level botanical specificity may still be simplified.",False,Wild_Rhubarb.png,440,440,RGBA,2537cbed82b7769d79501fe405a6b48bd0f67032efce0079cc86a2032d22806a,,PASS_WITH_POLISH,Other plant or harvest type,HOLD,,"Wild Rhubarb needs a species-specific growth-form check: roots/attachment, stem or trunk, leaf/frond arrangement, flower/fruit/spore organ and overall scale.","No critical duplicate, clipping, or gross growth-family error found. Broad growth form is usable; species-level botanical specificity may still be simplified. Wild Rhubarb needs a species-specific growth-form check: roots/attachment, stem or trunk, leaf/frond arrangement, flower/fruit/spore organ and overall scale.",FAIL,PASS_WITH_POLISH -> HOLD
Wild_Rice,Wild Rice,PASS,PASS_WITH_POLISH,PASS,POLISH,POLISH,POLISH,POLISH,POLISH,"No critical duplicate, clipping, or gross growth-family error found. Broad growth form is usable; species-level botanical specificity may still be simplified.",False,Wild_Rice.png,440,440,RGBA,1d3467e1462140b71948695d6a60ad6e05c630b04d1234fa2d61df7a1477559a,,PASS_WITH_POLISH,14. Aquatic and Wetland Plants,HOLD,,"Use the correct holdfast/rooting, blade/frond form, branching, air bladders and water-growth habit instead of a single generic ribbon or blob.","No critical duplicate, clipping, or gross growth-family error found. Broad growth form is usable; species-level botanical specificity may still be simplified. Use the correct holdfast/rooting, blade/frond form, branching, air bladders and water-growth habit instead of a single generic ribbon or blob.",FAIL,PASS_WITH_POLISH -> HOLD
Wild_Rye,Wild Rye,PASS,PASS_WITH_POLISH,PASS,POLISH,POLISH,POLISH,POLISH,POLISH,"No critical duplicate, clipping, or gross growth-family error found. Broad growth form is usable; species-level botanical specificity may still be simplified.",False,Wild_Rye.png,440,440,RGBA,16e425591f416d5459e27955010063ceaa56df54e29e9775889335d39f56800e,,PASS_WITH_POLISH,Other plant or harvest type,HOLD,,"Wild Rye needs a species-specific growth-form check: roots/attachment, stem or trunk, leaf/frond arrangement, flower/fruit/spore organ and overall scale.","No critical duplicate, clipping, or gross growth-family error found. Broad growth form is usable; species-level botanical specificity may still be simplified. Wild Rye needs a species-specific growth-form check: roots/attachment, stem or trunk, leaf/frond arrangement, flower/fruit/spore organ and overall scale.",FAIL,PASS_WITH_POLISH -> HOLD
Wild_Sesame,Wild Sesame,PASS,PASS_WITH_POLISH,PASS,POLISH,POLISH,POLISH,POLISH,POLISH,"No critical duplicate, clipping, or gross growth-family error found. Broad growth form is usable; species-level botanical specificity may still be simplified.",False,Wild_Sesame.png,440,440,RGBA,f41eb080f30286ec5da5d0511a26037b84b57224b47dd902e4a0b778425f3ee5,,PASS_WITH_POLISH,Other plant or harvest type,HOLD,,"Wild Sesame needs a species-specific growth-form check: roots/attachment, stem or trunk, leaf/frond arrangement, flower/fruit/spore organ and overall scale.","No critical duplicate, clipping, or gross growth-family error found. Broad growth form is usable; species-level botanical specificity may still be simplified. Wild Sesame needs a species-specific growth-form check: roots/attachment, stem or trunk, leaf/frond arrangement, flower/fruit/spore organ and overall scale.",FAIL,PASS_WITH_POLISH -> HOLD
Wild_Strawberry,Wild Strawberry,PASS,PASS,PASS,PASS,PASS,PASS,PASS,PASS,"Trifoliate leaves, runners, flowers, and fruit are now visible.",True,Wild_Strawberry.png,440,440,RGBA,0d4ec70731fe72c9cf35778f12a64435280229695caff1713e50dd13fd5d5544,,PASS,Other plant or harvest type,PASS,,"Wild Strawberry needs a species-specific growth-form check: roots/attachment, stem or trunk, leaf/frond arrangement, flower/fruit/spore organ and overall scale.",PASS — Leave alone. The source plant or harvest organ has an appropriate growth form and recognizable silhouette.,PASS,UNCHANGED
Wild_Taro,Wild Taro,PASS,PASS_WITH_POLISH,PASS,POLISH,POLISH,POLISH,POLISH,POLISH,Current tuber form reads as a harvest item; source plant should show large heart-shaped leaves.,False,Wild_Taro.png,440,440,RGBA,f410d25e76e683ff35679cdbf636f5dcccf98cb0a4eda7af3d1c4fc4b15af7da,,PASS_WITH_POLISH,Other plant or harvest type,HOLD,,"Wild Taro needs a species-specific growth-form check: roots/attachment, stem or trunk, leaf/frond arrangement, flower/fruit/spore organ and overall scale.","Current tuber form reads as a harvest item; source plant should show large heart-shaped leaves. Wild Taro needs a species-specific growth-form check: roots/attachment, stem or trunk, leaf/frond arrangement, flower/fruit/spore organ and overall scale.",FAIL,PASS_WITH_POLISH -> HOLD
Wild_Thyme,Wild Thyme,PASS,PASS_WITH_POLISH,PASS,POLISH,POLISH,POLISH,POLISH,POLISH,"No critical duplicate, clipping, or gross growth-family error found. Broad growth form is usable; species-level botanical specificity may still be simplified.",False,Wild_Thyme.png,440,440,RGBA,beb84f0fd0ecda5c205985542ebefba07a583efd99c377edfbbbd82a33f28924,,PASS_WITH_POLISH,Other plant or harvest type,HOLD,,"Wild Thyme needs a species-specific growth-form check: roots/attachment, stem or trunk, leaf/frond arrangement, flower/fruit/spore organ and overall scale.","No critical duplicate, clipping, or gross growth-family error found. Broad growth form is usable; species-level botanical specificity may still be simplified. Wild Thyme needs a species-specific growth-form check: roots/attachment, stem or trunk, leaf/frond arrangement, flower/fruit/spore organ and overall scale.",FAIL,PASS_WITH_POLISH -> HOLD
Wild_Yam,Wild Yam,PASS,PASS_WITH_POLISH,PASS,POLISH,POLISH,POLISH,POLISH,POLISH,"No critical duplicate, clipping, or gross growth-family error found. Broad growth form is usable; species-level botanical specificity may still be simplified.",False,Wild_Yam.png,440,440,RGBA,c0090aa9c49a0377f7aa0a7d079916351de68ac597727bf7868a05d29e77c028,,PASS_WITH_POLISH,Other plant or harvest type,HOLD,,"Wild Yam needs a species-specific growth-form check: roots/attachment, stem or trunk, leaf/frond arrangement, flower/fruit/spore organ and overall scale.","No critical duplicate, clipping, or gross growth-family error found. Broad growth form is usable; species-level botanical specificity may still be simplified. Wild Yam needs a species-specific growth-form check: roots/attachment, stem or trunk, leaf/frond arrangement, flower/fruit/spore organ and overall scale.",FAIL,PASS_WITH_POLISH -> HOLD
Willow,Willow,PASS,PASS_WITH_POLISH,PASS,POLISH,POLISH,POLISH,POLISH,POLISH,Drooping habit reads; add more branching and leaf texture.,False,Willow.png,440,440,RGBA,dfc45a49d3bfe176519caa5f16ee36b22bdfa29fe5eb97e8b19b6d6ad5039630,,PASS_WITH_POLISH,Temperate broadleaf trees,HOLD,,"The catalog overuses a round canopy on a straight trunk. Match the species’ trunk habit, branching architecture, crown shape, leaf masses, bark and fruit/flower attachment.","Drooping habit reads; add more branching and leaf texture. The catalog overuses a round canopy on a straight trunk. Match the species’ trunk habit, branching architecture, crown shape, leaf masses, bark and fruit/flower attachment.",FAIL,PASS_WITH_POLISH -> HOLD
Wood_Sorrel,Wood Sorrel,PASS,PASS_WITH_POLISH,PASS,POLISH,POLISH,POLISH,POLISH,POLISH,"No critical duplicate, clipping, or gross growth-family error found. Broad growth form is usable; species-level botanical specificity may still be simplified.",False,Wood_Sorrel.png,440,440,RGBA,c2c1e7925184460104a050963d6ef0e3ff08ae9133d4c7954756a6cc5fe7587e,,PASS_WITH_POLISH,Other plant or harvest type,HOLD,,"Wood Sorrel needs a species-specific growth-form check: roots/attachment, stem or trunk, leaf/frond arrangement, flower/fruit/spore organ and overall scale.","No critical duplicate, clipping, or gross growth-family error found. Broad growth form is usable; species-level botanical specificity may still be simplified. Wood Sorrel needs a species-specific growth-form check: roots/attachment, stem or trunk, leaf/frond arrangement, flower/fruit/spore organ and overall scale.",FAIL,PASS_WITH_POLISH -> HOLD
Wormwood,Wormwood,PASS,PASS_WITH_POLISH,PASS,POLISH,POLISH,POLISH,POLISH,POLISH,"No critical duplicate, clipping, or gross growth-family error found. Broad growth form is usable; species-level botanical specificity may still be simplified.",False,Wormwood.png,440,440,RGBA,2cc626533e894a1e9d01337a154f5fed60b8de03c0a11106efe7b85a027be755,,PASS_WITH_POLISH,Other plant or harvest type,HOLD,,"Wormwood needs a species-specific growth-form check: roots/attachment, stem or trunk, leaf/frond arrangement, flower/fruit/spore organ and overall scale.","No critical duplicate, clipping, or gross growth-family error found. Broad growth form is usable; species-level botanical specificity may still be simplified. Wormwood needs a species-specific growth-form check: roots/attachment, stem or trunk, leaf/frond arrangement, flower/fruit/spore organ and overall scale.",FAIL,PASS_WITH_POLISH -> HOLD
Yarrow,Yarrow,PASS,PASS_WITH_POLISH,PASS,POLISH,POLISH,POLISH,POLISH,POLISH,"No critical duplicate, clipping, or gross growth-family error found. Broad growth form is usable; species-level botanical specificity may still be simplified.",False,Yarrow.png,440,440,RGBA,09b4da1824bb9a1ed38ca069a28310bea93c4e609ef3365cc46d27c71175f281,,PASS_WITH_POLISH,9. Herbs and Spices,HOLD,,"Match the named plant’s actual growth habit, leaf arrangement, flower/seed structure and scale; many currently use one vertical leaf-ladder or color-only herb template.","No critical duplicate, clipping, or gross growth-family error found. Broad growth form is usable; species-level botanical specificity may still be simplified. Match the named plant’s actual growth habit, leaf arrangement, flower/seed structure and scale; many currently use one vertical leaf-ladder or color-only herb template.",FAIL,PASS_WITH_POLISH -> HOLD
Yerba_Mate,Yerba Mate,PASS,PASS_WITH_POLISH,PASS,POLISH,POLISH,POLISH,POLISH,POLISH,"No critical duplicate, clipping, or gross growth-family error found. Broad growth form is usable; species-level botanical specificity may still be simplified.",False,Yerba_Mate.png,440,440,RGBA,cd139aabe509f3112b36dc7c80bdbc0248bf6d442d82ee56d550d05a90aff256,,PASS_WITH_POLISH,Other plant or harvest type,HOLD,,"Yerba Mate needs a species-specific growth-form check: roots/attachment, stem or trunk, leaf/frond arrangement, flower/fruit/spore organ and overall scale.","No critical duplicate, clipping, or gross growth-family error found. Broad growth form is usable; species-level botanical specificity may still be simplified. Yerba Mate needs a species-specific growth-form check: roots/attachment, stem or trunk, leaf/frond arrangement, flower/fruit/spore organ and overall scale.",FAIL,PASS_WITH_POLISH -> HOLD
Yew,Yew,PASS,PASS_WITH_POLISH,PASS,POLISH,POLISH,POLISH,POLISH,POLISH,"No critical duplicate, clipping, or gross growth-family error found. Broad growth form is usable; species-level botanical specificity may still be simplified.",False,Yew.png,440,440,RGBA,7a2b2e51929be1ab2e0731ef7ae4f8cdb3546874eb7d18d5f2bb20f58e79d240,,PASS_WITH_POLISH,2. Conifers and Other Seed Plants,HOLD,,"Yew needs a species-specific growth-form check: roots/attachment, stem or trunk, leaf/frond arrangement, flower/fruit/spore organ and overall scale.","No critical duplicate, clipping, or gross growth-family error found. Broad growth form is usable; species-level botanical specificity may still be simplified. Yew needs a species-specific growth-form check: roots/attachment, stem or trunk, leaf/frond arrangement, flower/fruit/spore organ and overall scale.",FAIL,PASS_WITH_POLISH -> HOLD
Yucca,Yucca,PASS,PASS_WITH_POLISH,PASS,POLISH,POLISH,POLISH,POLISH,POLISH,"No critical duplicate, clipping, or gross growth-family error found. Broad growth form is usable; species-level botanical specificity may still be simplified.",False,Yucca.png,440,440,RGBA,85f8f8de83127c6cac4be92d4cd14e289077e58f250b1b915c6425e9dbe0c915,,PASS_WITH_POLISH,12. Succulents and Desert Plants,HOLD,,"Match stem geometry, branching/rosette habit, pads/ribs, spines, flower and fruit placement for the named cactus or succulent.","No critical duplicate, clipping, or gross growth-family error found. Broad growth form is usable; species-level botanical specificity may still be simplified. Match stem geometry, branching/rosette habit, pads/ribs, spines, flower and fruit placement for the named cactus or succulent.",FAIL,PASS_WITH_POLISH -> HOLD
