category,asset_id,display_name,binary_result,review_band,body_plan,torso,head,eyes,legs_wings_appendages,rear_tail_flukes,signature_traits,global_body_template_risk,near_identical_silhouette_neighbors,assessment_and_required_fix,changed_since_previous_pass,filename,width,height,mode,sha256,exact_duplicate_with,prior_review_band,expected_body_family,strict_status,manual_recheck_note,template_family_note,strict_assessment,binary_gate,status_change_from_prior,overall_growth_form,roots_or_attachment,stem_trunk,leaves_fronds,flower_fruit_spore_harvest,scale_and_silhouette,expected_growth_family,fruiting_body_family,cap_body,stem_attachment_substrate,surface_spores_texture,cell_or_body_morphology,membrane_shell_wall,locomotion_structures,internal_structures,colony_or_scale_read,procedural_kind,body_or_growth_plan,head_sensory_region,limbs_wings_roots_appendages,rear_tail_or_terminal_region,material_skin_surface,trait_blend_coherence
fauna,Abalone,Abalone,PASS,PASS,PASS,PASS,PASS,PASS,PASS,PASS,All major regions and defining features are readable at the current stylized scale.,LOW,,Flattened ear-shaped shell and respiratory holes are represented.,False,Abalone.png,440,440,RGBA,1ff811aca9ae33b2dbee083ce93e531543e5cc5fb28ff21a2fe3f7be2b40e622,,PASS,Gastropods,PASS,,"Broad family routing may be usable, but Abalone still needs an unlabeled silhouette check for body plan, head, eyes/sensory structures, appendages and rear/terminal anatomy.",PASS — Leave alone at the current stylized resolution. Major body regions and defining silhouette are sufficiently represented.,PASS,UNCHANGED,,,,,,,,,,,,,,,,,,,,,,,
fauna,Armadillo,Armadillo,PASS,PASS,PASS,PASS,PASS,PASS,PASS,PASS,All major regions and defining features are readable at the current stylized scale.,LOW,,"Banded armor, pointed head, low torso, and armored tail are clear.",True,Armadillo.png,440,440,RGBA,82cb6c346f40c005ac0dfe20c7df8d85a1c48bc77b571f81f11bbad5126b2c23,,PASS,Armadillos and relatives,PASS,,"Broad family routing may be usable, but Armadillo still needs an unlabeled silhouette check for body plan, head, eyes/sensory structures, appendages and rear/terminal anatomy.",PASS — Leave alone at the current stylized resolution. Major body regions and defining silhouette are sufficiently represented.,PASS,UNCHANGED,,,,,,,,,,,,,,,,,,,,,,,
fauna,Barreleye,Barreleye,PASS,PASS,PASS,PASS,PASS,PASS,PASS,PASS,All major regions and defining features are readable at the current stylized scale.,LOW,,Transparent cranial dome and upward-oriented eyes now define the specialist fish body.,True,Barreleye.png,440,440,RGBA,200370d1d11c33076d9a7c3bb77262a990d7dc8de25d73b56c3ce11fadc756f5,,PASS,Strange deep-sea fish,PASS,,"The portrait relies on a generic torpedo fish. Correct body depth, head/mouth position, dorsal/anal/pectoral fin shape, caudal fin, markings and any diagnostic appendage.",PASS — Leave alone at the current stylized resolution. Major body regions and defining silhouette are sufficiently represented.,PASS,UNCHANGED,,,,,,,,,,,,,,,,,,,,,,,
fauna,Basking_Shark,Basking Shark,PASS,PASS,PASS,PASS,PASS,PASS,PASS,PASS,All major regions and defining features are readable at the current stylized scale.,LOW,,Large open filter-feeding mouth and broad gill region are now visible.,True,Basking_Shark.png,440,440,RGBA,a20a353b277ae280b760fdac912144dc451515ae80debee9bc7709db0d5eb550,,PASS,Sharks,PASS,,"The portrait relies on a generic torpedo fish. Correct body depth, head/mouth position, dorsal/anal/pectoral fin shape, caudal fin, markings and any diagnostic appendage.",PASS — Leave alone at the current stylized resolution. Major body regions and defining silhouette are sufficiently represented.,PASS,UNCHANGED,,,,,,,,,,,,,,,,,,,,,,,
fauna,Butterfly,Butterfly,PASS,PASS,PASS,PASS,PASS,PASS,PASS,PASS,All major regions and defining features are readable at the current stylized scale.,LOW,,"Paired wings, antennae, frontal eyes, and insect body are clearly readable.",False,Butterfly.png,440,440,RGBA,7d20c738ae3c0f6cb2237eee3c117ae0e30cc9efd765e2edd4bd6cd0d133ee54,,PASS,Insects,PASS,,"Use correct insect anatomy: distinct head/thorax/abdomen, six articulated legs, correct wing count and attachment, antennae, mouthparts and species-specific shell/body proportions.",PASS — Leave alone at the current stylized resolution. Major body regions and defining silhouette are sufficiently represented.,PASS,UNCHANGED,,,,,,,,,,,,,,,,,,,,,,,
fauna,Damselfly,Damselfly,PASS,PASS,PASS,PASS,PASS,PASS,PASS,PASS,All major regions and defining features are readable at the current stylized scale.,LOW,,Adult wing pairs and long segmented abdomen are present; keep wings narrower/folded than dragonfly.,True,Damselfly.png,440,440,RGBA,0be788360714373fc7231ce96d985d5ad8f2ae05f4647ff3d949e441e1680644,,PASS,Dragonflies,PASS,,"Use correct insect anatomy: distinct head/thorax/abdomen, six articulated legs, correct wing count and attachment, antennae, mouthparts and species-specific shell/body proportions.",PASS — Leave alone at the current stylized resolution. Major body regions and defining silhouette are sufficiently represented.,PASS,UNCHANGED,,,,,,,,,,,,,,,,,,,,,,,
fauna,Dragonfly,Dragonfly,PASS,PASS,PASS,PASS,PASS,PASS,PASS,PASS,All major regions and defining features are readable at the current stylized scale.,LOW,,"Adult wing pairs, segmented abdomen, and compound eyes now read correctly.",False,Dragonfly.png,440,440,RGBA,80bc0b1a3282d3f0a36d7eeadda6fb42a435a2cbb7456ea9e8e34046339723bf,,PASS,Dragonflies,PASS,,"Use correct insect anatomy: distinct head/thorax/abdomen, six articulated legs, correct wing count and attachment, antennae, mouthparts and species-specific shell/body proportions.",PASS — Leave alone at the current stylized resolution. Major body regions and defining silhouette are sufficiently represented.,PASS,UNCHANGED,,,,,,,,,,,,,,,,,,,,,,,
fauna,Fangtooth,Fangtooth,PASS,PASS,PASS,PASS,PASS,PASS,PASS,PASS,All major regions and defining features are readable at the current stylized scale.,LOW,,Oversized predatory teeth and deep-sea head are clearly visible.,True,Fangtooth.png,440,440,RGBA,c964f51f91cd79c57b9f317bc81a75f6df173d9bd281cb7539837631d5988dce,,PASS,Strange deep-sea fish,PASS,,"The portrait relies on a generic torpedo fish. Correct body depth, head/mouth position, dorsal/anal/pectoral fin shape, caudal fin, markings and any diagnostic appendage.",PASS — Leave alone at the current stylized resolution. Major body regions and defining silhouette are sufficiently represented.,PASS,UNCHANGED,,,,,,,,,,,,,,,,,,,,,,,
fauna,Fiddler_Crab,Fiddler Crab,PASS,PASS,PASS,PASS,PASS,PASS,PASS,PASS,All major regions and defining features are readable at the current stylized scale.,LOW,,One enlarged claw now differentiates the species.,False,Fiddler_Crab.png,440,440,RGBA,4a712a5a9f33a32eb2e9675ac42c4d4bb342b8558a15d86e90e0fa411b04cba4,,PASS,Ice and cave insects,PASS,,"Use correct insect anatomy: distinct head/thorax/abdomen, six articulated legs, correct wing count and attachment, antennae, mouthparts and species-specific shell/body proportions.",PASS — Leave alone at the current stylized resolution. Major body regions and defining silhouette are sufficiently represented.,PASS,UNCHANGED,,,,,,,,,,,,,,,,,,,,,,,
fauna,Fly_Larvae,Fly Larvae,PASS,PASS,PASS,PASS,PASS,PASS,PASS,PASS,All major regions and defining features are readable at the current stylized scale.,LOW,,Legless segmented larval body replaces the former adult-fly mismatch.,False,Fly_Larvae.png,440,440,RGBA,0bff8ad7f377b08ca61e3501b969137f259111816fb380a224bf53b09c313c05,,PASS,Insects,PASS,,"Use correct insect anatomy: distinct head/thorax/abdomen, six articulated legs, correct wing count and attachment, antennae, mouthparts and species-specific shell/body proportions.",PASS — Leave alone at the current stylized resolution. Major body regions and defining silhouette are sufficiently represented.,PASS,UNCHANGED,,,,,,,,,,,,,,,,,,,,,,,
fauna,Flying_Fish,Flying Fish,PASS,PASS,PASS,PASS,PASS,PASS,PASS,PASS,All major regions and defining features are readable at the current stylized scale.,LOW,,Greatly enlarged pectoral fins now support the gliding silhouette.,True,Flying_Fish.png,440,440,RGBA,c38ff7e15c193f93007ff3ece64aec0016f80a863807f1e4bea8899d981a1ea7,,PASS,Flying and climbing fish,PASS,,"The portrait relies on a generic torpedo fish. Correct body depth, head/mouth position, dorsal/anal/pectoral fin shape, caudal fin, markings and any diagnostic appendage.",PASS — Leave alone at the current stylized resolution. Major body regions and defining silhouette are sufficiently represented.,PASS,UNCHANGED,,,,,,,,,,,,,,,,,,,,,,,
fauna,Flying_Gurnard,Flying Gurnard,PASS,PASS,PASS,PASS,PASS,PASS,PASS,PASS,All major regions and defining features are readable at the current stylized scale.,LOW,,Large fan-like pectoral fins now define the fish.,True,Flying_Gurnard.png,440,440,RGBA,8f84d4a7619982da69ce094980bba87ca91120a89b7081dba549452849dcebff,,PASS,Other or uncertain,PASS,,"Broad family routing may be usable, but Flying Gurnard still needs an unlabeled silhouette check for body plan, head, eyes/sensory structures, appendages and rear/terminal anatomy.",PASS — Leave alone at the current stylized resolution. Major body regions and defining silhouette are sufficiently represented.,PASS,UNCHANGED,,,,,,,,,,,,,,,,,,,,,,,
fauna,Gerenuk,Gerenuk,PASS,PASS,PASS,PASS,PASS,PASS,PASS,PASS,All major regions and defining features are readable at the current stylized scale.,LOW,,Extended neck and browsing-antelope proportions now separate it from other ungulates.,True,Gerenuk.png,440,440,RGBA,34ac0d17e8fac29fa6b0ea2028ab11436d32000233118251b64a0195468374ae,,PASS,Other or uncertain,PASS,,"Broad family routing may be usable, but Gerenuk still needs an unlabeled silhouette check for body plan, head, eyes/sensory structures, appendages and rear/terminal anatomy.",PASS — Leave alone at the current stylized resolution. Major body regions and defining silhouette are sufficiently represented.,PASS,UNCHANGED,,,,,,,,,,,,,,,,,,,,,,,
fauna,Horseshoe_Crab,Horseshoe Crab,PASS,PASS,PASS,PASS,PASS,PASS,PASS,PASS,All major regions and defining features are readable at the current stylized scale.,LOW,,Broad domed carapace and long rigid telson are clearly present.,True,Horseshoe_Crab.png,440,440,RGBA,fd0267b89bae554df3152acd163c1e039adcafa60cebd9deacd9ac26adf21be2,,PASS,Ice and cave insects,PASS,,"Use correct insect anatomy: distinct head/thorax/abdomen, six articulated legs, correct wing count and attachment, antennae, mouthparts and species-specific shell/body proportions.",PASS — Leave alone at the current stylized resolution. Major body regions and defining silhouette are sufficiently represented.,PASS,UNCHANGED,,,,,,,,,,,,,,,,,,,,,,,
fauna,Kiwi,Kiwi,PASS,PASS,PASS,PASS,PASS,PASS,PASS,PASS,All major regions and defining features are readable at the current stylized scale.,LOW,,"Low round body, long bill, short legs, and flightless posture are now recognizable.",True,Kiwi.png,440,440,RGBA,12df003186d02718a86ee93a28acd93757558bb92f7be25e1a4c0d523d305e20,,PASS,Flightless birds,PASS,,"Use the species-specific flightless body: correct torso mass, neck length, vestigial wings/flippers, leg proportions, feet, tail and head ornaments.",PASS — Leave alone at the current stylized resolution. Major body regions and defining silhouette are sufficiently represented.,PASS,UNCHANGED,,,,,,,,,,,,,,,,,,,,,,,
fauna,Koala,Koala,PASS,PASS,PASS,PASS,PASS,PASS,PASS,PASS,All major regions and defining features are readable at the current stylized scale.,LOW,,Large ears/nose and tree-clinging posture now provide a clear koala read.,True,Koala.png,440,440,RGBA,2812501392072134455b731343181bb81de82fce079da09abcf2e6270d01e8f5,,PASS,Marsupials,PASS,,"Broad family routing may be usable, but Koala still needs an unlabeled silhouette check for body plan, head, eyes/sensory structures, appendages and rear/terminal anatomy.",PASS — Leave alone at the current stylized resolution. Major body regions and defining silhouette are sufficiently represented.,PASS,UNCHANGED,,,,,,,,,,,,,,,,,,,,,,,
fauna,Lamprey,Lamprey,PASS,PASS,PASS,PASS,PASS,PASS,PASS,PASS,All major regions and defining features are readable at the current stylized scale.,LOW,,Circular sucker mouth and elongated jawless-fish body are clearly represented.,True,Lamprey.png,440,440,RGBA,a731ab8398a0cd91cbc480b52aadb19cea3796cdc2c04ae421c26701cc88e7f5,,PASS,Primitive fish,PASS,,"The portrait relies on a generic torpedo fish. Correct body depth, head/mouth position, dorsal/anal/pectoral fin shape, caudal fin, markings and any diagnostic appendage.",PASS — Leave alone at the current stylized resolution. Major body regions and defining silhouette are sufficiently represented.,PASS,UNCHANGED,,,,,,,,,,,,,,,,,,,,,,,
fauna,Manatee,Manatee,PASS,PASS,PASS,PASS,PASS,PASS,PASS,PASS,All major regions and defining features are readable at the current stylized scale.,LOW,,"Rounded sirenian torso, paddle flippers, and broad tail are now readable.",True,Manatee.png,440,440,RGBA,8cd6213ccc1d2841fa8b32d884d6299451f92eb30653809efe02b8f3cdd7d64b,,PASS,Marine mammals,PASS,,"Strengthen real marine-mammal proportions: streamlined body, species-correct rostrum/head, dorsal fin placement, pectoral flippers, peduncle and horizontal flukes.",PASS — Leave alone at the current stylized resolution. Major body regions and defining silhouette are sufficiently represented.,PASS,UNCHANGED,,,,,,,,,,,,,,,,,,,,,,,
fauna,Mudskipper,Mudskipper,PASS,PASS,PASS,PASS,PASS,PASS,PASS,PASS,All major regions and defining features are readable at the current stylized scale.,LOW,,"Raised eyes, pectoral support, and mud-surface posture now communicate amphibious movement.",True,Mudskipper.png,440,440,RGBA,a2e34e8a4ac5dc58d23e9af74ce0cd2643fd880a3eb5ea0407cb7c5d15056269,,PASS,Flying and climbing fish,PASS,,"The portrait relies on a generic torpedo fish. Correct body depth, head/mouth position, dorsal/anal/pectoral fin shape, caudal fin, markings and any diagnostic appendage.",PASS — Leave alone at the current stylized resolution. Major body regions and defining silhouette are sufficiently represented.,PASS,UNCHANGED,,,,,,,,,,,,,,,,,,,,,,,
fauna,Paddlefish,Paddlefish,PASS,PASS,PASS,PASS,PASS,PASS,PASS,PASS,All major regions and defining features are readable at the current stylized scale.,LOW,,Long paddle-shaped rostrum is clearly represented.,True,Paddlefish.png,440,440,RGBA,ec28f145ef76bee804261c6bd2a3d904b56fa417655c48fde7413d5ef739f290,,PASS,Primitive fish,PASS,,"The portrait relies on a generic torpedo fish. Correct body depth, head/mouth position, dorsal/anal/pectoral fin shape, caudal fin, markings and any diagnostic appendage.",PASS — Leave alone at the current stylized resolution. Major body regions and defining silhouette are sufficiently represented.,PASS,UNCHANGED,,,,,,,,,,,,,,,,,,,,,,,
fauna,Pyrosome,Pyrosome,PASS,PASS,PASS,PASS,PASS,PASS,PASS,PASS,All major regions and defining features are readable at the current stylized scale.,LOW,,Hollow colonial tube morphology is now clear.,True,Pyrosome.png,440,440,RGBA,553be7c87bcd42ecbe00ccf6e09f1c6b2a9d6674bc75ab40a87251afdbfcda73,,PASS,Gelatinous or colonial marine life,PASS,,"Broad family routing may be usable, but Pyrosome still needs an unlabeled silhouette check for body plan, head, eyes/sensory structures, appendages and rear/terminal anatomy.",PASS — Leave alone at the current stylized resolution. Major body regions and defining silhouette are sufficiently represented.,PASS,UNCHANGED,,,,,,,,,,,,,,,,,,,,,,,
fauna,Salp,Salp,PASS,PASS,PASS,PASS,PASS,PASS,PASS,PASS,All major regions and defining features are readable at the current stylized scale.,LOW,,Translucent barrel-chain morphology is now clear.,True,Salp.png,440,440,RGBA,eb430f89bc0262eeb54b76debce29786ac0b5be2a12b9d23d46a44b3131ae47a,,PASS,Gelatinous or colonial marine life,PASS,,"Broad family routing may be usable, but Salp still needs an unlabeled silhouette check for body plan, head, eyes/sensory structures, appendages and rear/terminal anatomy.",PASS — Leave alone at the current stylized resolution. Major body regions and defining silhouette are sufficiently represented.,PASS,UNCHANGED,,,,,,,,,,,,,,,,,,,,,,,
fauna,Sea_Squirt,Sea Squirt,PASS,PASS,PASS,PASS,PASS,PASS,PASS,PASS,All major regions and defining features are readable at the current stylized scale.,LOW,,Attached sac body with two siphons is now represented.,True,Sea_Squirt.png,440,440,RGBA,0d7f38bc64cc9e113731efbd710fc8278ad0c20926c9011058e6c10157a89285,,PASS,Gelatinous or colonial marine life,PASS,,"Broad family routing may be usable, but Sea Squirt still needs an unlabeled silhouette check for body plan, head, eyes/sensory structures, appendages and rear/terminal anatomy.",PASS — Leave alone at the current stylized resolution. Major body regions and defining silhouette are sufficiently represented.,PASS,UNCHANGED,,,,,,,,,,,,,,,,,,,,,,,
fauna,Spoonbill,Spoonbill,PASS,PASS,PASS,PASS,PASS,PASS,PASS,PASS,All major regions and defining features are readable at the current stylized scale.,LOW,,The spoon-shaped bill is unmistakable.,True,Spoonbill.png,440,440,RGBA,f176ac5fb76d6fc41a7845fdb05f1e227c6ac646b3d31bc92a2e6716f5186704,,PASS,Herons and wetland birds,PASS,,"Keep the wader family but correct the exact bill geometry, neck length, leg/foot proportions, body depth and tail for the named species.",PASS — Leave alone at the current stylized resolution. Major body regions and defining silhouette are sufficiently represented.,PASS,UNCHANGED,,,,,,,,,,,,,,,,,,,,,,,
fauna,Springtail,Springtail,PASS,PASS,PASS,PASS,PASS,PASS,PASS,PASS,All major regions and defining features are readable at the current stylized scale.,LOW,,Wingless compact body and springtail-like low silhouette are now present.,False,Springtail.png,440,440,RGBA,ca064fc88f9e53806fc6d90c7f53b3fe0a964b3eec6881204fe97cd7e6634a2e,,PASS,Insects,PASS,,"Use correct insect anatomy: distinct head/thorax/abdomen, six articulated legs, correct wing count and attachment, antennae, mouthparts and species-specific shell/body proportions.",PASS — Leave alone at the current stylized resolution. Major body regions and defining silhouette are sufficiently represented.,PASS,UNCHANGED,,,,,,,,,,,,,,,,,,,,,,,
fauna,Tripod_Fish,Tripod Fish,PASS,PASS,PASS,PASS,PASS,PASS,PASS,PASS,All major regions and defining features are readable at the current stylized scale.,LOW,,Elongated support rays visibly create the tripod stance.,True,Tripod_Fish.png,440,440,RGBA,922c2c55bbd5ace7ef1a777100eb453dcd0fae92de5e09dd646f406d2f25eb5e,,PASS,Strange deep-sea fish,PASS,,"The portrait relies on a generic torpedo fish. Correct body depth, head/mouth position, dorsal/anal/pectoral fin shape, caudal fin, markings and any diagnostic appendage.",PASS — Leave alone at the current stylized resolution. Major body regions and defining silhouette are sufficiently represented.,PASS,UNCHANGED,,,,,,,,,,,,,,,,,,,,,,,
fauna,Walrus,Walrus,PASS,PASS,PASS,PASS,PASS,PASS,PASS,PASS,All major regions and defining features are readable at the current stylized scale.,LOW,,"Low horizontal torso, front flippers, broad muzzle, and tusks are clearly readable.",True,Walrus.png,440,440,RGBA,b4771f01eccc04ccfa42597ce7bc5fb0fb316de7f37eb27643b231c74bb50834,,PASS,Marine mammals,PASS,,"Strengthen real marine-mammal proportions: streamlined body, species-correct rostrum/head, dorsal fin placement, pectoral flippers, peduncle and horizontal flukes.",PASS — Leave alone at the current stylized resolution. Major body regions and defining silhouette are sufficiently represented.,PASS,UNCHANGED,,,,,,,,,,,,,,,,,,,,,,,
fauna,Wasp,Wasp,PASS,PASS,PASS,PASS,PASS,PASS,PASS,PASS,All major regions and defining features are readable at the current stylized scale.,LOW,,"Wings, narrow waist, and segmented insect body are now readable.",True,Wasp.png,440,440,RGBA,29c76af030ea0e72f2aff654a34061421e3facf1d451f1c604fec6d895a49808,,PASS,Insects,PASS,,"Use correct insect anatomy: distinct head/thorax/abdomen, six articulated legs, correct wing count and attachment, antennae, mouthparts and species-specific shell/body proportions.",PASS — Leave alone at the current stylized resolution. Major body regions and defining silhouette are sufficiently represented.,PASS,UNCHANGED,,,,,,,,,,,,,,,,,,,,,,,
flora,Baobab,Baobab,PASS,PASS,,,,,,,,,,Massive bottle trunk and compact crown are recognizable.,False,Baobab.png,440,440,RGBA,b24bf6bb45db3381d5b21b148ebf11abf31450900b275a7a684476b8362753b5,,PASS,,PASS,,"The catalog overuses a round canopy on a straight trunk. Match the species’ trunk habit, branching architecture, crown shape, leaf masses, bark and fruit/flower attachment.",PASS — Leave alone. The source plant or harvest organ has an appropriate growth form and recognizable silhouette.,PASS,UNCHANGED,PASS,PASS,PASS,PASS,PASS,PASS,Tropical trees,,,,,,,,,,,,,,,,
flora,Cabbage,Cabbage,PASS,PASS,,,,,,,,,,Compact layered leafy head is now recognizable.,True,Cabbage.png,440,440,RGBA,451dec5103e8bddbfb38389c3a38b2336ad0483409bb1810d83e3aee851df636,,PASS,,PASS,,"Match the source plant, leaf habit and attached fruit/harvest organ. Fruit should be connected to stems/branches and not carry identity by label alone.",PASS — Leave alone. The source plant or harvest organ has an appropriate growth form and recognizable silhouette.,PASS,UNCHANGED,PASS,PASS,PASS,PASS,PASS,PASS,Leaf vegetables,,,,,,,,,,,,,,,,
flora,Carrot,Carrot,PASS,PASS,,,,,,,,,,Tapered root and feathery top are now shown.,True,Carrot.png,440,440,RGBA,7741584014980677bc3249ccec22f785b058098519ed5e18f4157e686a5e7ce7,,PASS,,PASS,,"Show the source plant and the correct underground storage organ, leaf top and harvest relationship rather than an isolated generic bulb.",PASS — Leave alone. The source plant or harvest organ has an appropriate growth form and recognizable silhouette.,PASS,UNCHANGED,PASS,PASS,PASS,PASS,PASS,PASS,Root vegetables,,,,,,,,,,,,,,,,
flora,Coconut,Coconut,PASS,PASS,,,,,,,,,,Palm and coconut crown are recognizable.,False,Coconut.png,440,440,RGBA,8a6133f4682e32a1e9ec93be568e206afbc422cb87c028aad811818d306c009a,,PASS,,PASS,,"The catalog overuses a round canopy on a straight trunk. Match the species’ trunk habit, branching architecture, crown shape, leaf masses, bark and fruit/flower attachment.",PASS — Leave alone. The source plant or harvest organ has an appropriate growth form and recognizable silhouette.,PASS,UNCHANGED,PASS,PASS,PASS,PASS,PASS,PASS,4. Fruit and Nut Trees,,,,,,,,,,,,,,,,
flora,Corn,Corn,PASS,PASS,,,,,,,,,,"Tall stalk, leaves, tassel, and attached ear are now visible.",True,Corn.png,440,440,RGBA,735ed4e4a83cdab55420c9e004dd2fdd4c3f28069333cf3b68258aa714687476,,PASS,,PASS,,"Correct the culm, leaf arrangement and species-specific seed head/inflorescence; many grains currently share one generic spike or grass tuft.",PASS — Leave alone. The source plant or harvest organ has an appropriate growth form and recognizable silhouette.,PASS,UNCHANGED,PASS,PASS,PASS,PASS,PASS,PASS,7. Grain and Staple Crops,,,,,,,,,,,,,,,,
flora,Hemp,Hemp,PASS,PASS,,,,,,,,,,Palmately divided leaves and upright herb structure now read correctly.,True,Hemp.png,440,440,RGBA,fbd57180e21fe465b10dc3517ebf933edd3d7b4a9a9ab504c848594cd81379e0,,PASS,,PASS,,"Hemp needs a species-specific growth-form check: roots/attachment, stem or trunk, leaf/frond arrangement, flower/fruit/spore organ and overall scale.",PASS — Leave alone. The source plant or harvest organ has an appropriate growth form and recognizable silhouette.,PASS,UNCHANGED,PASS,PASS,PASS,PASS,PASS,PASS,Other plant or harvest type,,,,,,,,,,,,,,,,
flora,Kiwi_Fruit,Kiwi Fruit,PASS,PASS,,,,,,,,,,Vine habit and attached fuzzy fruit are now represented.,True,Kiwi_Fruit.png,440,440,RGBA,df1b5c547a96da054e902eea13d7dcedc05df013116063e36b64ebf6439a6364,,PASS,,PASS,,"Kiwi Fruit needs a species-specific growth-form check: roots/attachment, stem or trunk, leaf/frond arrangement, flower/fruit/spore organ and overall scale.",PASS — Leave alone. The source plant or harvest organ has an appropriate growth form and recognizable silhouette.,PASS,UNCHANGED,PASS,PASS,PASS,PASS,PASS,PASS,Other plant or harvest type,,,,,,,,,,,,,,,,
flora,Lotus,Lotus,PASS,PASS,,,,,,,,,,Floating leaf and flower read clearly.,False,Lotus.png,440,440,RGBA,baac5b7fc010cbecd118109e380061da059fbf9e3c8529b9b218b3a7793d6a2b,,PASS,,PASS,,"Use the correct holdfast/rooting, blade/frond form, branching, air bladders and water-growth habit instead of a single generic ribbon or blob.",PASS — Leave alone. The source plant or harvest organ has an appropriate growth form and recognizable silhouette.,PASS,UNCHANGED,PASS,PASS,PASS,PASS,PASS,PASS,14. Aquatic and Wetland Plants,,,,,,,,,,,,,,,,
flora,Lotus_Root,Lotus Root,PASS,PASS,,,,,,,,,,Harvest organ is clearly separated from the source plant.,False,Lotus_Root.png,440,440,RGBA,8ccec2b414d400dbb078fea4a849fd2f45229820cbf0606ad2ca4279b74f7d23,,PASS,,PASS,,"Lotus Root needs a species-specific growth-form check: roots/attachment, stem or trunk, leaf/frond arrangement, flower/fruit/spore organ and overall scale.",PASS — Leave alone. The source plant or harvest organ has an appropriate growth form and recognizable silhouette.,PASS,UNCHANGED,PASS,PASS,PASS,PASS,PASS,PASS,Other plant or harvest type,,,,,,,,,,,,,,,,
flora,Pineapple,Pineapple,PASS,PASS,,,,,,,,,,"Central fruit, crown, and basal rosette now read clearly.",False,Pineapple.png,440,440,RGBA,9b88274f7391ea6d613c4e49bfef31084b01cc53dce20e44cc309630c79ca970,,PASS,,PASS,,"Pineapple needs a species-specific growth-form check: roots/attachment, stem or trunk, leaf/frond arrangement, flower/fruit/spore organ and overall scale.",PASS — Leave alone. The source plant or harvest organ has an appropriate growth form and recognizable silhouette.,PASS,UNCHANGED,PASS,PASS,PASS,PASS,PASS,PASS,Other plant or harvest type,,,,,,,,,,,,,,,,
flora,Rafflesia,Rafflesia,PASS,PASS,,,,,,,,,,Ground-level giant bloom is now recognizable; optional further petal spotting/detail only.,False,Rafflesia.png,440,440,RGBA,eff3eba959e4d1dad44618933d8284d48e31adcf08bf959c0f409100c5b78981,,PASS,,PASS,,"Rafflesia needs a species-specific growth-form check: roots/attachment, stem or trunk, leaf/frond arrangement, flower/fruit/spore organ and overall scale.",PASS — Leave alone. The source plant or harvest organ has an appropriate growth form and recognizable silhouette.,PASS,UNCHANGED,PASS,PASS,PASS,PASS,PASS,PASS,17. Parasitic and Unusual Plants,,,,,,,,,,,,,,,,
flora,Sea_Lettuce,Sea Lettuce,PASS,PASS,,,,,,,,,,Broad sheet-like green blade now reads as sea lettuce.,True,Sea_Lettuce.png,440,440,RGBA,3dfa47f8322b5947bc927421b7c543bfd216cdd12150fe933c637a51db6268c1,,PASS,,PASS,,"Sea Lettuce needs a species-specific growth-form check: roots/attachment, stem or trunk, leaf/frond arrangement, flower/fruit/spore organ and overall scale.",PASS — Leave alone. The source plant or harvest organ has an appropriate growth form and recognizable silhouette.,PASS,UNCHANGED,PASS,PASS,PASS,PASS,PASS,PASS,Other plant or harvest type,,,,,,,,,,,,,,,,
flora,Tobacco,Tobacco,PASS,PASS,,,,,,,,,,Large broad leaves and flowering stem are now represented.,True,Tobacco.png,440,440,RGBA,ab9b19730cb85e5d7f5a86e4cd6a2a8a6b01858712df28f7a4d75c226adc1eff,,PASS,,PASS,,"Tobacco needs a species-specific growth-form check: roots/attachment, stem or trunk, leaf/frond arrangement, flower/fruit/spore organ and overall scale.",PASS — Leave alone. The source plant or harvest organ has an appropriate growth form and recognizable silhouette.,PASS,UNCHANGED,PASS,PASS,PASS,PASS,PASS,PASS,Other plant or harvest type,,,,,,,,,,,,,,,,
flora,Watermelon,Watermelon,PASS,PASS,,,,,,,,,,Creeping vine and large fruit are now visible.,True,Watermelon.png,440,440,RGBA,399ed989fd3c41570cd8e9c1d5ccddcd56bc6702df0e482d340465485cc15945,,PASS,,PASS,,"Watermelon needs a species-specific growth-form check: roots/attachment, stem or trunk, leaf/frond arrangement, flower/fruit/spore organ and overall scale.",PASS — Leave alone. The source plant or harvest organ has an appropriate growth form and recognizable silhouette.,PASS,UNCHANGED,PASS,PASS,PASS,PASS,PASS,PASS,Other plant or harvest type,,,,,,,,,,,,,,,,
flora,Wild_Strawberry,Wild Strawberry,PASS,PASS,,,,,,,,,,"Trifoliate leaves, runners, flowers, and fruit are now visible.",True,Wild_Strawberry.png,440,440,RGBA,0d4ec70731fe72c9cf35778f12a64435280229695caff1713e50dd13fd5d5544,,PASS,,PASS,,"Wild Strawberry needs a species-specific growth-form check: roots/attachment, stem or trunk, leaf/frond arrangement, flower/fruit/spore organ and overall scale.",PASS — Leave alone. The source plant or harvest organ has an appropriate growth form and recognizable silhouette.,PASS,UNCHANGED,PASS,PASS,PASS,PASS,PASS,PASS,Other plant or harvest type,,,,,,,,,,,,,,,,
fungi,Bioluminescent_Mushroom,Bioluminescent Mushroom,PASS,PASS,,,,,,,,,,Cap-and-stem form plus localized glow is clear.,False,Bioluminescent_Mushroom.png,440,440,RGBA,a277f69e2d28219dc9e0c0a0c9a3f94ef9c295df4ebec7ae0765fa519df85157,,PASS,,PASS,,,PASS — Leave alone. The major real-world morphology is represented at the current stylized scale.,PASS,UNCHANGED,,,,,,,,PASS,PASS,PASS,PASS,,,,,,,,,,,,
fungi,Black_Truffle,Black Truffle,PASS,PASS,,,,,,,,,,Irregular underground fruiting body and cut surface are recognizable.,True,Black_Truffle.png,440,440,RGBA,403d81d2ddc1ce5056a3313ee55541a86fcec3923302c2758b20d911ddf3120e,,PASS,,PASS,,,PASS — Leave alone. The major real-world morphology is represented at the current stylized scale.,PASS,UNCHANGED,,,,,,,,PASS,PASS,PASS,PASS,,,,,,,,,,,,
fungi,Bracket_Fungus,Bracket Fungus,PASS,PASS,,,,,,,,,,Layered shelves attached laterally to wood are correct.,False,Bracket_Fungus.png,440,440,RGBA,b3f5e6a614f9160a4517b1e3f542f8ebe4054ce0d20764fe47ce5e597407f426,,PASS,,PASS,,,PASS — Leave alone. The major real-world morphology is represented at the current stylized scale.,PASS,UNCHANGED,,,,,,,,PASS,PASS,PASS,PASS,,,,,,,,,,,,
fungi,Chicken-of-the-Woods,Chicken of the Woods,PASS,PASS,,,,,,,,,,Orange shelf brackets attached to wood are recognizable.,False,Chicken-of-the-Woods.png,440,440,RGBA,518974ccafd5b70d9c201767d7ac917bb19214115122f1df1839b0741079e602,,PASS,,PASS,,,PASS — Leave alone. The major real-world morphology is represented at the current stylized scale.,PASS,UNCHANGED,,,,,,,,PASS,PASS,PASS,PASS,,,,,,,,,,,,
fungi,Coral_Fungus,Coral Fungus,PASS,PASS,,,,,,,,,,Branching coral-like fruiting body is correct.,False,Coral_Fungus.png,440,440,RGBA,b936ba0fd7462ea223b8c6ef18696336376ce884b7c864ab7c140402b8b37370,,PASS,,PASS,,,PASS — Leave alone. The major real-world morphology is represented at the current stylized scale.,PASS,UNCHANGED,,,,,,,,PASS,PASS,PASS,PASS,,,,,,,,,,,,
fungi,Enoki,Enoki,PASS,PASS,,,,,,,,,,Long thin stems and tiny clustered caps are recognizable.,True,Enoki.png,440,440,RGBA,71f98bddff033b20f40551ce29cd9725e5d5f62d5ee4b19de1bf8dcccb45b2b3,,PASS,,PASS,,,PASS — Leave alone. The major real-world morphology is represented at the current stylized scale.,PASS,UNCHANGED,,,,,,,,PASS,PASS,PASS,PASS,,,,,,,,,,,,
fungi,Fly_Agaric,Fly Agaric,PASS,PASS,,,,,,,,,,Red caps with white warts and pale stems are recognizable.,True,Fly_Agaric.png,440,440,RGBA,f6b79d2afd93981d1a42335fe5d397feaefd6dd7dbb82ff033f35724ba42a106,,PASS,,PASS,,,PASS — Leave alone. The major real-world morphology is represented at the current stylized scale.,PASS,UNCHANGED,,,,,,,,PASS,PASS,PASS,PASS,,,,,,,,,,,,
fungi,Giant_Puffball,Giant Puffball,PASS,PASS,,,,,,,,,,Round puffball bodies are correct.,False,Giant_Puffball.png,440,440,RGBA,57984858f876e2d29e6bb399e749a4a1fd80f6700504858675b71c400022aec5,,PASS,,PASS,,,PASS — Leave alone. The major real-world morphology is represented at the current stylized scale.,PASS,UNCHANGED,,,,,,,,PASS,PASS,PASS,PASS,,,,,,,,,,,,
fungi,Oyster_Mushroom,Oyster Mushroom,PASS,PASS,,,,,,,,,,Layered lateral fan caps attached to wood are correct.,False,Oyster_Mushroom.png,440,440,RGBA,5524b11980735eac416673d40a5aff4573cf9ed32e6032bdb2ec6e637cf80456,,PASS,,PASS,,,PASS — Leave alone. The major real-world morphology is represented at the current stylized scale.,PASS,UNCHANGED,,,,,,,,PASS,PASS,PASS,PASS,,,,,,,,,,,,
fungi,Shelf_Fungus,Shelf Fungus,PASS,PASS,,,,,,,,,,Lateral shelf growth on wood is correct.,False,Shelf_Fungus.png,440,440,RGBA,0b6a8a30f590a4923ed585701e6289ca6bded5cfd82f5dca661fa8e4a47a4fc7,,PASS,,PASS,,,PASS — Leave alone. The major real-world morphology is represented at the current stylized scale.,PASS,UNCHANGED,,,,,,,,PASS,PASS,PASS,PASS,,,,,,,,,,,,
microbe,Amoeba,Amoeba,PASS,PASS,,,,,,,,,,"Irregular amoeboid cell, nucleus, and internal vacuoles are represented.",False,Amoeba.png,440,440,RGBA,00f1d1a5fb2095c765230df82c08db7e30a451361ff84767c520db0276a8659f,,PASS,,PASS,,,PASS — Leave alone. The major real-world morphology is represented at the current stylized scale.,PASS,UNCHANGED,,,,,,,,,,,,PASS,PASS,PASS,PASS,PASS,,,,,,,
microbe,Cyanobacteria,Cyanobacteria,PASS,PASS,,,,,,,,,,Filamentous chains with heterocyst-like enlarged cells are now visible.,True,Cyanobacteria.png,440,440,RGBA,3a57262608d0eb9e353e7f84eeec77cfb89702ac104251be6e7fedfc8b9a0bf9,,PASS,,PASS,,,PASS — Leave alone. The major real-world morphology is represented at the current stylized scale.,PASS,UNCHANGED,,,,,,,,,,,,PASS,PASS,PASS,PASS,PASS,,,,,,,
microbe,Diatom,Diatom,PASS,PASS,,,,,,,,,,Rigid bilateral silica-shell geometry is clearly represented.,True,Diatom.png,440,440,RGBA,04b4479a67a34297c2688a3fcd27c103b2264e92a8a8c6ec0773a804a28df6b5,,PASS,,PASS,,,PASS — Leave alone. The major real-world morphology is represented at the current stylized scale.,PASS,UNCHANGED,,,,,,,,,,,,PASS,PASS,PASS,PASS,PASS,,,,,,,
microbe,Euglena,Euglena,PASS,PASS,,,,,,,,,,Elongated ciliated/flagellate cell with internal bodies is recognizable.,False,Euglena.png,440,440,RGBA,9474917b42f60210f17d0edb67e7569d895d18b36439d8b3ffbde166f4187e02,,PASS,,PASS,,,PASS — Leave alone. The major real-world morphology is represented at the current stylized scale.,PASS,UNCHANGED,,,,,,,,,,,,PASS,PASS,PASS,PASS,PASS,,,,,,,
microbe,Paramecium,Paramecium,PASS,PASS,,,,,,,,,,Slipper-shaped ciliate body and internal structures are recognizable.,False,Paramecium.png,440,440,RGBA,be74acb3e3308be33c1e0a7819b3ca1f484e3e603ddc1ee082a05177b16974fd,,PASS,,PASS,,,PASS — Leave alone. The major real-world morphology is represented at the current stylized scale.,PASS,UNCHANGED,,,,,,,,,,,,PASS,PASS,PASS,PASS,PASS,,,,,,,
procedural,fauna-h0-s0,,PASS,PASS_WITH_POLISH,,,,,,,,,,Trait blend is coherent enough for alien life. Continue reducing repeated long-neck quadrupeds and group multi-limbs into believable shoulder/mid/rear anatomy.,False,fauna-h0-s0.png,440,440,RGBA,37be5335faa208955c8468783f3a86debb9290e89ad63c4189174fa3e0c48a03,,PASS_WITH_POLISH,,PASS,,,PASS — Trait blend is coherent for a procedural organism. Earth-species accuracy is not required.,PASS,PASS_WITH_POLISH -> PASS,,,,,,,,,,,,,,,,,fauna,PASS,PASS,POLISH,PASS,PASS,PASS_WITH_POLISH
procedural,fauna-h0-s1,,PASS,PASS_WITH_POLISH,,,,,,,,,,Trait blend is coherent enough for alien life. Continue reducing repeated long-neck quadrupeds and group multi-limbs into believable shoulder/mid/rear anatomy.,False,fauna-h0-s1.png,440,440,RGBA,0f26ad5dc48549dc59c56f7e0c97e375672e5315ea9daa1573a4a11cbdfeb1f2,,PASS_WITH_POLISH,,PASS,,,PASS — Trait blend is coherent for a procedural organism. Earth-species accuracy is not required.,PASS,PASS_WITH_POLISH -> PASS,,,,,,,,,,,,,,,,,fauna,PASS,PASS,POLISH,PASS,PASS,PASS_WITH_POLISH
procedural,fauna-h0-s10,,PASS,PASS_WITH_POLISH,,,,,,,,,,Trait blend is coherent enough for alien life. Continue reducing repeated long-neck quadrupeds and group multi-limbs into believable shoulder/mid/rear anatomy.,True,fauna-h0-s10.png,440,440,RGBA,aaba5e1b59db109a1a5d41d70ff010e299c68996bcffc363dca5bea92b9960c5,,PASS_WITH_POLISH,,PASS,,,PASS — Trait blend is coherent for a procedural organism. Earth-species accuracy is not required.,PASS,PASS_WITH_POLISH -> PASS,,,,,,,,,,,,,,,,,fauna,PASS,PASS,POLISH,PASS,PASS,PASS_WITH_POLISH
procedural,fauna-h0-s11,,PASS,PASS_WITH_POLISH,,,,,,,,,,Trait blend is coherent enough for alien life. Continue reducing repeated long-neck quadrupeds and group multi-limbs into believable shoulder/mid/rear anatomy.,False,fauna-h0-s11.png,440,440,RGBA,46fa93407af6c152169e1d9e8aa04f3df221f7eb3211ce151500b1c969947e2c,,PASS_WITH_POLISH,,PASS,,,PASS — Trait blend is coherent for a procedural organism. Earth-species accuracy is not required.,PASS,PASS_WITH_POLISH -> PASS,,,,,,,,,,,,,,,,,fauna,PASS,PASS,POLISH,PASS,PASS,PASS_WITH_POLISH
procedural,fauna-h0-s12,,PASS,PASS_WITH_POLISH,,,,,,,,,,Trait blend is coherent enough for alien life. Continue reducing repeated long-neck quadrupeds and group multi-limbs into believable shoulder/mid/rear anatomy.,True,fauna-h0-s12.png,440,440,RGBA,b50a27dc348992de5c6189c919eea5352e2e52ae67f536325b980a3773c7ac31,,PASS_WITH_POLISH,,PASS,,,PASS — Trait blend is coherent for a procedural organism. Earth-species accuracy is not required.,PASS,PASS_WITH_POLISH -> PASS,,,,,,,,,,,,,,,,,fauna,PASS,PASS,POLISH,PASS,PASS,PASS_WITH_POLISH
procedural,fauna-h0-s13,,PASS,PASS_WITH_POLISH,,,,,,,,,,Trait blend is coherent enough for alien life. Continue reducing repeated long-neck quadrupeds and group multi-limbs into believable shoulder/mid/rear anatomy.,True,fauna-h0-s13.png,440,440,RGBA,d8877c61ef57524a3bf03fc6c516e210250e7b91d47da49c4339d44e250ca52a,,PASS_WITH_POLISH,,PASS,,,PASS — Trait blend is coherent for a procedural organism. Earth-species accuracy is not required.,PASS,PASS_WITH_POLISH -> PASS,,,,,,,,,,,,,,,,,fauna,PASS,PASS,POLISH,PASS,PASS,PASS_WITH_POLISH
procedural,fauna-h0-s14,,PASS,PASS_WITH_POLISH,,,,,,,,,,Trait blend is coherent enough for alien life. Continue reducing repeated long-neck quadrupeds and group multi-limbs into believable shoulder/mid/rear anatomy.,True,fauna-h0-s14.png,440,440,RGBA,d304f6ebfd46b7902e27a5aa067e6f5848083f78d528d2a388ce1008fdfd4411,,PASS_WITH_POLISH,,PASS,,,PASS — Trait blend is coherent for a procedural organism. Earth-species accuracy is not required.,PASS,PASS_WITH_POLISH -> PASS,,,,,,,,,,,,,,,,,fauna,PASS,PASS,POLISH,PASS,PASS,PASS_WITH_POLISH
procedural,fauna-h0-s15,,PASS,PASS_WITH_POLISH,,,,,,,,,,Trait blend is coherent enough for alien life. Continue reducing repeated long-neck quadrupeds and group multi-limbs into believable shoulder/mid/rear anatomy.,False,fauna-h0-s15.png,440,440,RGBA,ebd572f70e01016046e34ab4ce6b3ab218cda1c7df81a3f4daec379b13f0d0c1,,PASS_WITH_POLISH,,PASS,,,PASS — Trait blend is coherent for a procedural organism. Earth-species accuracy is not required.,PASS,PASS_WITH_POLISH -> PASS,,,,,,,,,,,,,,,,,fauna,PASS,PASS,POLISH,PASS,PASS,PASS_WITH_POLISH
procedural,fauna-h0-s16,,PASS,PASS_WITH_POLISH,,,,,,,,,,Trait blend is coherent enough for alien life. Continue reducing repeated long-neck quadrupeds and group multi-limbs into believable shoulder/mid/rear anatomy.,False,fauna-h0-s16.png,440,440,RGBA,6e3cdbbed7f5958212a7a60acee2495f42708e2d253807e07459d378044352df,,PASS_WITH_POLISH,,PASS,,,PASS — Trait blend is coherent for a procedural organism. Earth-species accuracy is not required.,PASS,PASS_WITH_POLISH -> PASS,,,,,,,,,,,,,,,,,fauna,PASS,PASS,POLISH,PASS,PASS,PASS_WITH_POLISH
procedural,fauna-h0-s17,,PASS,PASS_WITH_POLISH,,,,,,,,,,Trait blend is coherent enough for alien life. Continue reducing repeated long-neck quadrupeds and group multi-limbs into believable shoulder/mid/rear anatomy.,False,fauna-h0-s17.png,440,440,RGBA,8d81e46c27370d42e90a10e4a36894d43377122dc78cc8267d6fec2292100dcb,,PASS_WITH_POLISH,,PASS,,,PASS — Trait blend is coherent for a procedural organism. Earth-species accuracy is not required.,PASS,PASS_WITH_POLISH -> PASS,,,,,,,,,,,,,,,,,fauna,PASS,PASS,POLISH,PASS,PASS,PASS_WITH_POLISH
procedural,fauna-h0-s18,,PASS,PASS_WITH_POLISH,,,,,,,,,,Trait blend is coherent enough for alien life. Continue reducing repeated long-neck quadrupeds and group multi-limbs into believable shoulder/mid/rear anatomy.,True,fauna-h0-s18.png,440,440,RGBA,234293bc75dbb3b8c88548eca3b91efd837c93d2a281625c78ad1badcfbc7ca1,,PASS_WITH_POLISH,,PASS,,,PASS — Trait blend is coherent for a procedural organism. Earth-species accuracy is not required.,PASS,PASS_WITH_POLISH -> PASS,,,,,,,,,,,,,,,,,fauna,PASS,PASS,POLISH,PASS,PASS,PASS_WITH_POLISH
procedural,fauna-h0-s19,,PASS,PASS_WITH_POLISH,,,,,,,,,,Trait blend is coherent enough for alien life. Continue reducing repeated long-neck quadrupeds and group multi-limbs into believable shoulder/mid/rear anatomy.,True,fauna-h0-s19.png,440,440,RGBA,0683f1752560080c7140a81aae0864cd86d4a472bf31be92be98e6028b13a354,,PASS_WITH_POLISH,,PASS,,,PASS — Trait blend is coherent for a procedural organism. Earth-species accuracy is not required.,PASS,PASS_WITH_POLISH -> PASS,,,,,,,,,,,,,,,,,fauna,PASS,PASS,POLISH,PASS,PASS,PASS_WITH_POLISH
procedural,fauna-h0-s2,,PASS,PASS_WITH_POLISH,,,,,,,,,,Trait blend is coherent enough for alien life. Continue reducing repeated long-neck quadrupeds and group multi-limbs into believable shoulder/mid/rear anatomy.,True,fauna-h0-s2.png,440,440,RGBA,fbb3e502d201e23fb1dbbd4edcd2ba2ba89e3741b5193ab74b74f720f1cc5163,,PASS_WITH_POLISH,,PASS,,,PASS — Trait blend is coherent for a procedural organism. Earth-species accuracy is not required.,PASS,PASS_WITH_POLISH -> PASS,,,,,,,,,,,,,,,,,fauna,PASS,PASS,POLISH,PASS,PASS,PASS_WITH_POLISH
procedural,fauna-h0-s3,,PASS,PASS_WITH_POLISH,,,,,,,,,,Trait blend is coherent enough for alien life. Continue reducing repeated long-neck quadrupeds and group multi-limbs into believable shoulder/mid/rear anatomy.,True,fauna-h0-s3.png,440,440,RGBA,701dd1c6e9d2a2df00df7f2fba341600a56d7a1b4e34bd8d0d84b94ce3441801,,PASS_WITH_POLISH,,PASS,,,PASS — Trait blend is coherent for a procedural organism. Earth-species accuracy is not required.,PASS,PASS_WITH_POLISH -> PASS,,,,,,,,,,,,,,,,,fauna,PASS,PASS,POLISH,PASS,PASS,PASS_WITH_POLISH
procedural,fauna-h0-s4,,PASS,PASS_WITH_POLISH,,,,,,,,,,Trait blend is coherent enough for alien life. Continue reducing repeated long-neck quadrupeds and group multi-limbs into believable shoulder/mid/rear anatomy.,True,fauna-h0-s4.png,440,440,RGBA,2f0fcee8f38ceb99a98acb7b7a244d96e75977f71bfae10cfc512809173c03dc,,PASS_WITH_POLISH,,PASS,,,PASS — Trait blend is coherent for a procedural organism. Earth-species accuracy is not required.,PASS,PASS_WITH_POLISH -> PASS,,,,,,,,,,,,,,,,,fauna,PASS,PASS,POLISH,PASS,PASS,PASS_WITH_POLISH
procedural,fauna-h0-s5,,PASS,PASS_WITH_POLISH,,,,,,,,,,Trait blend is coherent enough for alien life. Continue reducing repeated long-neck quadrupeds and group multi-limbs into believable shoulder/mid/rear anatomy.,True,fauna-h0-s5.png,440,440,RGBA,8c3ed0d9e30a6aea9f6c0f0592a169e6caf663c4869cc528da289f28c65ea062,,PASS_WITH_POLISH,,PASS,,,PASS — Trait blend is coherent for a procedural organism. Earth-species accuracy is not required.,PASS,PASS_WITH_POLISH -> PASS,,,,,,,,,,,,,,,,,fauna,PASS,PASS,POLISH,PASS,PASS,PASS_WITH_POLISH
procedural,fauna-h0-s6,,PASS,PASS_WITH_POLISH,,,,,,,,,,Trait blend is coherent enough for alien life. Continue reducing repeated long-neck quadrupeds and group multi-limbs into believable shoulder/mid/rear anatomy.,True,fauna-h0-s6.png,440,440,RGBA,b9134f2881e3cdb9898a658983c461bb0abffb970fd92aace47c1e3939e94b0e,,PASS_WITH_POLISH,,PASS,,,PASS — Trait blend is coherent for a procedural organism. Earth-species accuracy is not required.,PASS,PASS_WITH_POLISH -> PASS,,,,,,,,,,,,,,,,,fauna,PASS,PASS,POLISH,PASS,PASS,PASS_WITH_POLISH
procedural,fauna-h0-s7,,PASS,PASS_WITH_POLISH,,,,,,,,,,Trait blend is coherent enough for alien life. Continue reducing repeated long-neck quadrupeds and group multi-limbs into believable shoulder/mid/rear anatomy.,False,fauna-h0-s7.png,440,440,RGBA,1b197e5d32611619b4ba08b27b328a0a478a76e51ea87ecb6b8d75350b61e528,,PASS_WITH_POLISH,,PASS,,,PASS — Trait blend is coherent for a procedural organism. Earth-species accuracy is not required.,PASS,PASS_WITH_POLISH -> PASS,,,,,,,,,,,,,,,,,fauna,PASS,PASS,POLISH,PASS,PASS,PASS_WITH_POLISH
procedural,fauna-h0-s8,,PASS,PASS_WITH_POLISH,,,,,,,,,,Trait blend is coherent enough for alien life. Continue reducing repeated long-neck quadrupeds and group multi-limbs into believable shoulder/mid/rear anatomy.,True,fauna-h0-s8.png,440,440,RGBA,ef1fdd8bb7849d996b8013f94fe929a1550a2ff1b6250340f39c2786c0349929,,PASS_WITH_POLISH,,PASS,,,PASS — Trait blend is coherent for a procedural organism. Earth-species accuracy is not required.,PASS,PASS_WITH_POLISH -> PASS,,,,,,,,,,,,,,,,,fauna,PASS,PASS,POLISH,PASS,PASS,PASS_WITH_POLISH
procedural,fauna-h0-s9,,PASS,PASS_WITH_POLISH,,,,,,,,,,Trait blend is coherent enough for alien life. Continue reducing repeated long-neck quadrupeds and group multi-limbs into believable shoulder/mid/rear anatomy.,True,fauna-h0-s9.png,440,440,RGBA,d7fb68da9966c959db40780832592dbfeedb478cd7a5badf3a2fddaa4cc49737,,PASS_WITH_POLISH,,PASS,,,PASS — Trait blend is coherent for a procedural organism. Earth-species accuracy is not required.,PASS,PASS_WITH_POLISH -> PASS,,,,,,,,,,,,,,,,,fauna,PASS,PASS,POLISH,PASS,PASS,PASS_WITH_POLISH
procedural,fauna-h1-s0,,PASS,PASS_WITH_POLISH,,,,,,,,,,Trait blend is coherent enough for alien life. Continue reducing repeated long-neck quadrupeds and group multi-limbs into believable shoulder/mid/rear anatomy.,False,fauna-h1-s0.png,440,440,RGBA,78889e2d1ba4a02c52c76fdbe5342b457f368c70603aa236688542e231327121,,PASS_WITH_POLISH,,PASS,,,PASS — Trait blend is coherent for a procedural organism. Earth-species accuracy is not required.,PASS,PASS_WITH_POLISH -> PASS,,,,,,,,,,,,,,,,,fauna,PASS,PASS,POLISH,PASS,PASS,PASS_WITH_POLISH
procedural,fauna-h1-s1,,PASS,PASS_WITH_POLISH,,,,,,,,,,Trait blend is coherent enough for alien life. Continue reducing repeated long-neck quadrupeds and group multi-limbs into believable shoulder/mid/rear anatomy.,True,fauna-h1-s1.png,440,440,RGBA,8043e7633242df3c41ec18017c378bb777c16e7b2e99bb3e458b877ede223098,,PASS_WITH_POLISH,,PASS,,,PASS — Trait blend is coherent for a procedural organism. Earth-species accuracy is not required.,PASS,PASS_WITH_POLISH -> PASS,,,,,,,,,,,,,,,,,fauna,PASS,PASS,POLISH,PASS,PASS,PASS_WITH_POLISH
procedural,fauna-h1-s10,,PASS,PASS_WITH_POLISH,,,,,,,,,,Trait blend is coherent enough for alien life. Continue reducing repeated long-neck quadrupeds and group multi-limbs into believable shoulder/mid/rear anatomy.,False,fauna-h1-s10.png,440,440,RGBA,10d8596f78f519b22d8bbf9463c5e5d4c292cc482447106727f7c8b5e086c38a,,PASS_WITH_POLISH,,PASS,,,PASS — Trait blend is coherent for a procedural organism. Earth-species accuracy is not required.,PASS,PASS_WITH_POLISH -> PASS,,,,,,,,,,,,,,,,,fauna,PASS,PASS,POLISH,PASS,PASS,PASS_WITH_POLISH
procedural,fauna-h1-s11,,PASS,PASS_WITH_POLISH,,,,,,,,,,Trait blend is coherent enough for alien life. Continue reducing repeated long-neck quadrupeds and group multi-limbs into believable shoulder/mid/rear anatomy.,True,fauna-h1-s11.png,440,440,RGBA,36afc01011c5c615cae9799b64f73f871551bdabdc9b298c6dcb7a3baf3fdff7,,PASS_WITH_POLISH,,PASS,,,PASS — Trait blend is coherent for a procedural organism. Earth-species accuracy is not required.,PASS,PASS_WITH_POLISH -> PASS,,,,,,,,,,,,,,,,,fauna,PASS,PASS,POLISH,PASS,PASS,PASS_WITH_POLISH
procedural,fauna-h1-s12,,PASS,PASS_WITH_POLISH,,,,,,,,,,Trait blend is coherent enough for alien life. Continue reducing repeated long-neck quadrupeds and group multi-limbs into believable shoulder/mid/rear anatomy.,False,fauna-h1-s12.png,440,440,RGBA,f599a66bf30d01c92ad088c6108a1dfa5c0f1998d118547583db2e9fed200e8b,,PASS_WITH_POLISH,,PASS,,,PASS — Trait blend is coherent for a procedural organism. Earth-species accuracy is not required.,PASS,PASS_WITH_POLISH -> PASS,,,,,,,,,,,,,,,,,fauna,PASS,PASS,POLISH,PASS,PASS,PASS_WITH_POLISH
procedural,fauna-h1-s13,,PASS,PASS_WITH_POLISH,,,,,,,,,,Trait blend is coherent enough for alien life. Continue reducing repeated long-neck quadrupeds and group multi-limbs into believable shoulder/mid/rear anatomy.,True,fauna-h1-s13.png,440,440,RGBA,5c5bf57234e168f95d60dd3ad384de3b97a3ae9de5ce69939fc5da9bf18a360d,,PASS_WITH_POLISH,,PASS,,,PASS — Trait blend is coherent for a procedural organism. Earth-species accuracy is not required.,PASS,PASS_WITH_POLISH -> PASS,,,,,,,,,,,,,,,,,fauna,PASS,PASS,POLISH,PASS,PASS,PASS_WITH_POLISH
procedural,fauna-h1-s14,,PASS,PASS_WITH_POLISH,,,,,,,,,,Trait blend is coherent enough for alien life. Continue reducing repeated long-neck quadrupeds and group multi-limbs into believable shoulder/mid/rear anatomy.,True,fauna-h1-s14.png,440,440,RGBA,9ec8186b79b687a44b8133745689a4bc6a3040aeb1f7f08a7f154e9a53ef2fd1,,PASS_WITH_POLISH,,PASS,,,PASS — Trait blend is coherent for a procedural organism. Earth-species accuracy is not required.,PASS,PASS_WITH_POLISH -> PASS,,,,,,,,,,,,,,,,,fauna,PASS,PASS,POLISH,PASS,PASS,PASS_WITH_POLISH
procedural,fauna-h1-s15,,PASS,PASS_WITH_POLISH,,,,,,,,,,Trait blend is coherent enough for alien life. Continue reducing repeated long-neck quadrupeds and group multi-limbs into believable shoulder/mid/rear anatomy.,False,fauna-h1-s15.png,440,440,RGBA,dafd22c09e236ca7ce0ae2676222dba0e743acc857a7c012e641804dca9cfb5d,,PASS_WITH_POLISH,,PASS,,,PASS — Trait blend is coherent for a procedural organism. Earth-species accuracy is not required.,PASS,PASS_WITH_POLISH -> PASS,,,,,,,,,,,,,,,,,fauna,PASS,PASS,POLISH,PASS,PASS,PASS_WITH_POLISH
procedural,fauna-h1-s16,,PASS,PASS_WITH_POLISH,,,,,,,,,,Trait blend is coherent enough for alien life. Continue reducing repeated long-neck quadrupeds and group multi-limbs into believable shoulder/mid/rear anatomy.,True,fauna-h1-s16.png,440,440,RGBA,6b4a1626cfb59bcda49127c02794d4efac17210062c1bfd24c92cc5ac9bcd248,,PASS_WITH_POLISH,,PASS,,,PASS — Trait blend is coherent for a procedural organism. Earth-species accuracy is not required.,PASS,PASS_WITH_POLISH -> PASS,,,,,,,,,,,,,,,,,fauna,PASS,PASS,POLISH,PASS,PASS,PASS_WITH_POLISH
procedural,fauna-h1-s17,,PASS,PASS_WITH_POLISH,,,,,,,,,,Trait blend is coherent enough for alien life. Continue reducing repeated long-neck quadrupeds and group multi-limbs into believable shoulder/mid/rear anatomy.,False,fauna-h1-s17.png,440,440,RGBA,4f8a445c71ef493df67aa8ded7eba90f3f550893a9c280dcc5b2de93218d54e2,,PASS_WITH_POLISH,,PASS,,,PASS — Trait blend is coherent for a procedural organism. Earth-species accuracy is not required.,PASS,PASS_WITH_POLISH -> PASS,,,,,,,,,,,,,,,,,fauna,PASS,PASS,POLISH,PASS,PASS,PASS_WITH_POLISH
procedural,fauna-h1-s18,,PASS,PASS_WITH_POLISH,,,,,,,,,,Trait blend is coherent enough for alien life. Continue reducing repeated long-neck quadrupeds and group multi-limbs into believable shoulder/mid/rear anatomy.,True,fauna-h1-s18.png,440,440,RGBA,f5b90e20905f2746b1fbf7707e419b501ac95356ed8865667be9529d599a024f,,PASS_WITH_POLISH,,PASS,,,PASS — Trait blend is coherent for a procedural organism. Earth-species accuracy is not required.,PASS,PASS_WITH_POLISH -> PASS,,,,,,,,,,,,,,,,,fauna,PASS,PASS,POLISH,PASS,PASS,PASS_WITH_POLISH
procedural,fauna-h1-s19,,PASS,PASS_WITH_POLISH,,,,,,,,,,Trait blend is coherent enough for alien life. Continue reducing repeated long-neck quadrupeds and group multi-limbs into believable shoulder/mid/rear anatomy.,False,fauna-h1-s19.png,440,440,RGBA,865be18f4f788999d00be4199e7a236d18a87dc4f7db3da58d04a191123b21c3,,PASS_WITH_POLISH,,PASS,,,PASS — Trait blend is coherent for a procedural organism. Earth-species accuracy is not required.,PASS,PASS_WITH_POLISH -> PASS,,,,,,,,,,,,,,,,,fauna,PASS,PASS,POLISH,PASS,PASS,PASS_WITH_POLISH
procedural,fauna-h1-s2,,PASS,PASS_WITH_POLISH,,,,,,,,,,Trait blend is coherent enough for alien life. Continue reducing repeated long-neck quadrupeds and group multi-limbs into believable shoulder/mid/rear anatomy.,False,fauna-h1-s2.png,440,440,RGBA,99627b4e7d01cee98f00d0879bdcbd72cad46ab96faf58fc5a21030034c1c607,,PASS_WITH_POLISH,,PASS,,,PASS — Trait blend is coherent for a procedural organism. Earth-species accuracy is not required.,PASS,PASS_WITH_POLISH -> PASS,,,,,,,,,,,,,,,,,fauna,PASS,PASS,POLISH,PASS,PASS,PASS_WITH_POLISH
procedural,fauna-h1-s3,,PASS,PASS_WITH_POLISH,,,,,,,,,,Trait blend is coherent enough for alien life. Continue reducing repeated long-neck quadrupeds and group multi-limbs into believable shoulder/mid/rear anatomy.,False,fauna-h1-s3.png,440,440,RGBA,391f66431551ea32c1b5fd76c2f3e3a18f37562193b08fc7b2f5987e81bce552,,PASS_WITH_POLISH,,PASS,,,PASS — Trait blend is coherent for a procedural organism. Earth-species accuracy is not required.,PASS,PASS_WITH_POLISH -> PASS,,,,,,,,,,,,,,,,,fauna,PASS,PASS,POLISH,PASS,PASS,PASS_WITH_POLISH
procedural,fauna-h1-s4,,PASS,PASS_WITH_POLISH,,,,,,,,,,Trait blend is coherent enough for alien life. Continue reducing repeated long-neck quadrupeds and group multi-limbs into believable shoulder/mid/rear anatomy.,True,fauna-h1-s4.png,440,440,RGBA,d1715e126907ac9d48ee863506acebea93784930a46ae62fe44798f2aede77e6,,PASS_WITH_POLISH,,PASS,,,PASS — Trait blend is coherent for a procedural organism. Earth-species accuracy is not required.,PASS,PASS_WITH_POLISH -> PASS,,,,,,,,,,,,,,,,,fauna,PASS,PASS,POLISH,PASS,PASS,PASS_WITH_POLISH
procedural,fauna-h1-s5,,PASS,PASS_WITH_POLISH,,,,,,,,,,Trait blend is coherent enough for alien life. Continue reducing repeated long-neck quadrupeds and group multi-limbs into believable shoulder/mid/rear anatomy.,False,fauna-h1-s5.png,440,440,RGBA,2f4eadb0fc98e72acf62bc39aa1dc2a7ab65997e38103db8654fe86351dc9f1b,,PASS_WITH_POLISH,,PASS,,,PASS — Trait blend is coherent for a procedural organism. Earth-species accuracy is not required.,PASS,PASS_WITH_POLISH -> PASS,,,,,,,,,,,,,,,,,fauna,PASS,PASS,POLISH,PASS,PASS,PASS_WITH_POLISH
procedural,fauna-h1-s6,,PASS,PASS_WITH_POLISH,,,,,,,,,,Trait blend is coherent enough for alien life. Continue reducing repeated long-neck quadrupeds and group multi-limbs into believable shoulder/mid/rear anatomy.,True,fauna-h1-s6.png,440,440,RGBA,1f31e69c3067395e4b4c8ff3f8789dca850dba2e9c5944a28eb8fddcc9c9f175,,PASS_WITH_POLISH,,PASS,,,PASS — Trait blend is coherent for a procedural organism. Earth-species accuracy is not required.,PASS,PASS_WITH_POLISH -> PASS,,,,,,,,,,,,,,,,,fauna,PASS,PASS,POLISH,PASS,PASS,PASS_WITH_POLISH
procedural,fauna-h1-s7,,PASS,PASS_WITH_POLISH,,,,,,,,,,Trait blend is coherent enough for alien life. Continue reducing repeated long-neck quadrupeds and group multi-limbs into believable shoulder/mid/rear anatomy.,False,fauna-h1-s7.png,440,440,RGBA,fa52b1eb31e63746a3b98fe4e497b136ee8eecf78837e54861763597764731be,,PASS_WITH_POLISH,,PASS,,,PASS — Trait blend is coherent for a procedural organism. Earth-species accuracy is not required.,PASS,PASS_WITH_POLISH -> PASS,,,,,,,,,,,,,,,,,fauna,PASS,PASS,POLISH,PASS,PASS,PASS_WITH_POLISH
procedural,fauna-h1-s8,,PASS,PASS_WITH_POLISH,,,,,,,,,,Trait blend is coherent enough for alien life. Continue reducing repeated long-neck quadrupeds and group multi-limbs into believable shoulder/mid/rear anatomy.,False,fauna-h1-s8.png,440,440,RGBA,5e7c2c0e97875d013058b148959a7d4becc7fcc755a69066dae97e8e86ef0455,,PASS_WITH_POLISH,,PASS,,,PASS — Trait blend is coherent for a procedural organism. Earth-species accuracy is not required.,PASS,PASS_WITH_POLISH -> PASS,,,,,,,,,,,,,,,,,fauna,PASS,PASS,POLISH,PASS,PASS,PASS_WITH_POLISH
procedural,fauna-h1-s9,,PASS,PASS_WITH_POLISH,,,,,,,,,,Trait blend is coherent enough for alien life. Continue reducing repeated long-neck quadrupeds and group multi-limbs into believable shoulder/mid/rear anatomy.,False,fauna-h1-s9.png,440,440,RGBA,b5e7e4a1eb5da12807178e05cfc4a7a49b70c5da8a080b4f42572740f53976be,,PASS_WITH_POLISH,,PASS,,,PASS — Trait blend is coherent for a procedural organism. Earth-species accuracy is not required.,PASS,PASS_WITH_POLISH -> PASS,,,,,,,,,,,,,,,,,fauna,PASS,PASS,POLISH,PASS,PASS,PASS_WITH_POLISH
procedural,fauna-h2-s0,,PASS,PASS_WITH_POLISH,,,,,,,,,,Trait blend is coherent enough for alien life. Continue reducing repeated long-neck quadrupeds and group multi-limbs into believable shoulder/mid/rear anatomy.,False,fauna-h2-s0.png,440,440,RGBA,a891270ee3840da4004adaebe26e6c804696a26700c75ae956f8a5edd34c87e4,,PASS_WITH_POLISH,,PASS,,,PASS — Trait blend is coherent for a procedural organism. Earth-species accuracy is not required.,PASS,PASS_WITH_POLISH -> PASS,,,,,,,,,,,,,,,,,fauna,PASS,PASS,POLISH,PASS,PASS,PASS_WITH_POLISH
procedural,fauna-h2-s1,,PASS,PASS_WITH_POLISH,,,,,,,,,,Trait blend is coherent enough for alien life. Continue reducing repeated long-neck quadrupeds and group multi-limbs into believable shoulder/mid/rear anatomy.,False,fauna-h2-s1.png,440,440,RGBA,ba9f44944a8325255f9ee71860e936d3fee9e7c5973c671b7f08ce9a4ca35a97,,PASS_WITH_POLISH,,PASS,,,PASS — Trait blend is coherent for a procedural organism. Earth-species accuracy is not required.,PASS,PASS_WITH_POLISH -> PASS,,,,,,,,,,,,,,,,,fauna,PASS,PASS,POLISH,PASS,PASS,PASS_WITH_POLISH
procedural,fauna-h2-s10,,PASS,PASS_WITH_POLISH,,,,,,,,,,Trait blend is coherent enough for alien life. Continue reducing repeated long-neck quadrupeds and group multi-limbs into believable shoulder/mid/rear anatomy.,True,fauna-h2-s10.png,440,440,RGBA,d018cda42fe7c3c7c9293129f9720b9a96b972c45820311476e26729025f3625,,PASS_WITH_POLISH,,PASS,,,PASS — Trait blend is coherent for a procedural organism. Earth-species accuracy is not required.,PASS,PASS_WITH_POLISH -> PASS,,,,,,,,,,,,,,,,,fauna,PASS,PASS,POLISH,PASS,PASS,PASS_WITH_POLISH
procedural,fauna-h2-s11,,PASS,PASS_WITH_POLISH,,,,,,,,,,Trait blend is coherent enough for alien life. Continue reducing repeated long-neck quadrupeds and group multi-limbs into believable shoulder/mid/rear anatomy.,False,fauna-h2-s11.png,440,440,RGBA,49d6967b689b4ae67c962b71bb0152ed8d9314f92a21bf411f955bb719a3a669,,PASS_WITH_POLISH,,PASS,,,PASS — Trait blend is coherent for a procedural organism. Earth-species accuracy is not required.,PASS,PASS_WITH_POLISH -> PASS,,,,,,,,,,,,,,,,,fauna,PASS,PASS,POLISH,PASS,PASS,PASS_WITH_POLISH
procedural,fauna-h2-s12,,PASS,PASS_WITH_POLISH,,,,,,,,,,Trait blend is coherent enough for alien life. Continue reducing repeated long-neck quadrupeds and group multi-limbs into believable shoulder/mid/rear anatomy.,True,fauna-h2-s12.png,440,440,RGBA,6b7c5825515b63eaf4947152e11185cc3060bdc680ecfe8f279a2f4ca35816c7,,PASS_WITH_POLISH,,PASS,,,PASS — Trait blend is coherent for a procedural organism. Earth-species accuracy is not required.,PASS,PASS_WITH_POLISH -> PASS,,,,,,,,,,,,,,,,,fauna,PASS,PASS,POLISH,PASS,PASS,PASS_WITH_POLISH
procedural,fauna-h2-s13,,PASS,PASS_WITH_POLISH,,,,,,,,,,Trait blend is coherent enough for alien life. Continue reducing repeated long-neck quadrupeds and group multi-limbs into believable shoulder/mid/rear anatomy.,True,fauna-h2-s13.png,440,440,RGBA,1d134595b27f16c8974155dd054baac2d2fd12fa60228bc9602ca16136a74dc2,,PASS_WITH_POLISH,,PASS,,,PASS — Trait blend is coherent for a procedural organism. Earth-species accuracy is not required.,PASS,PASS_WITH_POLISH -> PASS,,,,,,,,,,,,,,,,,fauna,PASS,PASS,POLISH,PASS,PASS,PASS_WITH_POLISH
procedural,fauna-h2-s14,,PASS,PASS_WITH_POLISH,,,,,,,,,,Trait blend is coherent enough for alien life. Continue reducing repeated long-neck quadrupeds and group multi-limbs into believable shoulder/mid/rear anatomy.,False,fauna-h2-s14.png,440,440,RGBA,63de5636a2ac379af53986898aa0e9396d3ed132720b51256161bbe6eeab4088,,PASS_WITH_POLISH,,PASS,,,PASS — Trait blend is coherent for a procedural organism. Earth-species accuracy is not required.,PASS,PASS_WITH_POLISH -> PASS,,,,,,,,,,,,,,,,,fauna,PASS,PASS,POLISH,PASS,PASS,PASS_WITH_POLISH
procedural,fauna-h2-s15,,PASS,PASS_WITH_POLISH,,,,,,,,,,Trait blend is coherent enough for alien life. Continue reducing repeated long-neck quadrupeds and group multi-limbs into believable shoulder/mid/rear anatomy.,False,fauna-h2-s15.png,440,440,RGBA,25ef7a2175da21847bb90959df48c620d953668dcf55c77ae06955e37dfcfc48,,PASS_WITH_POLISH,,PASS,,,PASS — Trait blend is coherent for a procedural organism. Earth-species accuracy is not required.,PASS,PASS_WITH_POLISH -> PASS,,,,,,,,,,,,,,,,,fauna,PASS,PASS,POLISH,PASS,PASS,PASS_WITH_POLISH
procedural,fauna-h2-s16,,PASS,PASS_WITH_POLISH,,,,,,,,,,Trait blend is coherent enough for alien life. Continue reducing repeated long-neck quadrupeds and group multi-limbs into believable shoulder/mid/rear anatomy.,True,fauna-h2-s16.png,440,440,RGBA,8f2c5fdced179b737ff81e4a8f5b14cb1e6f78691007637775f44e0a88a9ef58,,PASS_WITH_POLISH,,PASS,,,PASS — Trait blend is coherent for a procedural organism. Earth-species accuracy is not required.,PASS,PASS_WITH_POLISH -> PASS,,,,,,,,,,,,,,,,,fauna,PASS,PASS,POLISH,PASS,PASS,PASS_WITH_POLISH
procedural,fauna-h2-s17,,PASS,PASS_WITH_POLISH,,,,,,,,,,Trait blend is coherent enough for alien life. Continue reducing repeated long-neck quadrupeds and group multi-limbs into believable shoulder/mid/rear anatomy.,True,fauna-h2-s17.png,440,440,RGBA,039f64fb4585d65ba83275685195efead1d6a45bb07b3ec052be3befed6a3c61,,PASS_WITH_POLISH,,PASS,,,PASS — Trait blend is coherent for a procedural organism. Earth-species accuracy is not required.,PASS,PASS_WITH_POLISH -> PASS,,,,,,,,,,,,,,,,,fauna,PASS,PASS,POLISH,PASS,PASS,PASS_WITH_POLISH
procedural,fauna-h2-s18,,PASS,PASS_WITH_POLISH,,,,,,,,,,Trait blend is coherent enough for alien life. Continue reducing repeated long-neck quadrupeds and group multi-limbs into believable shoulder/mid/rear anatomy.,True,fauna-h2-s18.png,440,440,RGBA,34594b0df7485d0ebfd8eb159d90bc90c68f68eedc525ecfc43c70e734042795,,PASS_WITH_POLISH,,PASS,,,PASS — Trait blend is coherent for a procedural organism. Earth-species accuracy is not required.,PASS,PASS_WITH_POLISH -> PASS,,,,,,,,,,,,,,,,,fauna,PASS,PASS,POLISH,PASS,PASS,PASS_WITH_POLISH
procedural,fauna-h2-s19,,PASS,PASS_WITH_POLISH,,,,,,,,,,Trait blend is coherent enough for alien life. Continue reducing repeated long-neck quadrupeds and group multi-limbs into believable shoulder/mid/rear anatomy.,False,fauna-h2-s19.png,440,440,RGBA,f32943af7009a6289440e0dece670e06a93f057c46134ee8750ed3d9679a1e93,,PASS_WITH_POLISH,,PASS,,,PASS — Trait blend is coherent for a procedural organism. Earth-species accuracy is not required.,PASS,PASS_WITH_POLISH -> PASS,,,,,,,,,,,,,,,,,fauna,PASS,PASS,POLISH,PASS,PASS,PASS_WITH_POLISH
procedural,fauna-h2-s2,,PASS,PASS_WITH_POLISH,,,,,,,,,,Trait blend is coherent enough for alien life. Continue reducing repeated long-neck quadrupeds and group multi-limbs into believable shoulder/mid/rear anatomy.,True,fauna-h2-s2.png,440,440,RGBA,8901893b24df08f0cb7b8bac13cbcd96219b1c93a2ff99e296346c701e2a2f47,,PASS_WITH_POLISH,,PASS,,,PASS — Trait blend is coherent for a procedural organism. Earth-species accuracy is not required.,PASS,PASS_WITH_POLISH -> PASS,,,,,,,,,,,,,,,,,fauna,PASS,PASS,POLISH,PASS,PASS,PASS_WITH_POLISH
procedural,fauna-h2-s3,,PASS,PASS_WITH_POLISH,,,,,,,,,,Trait blend is coherent enough for alien life. Continue reducing repeated long-neck quadrupeds and group multi-limbs into believable shoulder/mid/rear anatomy.,True,fauna-h2-s3.png,440,440,RGBA,9c9428e7da350c8cb26c80e923f63e7c063653ad089325515c87358f7f7b7ffc,,PASS_WITH_POLISH,,PASS,,,PASS — Trait blend is coherent for a procedural organism. Earth-species accuracy is not required.,PASS,PASS_WITH_POLISH -> PASS,,,,,,,,,,,,,,,,,fauna,PASS,PASS,POLISH,PASS,PASS,PASS_WITH_POLISH
procedural,fauna-h2-s4,,PASS,PASS_WITH_POLISH,,,,,,,,,,Trait blend is coherent enough for alien life. Continue reducing repeated long-neck quadrupeds and group multi-limbs into believable shoulder/mid/rear anatomy.,False,fauna-h2-s4.png,440,440,RGBA,7c6765679432f19509155b79a3ba0b5ea18308486db1d97ac91f51213d7cb8e1,,PASS_WITH_POLISH,,PASS,,,PASS — Trait blend is coherent for a procedural organism. Earth-species accuracy is not required.,PASS,PASS_WITH_POLISH -> PASS,,,,,,,,,,,,,,,,,fauna,PASS,PASS,POLISH,PASS,PASS,PASS_WITH_POLISH
procedural,fauna-h2-s5,,PASS,PASS_WITH_POLISH,,,,,,,,,,Trait blend is coherent enough for alien life. Continue reducing repeated long-neck quadrupeds and group multi-limbs into believable shoulder/mid/rear anatomy.,True,fauna-h2-s5.png,440,440,RGBA,4ace157f842f63c1723176fbbcc2a67870012c725df89c6d4ce0b1e0c20ca294,,PASS_WITH_POLISH,,PASS,,,PASS — Trait blend is coherent for a procedural organism. Earth-species accuracy is not required.,PASS,PASS_WITH_POLISH -> PASS,,,,,,,,,,,,,,,,,fauna,PASS,PASS,POLISH,PASS,PASS,PASS_WITH_POLISH
procedural,fauna-h2-s6,,PASS,PASS_WITH_POLISH,,,,,,,,,,Trait blend is coherent enough for alien life. Continue reducing repeated long-neck quadrupeds and group multi-limbs into believable shoulder/mid/rear anatomy.,False,fauna-h2-s6.png,440,440,RGBA,4e749bf03b3d7f58a7cb67937bcdb56d3e19d5ba6294cc25640cc824295e9568,,PASS_WITH_POLISH,,PASS,,,PASS — Trait blend is coherent for a procedural organism. Earth-species accuracy is not required.,PASS,PASS_WITH_POLISH -> PASS,,,,,,,,,,,,,,,,,fauna,PASS,PASS,POLISH,PASS,PASS,PASS_WITH_POLISH
procedural,fauna-h2-s7,,PASS,PASS_WITH_POLISH,,,,,,,,,,Trait blend is coherent enough for alien life. Continue reducing repeated long-neck quadrupeds and group multi-limbs into believable shoulder/mid/rear anatomy.,False,fauna-h2-s7.png,440,440,RGBA,fa46fe461afe8f3f59905d7009611401ca442f9fc3231bf5e126bf8b3d66c27b,,PASS_WITH_POLISH,,PASS,,,PASS — Trait blend is coherent for a procedural organism. Earth-species accuracy is not required.,PASS,PASS_WITH_POLISH -> PASS,,,,,,,,,,,,,,,,,fauna,PASS,PASS,POLISH,PASS,PASS,PASS_WITH_POLISH
procedural,fauna-h2-s8,,PASS,PASS_WITH_POLISH,,,,,,,,,,Trait blend is coherent enough for alien life. Continue reducing repeated long-neck quadrupeds and group multi-limbs into believable shoulder/mid/rear anatomy.,False,fauna-h2-s8.png,440,440,RGBA,3aed950ceb1f32e8f70a3838ec2d33b59feac752b10716d704b2f29e6133c7e8,,PASS_WITH_POLISH,,PASS,,,PASS — Trait blend is coherent for a procedural organism. Earth-species accuracy is not required.,PASS,PASS_WITH_POLISH -> PASS,,,,,,,,,,,,,,,,,fauna,PASS,PASS,POLISH,PASS,PASS,PASS_WITH_POLISH
procedural,fauna-h2-s9,,PASS,PASS_WITH_POLISH,,,,,,,,,,Trait blend is coherent enough for alien life. Continue reducing repeated long-neck quadrupeds and group multi-limbs into believable shoulder/mid/rear anatomy.,False,fauna-h2-s9.png,440,440,RGBA,f867e6f6a11d92e5e666f5e7751e2bb25c25d1d9ce21cbdd4b8aa7c7c1caf206,,PASS_WITH_POLISH,,PASS,,,PASS — Trait blend is coherent for a procedural organism. Earth-species accuracy is not required.,PASS,PASS_WITH_POLISH -> PASS,,,,,,,,,,,,,,,,,fauna,PASS,PASS,POLISH,PASS,PASS,PASS_WITH_POLISH
procedural,flora-h0-s0,,PASS,PASS_WITH_POLISH,,,,,,,,,,"Growth-form blend is coherent. Add stronger root/holdfast, reproductive organ, harvest organ, and substrate cues.",False,flora-h0-s0.png,440,440,RGBA,a0693c12d8f9374e685f349436b7160269bd338396a1bd57a93cf1018cee94b8,,PASS_WITH_POLISH,,PASS,,,PASS — Trait blend is coherent for a procedural organism. Earth-species accuracy is not required.,PASS,PASS_WITH_POLISH -> PASS,,,,,,,,,,,,,,,,,flora,PASS,,POLISH,,PASS,PASS_WITH_POLISH
procedural,flora-h0-s1,,PASS,PASS_WITH_POLISH,,,,,,,,,,"Growth-form blend is coherent. Add stronger root/holdfast, reproductive organ, harvest organ, and substrate cues.",False,flora-h0-s1.png,440,440,RGBA,776bc6d40b486070425a1ba67073a6b959d6fef00e7ac23d2512e5686442f644,,PASS_WITH_POLISH,,PASS,,,PASS — Trait blend is coherent for a procedural organism. Earth-species accuracy is not required.,PASS,PASS_WITH_POLISH -> PASS,,,,,,,,,,,,,,,,,flora,PASS,,POLISH,,PASS,PASS_WITH_POLISH
procedural,flora-h0-s10,,PASS,PASS_WITH_POLISH,,,,,,,,,,"Growth-form blend is coherent. Add stronger root/holdfast, reproductive organ, harvest organ, and substrate cues.",False,flora-h0-s10.png,440,440,RGBA,cc91d57c141a7a375d3469adac27bfd159fe150dae81b3e0163e24779bb3639a,,PASS_WITH_POLISH,,PASS,,,PASS — Trait blend is coherent for a procedural organism. Earth-species accuracy is not required.,PASS,PASS_WITH_POLISH -> PASS,,,,,,,,,,,,,,,,,flora,PASS,,POLISH,,PASS,PASS_WITH_POLISH
procedural,flora-h0-s11,,PASS,PASS_WITH_POLISH,,,,,,,,,,"Growth-form blend is coherent. Add stronger root/holdfast, reproductive organ, harvest organ, and substrate cues.",False,flora-h0-s11.png,440,440,RGBA,df1bff704dcdef7f12a126fd4846a4ad91ac88e62913643797f559fb28531922,,PASS_WITH_POLISH,,PASS,,,PASS — Trait blend is coherent for a procedural organism. Earth-species accuracy is not required.,PASS,PASS_WITH_POLISH -> PASS,,,,,,,,,,,,,,,,,flora,PASS,,POLISH,,PASS,PASS_WITH_POLISH
procedural,flora-h0-s12,,PASS,PASS_WITH_POLISH,,,,,,,,,,"Growth-form blend is coherent. Add stronger root/holdfast, reproductive organ, harvest organ, and substrate cues.",False,flora-h0-s12.png,440,440,RGBA,0d4f7f5d06a0178e8aab86d299571a0ebfc691284d2ff80c7a03c26f10418a97,,PASS_WITH_POLISH,,PASS,,,PASS — Trait blend is coherent for a procedural organism. Earth-species accuracy is not required.,PASS,PASS_WITH_POLISH -> PASS,,,,,,,,,,,,,,,,,flora,PASS,,POLISH,,PASS,PASS_WITH_POLISH
procedural,flora-h0-s13,,PASS,PASS_WITH_POLISH,,,,,,,,,,"Growth-form blend is coherent. Add stronger root/holdfast, reproductive organ, harvest organ, and substrate cues.",False,flora-h0-s13.png,440,440,RGBA,b99649a963fa6988e668f69b1adbc536fb7da09d39e1a629ff88267ebbd63478,,PASS_WITH_POLISH,,PASS,,,PASS — Trait blend is coherent for a procedural organism. Earth-species accuracy is not required.,PASS,PASS_WITH_POLISH -> PASS,,,,,,,,,,,,,,,,,flora,PASS,,POLISH,,PASS,PASS_WITH_POLISH
procedural,flora-h0-s14,,PASS,PASS_WITH_POLISH,,,,,,,,,,"Growth-form blend is coherent. Add stronger root/holdfast, reproductive organ, harvest organ, and substrate cues.",False,flora-h0-s14.png,440,440,RGBA,d61397f7ff711b28da8413243dd63ffd11ef7e7f709616d2fad2209a693dbc3f,,PASS_WITH_POLISH,,PASS,,,PASS — Trait blend is coherent for a procedural organism. Earth-species accuracy is not required.,PASS,PASS_WITH_POLISH -> PASS,,,,,,,,,,,,,,,,,flora,PASS,,POLISH,,PASS,PASS_WITH_POLISH
procedural,flora-h0-s15,,PASS,PASS_WITH_POLISH,,,,,,,,,,"Growth-form blend is coherent. Add stronger root/holdfast, reproductive organ, harvest organ, and substrate cues.",False,flora-h0-s15.png,440,440,RGBA,23f4ce7d43482aa72c5aa1920ba0ae1ea7ca59e6c7dd7045722bd561e273e611,,PASS_WITH_POLISH,,PASS,,,PASS — Trait blend is coherent for a procedural organism. Earth-species accuracy is not required.,PASS,PASS_WITH_POLISH -> PASS,,,,,,,,,,,,,,,,,flora,PASS,,POLISH,,PASS,PASS_WITH_POLISH
procedural,flora-h0-s16,,PASS,PASS_WITH_POLISH,,,,,,,,,,"Growth-form blend is coherent. Add stronger root/holdfast, reproductive organ, harvest organ, and substrate cues.",False,flora-h0-s16.png,440,440,RGBA,82f1f60e581bd7f0b25b45aaae0673e6e7c8b487e5b992d2b34679509bb62a60,,PASS_WITH_POLISH,,PASS,,,PASS — Trait blend is coherent for a procedural organism. Earth-species accuracy is not required.,PASS,PASS_WITH_POLISH -> PASS,,,,,,,,,,,,,,,,,flora,PASS,,POLISH,,PASS,PASS_WITH_POLISH
procedural,flora-h0-s17,,PASS,PASS_WITH_POLISH,,,,,,,,,,"Growth-form blend is coherent. Add stronger root/holdfast, reproductive organ, harvest organ, and substrate cues.",False,flora-h0-s17.png,440,440,RGBA,18f8a98c6503288c1ac6d0ce023901e575382fc160ef910b734886897dff1a7f,,PASS_WITH_POLISH,,PASS,,,PASS — Trait blend is coherent for a procedural organism. Earth-species accuracy is not required.,PASS,PASS_WITH_POLISH -> PASS,,,,,,,,,,,,,,,,,flora,PASS,,POLISH,,PASS,PASS_WITH_POLISH
procedural,flora-h0-s18,,PASS,PASS_WITH_POLISH,,,,,,,,,,"Growth-form blend is coherent. Add stronger root/holdfast, reproductive organ, harvest organ, and substrate cues.",False,flora-h0-s18.png,440,440,RGBA,19f8f5644ad3df4cf758145877695e291f0d153f401211aa7028d8a289376583,,PASS_WITH_POLISH,,PASS,,,PASS — Trait blend is coherent for a procedural organism. Earth-species accuracy is not required.,PASS,PASS_WITH_POLISH -> PASS,,,,,,,,,,,,,,,,,flora,PASS,,POLISH,,PASS,PASS_WITH_POLISH
procedural,flora-h0-s19,,PASS,PASS_WITH_POLISH,,,,,,,,,,"Growth-form blend is coherent. Add stronger root/holdfast, reproductive organ, harvest organ, and substrate cues.",False,flora-h0-s19.png,440,440,RGBA,d2d6daafbff6ad54db78d347ccca66146a2b274d95bd1a2fbdd77efbf34d6f2a,,PASS_WITH_POLISH,,PASS,,,PASS — Trait blend is coherent for a procedural organism. Earth-species accuracy is not required.,PASS,PASS_WITH_POLISH -> PASS,,,,,,,,,,,,,,,,,flora,PASS,,POLISH,,PASS,PASS_WITH_POLISH
procedural,flora-h0-s2,,PASS,PASS_WITH_POLISH,,,,,,,,,,"Growth-form blend is coherent. Add stronger root/holdfast, reproductive organ, harvest organ, and substrate cues.",False,flora-h0-s2.png,440,440,RGBA,77ebc0f8ca069a5e926ba75a464a8cf5ea3ccfc1b03b48241c257b121d5542e5,,PASS_WITH_POLISH,,PASS,,,PASS — Trait blend is coherent for a procedural organism. Earth-species accuracy is not required.,PASS,PASS_WITH_POLISH -> PASS,,,,,,,,,,,,,,,,,flora,PASS,,POLISH,,PASS,PASS_WITH_POLISH
procedural,flora-h0-s3,,PASS,PASS_WITH_POLISH,,,,,,,,,,"Growth-form blend is coherent. Add stronger root/holdfast, reproductive organ, harvest organ, and substrate cues.",False,flora-h0-s3.png,440,440,RGBA,c34fe1533e62e4c85c79ed0ebca8ace3e94a167986cc5e6da2b8b85f30d7e143,,PASS_WITH_POLISH,,PASS,,,PASS — Trait blend is coherent for a procedural organism. Earth-species accuracy is not required.,PASS,PASS_WITH_POLISH -> PASS,,,,,,,,,,,,,,,,,flora,PASS,,POLISH,,PASS,PASS_WITH_POLISH
procedural,flora-h0-s4,,PASS,PASS_WITH_POLISH,,,,,,,,,,"Growth-form blend is coherent. Add stronger root/holdfast, reproductive organ, harvest organ, and substrate cues.",False,flora-h0-s4.png,440,440,RGBA,5c532f3627022c5aa64c91b5113107177ae8dc32e1ffc0b13d87bf6aff30d0ba,,PASS_WITH_POLISH,,PASS,,,PASS — Trait blend is coherent for a procedural organism. Earth-species accuracy is not required.,PASS,PASS_WITH_POLISH -> PASS,,,,,,,,,,,,,,,,,flora,PASS,,POLISH,,PASS,PASS_WITH_POLISH
procedural,flora-h0-s5,,PASS,PASS_WITH_POLISH,,,,,,,,,,"Growth-form blend is coherent. Add stronger root/holdfast, reproductive organ, harvest organ, and substrate cues.",False,flora-h0-s5.png,440,440,RGBA,f302971e4e010c166840191a3681acd8349be8e23be7ed6896e8160aaecc1ac0,,PASS_WITH_POLISH,,PASS,,,PASS — Trait blend is coherent for a procedural organism. Earth-species accuracy is not required.,PASS,PASS_WITH_POLISH -> PASS,,,,,,,,,,,,,,,,,flora,PASS,,POLISH,,PASS,PASS_WITH_POLISH
procedural,flora-h0-s6,,PASS,PASS_WITH_POLISH,,,,,,,,,,"Growth-form blend is coherent. Add stronger root/holdfast, reproductive organ, harvest organ, and substrate cues.",False,flora-h0-s6.png,440,440,RGBA,8da0f4f984421da466e9b8398b5616da60b6ec2a8a703abe9b3fe5a6e3110f50,,PASS_WITH_POLISH,,PASS,,,PASS — Trait blend is coherent for a procedural organism. Earth-species accuracy is not required.,PASS,PASS_WITH_POLISH -> PASS,,,,,,,,,,,,,,,,,flora,PASS,,POLISH,,PASS,PASS_WITH_POLISH
procedural,flora-h0-s7,,PASS,PASS_WITH_POLISH,,,,,,,,,,"Growth-form blend is coherent. Add stronger root/holdfast, reproductive organ, harvest organ, and substrate cues.",False,flora-h0-s7.png,440,440,RGBA,92efdac3b302eee9d64d47228dc6f83802441820b004ce8eddc8c1e87f860240,,PASS_WITH_POLISH,,PASS,,,PASS — Trait blend is coherent for a procedural organism. Earth-species accuracy is not required.,PASS,PASS_WITH_POLISH -> PASS,,,,,,,,,,,,,,,,,flora,PASS,,POLISH,,PASS,PASS_WITH_POLISH
procedural,flora-h0-s8,,PASS,PASS_WITH_POLISH,,,,,,,,,,"Growth-form blend is coherent. Add stronger root/holdfast, reproductive organ, harvest organ, and substrate cues.",False,flora-h0-s8.png,440,440,RGBA,0b8ebf75e7d04e8e1fd2a82940e28994e27c3ea9871da8f2641b02a7c17067f2,,PASS_WITH_POLISH,,PASS,,,PASS — Trait blend is coherent for a procedural organism. Earth-species accuracy is not required.,PASS,PASS_WITH_POLISH -> PASS,,,,,,,,,,,,,,,,,flora,PASS,,POLISH,,PASS,PASS_WITH_POLISH
procedural,flora-h0-s9,,PASS,PASS_WITH_POLISH,,,,,,,,,,"Growth-form blend is coherent. Add stronger root/holdfast, reproductive organ, harvest organ, and substrate cues.",False,flora-h0-s9.png,440,440,RGBA,e24b2f47edaf0afa666ee4d3fe00604ca020355a5725a3c767c5b6d4f74a8f7b,,PASS_WITH_POLISH,,PASS,,,PASS — Trait blend is coherent for a procedural organism. Earth-species accuracy is not required.,PASS,PASS_WITH_POLISH -> PASS,,,,,,,,,,,,,,,,,flora,PASS,,POLISH,,PASS,PASS_WITH_POLISH
procedural,flora-h1-s0,,PASS,PASS_WITH_POLISH,,,,,,,,,,"Growth-form blend is coherent. Add stronger root/holdfast, reproductive organ, harvest organ, and substrate cues.",False,flora-h1-s0.png,440,440,RGBA,07c13bcecf101d19b862bc211d2a2e32d92e846b32d8f8b681ca2b6f2e2d4ff0,,PASS_WITH_POLISH,,PASS,,,PASS — Trait blend is coherent for a procedural organism. Earth-species accuracy is not required.,PASS,PASS_WITH_POLISH -> PASS,,,,,,,,,,,,,,,,,flora,PASS,,POLISH,,PASS,PASS_WITH_POLISH
procedural,flora-h1-s1,,PASS,PASS_WITH_POLISH,,,,,,,,,,"Growth-form blend is coherent. Add stronger root/holdfast, reproductive organ, harvest organ, and substrate cues.",False,flora-h1-s1.png,440,440,RGBA,fc46e5ea53fe9abff5e1cd469b345d2ce337d98ede315ce7df4915b0ea497ba8,,PASS_WITH_POLISH,,PASS,,,PASS — Trait blend is coherent for a procedural organism. Earth-species accuracy is not required.,PASS,PASS_WITH_POLISH -> PASS,,,,,,,,,,,,,,,,,flora,PASS,,POLISH,,PASS,PASS_WITH_POLISH
procedural,flora-h1-s10,,PASS,PASS_WITH_POLISH,,,,,,,,,,"Growth-form blend is coherent. Add stronger root/holdfast, reproductive organ, harvest organ, and substrate cues.",False,flora-h1-s10.png,440,440,RGBA,d24b8a940c5d4e731612176866d11c6e027b42dfa06a41291a55bf288cfbb76f,,PASS_WITH_POLISH,,PASS,,,PASS — Trait blend is coherent for a procedural organism. Earth-species accuracy is not required.,PASS,PASS_WITH_POLISH -> PASS,,,,,,,,,,,,,,,,,flora,PASS,,POLISH,,PASS,PASS_WITH_POLISH
procedural,flora-h1-s11,,PASS,PASS_WITH_POLISH,,,,,,,,,,"Growth-form blend is coherent. Add stronger root/holdfast, reproductive organ, harvest organ, and substrate cues.",False,flora-h1-s11.png,440,440,RGBA,4d66b449af5d0be6134288fb6dbd40ac2073d224cf544dccd4dd470aec29ee5a,,PASS_WITH_POLISH,,PASS,,,PASS — Trait blend is coherent for a procedural organism. Earth-species accuracy is not required.,PASS,PASS_WITH_POLISH -> PASS,,,,,,,,,,,,,,,,,flora,PASS,,POLISH,,PASS,PASS_WITH_POLISH
procedural,flora-h1-s12,,PASS,PASS_WITH_POLISH,,,,,,,,,,"Growth-form blend is coherent. Add stronger root/holdfast, reproductive organ, harvest organ, and substrate cues.",False,flora-h1-s12.png,440,440,RGBA,0847bf023c03a5c55c8ce3f87e509f2f8019ba9bc5f8946883c3c7d3da5a9d53,,PASS_WITH_POLISH,,PASS,,,PASS — Trait blend is coherent for a procedural organism. Earth-species accuracy is not required.,PASS,PASS_WITH_POLISH -> PASS,,,,,,,,,,,,,,,,,flora,PASS,,POLISH,,PASS,PASS_WITH_POLISH
procedural,flora-h1-s13,,PASS,PASS_WITH_POLISH,,,,,,,,,,"Growth-form blend is coherent. Add stronger root/holdfast, reproductive organ, harvest organ, and substrate cues.",False,flora-h1-s13.png,440,440,RGBA,87bbee398fc6419267fad5fd4ad137f2bf63d4393bd576ba8f637b86aadb07ae,,PASS_WITH_POLISH,,PASS,,,PASS — Trait blend is coherent for a procedural organism. Earth-species accuracy is not required.,PASS,PASS_WITH_POLISH -> PASS,,,,,,,,,,,,,,,,,flora,PASS,,POLISH,,PASS,PASS_WITH_POLISH
procedural,flora-h1-s14,,PASS,PASS_WITH_POLISH,,,,,,,,,,"Growth-form blend is coherent. Add stronger root/holdfast, reproductive organ, harvest organ, and substrate cues.",False,flora-h1-s14.png,440,440,RGBA,7a7edf2e9d2d48ce1bfd1c078a2ad57b7730f0b2c4c0de5d698e9ff8ea380bf3,,PASS_WITH_POLISH,,PASS,,,PASS — Trait blend is coherent for a procedural organism. Earth-species accuracy is not required.,PASS,PASS_WITH_POLISH -> PASS,,,,,,,,,,,,,,,,,flora,PASS,,POLISH,,PASS,PASS_WITH_POLISH
procedural,flora-h1-s15,,PASS,PASS_WITH_POLISH,,,,,,,,,,"Growth-form blend is coherent. Add stronger root/holdfast, reproductive organ, harvest organ, and substrate cues.",False,flora-h1-s15.png,440,440,RGBA,0bcc84575bf6ef3394041c5eb5df064503fb681d1d5a37815f2e0d35d953b4d0,,PASS_WITH_POLISH,,PASS,,,PASS — Trait blend is coherent for a procedural organism. Earth-species accuracy is not required.,PASS,PASS_WITH_POLISH -> PASS,,,,,,,,,,,,,,,,,flora,PASS,,POLISH,,PASS,PASS_WITH_POLISH
procedural,flora-h1-s16,,PASS,PASS_WITH_POLISH,,,,,,,,,,"Growth-form blend is coherent. Add stronger root/holdfast, reproductive organ, harvest organ, and substrate cues.",False,flora-h1-s16.png,440,440,RGBA,978dc939ed4c9829608582afa5070202c99cf7206fbdec1423927f82781e6e1c,,PASS_WITH_POLISH,,PASS,,,PASS — Trait blend is coherent for a procedural organism. Earth-species accuracy is not required.,PASS,PASS_WITH_POLISH -> PASS,,,,,,,,,,,,,,,,,flora,PASS,,POLISH,,PASS,PASS_WITH_POLISH
procedural,flora-h1-s17,,PASS,PASS_WITH_POLISH,,,,,,,,,,"Growth-form blend is coherent. Add stronger root/holdfast, reproductive organ, harvest organ, and substrate cues.",False,flora-h1-s17.png,440,440,RGBA,2f92b1e72b7d108829708bec4a63a1a2392dd4fc17679ea4aeba0f9ace3d09f7,,PASS_WITH_POLISH,,PASS,,,PASS — Trait blend is coherent for a procedural organism. Earth-species accuracy is not required.,PASS,PASS_WITH_POLISH -> PASS,,,,,,,,,,,,,,,,,flora,PASS,,POLISH,,PASS,PASS_WITH_POLISH
procedural,flora-h1-s18,,PASS,PASS_WITH_POLISH,,,,,,,,,,"Growth-form blend is coherent. Add stronger root/holdfast, reproductive organ, harvest organ, and substrate cues.",False,flora-h1-s18.png,440,440,RGBA,6335d08d26b7944c9dfc10b1c01eec5c16a1fc4a51a6d581371ebe39c1ff7fcb,,PASS_WITH_POLISH,,PASS,,,PASS — Trait blend is coherent for a procedural organism. Earth-species accuracy is not required.,PASS,PASS_WITH_POLISH -> PASS,,,,,,,,,,,,,,,,,flora,PASS,,POLISH,,PASS,PASS_WITH_POLISH
procedural,flora-h1-s19,,PASS,PASS_WITH_POLISH,,,,,,,,,,"Growth-form blend is coherent. Add stronger root/holdfast, reproductive organ, harvest organ, and substrate cues.",False,flora-h1-s19.png,440,440,RGBA,7acecdbc89737397b8041b7581dd2c9b4ea7acf10b3df834df85d94367994585,,PASS_WITH_POLISH,,PASS,,,PASS — Trait blend is coherent for a procedural organism. Earth-species accuracy is not required.,PASS,PASS_WITH_POLISH -> PASS,,,,,,,,,,,,,,,,,flora,PASS,,POLISH,,PASS,PASS_WITH_POLISH
procedural,flora-h1-s2,,PASS,PASS_WITH_POLISH,,,,,,,,,,"Growth-form blend is coherent. Add stronger root/holdfast, reproductive organ, harvest organ, and substrate cues.",False,flora-h1-s2.png,440,440,RGBA,48c29a1da297f4920b52c2b0a75be31c6a14ce09866332f5cd1774b2dd92c848,,PASS_WITH_POLISH,,PASS,,,PASS — Trait blend is coherent for a procedural organism. Earth-species accuracy is not required.,PASS,PASS_WITH_POLISH -> PASS,,,,,,,,,,,,,,,,,flora,PASS,,POLISH,,PASS,PASS_WITH_POLISH
procedural,flora-h1-s3,,PASS,PASS_WITH_POLISH,,,,,,,,,,"Growth-form blend is coherent. Add stronger root/holdfast, reproductive organ, harvest organ, and substrate cues.",False,flora-h1-s3.png,440,440,RGBA,2af1ee9d8977b2898d6c19be54e26a8bfbdccc916478353be4926d14f1a1fccc,,PASS_WITH_POLISH,,PASS,,,PASS — Trait blend is coherent for a procedural organism. Earth-species accuracy is not required.,PASS,PASS_WITH_POLISH -> PASS,,,,,,,,,,,,,,,,,flora,PASS,,POLISH,,PASS,PASS_WITH_POLISH
procedural,flora-h1-s4,,PASS,PASS_WITH_POLISH,,,,,,,,,,"Growth-form blend is coherent. Add stronger root/holdfast, reproductive organ, harvest organ, and substrate cues.",False,flora-h1-s4.png,440,440,RGBA,770a75c47facb3f54d906fce80c34045a87bf90853810d35d4134fb9580608d0,,PASS_WITH_POLISH,,PASS,,,PASS — Trait blend is coherent for a procedural organism. Earth-species accuracy is not required.,PASS,PASS_WITH_POLISH -> PASS,,,,,,,,,,,,,,,,,flora,PASS,,POLISH,,PASS,PASS_WITH_POLISH
procedural,flora-h1-s5,,PASS,PASS_WITH_POLISH,,,,,,,,,,"Growth-form blend is coherent. Add stronger root/holdfast, reproductive organ, harvest organ, and substrate cues.",False,flora-h1-s5.png,440,440,RGBA,0b75923866127a74a8449711b46a2b30501d73124dc2372c0e15d1d1f78ff9c0,,PASS_WITH_POLISH,,PASS,,,PASS — Trait blend is coherent for a procedural organism. Earth-species accuracy is not required.,PASS,PASS_WITH_POLISH -> PASS,,,,,,,,,,,,,,,,,flora,PASS,,POLISH,,PASS,PASS_WITH_POLISH
procedural,flora-h1-s6,,PASS,PASS_WITH_POLISH,,,,,,,,,,"Growth-form blend is coherent. Add stronger root/holdfast, reproductive organ, harvest organ, and substrate cues.",False,flora-h1-s6.png,440,440,RGBA,6022cb327f4c0b1476c171835e3c5090ae1a0580d0d806e9f715ce4f28911089,,PASS_WITH_POLISH,,PASS,,,PASS — Trait blend is coherent for a procedural organism. Earth-species accuracy is not required.,PASS,PASS_WITH_POLISH -> PASS,,,,,,,,,,,,,,,,,flora,PASS,,POLISH,,PASS,PASS_WITH_POLISH
procedural,flora-h1-s7,,PASS,PASS_WITH_POLISH,,,,,,,,,,"Growth-form blend is coherent. Add stronger root/holdfast, reproductive organ, harvest organ, and substrate cues.",False,flora-h1-s7.png,440,440,RGBA,4fd4e326ecf0e2dd4b811ebc13292363d31926b74e2cce1a2475f4bc347c5ae1,,PASS_WITH_POLISH,,PASS,,,PASS — Trait blend is coherent for a procedural organism. Earth-species accuracy is not required.,PASS,PASS_WITH_POLISH -> PASS,,,,,,,,,,,,,,,,,flora,PASS,,POLISH,,PASS,PASS_WITH_POLISH
procedural,flora-h1-s8,,PASS,PASS_WITH_POLISH,,,,,,,,,,"Growth-form blend is coherent. Add stronger root/holdfast, reproductive organ, harvest organ, and substrate cues.",False,flora-h1-s8.png,440,440,RGBA,0c91c48c75cbe4613de653991a65e11b6d0efefdd2234aa0aacfb79ee599a621,,PASS_WITH_POLISH,,PASS,,,PASS — Trait blend is coherent for a procedural organism. Earth-species accuracy is not required.,PASS,PASS_WITH_POLISH -> PASS,,,,,,,,,,,,,,,,,flora,PASS,,POLISH,,PASS,PASS_WITH_POLISH
procedural,flora-h1-s9,,PASS,PASS_WITH_POLISH,,,,,,,,,,"Growth-form blend is coherent. Add stronger root/holdfast, reproductive organ, harvest organ, and substrate cues.",False,flora-h1-s9.png,440,440,RGBA,f193af0a7f04208ead8f106e00b00e0ac914ba81bb89de61049a6c36781dcf35,,PASS_WITH_POLISH,,PASS,,,PASS — Trait blend is coherent for a procedural organism. Earth-species accuracy is not required.,PASS,PASS_WITH_POLISH -> PASS,,,,,,,,,,,,,,,,,flora,PASS,,POLISH,,PASS,PASS_WITH_POLISH
procedural,flora-h2-s0,,PASS,PASS_WITH_POLISH,,,,,,,,,,"Growth-form blend is coherent. Add stronger root/holdfast, reproductive organ, harvest organ, and substrate cues.",False,flora-h2-s0.png,440,440,RGBA,abdc5b86296f357061b912c03216404dc907a9bced34d94b68ee6ea052057402,,PASS_WITH_POLISH,,PASS,,,PASS — Trait blend is coherent for a procedural organism. Earth-species accuracy is not required.,PASS,PASS_WITH_POLISH -> PASS,,,,,,,,,,,,,,,,,flora,PASS,,POLISH,,PASS,PASS_WITH_POLISH
procedural,flora-h2-s1,,PASS,PASS_WITH_POLISH,,,,,,,,,,"Growth-form blend is coherent. Add stronger root/holdfast, reproductive organ, harvest organ, and substrate cues.",False,flora-h2-s1.png,440,440,RGBA,02859e27c07c6184af0cd7918299d842aa37e6b572b9bdbbb3ec475ca8127850,,PASS_WITH_POLISH,,PASS,,,PASS — Trait blend is coherent for a procedural organism. Earth-species accuracy is not required.,PASS,PASS_WITH_POLISH -> PASS,,,,,,,,,,,,,,,,,flora,PASS,,POLISH,,PASS,PASS_WITH_POLISH
procedural,flora-h2-s10,,PASS,PASS_WITH_POLISH,,,,,,,,,,"Growth-form blend is coherent. Add stronger root/holdfast, reproductive organ, harvest organ, and substrate cues.",False,flora-h2-s10.png,440,440,RGBA,c084e3681a99e08006ae21c6a5e2e10262f1783427d6c06ff9f970080d482866,,PASS_WITH_POLISH,,PASS,,,PASS — Trait blend is coherent for a procedural organism. Earth-species accuracy is not required.,PASS,PASS_WITH_POLISH -> PASS,,,,,,,,,,,,,,,,,flora,PASS,,POLISH,,PASS,PASS_WITH_POLISH
procedural,flora-h2-s11,,PASS,PASS_WITH_POLISH,,,,,,,,,,"Growth-form blend is coherent. Add stronger root/holdfast, reproductive organ, harvest organ, and substrate cues.",False,flora-h2-s11.png,440,440,RGBA,0ad0037dff7b207382234c5a49c6a6dfe5b4d2543eb2249288a21bded38b8ce2,,PASS_WITH_POLISH,,PASS,,,PASS — Trait blend is coherent for a procedural organism. Earth-species accuracy is not required.,PASS,PASS_WITH_POLISH -> PASS,,,,,,,,,,,,,,,,,flora,PASS,,POLISH,,PASS,PASS_WITH_POLISH
procedural,flora-h2-s12,,PASS,PASS_WITH_POLISH,,,,,,,,,,"Growth-form blend is coherent. Add stronger root/holdfast, reproductive organ, harvest organ, and substrate cues.",False,flora-h2-s12.png,440,440,RGBA,4fffb9616681dd3f233301da91ad8923015c133ad8c4b8dfb5e221b9248f66b1,,PASS_WITH_POLISH,,PASS,,,PASS — Trait blend is coherent for a procedural organism. Earth-species accuracy is not required.,PASS,PASS_WITH_POLISH -> PASS,,,,,,,,,,,,,,,,,flora,PASS,,POLISH,,PASS,PASS_WITH_POLISH
procedural,flora-h2-s13,,PASS,PASS_WITH_POLISH,,,,,,,,,,"Growth-form blend is coherent. Add stronger root/holdfast, reproductive organ, harvest organ, and substrate cues.",False,flora-h2-s13.png,440,440,RGBA,ace0e65ce72c0321f1292d018c54a3dfacbdd59cb1e45b58589ee817725f802d,,PASS_WITH_POLISH,,PASS,,,PASS — Trait blend is coherent for a procedural organism. Earth-species accuracy is not required.,PASS,PASS_WITH_POLISH -> PASS,,,,,,,,,,,,,,,,,flora,PASS,,POLISH,,PASS,PASS_WITH_POLISH
procedural,flora-h2-s14,,PASS,PASS_WITH_POLISH,,,,,,,,,,"Growth-form blend is coherent. Add stronger root/holdfast, reproductive organ, harvest organ, and substrate cues.",False,flora-h2-s14.png,440,440,RGBA,9672560e2bd76ff055b51458655b658ea9c53b4b509072cbec80a195238d9c13,,PASS_WITH_POLISH,,PASS,,,PASS — Trait blend is coherent for a procedural organism. Earth-species accuracy is not required.,PASS,PASS_WITH_POLISH -> PASS,,,,,,,,,,,,,,,,,flora,PASS,,POLISH,,PASS,PASS_WITH_POLISH
procedural,flora-h2-s15,,PASS,PASS_WITH_POLISH,,,,,,,,,,"Growth-form blend is coherent. Add stronger root/holdfast, reproductive organ, harvest organ, and substrate cues.",False,flora-h2-s15.png,440,440,RGBA,29b59d3d7f28d9c13091fd0c198565a192690b294699e2e59b8b56aba61a0467,,PASS_WITH_POLISH,,PASS,,,PASS — Trait blend is coherent for a procedural organism. Earth-species accuracy is not required.,PASS,PASS_WITH_POLISH -> PASS,,,,,,,,,,,,,,,,,flora,PASS,,POLISH,,PASS,PASS_WITH_POLISH
procedural,flora-h2-s16,,PASS,PASS_WITH_POLISH,,,,,,,,,,"Growth-form blend is coherent. Add stronger root/holdfast, reproductive organ, harvest organ, and substrate cues.",False,flora-h2-s16.png,440,440,RGBA,60899e400eba8c11329801c29a2ca344bf4fccfba9791dcab77d191c30f85c3e,,PASS_WITH_POLISH,,PASS,,,PASS — Trait blend is coherent for a procedural organism. Earth-species accuracy is not required.,PASS,PASS_WITH_POLISH -> PASS,,,,,,,,,,,,,,,,,flora,PASS,,POLISH,,PASS,PASS_WITH_POLISH
procedural,flora-h2-s17,,PASS,PASS_WITH_POLISH,,,,,,,,,,"Growth-form blend is coherent. Add stronger root/holdfast, reproductive organ, harvest organ, and substrate cues.",False,flora-h2-s17.png,440,440,RGBA,6e325b1ef57aeb79610976ef1f36bb99bf069b2adcc2f27c8afe352c655d283d,,PASS_WITH_POLISH,,PASS,,,PASS — Trait blend is coherent for a procedural organism. Earth-species accuracy is not required.,PASS,PASS_WITH_POLISH -> PASS,,,,,,,,,,,,,,,,,flora,PASS,,POLISH,,PASS,PASS_WITH_POLISH
procedural,flora-h2-s18,,PASS,PASS_WITH_POLISH,,,,,,,,,,"Growth-form blend is coherent. Add stronger root/holdfast, reproductive organ, harvest organ, and substrate cues.",False,flora-h2-s18.png,440,440,RGBA,b884e82685930dff1f1ff51d2fb5ed71af888aa6cef23f0ddf0fffafc40af8c3,,PASS_WITH_POLISH,,PASS,,,PASS — Trait blend is coherent for a procedural organism. Earth-species accuracy is not required.,PASS,PASS_WITH_POLISH -> PASS,,,,,,,,,,,,,,,,,flora,PASS,,POLISH,,PASS,PASS_WITH_POLISH
procedural,flora-h2-s19,,PASS,PASS_WITH_POLISH,,,,,,,,,,"Growth-form blend is coherent. Add stronger root/holdfast, reproductive organ, harvest organ, and substrate cues.",False,flora-h2-s19.png,440,440,RGBA,36e46c51a33a03266b3cc9eecd8c646aa6b4761287e82defeb631fa862f50803,,PASS_WITH_POLISH,,PASS,,,PASS — Trait blend is coherent for a procedural organism. Earth-species accuracy is not required.,PASS,PASS_WITH_POLISH -> PASS,,,,,,,,,,,,,,,,,flora,PASS,,POLISH,,PASS,PASS_WITH_POLISH
procedural,flora-h2-s2,,PASS,PASS_WITH_POLISH,,,,,,,,,,"Growth-form blend is coherent. Add stronger root/holdfast, reproductive organ, harvest organ, and substrate cues.",False,flora-h2-s2.png,440,440,RGBA,8744be4141f3917890d79c03152834329fbf785ea045e9cfd72aa56401a4d186,,PASS_WITH_POLISH,,PASS,,,PASS — Trait blend is coherent for a procedural organism. Earth-species accuracy is not required.,PASS,PASS_WITH_POLISH -> PASS,,,,,,,,,,,,,,,,,flora,PASS,,POLISH,,PASS,PASS_WITH_POLISH
procedural,flora-h2-s3,,PASS,PASS_WITH_POLISH,,,,,,,,,,"Growth-form blend is coherent. Add stronger root/holdfast, reproductive organ, harvest organ, and substrate cues.",False,flora-h2-s3.png,440,440,RGBA,0fa406353e7a8af9c045cd2fa08651bc5858268a625c4e24597951f444beb64b,,PASS_WITH_POLISH,,PASS,,,PASS — Trait blend is coherent for a procedural organism. Earth-species accuracy is not required.,PASS,PASS_WITH_POLISH -> PASS,,,,,,,,,,,,,,,,,flora,PASS,,POLISH,,PASS,PASS_WITH_POLISH
procedural,flora-h2-s4,,PASS,PASS_WITH_POLISH,,,,,,,,,,"Growth-form blend is coherent. Add stronger root/holdfast, reproductive organ, harvest organ, and substrate cues.",False,flora-h2-s4.png,440,440,RGBA,cc4192e5b3fdaa0050224e4b0e71ef56d9a5380f9e9bea8391894568f4e2a6bf,,PASS_WITH_POLISH,,PASS,,,PASS — Trait blend is coherent for a procedural organism. Earth-species accuracy is not required.,PASS,PASS_WITH_POLISH -> PASS,,,,,,,,,,,,,,,,,flora,PASS,,POLISH,,PASS,PASS_WITH_POLISH
procedural,flora-h2-s5,,PASS,PASS_WITH_POLISH,,,,,,,,,,"Growth-form blend is coherent. Add stronger root/holdfast, reproductive organ, harvest organ, and substrate cues.",False,flora-h2-s5.png,440,440,RGBA,3592338a920ecea98bb63e80a8bc6cb29d46539fd7723b963068800c8838e261,,PASS_WITH_POLISH,,PASS,,,PASS — Trait blend is coherent for a procedural organism. Earth-species accuracy is not required.,PASS,PASS_WITH_POLISH -> PASS,,,,,,,,,,,,,,,,,flora,PASS,,POLISH,,PASS,PASS_WITH_POLISH
procedural,flora-h2-s6,,PASS,PASS_WITH_POLISH,,,,,,,,,,"Growth-form blend is coherent. Add stronger root/holdfast, reproductive organ, harvest organ, and substrate cues.",False,flora-h2-s6.png,440,440,RGBA,d1f94bbba1668b2034fc93679337d26bb9f738e4dcdbd2218dc36e6402cb3174,,PASS_WITH_POLISH,,PASS,,,PASS — Trait blend is coherent for a procedural organism. Earth-species accuracy is not required.,PASS,PASS_WITH_POLISH -> PASS,,,,,,,,,,,,,,,,,flora,PASS,,POLISH,,PASS,PASS_WITH_POLISH
procedural,flora-h2-s7,,PASS,PASS_WITH_POLISH,,,,,,,,,,"Growth-form blend is coherent. Add stronger root/holdfast, reproductive organ, harvest organ, and substrate cues.",False,flora-h2-s7.png,440,440,RGBA,aad06105df3980c3dd44701c3fcea91ddc333d1ff8132e6fb82a2e7239d7db14,,PASS_WITH_POLISH,,PASS,,,PASS — Trait blend is coherent for a procedural organism. Earth-species accuracy is not required.,PASS,PASS_WITH_POLISH -> PASS,,,,,,,,,,,,,,,,,flora,PASS,,POLISH,,PASS,PASS_WITH_POLISH
procedural,flora-h2-s8,,PASS,PASS_WITH_POLISH,,,,,,,,,,"Growth-form blend is coherent. Add stronger root/holdfast, reproductive organ, harvest organ, and substrate cues.",False,flora-h2-s8.png,440,440,RGBA,23f6657fd3e291e16efbf66c5e5c5a41ef31c1d6e7bdfec02bc769197994cf2c,,PASS_WITH_POLISH,,PASS,,,PASS — Trait blend is coherent for a procedural organism. Earth-species accuracy is not required.,PASS,PASS_WITH_POLISH -> PASS,,,,,,,,,,,,,,,,,flora,PASS,,POLISH,,PASS,PASS_WITH_POLISH
procedural,flora-h2-s9,,PASS,PASS_WITH_POLISH,,,,,,,,,,"Growth-form blend is coherent. Add stronger root/holdfast, reproductive organ, harvest organ, and substrate cues.",False,flora-h2-s9.png,440,440,RGBA,3bcd65890b674862fced894821f439bad63ab974f353e9147433c3dd051f78ef,,PASS_WITH_POLISH,,PASS,,,PASS — Trait blend is coherent for a procedural organism. Earth-species accuracy is not required.,PASS,PASS_WITH_POLISH -> PASS,,,,,,,,,,,,,,,,,flora,PASS,,POLISH,,PASS,PASS_WITH_POLISH
procedural,fungi-h0-s0,,PASS,PASS_WITH_POLISH,,,,,,,,,,Multiple fungal structural families are now present. Increase within-family variation and avoid exact duplicate seeded outputs.,True,fungi-h0-s0.png,440,440,RGBA,5d5936627efabc07b4e98b28be155b744ecaf590b007d18a4d1646c8b94e1747,,PASS_WITH_POLISH,,PASS,,,PASS — Trait blend is coherent for a procedural organism. Earth-species accuracy is not required.,PASS,PASS_WITH_POLISH -> PASS,,,,,,,,,,,,,,,,,fungi,PASS,,POLISH,,PASS,PASS_WITH_POLISH
procedural,fungi-h0-s1,,PASS,PASS_WITH_POLISH,,,,,,,,,,Multiple fungal structural families are now present. Increase within-family variation and avoid exact duplicate seeded outputs.,True,fungi-h0-s1.png,440,440,RGBA,c75ef5c18319c4fa3d87c360ece251eebc142c9dcd4c52bf1ae6ff7cc547a755,,PASS_WITH_POLISH,,PASS,,,PASS — Trait blend is coherent for a procedural organism. Earth-species accuracy is not required.,PASS,PASS_WITH_POLISH -> PASS,,,,,,,,,,,,,,,,,fungi,PASS,,POLISH,,PASS,PASS_WITH_POLISH
procedural,fungi-h0-s10,,PASS,PASS_WITH_POLISH,,,,,,,,,,Multiple fungal structural families are now present. Increase within-family variation and avoid exact duplicate seeded outputs.,True,fungi-h0-s10.png,440,440,RGBA,176e3565da06acde7ebd902b86ff3eb138e57af3c9252807e64bfda75a7dd3b3,,PASS_WITH_POLISH,,PASS,,,PASS — Trait blend is coherent for a procedural organism. Earth-species accuracy is not required.,PASS,PASS_WITH_POLISH -> PASS,,,,,,,,,,,,,,,,,fungi,PASS,,POLISH,,PASS,PASS_WITH_POLISH
procedural,fungi-h0-s11,,PASS,PASS_WITH_POLISH,,,,,,,,,,Multiple fungal structural families are now present. Increase within-family variation and avoid exact duplicate seeded outputs.,True,fungi-h0-s11.png,440,440,RGBA,0aa4d22a92a1b279af9ce00e771977dcd1b02ca8e8d1c7f24708081bf984305b,,PASS_WITH_POLISH,,PASS,,,PASS — Trait blend is coherent for a procedural organism. Earth-species accuracy is not required.,PASS,PASS_WITH_POLISH -> PASS,,,,,,,,,,,,,,,,,fungi,PASS,,POLISH,,PASS,PASS_WITH_POLISH
procedural,fungi-h0-s12,,PASS,PASS_WITH_POLISH,,,,,,,,,,Multiple fungal structural families are now present. Increase within-family variation and avoid exact duplicate seeded outputs.,True,fungi-h0-s12.png,440,440,RGBA,11e6417b750cb5f6f4a66ac319bdf9be88724c9d5824e2fc423f4cdb5a598532,,PASS_WITH_POLISH,,PASS,,,PASS — Trait blend is coherent for a procedural organism. Earth-species accuracy is not required.,PASS,PASS_WITH_POLISH -> PASS,,,,,,,,,,,,,,,,,fungi,PASS,,POLISH,,PASS,PASS_WITH_POLISH
procedural,fungi-h0-s13,,PASS,PASS_WITH_POLISH,,,,,,,,,,Multiple fungal structural families are now present. Increase within-family variation and avoid exact duplicate seeded outputs.,True,fungi-h0-s13.png,440,440,RGBA,d9f6619443f9faa31c9241e816e1232bf9d4e1022e9145238e806619fb511849,,PASS_WITH_POLISH,,PASS,,,PASS — Trait blend is coherent for a procedural organism. Earth-species accuracy is not required.,PASS,PASS_WITH_POLISH -> PASS,,,,,,,,,,,,,,,,,fungi,PASS,,POLISH,,PASS,PASS_WITH_POLISH
procedural,fungi-h0-s14,,PASS,PASS_WITH_POLISH,,,,,,,,,,Multiple fungal structural families are now present. Increase within-family variation and avoid exact duplicate seeded outputs.,True,fungi-h0-s14.png,440,440,RGBA,e498468947e6167a38c5bff6494fcfb61c7b8ea9fff8b9630d8beae343973f2f,,PASS_WITH_POLISH,,PASS,,,PASS — Trait blend is coherent for a procedural organism. Earth-species accuracy is not required.,PASS,PASS_WITH_POLISH -> PASS,,,,,,,,,,,,,,,,,fungi,PASS,,POLISH,,PASS,PASS_WITH_POLISH
procedural,fungi-h0-s15,,PASS,PASS_WITH_POLISH,,,,,,,,,,Multiple fungal structural families are now present. Increase within-family variation and avoid exact duplicate seeded outputs.,True,fungi-h0-s15.png,440,440,RGBA,5ec53bbd669df367c64f464c1a1989f177a8fec3d37b2e82a5f35109507a8236,,PASS_WITH_POLISH,,PASS,,,PASS — Trait blend is coherent for a procedural organism. Earth-species accuracy is not required.,PASS,PASS_WITH_POLISH -> PASS,,,,,,,,,,,,,,,,,fungi,PASS,,POLISH,,PASS,PASS_WITH_POLISH
procedural,fungi-h0-s16,,PASS,PASS_WITH_POLISH,,,,,,,,,,Multiple fungal structural families are now present. Increase within-family variation and avoid exact duplicate seeded outputs.,True,fungi-h0-s16.png,440,440,RGBA,87c1368b3a5a9d18968d9b6292cae762c13f4394e1826ae3fb491e230be4c55c,,PASS_WITH_POLISH,,PASS,,,PASS — Trait blend is coherent for a procedural organism. Earth-species accuracy is not required.,PASS,PASS_WITH_POLISH -> PASS,,,,,,,,,,,,,,,,,fungi,PASS,,POLISH,,PASS,PASS_WITH_POLISH
procedural,fungi-h0-s17,,PASS,PASS_WITH_POLISH,,,,,,,,,,Multiple fungal structural families are now present. Increase within-family variation and avoid exact duplicate seeded outputs.,True,fungi-h0-s17.png,440,440,RGBA,69417dce67a3a92fed9c5fed510c247cd7b70b88c415733bf5125502b4aaf173,,PASS_WITH_POLISH,,PASS,,,PASS — Trait blend is coherent for a procedural organism. Earth-species accuracy is not required.,PASS,PASS_WITH_POLISH -> PASS,,,,,,,,,,,,,,,,,fungi,PASS,,POLISH,,PASS,PASS_WITH_POLISH
procedural,fungi-h0-s18,,PASS,PASS_WITH_POLISH,,,,,,,,,,Multiple fungal structural families are now present. Increase within-family variation and avoid exact duplicate seeded outputs.,True,fungi-h0-s18.png,440,440,RGBA,621663e369960b02842606ef726681d648287c9b1c04f5d1857819a6d00cd815,,PASS_WITH_POLISH,,PASS,,,PASS — Trait blend is coherent for a procedural organism. Earth-species accuracy is not required.,PASS,PASS_WITH_POLISH -> PASS,,,,,,,,,,,,,,,,,fungi,PASS,,POLISH,,PASS,PASS_WITH_POLISH
procedural,fungi-h0-s19,,PASS,PASS_WITH_POLISH,,,,,,,,,,Multiple fungal structural families are now present. Increase within-family variation and avoid exact duplicate seeded outputs.,True,fungi-h0-s19.png,440,440,RGBA,e96b7d8b456471b13ebe187fc18f4b39a686c8dd0af8f97e9901b0c541a1e18d,,PASS_WITH_POLISH,,PASS,,,PASS — Trait blend is coherent for a procedural organism. Earth-species accuracy is not required.,PASS,PASS_WITH_POLISH -> PASS,,,,,,,,,,,,,,,,,fungi,PASS,,POLISH,,PASS,PASS_WITH_POLISH
procedural,fungi-h0-s2,,PASS,PASS_WITH_POLISH,,,,,,,,,,Multiple fungal structural families are now present. Increase within-family variation and avoid exact duplicate seeded outputs.,True,fungi-h0-s2.png,440,440,RGBA,8327cc68bbb275f8a93bc62ee83d89a0e74742a838a77d065f469d67580df9a1,,PASS_WITH_POLISH,,PASS,,,PASS — Trait blend is coherent for a procedural organism. Earth-species accuracy is not required.,PASS,PASS_WITH_POLISH -> PASS,,,,,,,,,,,,,,,,,fungi,PASS,,POLISH,,PASS,PASS_WITH_POLISH
procedural,fungi-h0-s3,,PASS,PASS_WITH_POLISH,,,,,,,,,,Multiple fungal structural families are now present. Increase within-family variation and avoid exact duplicate seeded outputs.,True,fungi-h0-s3.png,440,440,RGBA,cdeb95c4fb09ecc3c239c4362b6662e0cff0d742e2743bae547b8f1642ceb238,,PASS_WITH_POLISH,,PASS,,,PASS — Trait blend is coherent for a procedural organism. Earth-species accuracy is not required.,PASS,PASS_WITH_POLISH -> PASS,,,,,,,,,,,,,,,,,fungi,PASS,,POLISH,,PASS,PASS_WITH_POLISH
procedural,fungi-h0-s4,,PASS,PASS_WITH_POLISH,,,,,,,,,,Multiple fungal structural families are now present. Increase within-family variation and avoid exact duplicate seeded outputs.,True,fungi-h0-s4.png,440,440,RGBA,984215438fa326243642a36883ec3fed79210408fddd3460e6e44bd534786273,,PASS_WITH_POLISH,,PASS,,,PASS — Trait blend is coherent for a procedural organism. Earth-species accuracy is not required.,PASS,PASS_WITH_POLISH -> PASS,,,,,,,,,,,,,,,,,fungi,PASS,,POLISH,,PASS,PASS_WITH_POLISH
procedural,fungi-h0-s5,,PASS,PASS_WITH_POLISH,,,,,,,,,,Multiple fungal structural families are now present. Increase within-family variation and avoid exact duplicate seeded outputs.,True,fungi-h0-s5.png,440,440,RGBA,e54764dd9e2d4fa0e9f167385588c596830adcfd607dc9f32c885304d127ef22,,PASS_WITH_POLISH,,PASS,,,PASS — Trait blend is coherent for a procedural organism. Earth-species accuracy is not required.,PASS,PASS_WITH_POLISH -> PASS,,,,,,,,,,,,,,,,,fungi,PASS,,POLISH,,PASS,PASS_WITH_POLISH
procedural,fungi-h0-s6,,PASS,PASS_WITH_POLISH,,,,,,,,,,Multiple fungal structural families are now present. Increase within-family variation and avoid exact duplicate seeded outputs.,True,fungi-h0-s6.png,440,440,RGBA,32c39021c15e53ef73bc6e9e65701123ecd8dd73a8540b969257d35e3190ddb7,,PASS_WITH_POLISH,,PASS,,,PASS — Trait blend is coherent for a procedural organism. Earth-species accuracy is not required.,PASS,PASS_WITH_POLISH -> PASS,,,,,,,,,,,,,,,,,fungi,PASS,,POLISH,,PASS,PASS_WITH_POLISH
procedural,fungi-h0-s7,,PASS,PASS_WITH_POLISH,,,,,,,,,,Multiple fungal structural families are now present. Increase within-family variation and avoid exact duplicate seeded outputs.,True,fungi-h0-s7.png,440,440,RGBA,4544c9612f22abe177f28afaa94ce1ccfe341150aea49b27cb7d7cc488e33d77,,PASS_WITH_POLISH,,PASS,,,PASS — Trait blend is coherent for a procedural organism. Earth-species accuracy is not required.,PASS,PASS_WITH_POLISH -> PASS,,,,,,,,,,,,,,,,,fungi,PASS,,POLISH,,PASS,PASS_WITH_POLISH
procedural,fungi-h0-s8,,PASS,PASS_WITH_POLISH,,,,,,,,,,Multiple fungal structural families are now present. Increase within-family variation and avoid exact duplicate seeded outputs.,True,fungi-h0-s8.png,440,440,RGBA,88cf65213d77158bd88ebc300eca13d33ce6d97a5597f8084ad0309c228924b6,,PASS_WITH_POLISH,,PASS,,,PASS — Trait blend is coherent for a procedural organism. Earth-species accuracy is not required.,PASS,PASS_WITH_POLISH -> PASS,,,,,,,,,,,,,,,,,fungi,PASS,,POLISH,,PASS,PASS_WITH_POLISH
procedural,fungi-h0-s9,,PASS,PASS_WITH_POLISH,,,,,,,,,,Multiple fungal structural families are now present. Increase within-family variation and avoid exact duplicate seeded outputs.,True,fungi-h0-s9.png,440,440,RGBA,bf484c64a79e9796db84ca2b175ff0fbd7b9ab239f5982e5619aae13a825026e,,PASS_WITH_POLISH,,PASS,,,PASS — Trait blend is coherent for a procedural organism. Earth-species accuracy is not required.,PASS,PASS_WITH_POLISH -> PASS,,,,,,,,,,,,,,,,,fungi,PASS,,POLISH,,PASS,PASS_WITH_POLISH
procedural,fungi-h1-s1,,PASS,PASS_WITH_POLISH,,,,,,,,,,Multiple fungal structural families are now present. Increase within-family variation and avoid exact duplicate seeded outputs.,True,fungi-h1-s1.png,440,440,RGBA,cc50b0db510b9e36d7d14939c9c1d7085eead7560e23c9561a68b72c7f001ad4,,PASS_WITH_POLISH,,PASS,,,PASS — Trait blend is coherent for a procedural organism. Earth-species accuracy is not required.,PASS,PASS_WITH_POLISH -> PASS,,,,,,,,,,,,,,,,,fungi,PASS,,POLISH,,PASS,PASS_WITH_POLISH
procedural,fungi-h1-s10,,PASS,PASS_WITH_POLISH,,,,,,,,,,Multiple fungal structural families are now present. Increase within-family variation and avoid exact duplicate seeded outputs.,True,fungi-h1-s10.png,440,440,RGBA,3f74704a6490ee7d76dd853adda4ea94bb12fd416d57080408cfff92335e3c4c,,PASS_WITH_POLISH,,PASS,,,PASS — Trait blend is coherent for a procedural organism. Earth-species accuracy is not required.,PASS,PASS_WITH_POLISH -> PASS,,,,,,,,,,,,,,,,,fungi,PASS,,POLISH,,PASS,PASS_WITH_POLISH
procedural,fungi-h1-s11,,PASS,PASS_WITH_POLISH,,,,,,,,,,Multiple fungal structural families are now present. Increase within-family variation and avoid exact duplicate seeded outputs.,True,fungi-h1-s11.png,440,440,RGBA,604daa0a36945bd5da0627d5e767074bbd9e767ce440c5c951ad01bf2d94a36a,,PASS_WITH_POLISH,,PASS,,,PASS — Trait blend is coherent for a procedural organism. Earth-species accuracy is not required.,PASS,PASS_WITH_POLISH -> PASS,,,,,,,,,,,,,,,,,fungi,PASS,,POLISH,,PASS,PASS_WITH_POLISH
procedural,fungi-h1-s12,,PASS,PASS_WITH_POLISH,,,,,,,,,,Multiple fungal structural families are now present. Increase within-family variation and avoid exact duplicate seeded outputs.,True,fungi-h1-s12.png,440,440,RGBA,48fd7267cdc56d6f07d1ef5e98d25334352fe5c9314bebffab8746a105afeace,,PASS_WITH_POLISH,,PASS,,,PASS — Trait blend is coherent for a procedural organism. Earth-species accuracy is not required.,PASS,PASS_WITH_POLISH -> PASS,,,,,,,,,,,,,,,,,fungi,PASS,,POLISH,,PASS,PASS_WITH_POLISH
procedural,fungi-h1-s13,,PASS,PASS_WITH_POLISH,,,,,,,,,,Multiple fungal structural families are now present. Increase within-family variation and avoid exact duplicate seeded outputs.,True,fungi-h1-s13.png,440,440,RGBA,4e1dcff8a77bb3dad46a1fc1bd5d5f83c9dee29c7bc4cbabd94745cc41315ad6,,PASS_WITH_POLISH,,PASS,,,PASS — Trait blend is coherent for a procedural organism. Earth-species accuracy is not required.,PASS,PASS_WITH_POLISH -> PASS,,,,,,,,,,,,,,,,,fungi,PASS,,POLISH,,PASS,PASS_WITH_POLISH
procedural,fungi-h1-s15,,PASS,PASS_WITH_POLISH,,,,,,,,,,Multiple fungal structural families are now present. Increase within-family variation and avoid exact duplicate seeded outputs.,True,fungi-h1-s15.png,440,440,RGBA,21bdaeced7ba291784350f96469ae068efe7e3ab1f6ad2eb66812274eb32fe33,,PASS_WITH_POLISH,,PASS,,,PASS — Trait blend is coherent for a procedural organism. Earth-species accuracy is not required.,PASS,PASS_WITH_POLISH -> PASS,,,,,,,,,,,,,,,,,fungi,PASS,,POLISH,,PASS,PASS_WITH_POLISH
procedural,fungi-h1-s16,,PASS,PASS_WITH_POLISH,,,,,,,,,,Multiple fungal structural families are now present. Increase within-family variation and avoid exact duplicate seeded outputs.,True,fungi-h1-s16.png,440,440,RGBA,39411468d30f4ee67d9d7a80bee9fd0ebeed63f5f4614fec54913b85a2b58f21,,PASS_WITH_POLISH,,PASS,,,PASS — Trait blend is coherent for a procedural organism. Earth-species accuracy is not required.,PASS,PASS_WITH_POLISH -> PASS,,,,,,,,,,,,,,,,,fungi,PASS,,POLISH,,PASS,PASS_WITH_POLISH
procedural,fungi-h1-s17,,PASS,PASS_WITH_POLISH,,,,,,,,,,Multiple fungal structural families are now present. Increase within-family variation and avoid exact duplicate seeded outputs.,True,fungi-h1-s17.png,440,440,RGBA,7cf13426ae5e4fcf18595ee6ffe88902c2d3d1c050a1ec349cbf4b752a770155,,PASS_WITH_POLISH,,PASS,,,PASS — Trait blend is coherent for a procedural organism. Earth-species accuracy is not required.,PASS,PASS_WITH_POLISH -> PASS,,,,,,,,,,,,,,,,,fungi,PASS,,POLISH,,PASS,PASS_WITH_POLISH
procedural,fungi-h1-s18,,PASS,PASS_WITH_POLISH,,,,,,,,,,Multiple fungal structural families are now present. Increase within-family variation and avoid exact duplicate seeded outputs.,True,fungi-h1-s18.png,440,440,RGBA,77b2b0f585efbe608641cdab11062f6ec88857e4569f243f6e71b1527f5fa3b8,,PASS_WITH_POLISH,,PASS,,,PASS — Trait blend is coherent for a procedural organism. Earth-species accuracy is not required.,PASS,PASS_WITH_POLISH -> PASS,,,,,,,,,,,,,,,,,fungi,PASS,,POLISH,,PASS,PASS_WITH_POLISH
procedural,fungi-h1-s19,,PASS,PASS_WITH_POLISH,,,,,,,,,,Multiple fungal structural families are now present. Increase within-family variation and avoid exact duplicate seeded outputs.,True,fungi-h1-s19.png,440,440,RGBA,4132022ac3a827c99fa484354e4521e9f7525b800c0ec9570254aab30412314b,,PASS_WITH_POLISH,,PASS,,,PASS — Trait blend is coherent for a procedural organism. Earth-species accuracy is not required.,PASS,PASS_WITH_POLISH -> PASS,,,,,,,,,,,,,,,,,fungi,PASS,,POLISH,,PASS,PASS_WITH_POLISH
procedural,fungi-h1-s2,,PASS,PASS_WITH_POLISH,,,,,,,,,,Multiple fungal structural families are now present. Increase within-family variation and avoid exact duplicate seeded outputs.,True,fungi-h1-s2.png,440,440,RGBA,5cf7aa799db5ad04e028967abaddf5ee7871bc510b8bc593da1ff9e1387c605b,,PASS_WITH_POLISH,,PASS,,,PASS — Trait blend is coherent for a procedural organism. Earth-species accuracy is not required.,PASS,PASS_WITH_POLISH -> PASS,,,,,,,,,,,,,,,,,fungi,PASS,,POLISH,,PASS,PASS_WITH_POLISH
procedural,fungi-h1-s3,,PASS,PASS_WITH_POLISH,,,,,,,,,,Multiple fungal structural families are now present. Increase within-family variation and avoid exact duplicate seeded outputs.,True,fungi-h1-s3.png,440,440,RGBA,d1fe3bded47a32a26e979da809e9aba25862600ee0f22f32328a83021548f89e,,PASS_WITH_POLISH,,PASS,,,PASS — Trait blend is coherent for a procedural organism. Earth-species accuracy is not required.,PASS,PASS_WITH_POLISH -> PASS,,,,,,,,,,,,,,,,,fungi,PASS,,POLISH,,PASS,PASS_WITH_POLISH
procedural,fungi-h1-s4,,PASS,PASS_WITH_POLISH,,,,,,,,,,Multiple fungal structural families are now present. Increase within-family variation and avoid exact duplicate seeded outputs.,True,fungi-h1-s4.png,440,440,RGBA,7fcad7a22c7ab82020bcedaa58338b8d5d33d88b7a1de95f2ab102937bb323b4,,PASS_WITH_POLISH,,PASS,,,PASS — Trait blend is coherent for a procedural organism. Earth-species accuracy is not required.,PASS,PASS_WITH_POLISH -> PASS,,,,,,,,,,,,,,,,,fungi,PASS,,POLISH,,PASS,PASS_WITH_POLISH
procedural,fungi-h1-s5,,PASS,PASS_WITH_POLISH,,,,,,,,,,Multiple fungal structural families are now present. Increase within-family variation and avoid exact duplicate seeded outputs.,True,fungi-h1-s5.png,440,440,RGBA,69eca847c514949ae4d20663545a932e2b9ab3dbfd8ea98851b7841992d419a8,,PASS_WITH_POLISH,,PASS,,,PASS — Trait blend is coherent for a procedural organism. Earth-species accuracy is not required.,PASS,PASS_WITH_POLISH -> PASS,,,,,,,,,,,,,,,,,fungi,PASS,,POLISH,,PASS,PASS_WITH_POLISH
procedural,fungi-h1-s6,,PASS,PASS_WITH_POLISH,,,,,,,,,,Multiple fungal structural families are now present. Increase within-family variation and avoid exact duplicate seeded outputs.,True,fungi-h1-s6.png,440,440,RGBA,685be2bc8ef436d6cafb475ad858150b205fbee169d0c306abf6363cbff63efa,,PASS_WITH_POLISH,,PASS,,,PASS — Trait blend is coherent for a procedural organism. Earth-species accuracy is not required.,PASS,PASS_WITH_POLISH -> PASS,,,,,,,,,,,,,,,,,fungi,PASS,,POLISH,,PASS,PASS_WITH_POLISH
procedural,fungi-h1-s7,,PASS,PASS_WITH_POLISH,,,,,,,,,,Multiple fungal structural families are now present. Increase within-family variation and avoid exact duplicate seeded outputs.,True,fungi-h1-s7.png,440,440,RGBA,b06ad0a12477eb2ba47d54ac02b6663bd15429581c9e3cf2a5db93fc7e14cdc2,,PASS_WITH_POLISH,,PASS,,,PASS — Trait blend is coherent for a procedural organism. Earth-species accuracy is not required.,PASS,PASS_WITH_POLISH -> PASS,,,,,,,,,,,,,,,,,fungi,PASS,,POLISH,,PASS,PASS_WITH_POLISH
procedural,fungi-h1-s8,,PASS,PASS_WITH_POLISH,,,,,,,,,,Multiple fungal structural families are now present. Increase within-family variation and avoid exact duplicate seeded outputs.,True,fungi-h1-s8.png,440,440,RGBA,193293293a0f704dd84d078e2982bd1c39511065e4e3f3437991c2d54ab5aaa2,,PASS_WITH_POLISH,,PASS,,,PASS — Trait blend is coherent for a procedural organism. Earth-species accuracy is not required.,PASS,PASS_WITH_POLISH -> PASS,,,,,,,,,,,,,,,,,fungi,PASS,,POLISH,,PASS,PASS_WITH_POLISH
procedural,fungi-h1-s9,,PASS,PASS_WITH_POLISH,,,,,,,,,,Multiple fungal structural families are now present. Increase within-family variation and avoid exact duplicate seeded outputs.,True,fungi-h1-s9.png,440,440,RGBA,5f9103fad039bec2f916b60ffb2006e89ac48d7f99929b8b67d7815607cd50a5,,PASS_WITH_POLISH,,PASS,,,PASS — Trait blend is coherent for a procedural organism. Earth-species accuracy is not required.,PASS,PASS_WITH_POLISH -> PASS,,,,,,,,,,,,,,,,,fungi,PASS,,POLISH,,PASS,PASS_WITH_POLISH
procedural,fungi-h2-s0,,PASS,PASS_WITH_POLISH,,,,,,,,,,Multiple fungal structural families are now present. Increase within-family variation and avoid exact duplicate seeded outputs.,True,fungi-h2-s0.png,440,440,RGBA,2d3e3343fb85f843212117f8f67bc50a04ccc8d4f391526d124657adecd49789,,PASS_WITH_POLISH,,PASS,,,PASS — Trait blend is coherent for a procedural organism. Earth-species accuracy is not required.,PASS,PASS_WITH_POLISH -> PASS,,,,,,,,,,,,,,,,,fungi,PASS,,POLISH,,PASS,PASS_WITH_POLISH
procedural,fungi-h2-s1,,PASS,PASS_WITH_POLISH,,,,,,,,,,Multiple fungal structural families are now present. Increase within-family variation and avoid exact duplicate seeded outputs.,True,fungi-h2-s1.png,440,440,RGBA,47bfeb4910afff06274135d97603c420920e5dbab49aeb328dfcf1fa31fcb6d7,,PASS_WITH_POLISH,,PASS,,,PASS — Trait blend is coherent for a procedural organism. Earth-species accuracy is not required.,PASS,PASS_WITH_POLISH -> PASS,,,,,,,,,,,,,,,,,fungi,PASS,,POLISH,,PASS,PASS_WITH_POLISH
procedural,fungi-h2-s10,,PASS,PASS_WITH_POLISH,,,,,,,,,,Multiple fungal structural families are now present. Increase within-family variation and avoid exact duplicate seeded outputs.,True,fungi-h2-s10.png,440,440,RGBA,12302834ba15dd71b12350544fd34e089f9b97023c57e9bcb7ea42da5274707b,,PASS_WITH_POLISH,,PASS,,,PASS — Trait blend is coherent for a procedural organism. Earth-species accuracy is not required.,PASS,PASS_WITH_POLISH -> PASS,,,,,,,,,,,,,,,,,fungi,PASS,,POLISH,,PASS,PASS_WITH_POLISH
procedural,fungi-h2-s11,,PASS,PASS_WITH_POLISH,,,,,,,,,,Multiple fungal structural families are now present. Increase within-family variation and avoid exact duplicate seeded outputs.,True,fungi-h2-s11.png,440,440,RGBA,71af732c052fe1c943aa3de8a446397f008d203ad69b7888bfb78ff19743ca6b,,PASS_WITH_POLISH,,PASS,,,PASS — Trait blend is coherent for a procedural organism. Earth-species accuracy is not required.,PASS,PASS_WITH_POLISH -> PASS,,,,,,,,,,,,,,,,,fungi,PASS,,POLISH,,PASS,PASS_WITH_POLISH
procedural,fungi-h2-s12,,PASS,PASS_WITH_POLISH,,,,,,,,,,Multiple fungal structural families are now present. Increase within-family variation and avoid exact duplicate seeded outputs.,True,fungi-h2-s12.png,440,440,RGBA,71666c581e60613bbaa8983f5fdb334d0f89072825a3894085d69345334e90a7,,PASS_WITH_POLISH,,PASS,,,PASS — Trait blend is coherent for a procedural organism. Earth-species accuracy is not required.,PASS,PASS_WITH_POLISH -> PASS,,,,,,,,,,,,,,,,,fungi,PASS,,POLISH,,PASS,PASS_WITH_POLISH
procedural,fungi-h2-s13,,PASS,PASS_WITH_POLISH,,,,,,,,,,Multiple fungal structural families are now present. Increase within-family variation and avoid exact duplicate seeded outputs.,True,fungi-h2-s13.png,440,440,RGBA,268e41b6cc0513cc20df1880a12529cb3c4897817b6091d74f2516949703eeb1,,PASS_WITH_POLISH,,PASS,,,PASS — Trait blend is coherent for a procedural organism. Earth-species accuracy is not required.,PASS,PASS_WITH_POLISH -> PASS,,,,,,,,,,,,,,,,,fungi,PASS,,POLISH,,PASS,PASS_WITH_POLISH
procedural,fungi-h2-s14,,PASS,PASS_WITH_POLISH,,,,,,,,,,Multiple fungal structural families are now present. Increase within-family variation and avoid exact duplicate seeded outputs.,True,fungi-h2-s14.png,440,440,RGBA,436810ee45a6035a24db3e40436bdeca18625fe91bcc253d2eb2283a428a8ed2,,PASS_WITH_POLISH,,PASS,,,PASS — Trait blend is coherent for a procedural organism. Earth-species accuracy is not required.,PASS,PASS_WITH_POLISH -> PASS,,,,,,,,,,,,,,,,,fungi,PASS,,POLISH,,PASS,PASS_WITH_POLISH
procedural,fungi-h2-s15,,PASS,PASS_WITH_POLISH,,,,,,,,,,Multiple fungal structural families are now present. Increase within-family variation and avoid exact duplicate seeded outputs.,True,fungi-h2-s15.png,440,440,RGBA,c2349dc3ecef882f7aece680d63091483c1be07b8e18eddeae91f179c833b0da,,PASS_WITH_POLISH,,PASS,,,PASS — Trait blend is coherent for a procedural organism. Earth-species accuracy is not required.,PASS,PASS_WITH_POLISH -> PASS,,,,,,,,,,,,,,,,,fungi,PASS,,POLISH,,PASS,PASS_WITH_POLISH
procedural,fungi-h2-s16,,PASS,PASS_WITH_POLISH,,,,,,,,,,Multiple fungal structural families are now present. Increase within-family variation and avoid exact duplicate seeded outputs.,True,fungi-h2-s16.png,440,440,RGBA,24f766a5699556121c59f0f343ad0f8155e0c09622fdc9dc9fb51669d893959f,,PASS_WITH_POLISH,,PASS,,,PASS — Trait blend is coherent for a procedural organism. Earth-species accuracy is not required.,PASS,PASS_WITH_POLISH -> PASS,,,,,,,,,,,,,,,,,fungi,PASS,,POLISH,,PASS,PASS_WITH_POLISH
procedural,fungi-h2-s17,,PASS,PASS_WITH_POLISH,,,,,,,,,,Multiple fungal structural families are now present. Increase within-family variation and avoid exact duplicate seeded outputs.,True,fungi-h2-s17.png,440,440,RGBA,2935d9aeae92d20bf15c77132df7052764282029124f05d08e8e8ef86d5285d2,,PASS_WITH_POLISH,,PASS,,,PASS — Trait blend is coherent for a procedural organism. Earth-species accuracy is not required.,PASS,PASS_WITH_POLISH -> PASS,,,,,,,,,,,,,,,,,fungi,PASS,,POLISH,,PASS,PASS_WITH_POLISH
procedural,fungi-h2-s18,,PASS,PASS_WITH_POLISH,,,,,,,,,,Multiple fungal structural families are now present. Increase within-family variation and avoid exact duplicate seeded outputs.,True,fungi-h2-s18.png,440,440,RGBA,b83973a53d98423f92f3df8ce39cb65ab2674ba080336da314ef6efd77c9c5f6,,PASS_WITH_POLISH,,PASS,,,PASS — Trait blend is coherent for a procedural organism. Earth-species accuracy is not required.,PASS,PASS_WITH_POLISH -> PASS,,,,,,,,,,,,,,,,,fungi,PASS,,POLISH,,PASS,PASS_WITH_POLISH
procedural,fungi-h2-s19,,PASS,PASS_WITH_POLISH,,,,,,,,,,Multiple fungal structural families are now present. Increase within-family variation and avoid exact duplicate seeded outputs.,True,fungi-h2-s19.png,440,440,RGBA,96347c2c81a99827940929e9e0404ef020c885eb2a8d00791f4cae174d598c99,,PASS_WITH_POLISH,,PASS,,,PASS — Trait blend is coherent for a procedural organism. Earth-species accuracy is not required.,PASS,PASS_WITH_POLISH -> PASS,,,,,,,,,,,,,,,,,fungi,PASS,,POLISH,,PASS,PASS_WITH_POLISH
procedural,fungi-h2-s2,,PASS,PASS_WITH_POLISH,,,,,,,,,,Multiple fungal structural families are now present. Increase within-family variation and avoid exact duplicate seeded outputs.,True,fungi-h2-s2.png,440,440,RGBA,5d0c4cf431e6eeda5cb6623cfcc855c649b61bff32b54062932693239ec5e44a,,PASS_WITH_POLISH,,PASS,,,PASS — Trait blend is coherent for a procedural organism. Earth-species accuracy is not required.,PASS,PASS_WITH_POLISH -> PASS,,,,,,,,,,,,,,,,,fungi,PASS,,POLISH,,PASS,PASS_WITH_POLISH
procedural,fungi-h2-s3,,PASS,PASS_WITH_POLISH,,,,,,,,,,Multiple fungal structural families are now present. Increase within-family variation and avoid exact duplicate seeded outputs.,True,fungi-h2-s3.png,440,440,RGBA,872ed364ea08bc0bb1dfc5c429bc4856dc0943ea67b661d0dc1bfcba64b1cf7c,,PASS_WITH_POLISH,,PASS,,,PASS — Trait blend is coherent for a procedural organism. Earth-species accuracy is not required.,PASS,PASS_WITH_POLISH -> PASS,,,,,,,,,,,,,,,,,fungi,PASS,,POLISH,,PASS,PASS_WITH_POLISH
procedural,fungi-h2-s4,,PASS,PASS_WITH_POLISH,,,,,,,,,,Multiple fungal structural families are now present. Increase within-family variation and avoid exact duplicate seeded outputs.,True,fungi-h2-s4.png,440,440,RGBA,0bb8572e26c8a83ddc5425c5936e1232af33281f73be47c5fb7e57682dda1979,,PASS_WITH_POLISH,,PASS,,,PASS — Trait blend is coherent for a procedural organism. Earth-species accuracy is not required.,PASS,PASS_WITH_POLISH -> PASS,,,,,,,,,,,,,,,,,fungi,PASS,,POLISH,,PASS,PASS_WITH_POLISH
procedural,fungi-h2-s5,,PASS,PASS_WITH_POLISH,,,,,,,,,,Multiple fungal structural families are now present. Increase within-family variation and avoid exact duplicate seeded outputs.,True,fungi-h2-s5.png,440,440,RGBA,23fdec2fd34d90089a1f7bae189251e79b352843cfa6c5a396aa55fcc30235e3,,PASS_WITH_POLISH,,PASS,,,PASS — Trait blend is coherent for a procedural organism. Earth-species accuracy is not required.,PASS,PASS_WITH_POLISH -> PASS,,,,,,,,,,,,,,,,,fungi,PASS,,POLISH,,PASS,PASS_WITH_POLISH
procedural,fungi-h2-s6,,PASS,PASS_WITH_POLISH,,,,,,,,,,Multiple fungal structural families are now present. Increase within-family variation and avoid exact duplicate seeded outputs.,True,fungi-h2-s6.png,440,440,RGBA,58b8f6b4287799a6770152aa2864ba0b8a10c877f0970ca54b9dc4454b214df1,,PASS_WITH_POLISH,,PASS,,,PASS — Trait blend is coherent for a procedural organism. Earth-species accuracy is not required.,PASS,PASS_WITH_POLISH -> PASS,,,,,,,,,,,,,,,,,fungi,PASS,,POLISH,,PASS,PASS_WITH_POLISH
procedural,fungi-h2-s7,,PASS,PASS_WITH_POLISH,,,,,,,,,,Multiple fungal structural families are now present. Increase within-family variation and avoid exact duplicate seeded outputs.,True,fungi-h2-s7.png,440,440,RGBA,664532754c5729c3b64f67e234e55fe0923e16f3e707865723bb9293678c143a,,PASS_WITH_POLISH,,PASS,,,PASS — Trait blend is coherent for a procedural organism. Earth-species accuracy is not required.,PASS,PASS_WITH_POLISH -> PASS,,,,,,,,,,,,,,,,,fungi,PASS,,POLISH,,PASS,PASS_WITH_POLISH
procedural,fungi-h2-s8,,PASS,PASS_WITH_POLISH,,,,,,,,,,Multiple fungal structural families are now present. Increase within-family variation and avoid exact duplicate seeded outputs.,True,fungi-h2-s8.png,440,440,RGBA,544df9d967087d0b81397f3fd78b38ed1da66b118eed5bdc11e6f72993b5fdfb,,PASS_WITH_POLISH,,PASS,,,PASS — Trait blend is coherent for a procedural organism. Earth-species accuracy is not required.,PASS,PASS_WITH_POLISH -> PASS,,,,,,,,,,,,,,,,,fungi,PASS,,POLISH,,PASS,PASS_WITH_POLISH
procedural,fungi-h2-s9,,PASS,PASS_WITH_POLISH,,,,,,,,,,Multiple fungal structural families are now present. Increase within-family variation and avoid exact duplicate seeded outputs.,True,fungi-h2-s9.png,440,440,RGBA,e30140cf6fe0416865e9fbca2b49512b89090afb5212076707a9b088bb083c52,,PASS_WITH_POLISH,,PASS,,,PASS — Trait blend is coherent for a procedural organism. Earth-species accuracy is not required.,PASS,PASS_WITH_POLISH -> PASS,,,,,,,,,,,,,,,,,fungi,PASS,,POLISH,,PASS,PASS_WITH_POLISH
procedural,microbe-h0-s0,,PASS,PASS_WITH_POLISH,,,,,,,,,,Multiple cell and colony morphologies are now present. Reduce repeated water-bear and spherical-cell forms and avoid exact duplicate seeded outputs.,True,microbe-h0-s0.png,440,440,RGBA,86bc4463a22e48cc39c9220ed1f962c7be9e212bae00ac5d0656be18ebce7daf,,PASS_WITH_POLISH,,PASS,,,PASS — Trait blend is coherent for a procedural organism. Earth-species accuracy is not required.,PASS,PASS_WITH_POLISH -> PASS,,,,,,,,,,,,,,,,,microbe,PASS,,POLISH,,PASS,PASS_WITH_POLISH
procedural,microbe-h0-s1,,PASS,PASS_WITH_POLISH,,,,,,,,,,Multiple cell and colony morphologies are now present. Reduce repeated water-bear and spherical-cell forms and avoid exact duplicate seeded outputs.,True,microbe-h0-s1.png,440,440,RGBA,c07255bbbc36ccfa73c9ae1e9435d4e5ebde027561c171961c3723dc2b700764,,PASS_WITH_POLISH,,PASS,,,PASS — Trait blend is coherent for a procedural organism. Earth-species accuracy is not required.,PASS,PASS_WITH_POLISH -> PASS,,,,,,,,,,,,,,,,,microbe,PASS,,POLISH,,PASS,PASS_WITH_POLISH
procedural,microbe-h0-s10,,PASS,PASS_WITH_POLISH,,,,,,,,,,Multiple cell and colony morphologies are now present. Reduce repeated water-bear and spherical-cell forms and avoid exact duplicate seeded outputs.,True,microbe-h0-s10.png,440,440,RGBA,1b64dc7f7f4eba8f131d35b56adad3e783e753dc4bae06b4968d4d2623968893,,PASS_WITH_POLISH,,PASS,,,PASS — Trait blend is coherent for a procedural organism. Earth-species accuracy is not required.,PASS,PASS_WITH_POLISH -> PASS,,,,,,,,,,,,,,,,,microbe,PASS,,POLISH,,PASS,PASS_WITH_POLISH
procedural,microbe-h0-s11,,PASS,PASS_WITH_POLISH,,,,,,,,,,Multiple cell and colony morphologies are now present. Reduce repeated water-bear and spherical-cell forms and avoid exact duplicate seeded outputs.,True,microbe-h0-s11.png,440,440,RGBA,07c41f50ee300ee0463f5cc151fd633a398b8511b9d1004ab05b374330d61970,,PASS_WITH_POLISH,,PASS,,,PASS — Trait blend is coherent for a procedural organism. Earth-species accuracy is not required.,PASS,PASS_WITH_POLISH -> PASS,,,,,,,,,,,,,,,,,microbe,PASS,,POLISH,,PASS,PASS_WITH_POLISH
procedural,microbe-h0-s12,,PASS,PASS_WITH_POLISH,,,,,,,,,,Multiple cell and colony morphologies are now present. Reduce repeated water-bear and spherical-cell forms and avoid exact duplicate seeded outputs.,True,microbe-h0-s12.png,440,440,RGBA,918aed172bd4e75aa78beee9ef70689d6d0e82d185c221e6fb52c7f14a60354a,,PASS_WITH_POLISH,,PASS,,,PASS — Trait blend is coherent for a procedural organism. Earth-species accuracy is not required.,PASS,PASS_WITH_POLISH -> PASS,,,,,,,,,,,,,,,,,microbe,PASS,,POLISH,,PASS,PASS_WITH_POLISH
procedural,microbe-h0-s13,,PASS,PASS_WITH_POLISH,,,,,,,,,,Multiple cell and colony morphologies are now present. Reduce repeated water-bear and spherical-cell forms and avoid exact duplicate seeded outputs.,True,microbe-h0-s13.png,440,440,RGBA,cb9f16d26cd0f88aa780a7c00f63a1e55b686d483fe10b5dfed7c777c3603c48,,PASS_WITH_POLISH,,PASS,,,PASS — Trait blend is coherent for a procedural organism. Earth-species accuracy is not required.,PASS,PASS_WITH_POLISH -> PASS,,,,,,,,,,,,,,,,,microbe,PASS,,POLISH,,PASS,PASS_WITH_POLISH
procedural,microbe-h0-s14,,PASS,PASS_WITH_POLISH,,,,,,,,,,Multiple cell and colony morphologies are now present. Reduce repeated water-bear and spherical-cell forms and avoid exact duplicate seeded outputs.,True,microbe-h0-s14.png,440,440,RGBA,c3cc4ee51e0e8f81942791a18652a65a0008ffdc20fcbe39ed38d08cf60b3568,,PASS_WITH_POLISH,,PASS,,,PASS — Trait blend is coherent for a procedural organism. Earth-species accuracy is not required.,PASS,PASS_WITH_POLISH -> PASS,,,,,,,,,,,,,,,,,microbe,PASS,,POLISH,,PASS,PASS_WITH_POLISH
procedural,microbe-h0-s15,,PASS,PASS_WITH_POLISH,,,,,,,,,,Multiple cell and colony morphologies are now present. Reduce repeated water-bear and spherical-cell forms and avoid exact duplicate seeded outputs.,True,microbe-h0-s15.png,440,440,RGBA,99f01e42c0477f3d10ebadafa53aab68b918990a5acfd88e3211579e024a211a,,PASS_WITH_POLISH,,PASS,,,PASS — Trait blend is coherent for a procedural organism. Earth-species accuracy is not required.,PASS,PASS_WITH_POLISH -> PASS,,,,,,,,,,,,,,,,,microbe,PASS,,POLISH,,PASS,PASS_WITH_POLISH
procedural,microbe-h0-s16,,PASS,PASS_WITH_POLISH,,,,,,,,,,Multiple cell and colony morphologies are now present. Reduce repeated water-bear and spherical-cell forms and avoid exact duplicate seeded outputs.,True,microbe-h0-s16.png,440,440,RGBA,ef81d5a701b7bed56339d643254de624682ff361f205019d39f3b4f4ada2c2b9,,PASS_WITH_POLISH,,PASS,,,PASS — Trait blend is coherent for a procedural organism. Earth-species accuracy is not required.,PASS,PASS_WITH_POLISH -> PASS,,,,,,,,,,,,,,,,,microbe,PASS,,POLISH,,PASS,PASS_WITH_POLISH
procedural,microbe-h0-s17,,PASS,PASS_WITH_POLISH,,,,,,,,,,Multiple cell and colony morphologies are now present. Reduce repeated water-bear and spherical-cell forms and avoid exact duplicate seeded outputs.,True,microbe-h0-s17.png,440,440,RGBA,fe89eb91716321c1172dd16c1e8f08a3b3b499263bd456295fbb43a972066fa7,,PASS_WITH_POLISH,,PASS,,,PASS — Trait blend is coherent for a procedural organism. Earth-species accuracy is not required.,PASS,PASS_WITH_POLISH -> PASS,,,,,,,,,,,,,,,,,microbe,PASS,,POLISH,,PASS,PASS_WITH_POLISH
procedural,microbe-h0-s18,,PASS,PASS_WITH_POLISH,,,,,,,,,,Multiple cell and colony morphologies are now present. Reduce repeated water-bear and spherical-cell forms and avoid exact duplicate seeded outputs.,True,microbe-h0-s18.png,440,440,RGBA,71a8ae1af9910a44e4a59f5a3547c138385c5265bfef3dbe75cebb8a403851be,,PASS_WITH_POLISH,,PASS,,,PASS — Trait blend is coherent for a procedural organism. Earth-species accuracy is not required.,PASS,PASS_WITH_POLISH -> PASS,,,,,,,,,,,,,,,,,microbe,PASS,,POLISH,,PASS,PASS_WITH_POLISH
procedural,microbe-h0-s19,,PASS,PASS_WITH_POLISH,,,,,,,,,,Multiple cell and colony morphologies are now present. Reduce repeated water-bear and spherical-cell forms and avoid exact duplicate seeded outputs.,True,microbe-h0-s19.png,440,440,RGBA,2c5ad3cc00bc023c0a1b27f527545cc7211b2d8a0ccde55423461802dc657918,,PASS_WITH_POLISH,,PASS,,,PASS — Trait blend is coherent for a procedural organism. Earth-species accuracy is not required.,PASS,PASS_WITH_POLISH -> PASS,,,,,,,,,,,,,,,,,microbe,PASS,,POLISH,,PASS,PASS_WITH_POLISH
procedural,microbe-h0-s2,,PASS,PASS_WITH_POLISH,,,,,,,,,,Multiple cell and colony morphologies are now present. Reduce repeated water-bear and spherical-cell forms and avoid exact duplicate seeded outputs.,True,microbe-h0-s2.png,440,440,RGBA,3d0743617d3f058cf35a8cb238e3cde5e0bf7a2dd6f113e4002816673c00aacc,,PASS_WITH_POLISH,,PASS,,,PASS — Trait blend is coherent for a procedural organism. Earth-species accuracy is not required.,PASS,PASS_WITH_POLISH -> PASS,,,,,,,,,,,,,,,,,microbe,PASS,,POLISH,,PASS,PASS_WITH_POLISH
procedural,microbe-h0-s3,,PASS,PASS_WITH_POLISH,,,,,,,,,,Multiple cell and colony morphologies are now present. Reduce repeated water-bear and spherical-cell forms and avoid exact duplicate seeded outputs.,True,microbe-h0-s3.png,440,440,RGBA,a0f07d6b8f62814c7452d2988372a146de0182f88ef0a2d4c948d1f02f4cea77,,PASS_WITH_POLISH,,PASS,,,PASS — Trait blend is coherent for a procedural organism. Earth-species accuracy is not required.,PASS,PASS_WITH_POLISH -> PASS,,,,,,,,,,,,,,,,,microbe,PASS,,POLISH,,PASS,PASS_WITH_POLISH
procedural,microbe-h0-s4,,PASS,PASS_WITH_POLISH,,,,,,,,,,Multiple cell and colony morphologies are now present. Reduce repeated water-bear and spherical-cell forms and avoid exact duplicate seeded outputs.,True,microbe-h0-s4.png,440,440,RGBA,08f612b7abdf6b566996e6d41df2d43783868139bafe29f5bad62fe418da3794,,PASS_WITH_POLISH,,PASS,,,PASS — Trait blend is coherent for a procedural organism. Earth-species accuracy is not required.,PASS,PASS_WITH_POLISH -> PASS,,,,,,,,,,,,,,,,,microbe,PASS,,POLISH,,PASS,PASS_WITH_POLISH
procedural,microbe-h0-s6,,PASS,PASS_WITH_POLISH,,,,,,,,,,Multiple cell and colony morphologies are now present. Reduce repeated water-bear and spherical-cell forms and avoid exact duplicate seeded outputs.,True,microbe-h0-s6.png,440,440,RGBA,56e0c498d0204b3a24a540057a61cc6b50a5107f22c5487715072a1d512e45cd,,PASS_WITH_POLISH,,PASS,,,PASS — Trait blend is coherent for a procedural organism. Earth-species accuracy is not required.,PASS,PASS_WITH_POLISH -> PASS,,,,,,,,,,,,,,,,,microbe,PASS,,POLISH,,PASS,PASS_WITH_POLISH
procedural,microbe-h0-s7,,PASS,PASS_WITH_POLISH,,,,,,,,,,Multiple cell and colony morphologies are now present. Reduce repeated water-bear and spherical-cell forms and avoid exact duplicate seeded outputs.,True,microbe-h0-s7.png,440,440,RGBA,c5b29cb78b7f9a37c3de6c5de4729dfe038fc9df53a189e00531d3d28bce4362,,PASS_WITH_POLISH,,PASS,,,PASS — Trait blend is coherent for a procedural organism. Earth-species accuracy is not required.,PASS,PASS_WITH_POLISH -> PASS,,,,,,,,,,,,,,,,,microbe,PASS,,POLISH,,PASS,PASS_WITH_POLISH
procedural,microbe-h0-s8,,PASS,PASS_WITH_POLISH,,,,,,,,,,Multiple cell and colony morphologies are now present. Reduce repeated water-bear and spherical-cell forms and avoid exact duplicate seeded outputs.,True,microbe-h0-s8.png,440,440,RGBA,b3691bcd7ab0a3ec38e56f79656a455da2fb88390826131c9b5461f23373907d,,PASS_WITH_POLISH,,PASS,,,PASS — Trait blend is coherent for a procedural organism. Earth-species accuracy is not required.,PASS,PASS_WITH_POLISH -> PASS,,,,,,,,,,,,,,,,,microbe,PASS,,POLISH,,PASS,PASS_WITH_POLISH
procedural,microbe-h0-s9,,PASS,PASS_WITH_POLISH,,,,,,,,,,Multiple cell and colony morphologies are now present. Reduce repeated water-bear and spherical-cell forms and avoid exact duplicate seeded outputs.,True,microbe-h0-s9.png,440,440,RGBA,e35ee5799e4da27e2da0e116d8b9f3c11f1f24ef88a01662623546dd8ccf4d2c,,PASS_WITH_POLISH,,PASS,,,PASS — Trait blend is coherent for a procedural organism. Earth-species accuracy is not required.,PASS,PASS_WITH_POLISH -> PASS,,,,,,,,,,,,,,,,,microbe,PASS,,POLISH,,PASS,PASS_WITH_POLISH
procedural,microbe-h1-s0,,PASS,PASS_WITH_POLISH,,,,,,,,,,Multiple cell and colony morphologies are now present. Reduce repeated water-bear and spherical-cell forms and avoid exact duplicate seeded outputs.,True,microbe-h1-s0.png,440,440,RGBA,c8e12b03f50925c4ecba10989d02845cb801866cce77ddec2cc941c43957f719,,PASS_WITH_POLISH,,PASS,,,PASS — Trait blend is coherent for a procedural organism. Earth-species accuracy is not required.,PASS,PASS_WITH_POLISH -> PASS,,,,,,,,,,,,,,,,,microbe,PASS,,POLISH,,PASS,PASS_WITH_POLISH
procedural,microbe-h1-s1,,PASS,PASS_WITH_POLISH,,,,,,,,,,Multiple cell and colony morphologies are now present. Reduce repeated water-bear and spherical-cell forms and avoid exact duplicate seeded outputs.,True,microbe-h1-s1.png,440,440,RGBA,917a9a60d69d4139f565ead90bd13a2efe049e03dff77e1632d4fc340fe3ac91,,PASS_WITH_POLISH,,PASS,,,PASS — Trait blend is coherent for a procedural organism. Earth-species accuracy is not required.,PASS,PASS_WITH_POLISH -> PASS,,,,,,,,,,,,,,,,,microbe,PASS,,POLISH,,PASS,PASS_WITH_POLISH
procedural,microbe-h1-s10,,PASS,PASS_WITH_POLISH,,,,,,,,,,Multiple cell and colony morphologies are now present. Reduce repeated water-bear and spherical-cell forms and avoid exact duplicate seeded outputs.,True,microbe-h1-s10.png,440,440,RGBA,b84f4c8f1ff957c58bf91a14b1529700d80cf4d655a14c17fa7fecdd1ad66441,,PASS_WITH_POLISH,,PASS,,,PASS — Trait blend is coherent for a procedural organism. Earth-species accuracy is not required.,PASS,PASS_WITH_POLISH -> PASS,,,,,,,,,,,,,,,,,microbe,PASS,,POLISH,,PASS,PASS_WITH_POLISH
procedural,microbe-h1-s11,,PASS,PASS_WITH_POLISH,,,,,,,,,,Multiple cell and colony morphologies are now present. Reduce repeated water-bear and spherical-cell forms and avoid exact duplicate seeded outputs.,True,microbe-h1-s11.png,440,440,RGBA,70795ce2ece5cdd322f65866d7fd1f99c423a7be6eef1123d97ff9432f1a6137,,PASS_WITH_POLISH,,PASS,,,PASS — Trait blend is coherent for a procedural organism. Earth-species accuracy is not required.,PASS,PASS_WITH_POLISH -> PASS,,,,,,,,,,,,,,,,,microbe,PASS,,POLISH,,PASS,PASS_WITH_POLISH
procedural,microbe-h1-s12,,PASS,PASS_WITH_POLISH,,,,,,,,,,Multiple cell and colony morphologies are now present. Reduce repeated water-bear and spherical-cell forms and avoid exact duplicate seeded outputs.,True,microbe-h1-s12.png,440,440,RGBA,aac97c0e9c8d4d1d8d91f595d34fd8721744a82d3ec3bc0e458bb01b26bbde0c,,PASS_WITH_POLISH,,PASS,,,PASS — Trait blend is coherent for a procedural organism. Earth-species accuracy is not required.,PASS,PASS_WITH_POLISH -> PASS,,,,,,,,,,,,,,,,,microbe,PASS,,POLISH,,PASS,PASS_WITH_POLISH
procedural,microbe-h1-s13,,PASS,PASS_WITH_POLISH,,,,,,,,,,Multiple cell and colony morphologies are now present. Reduce repeated water-bear and spherical-cell forms and avoid exact duplicate seeded outputs.,True,microbe-h1-s13.png,440,440,RGBA,3c583c3f2318a8d3bafc708a9c9c57b70e29a073933c663abfe3f730cd180aec,,PASS_WITH_POLISH,,PASS,,,PASS — Trait blend is coherent for a procedural organism. Earth-species accuracy is not required.,PASS,PASS_WITH_POLISH -> PASS,,,,,,,,,,,,,,,,,microbe,PASS,,POLISH,,PASS,PASS_WITH_POLISH
procedural,microbe-h1-s14,,PASS,PASS_WITH_POLISH,,,,,,,,,,Multiple cell and colony morphologies are now present. Reduce repeated water-bear and spherical-cell forms and avoid exact duplicate seeded outputs.,True,microbe-h1-s14.png,440,440,RGBA,8a5948a6776d7defe4943df735612fa093f912ae2c2277177748d5dcf724bdad,,PASS_WITH_POLISH,,PASS,,,PASS — Trait blend is coherent for a procedural organism. Earth-species accuracy is not required.,PASS,PASS_WITH_POLISH -> PASS,,,,,,,,,,,,,,,,,microbe,PASS,,POLISH,,PASS,PASS_WITH_POLISH
procedural,microbe-h1-s15,,PASS,PASS_WITH_POLISH,,,,,,,,,,Multiple cell and colony morphologies are now present. Reduce repeated water-bear and spherical-cell forms and avoid exact duplicate seeded outputs.,True,microbe-h1-s15.png,440,440,RGBA,93abbe19690a20c9404216d13091e9d887fc15df63f2a52e1aed9bf1941c630e,,PASS_WITH_POLISH,,PASS,,,PASS — Trait blend is coherent for a procedural organism. Earth-species accuracy is not required.,PASS,PASS_WITH_POLISH -> PASS,,,,,,,,,,,,,,,,,microbe,PASS,,POLISH,,PASS,PASS_WITH_POLISH
procedural,microbe-h1-s16,,PASS,PASS_WITH_POLISH,,,,,,,,,,Multiple cell and colony morphologies are now present. Reduce repeated water-bear and spherical-cell forms and avoid exact duplicate seeded outputs.,True,microbe-h1-s16.png,440,440,RGBA,ff4f109ba4747e9b1519e67887df985bd70b95b49fb5685540ec6adf7fad4bb0,,PASS_WITH_POLISH,,PASS,,,PASS — Trait blend is coherent for a procedural organism. Earth-species accuracy is not required.,PASS,PASS_WITH_POLISH -> PASS,,,,,,,,,,,,,,,,,microbe,PASS,,POLISH,,PASS,PASS_WITH_POLISH
procedural,microbe-h1-s17,,PASS,PASS_WITH_POLISH,,,,,,,,,,Multiple cell and colony morphologies are now present. Reduce repeated water-bear and spherical-cell forms and avoid exact duplicate seeded outputs.,True,microbe-h1-s17.png,440,440,RGBA,42efb5be0bc2ee99da77f929f5a127b4e7480fedca763df796f713655d815a1b,,PASS_WITH_POLISH,,PASS,,,PASS — Trait blend is coherent for a procedural organism. Earth-species accuracy is not required.,PASS,PASS_WITH_POLISH -> PASS,,,,,,,,,,,,,,,,,microbe,PASS,,POLISH,,PASS,PASS_WITH_POLISH
procedural,microbe-h1-s18,,PASS,PASS_WITH_POLISH,,,,,,,,,,Multiple cell and colony morphologies are now present. Reduce repeated water-bear and spherical-cell forms and avoid exact duplicate seeded outputs.,True,microbe-h1-s18.png,440,440,RGBA,675ca0f33d2ef168c5cdc9a9a8c553fab93fb294aee40d6624d3f149eb5aed26,,PASS_WITH_POLISH,,PASS,,,PASS — Trait blend is coherent for a procedural organism. Earth-species accuracy is not required.,PASS,PASS_WITH_POLISH -> PASS,,,,,,,,,,,,,,,,,microbe,PASS,,POLISH,,PASS,PASS_WITH_POLISH
procedural,microbe-h1-s19,,PASS,PASS_WITH_POLISH,,,,,,,,,,Multiple cell and colony morphologies are now present. Reduce repeated water-bear and spherical-cell forms and avoid exact duplicate seeded outputs.,True,microbe-h1-s19.png,440,440,RGBA,c89cf239453fcb6723c90fb7561986ea07a81ddc389624e1f07fec7e1c8b4716,,PASS_WITH_POLISH,,PASS,,,PASS — Trait blend is coherent for a procedural organism. Earth-species accuracy is not required.,PASS,PASS_WITH_POLISH -> PASS,,,,,,,,,,,,,,,,,microbe,PASS,,POLISH,,PASS,PASS_WITH_POLISH
procedural,microbe-h1-s2,,PASS,PASS_WITH_POLISH,,,,,,,,,,Multiple cell and colony morphologies are now present. Reduce repeated water-bear and spherical-cell forms and avoid exact duplicate seeded outputs.,True,microbe-h1-s2.png,440,440,RGBA,1eefb42ae9c9beb7452ed8a61cda71b81e29acbcb9c773dd4b0dbbc394fade74,,PASS_WITH_POLISH,,PASS,,,PASS — Trait blend is coherent for a procedural organism. Earth-species accuracy is not required.,PASS,PASS_WITH_POLISH -> PASS,,,,,,,,,,,,,,,,,microbe,PASS,,POLISH,,PASS,PASS_WITH_POLISH
procedural,microbe-h1-s3,,PASS,PASS_WITH_POLISH,,,,,,,,,,Multiple cell and colony morphologies are now present. Reduce repeated water-bear and spherical-cell forms and avoid exact duplicate seeded outputs.,True,microbe-h1-s3.png,440,440,RGBA,1b3fb9692f7b0356cf4524767c1d85058fb0574b600ffd9b303e5bd76ba05dce,,PASS_WITH_POLISH,,PASS,,,PASS — Trait blend is coherent for a procedural organism. Earth-species accuracy is not required.,PASS,PASS_WITH_POLISH -> PASS,,,,,,,,,,,,,,,,,microbe,PASS,,POLISH,,PASS,PASS_WITH_POLISH
procedural,microbe-h1-s4,,PASS,PASS_WITH_POLISH,,,,,,,,,,Multiple cell and colony morphologies are now present. Reduce repeated water-bear and spherical-cell forms and avoid exact duplicate seeded outputs.,True,microbe-h1-s4.png,440,440,RGBA,3628a9bcb896e33548073d450b0ac7fdad47da76a7a5120b67702714bbdac7ad,,PASS_WITH_POLISH,,PASS,,,PASS — Trait blend is coherent for a procedural organism. Earth-species accuracy is not required.,PASS,PASS_WITH_POLISH -> PASS,,,,,,,,,,,,,,,,,microbe,PASS,,POLISH,,PASS,PASS_WITH_POLISH
procedural,microbe-h1-s5,,PASS,PASS_WITH_POLISH,,,,,,,,,,Multiple cell and colony morphologies are now present. Reduce repeated water-bear and spherical-cell forms and avoid exact duplicate seeded outputs.,True,microbe-h1-s5.png,440,440,RGBA,2c7d0f79c7d4342975e1ea605cf82265b1462d88bf9d9fb656482a1c6a7934d5,,PASS_WITH_POLISH,,PASS,,,PASS — Trait blend is coherent for a procedural organism. Earth-species accuracy is not required.,PASS,PASS_WITH_POLISH -> PASS,,,,,,,,,,,,,,,,,microbe,PASS,,POLISH,,PASS,PASS_WITH_POLISH
procedural,microbe-h1-s6,,PASS,PASS_WITH_POLISH,,,,,,,,,,Multiple cell and colony morphologies are now present. Reduce repeated water-bear and spherical-cell forms and avoid exact duplicate seeded outputs.,True,microbe-h1-s6.png,440,440,RGBA,d398cc1e34e930af5d45f66c8a83ee5fcba1efb44c1b2e2fc435d9016e3608b2,,PASS_WITH_POLISH,,PASS,,,PASS — Trait blend is coherent for a procedural organism. Earth-species accuracy is not required.,PASS,PASS_WITH_POLISH -> PASS,,,,,,,,,,,,,,,,,microbe,PASS,,POLISH,,PASS,PASS_WITH_POLISH
procedural,microbe-h1-s7,,PASS,PASS_WITH_POLISH,,,,,,,,,,Multiple cell and colony morphologies are now present. Reduce repeated water-bear and spherical-cell forms and avoid exact duplicate seeded outputs.,True,microbe-h1-s7.png,440,440,RGBA,190b32330a3a5a7907ad56244d876d3812b42311ad73a11c491dbc7bb119e547,,PASS_WITH_POLISH,,PASS,,,PASS — Trait blend is coherent for a procedural organism. Earth-species accuracy is not required.,PASS,PASS_WITH_POLISH -> PASS,,,,,,,,,,,,,,,,,microbe,PASS,,POLISH,,PASS,PASS_WITH_POLISH
procedural,microbe-h1-s8,,PASS,PASS_WITH_POLISH,,,,,,,,,,Multiple cell and colony morphologies are now present. Reduce repeated water-bear and spherical-cell forms and avoid exact duplicate seeded outputs.,True,microbe-h1-s8.png,440,440,RGBA,a279b7a428702196f3df5a5173ef44ef721249adeee2eee5b276da40959dc4fc,,PASS_WITH_POLISH,,PASS,,,PASS — Trait blend is coherent for a procedural organism. Earth-species accuracy is not required.,PASS,PASS_WITH_POLISH -> PASS,,,,,,,,,,,,,,,,,microbe,PASS,,POLISH,,PASS,PASS_WITH_POLISH
procedural,microbe-h1-s9,,PASS,PASS_WITH_POLISH,,,,,,,,,,Multiple cell and colony morphologies are now present. Reduce repeated water-bear and spherical-cell forms and avoid exact duplicate seeded outputs.,True,microbe-h1-s9.png,440,440,RGBA,277325f3066aa7153f4e3280a8ab490189fb64ff5befcc242a3338174d43ab65,,PASS_WITH_POLISH,,PASS,,,PASS — Trait blend is coherent for a procedural organism. Earth-species accuracy is not required.,PASS,PASS_WITH_POLISH -> PASS,,,,,,,,,,,,,,,,,microbe,PASS,,POLISH,,PASS,PASS_WITH_POLISH
procedural,microbe-h2-s0,,PASS,PASS_WITH_POLISH,,,,,,,,,,Multiple cell and colony morphologies are now present. Reduce repeated water-bear and spherical-cell forms and avoid exact duplicate seeded outputs.,True,microbe-h2-s0.png,440,440,RGBA,99049fed24f81de35fe97bc77922b3f2419f460e1223d9038199a295ab0c3de7,,PASS_WITH_POLISH,,PASS,,,PASS — Trait blend is coherent for a procedural organism. Earth-species accuracy is not required.,PASS,PASS_WITH_POLISH -> PASS,,,,,,,,,,,,,,,,,microbe,PASS,,POLISH,,PASS,PASS_WITH_POLISH
procedural,microbe-h2-s1,,PASS,PASS_WITH_POLISH,,,,,,,,,,Multiple cell and colony morphologies are now present. Reduce repeated water-bear and spherical-cell forms and avoid exact duplicate seeded outputs.,True,microbe-h2-s1.png,440,440,RGBA,35e188187ea9112a598cb34e8f007d6bd7b7c190a99f251962bbaf47242bce7a,,PASS_WITH_POLISH,,PASS,,,PASS — Trait blend is coherent for a procedural organism. Earth-species accuracy is not required.,PASS,PASS_WITH_POLISH -> PASS,,,,,,,,,,,,,,,,,microbe,PASS,,POLISH,,PASS,PASS_WITH_POLISH
procedural,microbe-h2-s10,,PASS,PASS_WITH_POLISH,,,,,,,,,,Multiple cell and colony morphologies are now present. Reduce repeated water-bear and spherical-cell forms and avoid exact duplicate seeded outputs.,True,microbe-h2-s10.png,440,440,RGBA,fcc5137f0e2b502d849c36d0cf39b3f7e6cbbe9341ce4c2703fde4d69cfc5d8c,,PASS_WITH_POLISH,,PASS,,,PASS — Trait blend is coherent for a procedural organism. Earth-species accuracy is not required.,PASS,PASS_WITH_POLISH -> PASS,,,,,,,,,,,,,,,,,microbe,PASS,,POLISH,,PASS,PASS_WITH_POLISH
procedural,microbe-h2-s11,,PASS,PASS_WITH_POLISH,,,,,,,,,,Multiple cell and colony morphologies are now present. Reduce repeated water-bear and spherical-cell forms and avoid exact duplicate seeded outputs.,True,microbe-h2-s11.png,440,440,RGBA,d5e6f047ffb45fa88a87ba8529664a04e6f1850cf831ad67a5207d2e854792cf,,PASS_WITH_POLISH,,PASS,,,PASS — Trait blend is coherent for a procedural organism. Earth-species accuracy is not required.,PASS,PASS_WITH_POLISH -> PASS,,,,,,,,,,,,,,,,,microbe,PASS,,POLISH,,PASS,PASS_WITH_POLISH
procedural,microbe-h2-s12,,PASS,PASS_WITH_POLISH,,,,,,,,,,Multiple cell and colony morphologies are now present. Reduce repeated water-bear and spherical-cell forms and avoid exact duplicate seeded outputs.,True,microbe-h2-s12.png,440,440,RGBA,254e5dfc6489a0762c1910e1bd11b923fa0a489a91c48aed9c473139d3c7b42c,,PASS_WITH_POLISH,,PASS,,,PASS — Trait blend is coherent for a procedural organism. Earth-species accuracy is not required.,PASS,PASS_WITH_POLISH -> PASS,,,,,,,,,,,,,,,,,microbe,PASS,,POLISH,,PASS,PASS_WITH_POLISH
procedural,microbe-h2-s13,,PASS,PASS_WITH_POLISH,,,,,,,,,,Multiple cell and colony morphologies are now present. Reduce repeated water-bear and spherical-cell forms and avoid exact duplicate seeded outputs.,True,microbe-h2-s13.png,440,440,RGBA,1e8467ddafce1180ca46d9f614cb5d08915523d3e9e6fd20c866e3f748d807c4,,PASS_WITH_POLISH,,PASS,,,PASS — Trait blend is coherent for a procedural organism. Earth-species accuracy is not required.,PASS,PASS_WITH_POLISH -> PASS,,,,,,,,,,,,,,,,,microbe,PASS,,POLISH,,PASS,PASS_WITH_POLISH
procedural,microbe-h2-s14,,PASS,PASS_WITH_POLISH,,,,,,,,,,Multiple cell and colony morphologies are now present. Reduce repeated water-bear and spherical-cell forms and avoid exact duplicate seeded outputs.,True,microbe-h2-s14.png,440,440,RGBA,0699b94a071c5c5266304a00caf52c3bae3c3fa1025bd5b7bb4a423c24ae1618,,PASS_WITH_POLISH,,PASS,,,PASS — Trait blend is coherent for a procedural organism. Earth-species accuracy is not required.,PASS,PASS_WITH_POLISH -> PASS,,,,,,,,,,,,,,,,,microbe,PASS,,POLISH,,PASS,PASS_WITH_POLISH
procedural,microbe-h2-s15,,PASS,PASS_WITH_POLISH,,,,,,,,,,Multiple cell and colony morphologies are now present. Reduce repeated water-bear and spherical-cell forms and avoid exact duplicate seeded outputs.,True,microbe-h2-s15.png,440,440,RGBA,554bab19bf2ae44a7f840b8bf7c0994d94bb6eb460b9a31f5a582d4d83410bfe,,PASS_WITH_POLISH,,PASS,,,PASS — Trait blend is coherent for a procedural organism. Earth-species accuracy is not required.,PASS,PASS_WITH_POLISH -> PASS,,,,,,,,,,,,,,,,,microbe,PASS,,POLISH,,PASS,PASS_WITH_POLISH
procedural,microbe-h2-s16,,PASS,PASS_WITH_POLISH,,,,,,,,,,Multiple cell and colony morphologies are now present. Reduce repeated water-bear and spherical-cell forms and avoid exact duplicate seeded outputs.,True,microbe-h2-s16.png,440,440,RGBA,94c0ad337e2fd451246755f28f93e45fcfcb23f24cbeae3dda446f5b5c8bcb91,,PASS_WITH_POLISH,,PASS,,,PASS — Trait blend is coherent for a procedural organism. Earth-species accuracy is not required.,PASS,PASS_WITH_POLISH -> PASS,,,,,,,,,,,,,,,,,microbe,PASS,,POLISH,,PASS,PASS_WITH_POLISH
procedural,microbe-h2-s18,,PASS,PASS_WITH_POLISH,,,,,,,,,,Multiple cell and colony morphologies are now present. Reduce repeated water-bear and spherical-cell forms and avoid exact duplicate seeded outputs.,True,microbe-h2-s18.png,440,440,RGBA,fa23f37d4d709c78b720087a107aad111fc84f3c6ab49ceaf92eca32a9a73641,,PASS_WITH_POLISH,,PASS,,,PASS — Trait blend is coherent for a procedural organism. Earth-species accuracy is not required.,PASS,PASS_WITH_POLISH -> PASS,,,,,,,,,,,,,,,,,microbe,PASS,,POLISH,,PASS,PASS_WITH_POLISH
procedural,microbe-h2-s19,,PASS,PASS_WITH_POLISH,,,,,,,,,,Multiple cell and colony morphologies are now present. Reduce repeated water-bear and spherical-cell forms and avoid exact duplicate seeded outputs.,True,microbe-h2-s19.png,440,440,RGBA,3c4ce90b7e9e0b5ca38ef6072b47b72befff53687e051a91f5405b96f4e96fb0,,PASS_WITH_POLISH,,PASS,,,PASS — Trait blend is coherent for a procedural organism. Earth-species accuracy is not required.,PASS,PASS_WITH_POLISH -> PASS,,,,,,,,,,,,,,,,,microbe,PASS,,POLISH,,PASS,PASS_WITH_POLISH
procedural,microbe-h2-s2,,PASS,PASS_WITH_POLISH,,,,,,,,,,Multiple cell and colony morphologies are now present. Reduce repeated water-bear and spherical-cell forms and avoid exact duplicate seeded outputs.,True,microbe-h2-s2.png,440,440,RGBA,821f0041a123a26ea0c26995f8a878cb600677479edd1a337cc7f33895b302f7,,PASS_WITH_POLISH,,PASS,,,PASS — Trait blend is coherent for a procedural organism. Earth-species accuracy is not required.,PASS,PASS_WITH_POLISH -> PASS,,,,,,,,,,,,,,,,,microbe,PASS,,POLISH,,PASS,PASS_WITH_POLISH
procedural,microbe-h2-s3,,PASS,PASS_WITH_POLISH,,,,,,,,,,Multiple cell and colony morphologies are now present. Reduce repeated water-bear and spherical-cell forms and avoid exact duplicate seeded outputs.,True,microbe-h2-s3.png,440,440,RGBA,c7b623e6a0cfc598244835d3eec0ab245b8d0801e294471394161eef4dc03770,,PASS_WITH_POLISH,,PASS,,,PASS — Trait blend is coherent for a procedural organism. Earth-species accuracy is not required.,PASS,PASS_WITH_POLISH -> PASS,,,,,,,,,,,,,,,,,microbe,PASS,,POLISH,,PASS,PASS_WITH_POLISH
procedural,microbe-h2-s4,,PASS,PASS_WITH_POLISH,,,,,,,,,,Multiple cell and colony morphologies are now present. Reduce repeated water-bear and spherical-cell forms and avoid exact duplicate seeded outputs.,True,microbe-h2-s4.png,440,440,RGBA,95292d633bd9d5dd7b10f6eb11f4c383401e4a62c77e32a5449be2a9b1f55c07,,PASS_WITH_POLISH,,PASS,,,PASS — Trait blend is coherent for a procedural organism. Earth-species accuracy is not required.,PASS,PASS_WITH_POLISH -> PASS,,,,,,,,,,,,,,,,,microbe,PASS,,POLISH,,PASS,PASS_WITH_POLISH
procedural,microbe-h2-s6,,PASS,PASS_WITH_POLISH,,,,,,,,,,Multiple cell and colony morphologies are now present. Reduce repeated water-bear and spherical-cell forms and avoid exact duplicate seeded outputs.,True,microbe-h2-s6.png,440,440,RGBA,9fd9265cf3c884604404d1e114e95c4d116a71ad3e4a33860d44bf23f4a8c40a,,PASS_WITH_POLISH,,PASS,,,PASS — Trait blend is coherent for a procedural organism. Earth-species accuracy is not required.,PASS,PASS_WITH_POLISH -> PASS,,,,,,,,,,,,,,,,,microbe,PASS,,POLISH,,PASS,PASS_WITH_POLISH
procedural,microbe-h2-s7,,PASS,PASS_WITH_POLISH,,,,,,,,,,Multiple cell and colony morphologies are now present. Reduce repeated water-bear and spherical-cell forms and avoid exact duplicate seeded outputs.,True,microbe-h2-s7.png,440,440,RGBA,07dcd4b2a3bb0a6a9d9da53a01e107515022ba65345826ad61372fd20a2a5563,,PASS_WITH_POLISH,,PASS,,,PASS — Trait blend is coherent for a procedural organism. Earth-species accuracy is not required.,PASS,PASS_WITH_POLISH -> PASS,,,,,,,,,,,,,,,,,microbe,PASS,,POLISH,,PASS,PASS_WITH_POLISH
procedural,microbe-h2-s8,,PASS,PASS_WITH_POLISH,,,,,,,,,,Multiple cell and colony morphologies are now present. Reduce repeated water-bear and spherical-cell forms and avoid exact duplicate seeded outputs.,True,microbe-h2-s8.png,440,440,RGBA,af555ad07cd6a2ca0f76d316f2a214fd1e4ea142fae0d0d2d1510ea756ea4767,,PASS_WITH_POLISH,,PASS,,,PASS — Trait blend is coherent for a procedural organism. Earth-species accuracy is not required.,PASS,PASS_WITH_POLISH -> PASS,,,,,,,,,,,,,,,,,microbe,PASS,,POLISH,,PASS,PASS_WITH_POLISH
