category,asset_id,display_name,current_status,binary_result,previous_strict_status,changed_from_previous_submission,expected_body_family,global_body_template_risk,near_identical_silhouette_neighbors,body_plan,torso,head,eyes,legs_wings_appendages,rear_tail_flukes,signature_traits,current_assessment_and_required_fix,filename,width,height,mode,sha256,previous_sha256,expected_growth_family,overall_growth_form,roots_or_attachment,stem_trunk,leaves_fronds,flower_fruit_spore_harvest,scale_and_silhouette,fruiting_body_family,cap_body,stem_attachment_substrate,surface_spores_texture,cell_or_body_morphology,membrane_shell_wall,locomotion_structures,internal_structures,colony_or_scale_read,procedural_kind,body_or_growth_plan,head_sensory_region,limbs_wings_roots_appendages,rear_tail_or_terminal_region,material_skin_surface,trait_blend_coherence
fauna,Aardvark,Aardvark,FAIL,FAIL,FAIL,True,Unusual African mammals,HIGH,,FAIL,FAIL,FAIL,PASS,FAIL,FAIL,FAIL,The current animal is still a generic hoofed/rabbit-like quadruped. Rebuild the torso with an arched back and low shoulders; lengthen the tubular snout; enlarge the ears; add heavy digging forelimbs with claws; and replace the thin tail with a thick tapering aardvark tail.,Aardvark.png,440,440,RGBA,70eb2ea56791cea584d3ce302c777d0e8bd8f53eddda6272cf55289b0d4ffe69,def503f353511e828047c30463a5d7b425af325c0673b1af85872987d637246e,,,,,,,,,,,,,,,,,,,,,,,
fauna,African_Wild_Dog,African Wild Dog,FAIL,FAIL,FAIL,True,Dogs and dog-like mammals,HIGH,,FAIL,FAIL,FAIL,PASS,FAIL,FAIL,FAIL,"The coat pattern and large ears read, but the body is still a straight-legged hoofed ungulate. Use a lean canid chest, digitigrade legs and paws, canine muzzle, sloped abdomen, and a full brush tail.",African_Wild_Dog.png,440,440,RGBA,5d6c3ec14bbca403c8c9da9b40e116ac871fcd1934072a966f6c50e3209ea8cf,d4e64ee2bd1b988182f416ee80fd238699c67e2c01fb4ebc34e4c81681139dc3,,,,,,,,,,,,,,,,,,,,,,,
fauna,Agama,Agama,FAIL,FAIL,HOLD,True,Medium and small lizards,MEDIUM,,PASS,POLISH,POLISH,POLISH,POLISH,POLISH,"Broad family anatomy is usable, but the portrait still shares simplified global body templates and should retain stronger species markers.","The blue-green color and dorsal spines suggest a fantasy lizard more than an agama. Use a low, broad lizard torso, four clearly articulated splayed legs, triangular agama head, long tapering tail, and species-appropriate crest/color zones.",Agama.png,440,440,RGBA,6b34486186d6fe54237decb79d6f68ac305e3e979e385e4c212244a5d9f5d8f2,b8c2ce3a3ab9035a8df5266bfc4837bcacc92b35880127e74a0efb94a29c9002,,,,,,,,,,,,,,,,,,,,,,,
fauna,Albatross,Albatross,FAIL,FAIL,FAIL,True,Seabirds,HIGH,,FAIL,FAIL,FAIL,PASS,FAIL,FAIL,FAIL,"The image is a compact generic bird with a long tail. An albatross needs an oceanic seabird body, very long narrow wings, short tail, large hooked/tubular bill, and webbed feet.",Albatross.png,440,440,RGBA,3951012b6223c54ae7b1acc63593aa2f719714572da13d6105c60252996de305,62d380f69641125b065b16acf138b069394afabe3c9de1bedd749c13d392e9b6,,,,,,,,,,,,,,,,,,,,,,,
fauna,Alligator,Alligator,FAIL,FAIL,FAIL,True,Crocodilians,HIGH,,FAIL,FAIL,FAIL,PASS,FAIL,FAIL,FAIL,"The body remains a narrow lizard. Widen and flatten the torso, add a broad U-shaped snout, strong splayed limbs, dorsal scutes, and a thick muscular tail.",Alligator.png,440,440,RGBA,b6194a9a7aa0c6cdbc488f6e25457e4b503a9d4d2992c39a8d22273003e1a494,7c078afddc082ea5c1aaf78967ba28e1328d86dfbe17eb4cc0090eb9fb6bea73,,,,,,,,,,,,,,,,,,,,,,,
fauna,Arctic_Fox,Arctic Fox,FAIL,FAIL,HOLD,True,Dogs and dog-like mammals,MEDIUM,,FAIL,FAIL,FAIL,FAIL,FAIL,FAIL,FAIL,"The white coat identifies the label, but the body remains a deer-like quadruped rather than a compact canid. Use a deep canine chest, digitigrade paws, short muzzle/ears adapted to cold and a full brush tail.",Arctic_Fox.png,440,440,RGBA,0154b793bd6ef35c0ef1a4505c3a37472824e77593fa6a2d4e2845933925adb0,b8b7dd3640c2759a43def16b91ab103d1e2f95a7a073b1df0d1cd605c7ae32a6,,,,,,,,,,,,,,,,,,,,,,,
fauna,Avocet,Avocet,FAIL,FAIL,HOLD,True,Shorebirds,MEDIUM,,PASS,POLISH,POLISH,PASS,POLISH,POLISH,"Broad family anatomy is usable, but the portrait still shares simplified global body templates and should retain stronger species markers.","The current white wader has a straight yellow bill. Add the avocet’s very long upcurved black bill, black-and-white head/wing pattern, longer blue-gray legs, and more slender shorebird torso.",Avocet.png,440,440,RGBA,89e43c9fd6ad9223b3693e2066691468ee30891ab22a325961e9186a9fbcea42,c14e4bbbdf1b8ae62e93ef3d42fcc7dcd0ab67d88718b57be8b2de635733b06a,,,,,,,,,,,,,,,,,,,,,,,
fauna,Bactrian_Camel,Bactrian Camel,FAIL,FAIL,FAIL,True,Camels,HIGH,,FAIL,FAIL,FAIL,PASS,FAIL,FAIL,FAIL,"Two humps are present, but they sit on a deer/horse scaffold. Rebuild with a long curved camelid neck and head, deep chest, padded two-toed feet, integrated humps, and a shorter tufted tail.",Bactrian_Camel.png,440,440,RGBA,0c126dc2cb110bd870402ab976bfb06c22bba84ab0806030f51c30ef5cb31ff5,0a3ace8887a53ae19721584c21c625ac9df16adccf3c9e1a845fb49e5d95e902,,,,,,,,,,,,,,,,,,,,,,,
fauna,Bear,Bear,FAIL,FAIL,FAIL,False,Bears,HIGH,,FAIL,FAIL,FAIL,PASS,FAIL,FAIL,FAIL,"The current body is a boxy pig/ungulate with stiff legs. Use a heavy plantigrade bear torso, broad shoulders, large paws, short tail, thick neck and ursid skull.",Bear.png,440,440,RGBA,aa3c46e57adb04da492bc206d4c27adbb15cc409795c67c4aaa447e068fc477a,aa3c46e57adb04da492bc206d4c27adbb15cc409795c67c4aaa447e068fc477a,,,,,,,,,,,,,,,,,,,,,,,
fauna,Bee,Bee,FAIL,FAIL,FAIL,True,Insects,HIGH,,FAIL,FAIL,FAIL,PASS,FAIL,FAIL,FAIL,"Current bead-like insect lacks two wing pairs, thorax/abdomen separation, six legs, and bee body hair. Use correct insect anatomy: distinct head/thorax/abdomen, six articulated legs, correct wing count and attachment, antennae, mouthparts and species-specific shell/body proportions.",Bee.png,440,440,RGBA,6bc3b2e57b37b13330f9da35daef19c6853ccd5504318d8dd352d62a74cd4670,0b0399d907a007fd9da89f0b4d7845346b107f201f6e4b3ded7cec12961f5bdc,,,,,,,,,,,,,,,,,,,,,,,
fauna,Bison,Bison,FAIL,FAIL,HOLD,True,Cattle and bovids,MEDIUM,,PASS,POLISH,POLISH,PASS,POLISH,POLISH,"Broad family anatomy is usable, but the portrait still shares simplified global body templates and should retain stronger species markers.","The animal reads more like a sheep or long-bodied bovine. Add a dominant shoulder hump, massive shaggy forequarters, low head, short hindquarters, curved horns and a compact tail.",Bison.png,440,440,RGBA,f03ffb5981c2057ee02c257e0cba51cafa83316fe46dd23f25e932c01ebc6a1c,b19a0c31416bfe70fad42dc3329e06e0cef2b9b583115f7ae48887bed8a9de3d,,,,,,,,,,,,,,,,,,,,,,,
fauna,Black_Bear,Black Bear,FAIL,FAIL,FAIL,True,Bears,HIGH,,FAIL,FAIL,FAIL,PASS,FAIL,FAIL,FAIL,"The dark coat is correct, but the body remains sheep/pig-like with hoofed-looking feet. Use a plantigrade bear scaffold with large paws, broad shoulders, short tail and a true bear head.",Black_Bear.png,440,440,RGBA,4676772a1a62e5a421a75a731d0b2add6fe8ae3d2fa0d200e7c49749cad42e97,4bcef068d4e0a92ef15633ba6669943a12aecccab552539a04b8c11b0cd4a543,,,,,,,,,,,,,,,,,,,,,,,
fauna,Black_Fly,Black Fly,FAIL,FAIL,FAIL,True,Mosquitoes and midges,HIGH,Aphid | Cicada | Cold-Adapted_Insect | Orchid_Bee | Termite | Thrips,FAIL,FAIL,FAIL,FAIL,FAIL,FAIL,FAIL,"The image is a small black oval with wings but weak segmentation and legs. Show a compact fly head, thorax and abdomen, six articulated legs, short antennae and broad wings.",Black_Fly.png,440,440,RGBA,734e0f362f579a8ad0da254d9730ae14e03b75ba017c64d26d60d5a45a0b1b70,edf5151f6b49eca10e2e1e69a93e6882ed66c4779352d92a259ed35f6bef4ee3,,,,,,,,,,,,,,,,,,,,,,,
fauna,Blobfish,Blobfish,FAIL,FAIL,FAIL,True,Strange deep-sea fish,LOW,,PASS,PASS,PASS,PASS,PASS,PASS,All major regions and defining features are readable at the current stylized scale.,"The current round red fish is still a normal oval fish. Use either the natural deep-water form with a large head and tapering body or the decompressed form, but preserve the broad drooping face and gelatinous silhouette.",Blobfish.png,440,440,RGBA,b9269e4da45c2bc51330457621f62342a61fea403089a81002a91900395c3f73,2a1b157075d7c53c5b59589f9fe8a34661b0f3d09bb157a128711659e22b1c35,,,,,,,,,,,,,,,,,,,,,,,
fauna,Bobcat,Bobcat,FAIL,FAIL,FAIL,True,Big cats,HIGH,,FAIL,FAIL,FAIL,PASS,FAIL,FAIL,FAIL,"Spots and short tail are not enough; the animal still uses a hoofed ungulate body. Use a compact feline torso, digitigrade legs and paws, broad cheek ruff, short bobbed tail and tufted ears.",Bobcat.png,440,440,RGBA,e2ebcd0c85d1764af571e2816e65de942e933c84e8946b14e8168c24467cec56,3f48a1af929b7a9f5c9fbe9a5c074bd73ed512163b108a63a0e1348d919c9808,,,,,,,,,,,,,,,,,,,,,,,
fauna,Brown_Bear,Brown Bear,FAIL,FAIL,FAIL,True,Bears,HIGH,,FAIL,FAIL,FAIL,PASS,FAIL,FAIL,FAIL,"The current silhouette has a long low body and small canine head. Add heavy bear shoulders, plantigrade paws, short tail, thicker neck and rounded ursid skull.",Brown_Bear.png,440,440,RGBA,5f5c6e9b140beeba7c33ddd830df95f4673a116f1b5ad5782b981cf75666f452,0cfd0e3ff50b83f590ed9175af300d7d5e50f05e540ed0632df15c948e08877d,,,,,,,,,,,,,,,,,,,,,,,
fauna,Caddisfly,Caddisfly,FAIL,FAIL,HOLD,True,Insects,MEDIUM,,PASS,POLISH,POLISH,POLISH,POLISH,POLISH,"Broad family anatomy is usable, but the portrait still shares simplified global body templates and should retain stronger species markers.",The current form resembles a small wasp/bee. Use long threadlike antennae and two pairs of hairy wings held tent-like over a slender body; avoid the compact hymenopteran silhouette.,Caddisfly.png,440,440,RGBA,002856a5ae8e8417c93c3349fd1c96b6169312e87723c7155b76cd08fadfe211,10427de7dc121d072fff7da210c4a896e0b51ef33777ff936cb4f2d192e5ef62,,,,,,,,,,,,,,,,,,,,,,,
fauna,Caiman,Caiman,FAIL,FAIL,FAIL,True,Crocodilians,HIGH,,FAIL,FAIL,FAIL,PASS,FAIL,FAIL,FAIL,"The current image is still a narrow lizard. Use a broad low crocodilian torso, robust splayed legs, armored back, shorter broader snout than a gharial, and thick tail.",Caiman.png,440,440,RGBA,50283f3238489e79402c8197b16e34d7c2c9dbea188c50ba8f5be60f2c05dc48,ed108521c830cbdb987d5404ddde1aa4a4d4f1906e053452d543f926dd0cabd0,,,,,,,,,,,,,,,,,,,,,,,
fauna,Camel,Camel,FAIL,FAIL,FAIL,True,Camels,HIGH,,FAIL,FAIL,FAIL,PASS,FAIL,FAIL,FAIL,"The single hump is added to a generic deer body. Rebuild the full camelid anatomy: long neck/head, deep chest, integrated hump, padded feet and tufted tail.",Camel.png,440,440,RGBA,9747ad95eb5276cdf88c2bdeeb210f34c728da86f665d4205ceea4686bb44444,1afa7ded82a4bacfb5ed4fd3ba0d1d39ed3756b1b2f9294a464ab4280db2bc85,,,,,,,,,,,,,,,,,,,,,,,
fauna,Caracal,Caracal,FAIL,FAIL,FAIL,True,Big cats,HIGH,,FAIL,FAIL,FAIL,PASS,FAIL,FAIL,FAIL,"Ear tufts are present, but the body is a hoofed ungulate. Use a long-legged but clearly feline torso, digitigrade paws, short coat, wedge-shaped cat head and short tail.",Caracal.png,440,440,RGBA,c5c260ca327df0244d2007e3e83a6a6a462fce95a3ff1346a97df69b6a1ccccb,66f6d9e1351f7bad443aa03f540510eff4f567e0ade4394b28dd6ea060db7ede,,,,,,,,,,,,,,,,,,,,,,,
fauna,Cat,Cat,FAIL,FAIL,FAIL,True,Cats,HIGH,,FAIL,FAIL,FAIL,PASS,FAIL,FAIL,FAIL,"The striped coat is placed on a zebra/deer body. Replace it with a true domestic-cat scaffold: flexible feline spine, lower shoulders, digitigrade legs and paws, cat skull/muzzle and correctly attached tail.",Cat.png,440,440,RGBA,d36967554e474e9d42b2257dab7a48d089d347f019c3533657dcef5f664e8da3,f07a2ec3b4b407e9af487fb641c28253f339edb29a6246eeb393ebc27b3aed0e,,,,,,,,,,,,,,,,,,,,,,,
fauna,Cave_Cricket,Cave Cricket,FAIL,FAIL,FAIL,True,Ice and cave insects,HIGH,,FAIL,FAIL,FAIL,PASS,FAIL,FAIL,FAIL,"The current image is a legless caterpillar-like chain. A cave/camel cricket needs six very long articulated legs, especially enlarged jumping hind legs, long antennae and a hunched wingless insect body.",Cave_Cricket.png,440,440,RGBA,00ccda0f27a1ffc2770aad0bc03ecb1e7b12e2f846f97701d0e3d34be330d65f,9ae922b9fb669fe74192806f8ca71aa6b700eb6214cba488660e4dbd1d4eb908,,,,,,,,,,,,,,,,,,,,,,,
fauna,Chamois,Chamois,FAIL,FAIL,FAIL,True,Sheep and goats,HIGH,,FAIL,FAIL,FAIL,PASS,FAIL,FAIL,FAIL,"Current generic deer body lacks short hooked horns, compact mountain-goat torso, and sure-footed hoof/leg proportions. The ungulate base is usable, but the named species must have correct horn/antler geometry, neck, shoulder/croup mass, leg length, hooves, head and tail.",Chamois.png,440,440,RGBA,f51ff528e441787d56fab64accdcf43439e0f9d1206adc36abe96cff5a8ce9d3,b704a9aa95362e5e65f5ccd8ae3e9aaa9517280eb64710329febbd5f9fdd1aaa,,,,,,,,,,,,,,,,,,,,,,,
fauna,Cheetah,Cheetah,FAIL,FAIL,FAIL,True,Big cats,HIGH,,FAIL,FAIL,FAIL,PASS,FAIL,FAIL,FAIL,"Spots are correct, but the animal still has hoofed legs and an ungulate torso. Use a deep-chested, narrow-waisted feline body, long digitigrade legs with paws, small rounded head, tear marks and long tail.",Cheetah.png,440,440,RGBA,1cbc8d4b5807e0e6eee04a4099cb22b38b97e5198e5ff7012093be5b43d6aa13,b79943773e443bf87ac8e1ca769d7496eb7f362541a1a0cdc730d4c93524007e,,,,,,,,,,,,,,,,,,,,,,,
fauna,Chicken,Chicken,FAIL,FAIL,FAIL,True,Gamebirds,HIGH,,FAIL,FAIL,FAIL,PASS,FAIL,FAIL,FAIL,"The current bird is a decorative generic side-bird. Use a compact chicken body, clear breast, short rounded wings, sturdy scaled legs/feet, comb and wattles, and a short raised tail.",Chicken.png,440,440,RGBA,0934fcce9ec4db2b5c06fbd265dafd035408683f90c416b356f01d1024040ca6,76d47a9e979eae30c5c3552a2775bbf7c6c2af80d5869ff00a99579cfc6642f8,,,,,,,,,,,,,,,,,,,,,,,
fauna,Civet,Civet,FAIL,FAIL,HOLD,True,Civets and mongooses,MEDIUM,,PASS,POLISH,POLISH,POLISH,POLISH,POLISH,"Broad family anatomy is usable, but the portrait still shares simplified global body templates and should retain stronger species markers.","The spots and ringed tail are applied to an ungulate. Use a long low carnivoran body, short digitigrade legs and paws, pointed civet muzzle and properly attached ringed tail.",Civet.png,440,440,RGBA,9c16cd2d4a07de6dfa8cc22ddc10f74d0bdd1976e3b5854533c0e340f95ab7a5,5917b09cdb30b703a599b262774fe0b7ac93ff5151a33147821583410ab18b68,,,,,,,,,,,,,,,,,,,,,,,
fauna,Clouded_Leopard,Clouded Leopard,FAIL,FAIL,FAIL,True,Big cats,HIGH,,FAIL,FAIL,FAIL,PASS,FAIL,FAIL,FAIL,"The cloud markings read, but the body remains hoofed. Use a muscular arboreal cat body, large paws, short powerful legs, long heavy tail and large cloud-shaped blotches.",Clouded_Leopard.png,440,440,RGBA,4219df5707a71345e9a08021ee065ffa3f0edabdc29b7017f3e6e9f907b04869,0c2ac721661f70f91f623652e940ff1250dd4a28cae7274e1ef5a8cd52a041be,,,,,,,,,,,,,,,,,,,,,,,
fauna,Clownfish,Clownfish,FAIL,FAIL,HOLD,True,Reef fish,MEDIUM,,PASS,POLISH,POLISH,POLISH,POLISH,POLISH,"Broad family anatomy is usable, but the portrait still shares simplified global body templates and should retain stronger species markers.",The orange fish lacks the defining white vertical bars and black edging. Keep the reef-fish body but add the three bold bands and rounded anemonefish fin profile.,Clownfish.png,440,440,RGBA,77428d8df99fe960731e96cfd4c7fa8642079478b610a996bba254e14c231b79,86384c06ea36b3b08af2bf45f625db84391fa169d4a1ad33262afb78cd298e6d,,,,,,,,,,,,,,,,,,,,,,,
fauna,Coati,Coati,FAIL,FAIL,FAIL,True,Raccoon-like mammals,HIGH,,FAIL,FAIL,FAIL,PASS,FAIL,FAIL,FAIL,"The ringed tail is present, but the torso and legs remain hoofed. Use a long low procyonid body, clawed paws, long flexible snout and upright ringed tail.",Coati.png,440,440,RGBA,c827780e0092a8cedf2731f804e6f39822c5447c47bc642668ed6966429cbb35,67f0f58e413571bc8fee2286b054bf30f8b6d4a41bd4af342f360410f81ee596,,,,,,,,,,,,,,,,,,,,,,,
fauna,Cockroach,Cockroach,FAIL,FAIL,FAIL,True,Cockroaches,HIGH,,FAIL,FAIL,FAIL,PASS,FAIL,FAIL,FAIL,"Current bead body lacks flattened oval torso, long antennae, six spiny legs, and folded wings. Use correct insect anatomy: distinct head/thorax/abdomen, six articulated legs, correct wing count and attachment, antennae, mouthparts and species-specific shell/body proportions.",Cockroach.png,440,440,RGBA,c85f8ced8b53b0ae665cff6de2685150c9a0e081b75a4cf762498f5c733c4808,68059aad3be7431268cd8c4e06902bba540801b5f24c414946059a9565aba9aa,,,,,,,,,,,,,,,,,,,,,,,
fauna,Colugo,Colugo,FAIL,FAIL,FAIL,True,Flying mammals,HIGH,,FAIL,FAIL,FAIL,PASS,FAIL,FAIL,FAIL,"The current image is a tiny spotted quadruped with no gliding membrane. Add the continuous patagium from neck to fingers, toes and tail, with a flattened arboreal body and clawed limbs.",Colugo.png,440,440,RGBA,ff32b2e790ba62215beef415a8c4b60540c46954a167b1d87031b8e183be9af8,c99e033ad9a8dca9c1aadce71490925f826ced211613bec7587be0b90f4d4f29,,,,,,,,,,,,,,,,,,,,,,,
fauna,Cougar,Cougar,FAIL,FAIL,FAIL,True,Big cats,HIGH,,FAIL,FAIL,FAIL,PASS,FAIL,FAIL,FAIL,"The animal is still a tan ungulate. Use a large plain-coated feline scaffold with powerful shoulders/hindquarters, paws, rounded cat head and long heavy tail.",Cougar.png,440,440,RGBA,cdd4f5b80872b1d0e89a776b1cdd49d9b748825002dd6469e22b9e34cdb87653,ca442564482aaba62bc5962e4b9523cade2b110435e6edf3078dde1c1c588f40,,,,,,,,,,,,,,,,,,,,,,,
fauna,Coyote,Coyote,FAIL,FAIL,FAIL,True,Dogs and dog-like mammals,HIGH,,FAIL,FAIL,FAIL,PASS,FAIL,FAIL,FAIL,"The current form is deer-like. Use a lean canid chest, narrow waist, digitigrade paws, long pointed muzzle, upright ears and bushy low-carried tail.",Coyote.png,440,440,RGBA,20c53812875d39fa4fd9093cabb5ad2d0034d616446c57e7f903bac1d5ebc95d,b8dffde3f488a46ca4f5f580cf17ddfa4636b53760445913437f19f20ebd7f44,,,,,,,,,,,,,,,,,,,,,,,
fauna,Crocodile,Crocodile,FAIL,FAIL,FAIL,True,Crocodilians,HIGH,,FAIL,FAIL,FAIL,PASS,FAIL,FAIL,FAIL,"The narrow arrow-like body and weak legs remain. Widen the torso, add a V-shaped robust skull, strong splayed limbs, dorsal armor and thick tapering tail.",Crocodile.png,440,440,RGBA,5cb34e227e875670ec0f565bd669b527c32e5265ea8622c482429afa388956ec,1979a0a1c72fcfed173643528a9e8d9f6fc6d151086141e31d28dc59513d03d1,,,,,,,,,,,,,,,,,,,,,,,
fauna,Cuttlefish,Cuttlefish,FAIL,FAIL,FAIL,False,Cephalopods,LOW,,PASS,PASS,PASS,PASS,PASS,PASS,All major regions and defining features are readable at the current stylized scale.,"The image is still a jelly/bell form. Use a broad oval mantle, continuous lateral fin skirt, visible cephalopod head and eyes, eight short arms plus two longer feeding tentacles.",Cuttlefish.png,440,440,RGBA,b5494df91d21b5282c92ea2723e9c034d7296962e36c25819b7bdf1c5d77c62f,b5494df91d21b5282c92ea2723e9c034d7296962e36c25819b7bdf1c5d77c62f,,,,,,,,,,,,,,,,,,,,,,,
fauna,Damselfly,Damselfly,FAIL,FAIL,PASS,True,Dragonflies,LOW,,PASS,PASS,PASS,PASS,PASS,PASS,All major regions and defining features are readable at the current stylized scale.,"The current blue segmented form does not show adult damselfly wings. Add two pairs of narrow wings, huge eyes, six thoracic legs and a very slender abdomen; resting wings should align together above the body.",Damselfly.png,440,440,RGBA,485c69a2cc2806af9c333aad5bb42f4cb20506d156348d0d5e9c7253adc5ccc8,0be788360714373fc7231ce96d985d5ad8f2ae05f4647ff3d949e441e1680644,,,,,,,,,,,,,,,,,,,,,,,
fauna,Dingo,Dingo,FAIL,FAIL,FAIL,True,Canids,HIGH,,FAIL,FAIL,FAIL,PASS,FAIL,FAIL,FAIL,"The body remains a hoofed deer-like quadruped. Use a lean domestic-dog/canid body, paws, pointed muzzle, upright ears and a full brush tail.",Dingo.png,440,440,RGBA,e4c766d50c1094bce4878e977ed7404a7e7ce6b6de1d210acb06057c599ba360,2737fbd26a099febdbe1656c0b0e89a849c35671e99d7069179fa894c60b111a,,,,,,,,,,,,,,,,,,,,,,,
fauna,Dog,Dog,FAIL,FAIL,FAIL,True,Canids,HIGH,,FAIL,FAIL,FAIL,PASS,FAIL,FAIL,FAIL,"The current animal still uses an equid/deer body with hoof-like feet. Replace it with a canine chest, shoulders, hocks, paws, muzzle and tail.",Dog.png,440,440,RGBA,7bfe8b3f6c20e6c27066ba5f034d2fac21cb00848c921d631d5d0eb58b06eee8,e1ea4d73595e24b3f8495d10d77710a93640c552c9a2ec3565ab989700a37ee4,,,,,,,,,,,,,,,,,,,,,,,
fauna,Donkey,Donkey,FAIL,FAIL,HOLD,True,Horses and relatives,MEDIUM,,FAIL,FAIL,FAIL,FAIL,FAIL,FAIL,FAIL,"The large ears help, but the body is still the same deer-like global ungulate scaffold. Rebuild it on the corrected equid base with a deep barrel, withers, sloped shoulder, articulated equid joints and hooves, a short upright mane and a tufted tail.",Donkey.png,440,440,RGBA,a130ea313b41e572ac2f4b359adc49fdf25486312fca7da81e1625b652f97283,30ce4e018d9612e8b13ecd0e0b0ad3c811e0adadaa1ad8fc6403498dbd05af69,,,,,,,,,,,,,,,,,,,,,,,
fauna,Dromedary_Camel,Dromedary Camel,FAIL,FAIL,FAIL,True,Camelids,HIGH,,FAIL,FAIL,FAIL,PASS,FAIL,FAIL,FAIL,"One hump is visible but the underlying body is still deer-like. Use a proper long-necked camelid body with padded feet, deep chest and integrated single hump.",Dromedary_Camel.png,440,440,RGBA,bdccabcbe9b0703a418428a5e1c30cff94bdf439d40350b44b90b12deee7a79a,8dc7e705707d8455e97d71d0f9a6e6b8435ca81ea8663a1d8c3a766847dceefb,,,,,,,,,,,,,,,,,,,,,,,
fauna,Eagle,Eagle,FAIL,FAIL,FAIL,True,Birds of prey,HIGH,,FAIL,FAIL,FAIL,PASS,FAIL,FAIL,FAIL,"The current eagle is a generic rounded bird. Add a strong hooked beak, brow, broad chest, large layered wings, powerful talons and shorter wedge/fan tail.",Eagle.png,440,440,RGBA,670102c61e831eff58c7f234505ba5cc2f2325e2b9af2bbef463d3d526d6c688,956998a9caa2deaa74176a9acc2b3ea97801d856b553a266d543625362d768e0,,,,,,,,,,,,,,,,,,,,,,,
fauna,Falcon,Falcon,FAIL,FAIL,HOLD,True,Birds of prey,MEDIUM,,PASS,POLISH,POLISH,POLISH,POLISH,POLISH,"Broad family anatomy is usable, but the portrait still shares simplified global body templates and should retain stronger species markers.","The image remains a generic compact bird. Use a streamlined raptor torso, hooked beak, long pointed wings, strong talons and narrow tail.",Falcon.png,440,440,RGBA,d64372231af0d3bb7935abf5ff40df8c2c061b5ebd5da2cf61dfe238fc6e3f52,715b8917b13cb8af4cc2dd002286a04ea5f95fec31e46f36c2c7b6aa04ef01b1,,,,,,,,,,,,,,,,,,,,,,,
fauna,Fennec_Fox,Fennec Fox,FAIL,FAIL,FAIL,True,Dogs and dog-like mammals,LOW,,PASS,PASS,PASS,PASS,PASS,PASS,All major regions and defining features are readable at the current stylized scale.,"Large ears are present, but the body is rabbit/deer-like. Use a small canid torso, narrow fox muzzle, digitigrade paws and an oversized bushy tail.",Fennec_Fox.png,440,440,RGBA,1f0307f389b9b9b4878dcb04c4a91fb71217aede1e479aea9cf2a8f12b749143,4c1be2a032625d235f512f6cecefc0114fd47cfa405c88940f1356b93f820241,,,,,,,,,,,,,,,,,,,,,,,
fauna,Fishing_Cat,Fishing Cat,FAIL,FAIL,FAIL,True,Small and domestic cats,HIGH,,FAIL,FAIL,FAIL,PASS,FAIL,FAIL,FAIL,"Spots are placed on an ungulate body. Use a stocky semiaquatic cat scaffold with short strong legs, broad paws, short tail and feline head.",Fishing_Cat.png,440,440,RGBA,f49398b87158248c4ea33d75bfb20cb26a637bbbfe43d6c088e76c06259cb92c,06e16cfd80768b15205cb2ab9587d4cecd6cf323caec526e1fb3dbef7b33accb,,,,,,,,,,,,,,,,,,,,,,,
fauna,Flying_Squirrel,Flying Squirrel,FAIL,FAIL,FAIL,True,Rodents,HIGH,,FAIL,FAIL,FAIL,PASS,FAIL,FAIL,FAIL,"The current image is a rabbit-like rodent with no gliding surface. Add a broad patagium between fore- and hindlimbs, flattened tail and squirrel head/paws.",Flying_Squirrel.png,440,440,RGBA,338936a8d898b18f874793d89293a75664e85d9af63d5425b229e26cc5ba43fc,4e0ed6dd64abcb630c6d1870c18d55207bbcf6763bb1b0ee87878ce713a5e98b,,,,,,,,,,,,,,,,,,,,,,,
fauna,Fox,Fox,FAIL,FAIL,FAIL,True,Dogs and dog-like mammals,HIGH,,FAIL,FAIL,FAIL,PASS,FAIL,FAIL,FAIL,"The coat and tail color are present, but the body is still deer-like. Use a low canid body with paws, pointed muzzle, triangular ears and a large brush tail.",Fox.png,440,440,RGBA,0f12025eee00a0ba24fcbf77c5d36459703348c57f4da6874670ede29c11cc67,9f7d8ea957fabbe63a1e623a7b5d79a1858165be8b2a3c0594ceb16d0e603f18,,,,,,,,,,,,,,,,,,,,,,,
fauna,Frigatebird,Frigatebird,FAIL,FAIL,HOLD,True,Pelicans and diving waterbirds,MEDIUM,,PASS,POLISH,POLISH,PASS,POLISH,POLISH,"Broad family anatomy is usable, but the portrait still shares simplified global body templates and should retain stronger species markers.","The current black generic bird lacks the defining enormous angular wings, deeply forked tail, hooked bill and male throat pouch.",Frigatebird.png,440,440,RGBA,d70c9f228dcf4e2af807c40365f608087be51d3c454c481ced0461eabf71a595,ae44004b2618e7d25d8ad6a6421028b954cebdb2f4d805beff5659b71ad11ba1,,,,,,,,,,,,,,,,,,,,,,,
fauna,Gharial,Gharial,FAIL,FAIL,FAIL,True,Crocodilians,HIGH,,FAIL,FAIL,FAIL,PASS,FAIL,FAIL,FAIL,"The long snout is present, but the body is still a narrow lizard. Add a broad crocodilian trunk, robust splayed limbs, armor and a thick tail while retaining the extremely slender jaws.",Gharial.png,440,440,RGBA,867f3845009d34425086e47d7886884d95e08970e3a1759dae1448bcf9004668,65dedff44c1ed21abcd57b2345166e55edaf9cca6ea633a80745d7bf5ad34e81,,,,,,,,,,,,,,,,,,,,,,,
fauna,Grizzly_Bear,Grizzly Bear,FAIL,FAIL,FAIL,True,Bears,HIGH,,FAIL,FAIL,FAIL,PASS,FAIL,FAIL,FAIL,"The animal remains a sheep/pig-shaped quadruped. Add a strong shoulder hump, heavy plantigrade paws, short tail, thick neck and grizzly skull.",Grizzly_Bear.png,440,440,RGBA,b99bf6e0e882e07d4417c3fe283c2ef1fcc65be2fcb19485a71b28f8b57d17c9,fd3a84f1e94c6b49c3bdac8e33f22cb8f7cd3aa1b929fa8e7601a57e5d1977ef,,,,,,,,,,,,,,,,,,,,,,,
fauna,Harpy_Eagle,Harpy Eagle,FAIL,FAIL,FAIL,True,Raptors and owls,HIGH,,FAIL,FAIL,FAIL,PASS,FAIL,FAIL,FAIL,"The current image is a generic long-tailed bird. Add the massive raptor head and crest, deep chest, broad rounded wings and oversized talons.",Harpy_Eagle.png,440,440,RGBA,1109444e2241407410562ca2523aacb1e32152ffef61d75c303690efdc3b8a37,c05a3627adc4ad6235deaeddb59165e021fa4611e7ac1d5a1e4144474b4854c7,,,,,,,,,,,,,,,,,,,,,,,
fauna,Hoatzin,Hoatzin,FAIL,FAIL,FAIL,True,Other birds,HIGH,,FAIL,FAIL,FAIL,PASS,FAIL,FAIL,FAIL,"The current long-tailed generic bird lacks the hoatzin’s large crest, blue face/red eye, bulky crop and broad wing/body profile.",Hoatzin.png,440,440,RGBA,e98ed8edfcb16762cd52561f76df8b11d525a557b3940653bf889bababd886be,16094dab242788a814e30a352b3a70264fac3f35a165c37de49a0d2212302d6f,,,,,,,,,,,,,,,,,,,,,,,
fauna,Horse,Horse,FAIL,FAIL,FAIL,True,Horses and relatives,HIGH,,FAIL,FAIL,FAIL,PASS,FAIL,FAIL,FAIL,"The full silhouette is not equine. The torso is a flat rectangle rather than a deep barrel with withers; the head is short and rounded instead of a long wedge-shaped horse skull; the neck rises too vertically and lacks a mane; all four legs are straight rods without knees, hocks, fetlocks, pasterns or hooves; the hindquarters are square and under-muscled; and the tail is a short radial tuft. Build a dedicated equid scaffold with sloped shoulders, deep chest, muscular croup, articulated limbs, real hooves, mane and a long flowing tail.",Horse.png,440,440,RGBA,07ef2dbd320bc3b03937e7f962cb168776bbd8b01f5f1519c8371965c88f85fb,e91632032ac22f9e8e32c6524c122e6f78f3055c8146587df7888ace27636644,,,,,,,,,,,,,,,,,,,,,,,
fauna,Hyena,Hyena,FAIL,FAIL,FAIL,True,Other or uncertain,HIGH,,FAIL,FAIL,FAIL,PASS,FAIL,FAIL,FAIL,"The animal is still a spotted horned/hoofed ungulate. Use heavy forequarters, sloping back, large head/jaws, shorter hind legs, paws and short brush tail.",Hyena.png,440,440,RGBA,507c720c1f11bf36e6f1d2429bc15420d1970c3b13179c0fa6bcbe3ea4270e0f,92aec2b7d3b15603e246fb1bb8f309ff4a10a7ef31cb1f448e6cd4448ebaf413,,,,,,,,,,,,,,,,,,,,,,,
fauna,Hyrax,Hyrax,FAIL,FAIL,HOLD,True,Elephants and relatives,MEDIUM,,PASS,POLISH,POLISH,POLISH,POLISH,POLISH,"Broad family anatomy is usable, but the portrait still shares simplified global body templates and should retain stronger species markers.","The current body resembles a small sheep. Use a compact guinea-pig-like torso, short clawed feet, rounded ears, short muzzle and almost no visible tail.",Hyrax.png,440,440,RGBA,df52ebe6baefdfa14ed7753a124408ffa34f11ac92d1728a93fcb0c7118b9256,3377c5bad8d2938c45ea5a97302d24d5b85ceebc9fe6395cf5812088cfc97bdc,,,,,,,,,,,,,,,,,,,,,,,
fauna,Isopod,Isopod,FAIL,FAIL,FAIL,True,Ice and cave insects,HIGH,,FAIL,FAIL,FAIL,PASS,FAIL,FAIL,FAIL,"Current shrimp-like form lacks the flattened segmented isopod body and repeated similar walking legs. Use correct insect anatomy: distinct head/thorax/abdomen, six articulated legs, correct wing count and attachment, antennae, mouthparts and species-specific shell/body proportions.",Isopod.png,440,440,RGBA,cc99fa5e039d95e5c4b64fc80168903b69021b21fa37bfdad4f09b4e9111a2e3,2ae7ef82e6b1a10f11afd5928198d773759f3b823d04f1e00c87d9e8ea18cf4a,,,,,,,,,,,,,,,,,,,,,,,
fauna,Jackal,Jackal,FAIL,FAIL,FAIL,True,Dogs and dog-like mammals,HIGH,,FAIL,FAIL,FAIL,PASS,FAIL,FAIL,FAIL,"The image remains a deer-like quadruped. Use a light canid torso, paws, long muzzle, large ears and brush tail.",Jackal.png,440,440,RGBA,3efb6a14b8ef3b6bd44945e3b89c33bf4a8fa4fad8b6e13f40b3df778b516941,c9d185dcdc1f3799d92cc2566ec1538d949bcf5b925105438d492309ba16c2f2,,,,,,,,,,,,,,,,,,,,,,,
fauna,Jaguar,Jaguar,FAIL,FAIL,FAIL,True,Big cats,HIGH,,FAIL,FAIL,FAIL,PASS,FAIL,FAIL,FAIL,"Rosettes are correct, but the body is a hoofed ungulate. Use a stocky big-cat scaffold with large head, broad chest, powerful short legs/paws and thick tail.",Jaguar.png,440,440,RGBA,7f7932fab717b318b976ec83adb84e24b0417293f6618543b6fe316ec5d3dcab,6fba3241f30dd11e9df0adfb685aa738bcd2053deeeea2ba61ba73c62e7f94b6,,,,,,,,,,,,,,,,,,,,,,,
fauna,Jerboa,Jerboa,FAIL,FAIL,HOLD,True,Rodents,MEDIUM,,PASS,POLISH,POLISH,POLISH,POLISH,POLISH,"Broad family anatomy is usable, but the portrait still shares simplified global body templates and should retain stronger species markers.","The current form is a normal rabbit-like rodent. Add greatly elongated hind legs, tiny forelimbs, long balancing tail with tuft and upright hopping posture.",Jerboa.png,440,440,RGBA,439e5cfbe2bda4db4d87d0d9e398dc863debcae240eb848b675abfdf2e811a59,c7e39177d8ba8294753e00dd59751ba71e3ecb7ce3a56f2a6cd12d71ad53659c,,,,,,,,,,,,,,,,,,,,,,,
fauna,Kestrel,Kestrel,FAIL,FAIL,HOLD,True,Birds of prey,MEDIUM,,PASS,POLISH,POLISH,POLISH,POLISH,POLISH,"Broad family anatomy is usable, but the portrait still shares simplified global body templates and should retain stronger species markers.","The image is a generic bird. Use a small falcon silhouette with hooked beak, pointed wings, talons and long narrow tail.",Kestrel.png,440,440,RGBA,06ff95457eea2ea2e7c6c7cf580a839e8a35a894be88f8c2f9fad1f2e64f2341,e326a0023fe0fb38f2eab6c247b2dd074c58efd4648f92a845c181e80cff65d1,,,,,,,,,,,,,,,,,,,,,,,
fauna,Leopard,Leopard,FAIL,FAIL,FAIL,True,Big cats,HIGH,,FAIL,FAIL,FAIL,PASS,FAIL,FAIL,FAIL,"The rosettes are applied to an ungulate body. Use a true feline torso, paws, cat skull and long tail; keep the smaller dense rosettes.",Leopard.png,440,440,RGBA,254f718ecf0264a10f8e20a0f628afdc60b767ed8db62310cf1937f620306ebf,f23598121765c41746df5cab87329bea4972e98a614d26d5feb4abc294eac331,,,,,,,,,,,,,,,,,,,,,,,
fauna,Lion,Lion,FAIL,FAIL,HOLD,True,Big cats,MEDIUM,,PASS,POLISH,POLISH,POLISH,POLISH,POLISH,"Broad family anatomy is usable, but the portrait still shares simplified global body templates and should retain stronger species markers.","The mane is present but the body is an ungulate with hooves. Use a muscular feline chest, flexible torso, paws, cat head/muzzle and long tufted tail.",Lion.png,440,440,RGBA,dbdd0c1acde0881847727e05578b1a3376bdcbfc49b73939946e89baf0c96832,62d92f10ce8fb94fe7001fafb19db4f2a0c1c038812b353d1f18df1b7c82ee61,,,,,,,,,,,,,,,,,,,,,,,
fauna,Lynx,Lynx,FAIL,FAIL,FAIL,True,Big cats,HIGH,,FAIL,FAIL,FAIL,PASS,FAIL,FAIL,FAIL,"Spots and ear tufts are placed on a hoofed body. Use a compact cat scaffold, paws, short bob tail and prominent cheek/ear tufts.",Lynx.png,440,440,RGBA,7db14f4d0cd1fafa3e4af680d427e66d50b0b6667424fb3189c510736f398990,e6c966761d733f2318e1fa0a57e3ffb628de41a4cb4b26e3c503937c6f688e9a,,,,,,,,,,,,,,,,,,,,,,,
fauna,Maned_Wolf,Maned Wolf,FAIL,FAIL,HOLD,True,Dogs and dog-like mammals,MEDIUM,,PASS,POLISH,POLISH,POLISH,POLISH,POLISH,"Broad family anatomy is usable, but the portrait still shares simplified global body templates and should retain stronger species markers.","The long legs and orange color read, but the body remains deer-like. Use a tall-legged canid chest, paws, black lower legs, long narrow muzzle and mane along the shoulders.",Maned_Wolf.png,440,440,RGBA,6f03794140b99b2a3770620d7cd575b6f3c4b3ad2ed07fa936743246319a3529,a3b7a68fbe3df91a7aee365f6db90db983926fe87ca7a2c4c5e0f3e4f52c4ad7,,,,,,,,,,,,,,,,,,,,,,,
fauna,Ocelot,Ocelot,FAIL,FAIL,FAIL,True,Big cats,HIGH,,FAIL,FAIL,FAIL,PASS,FAIL,FAIL,FAIL,"The patterned coat is on an ungulate body. Use a small long-bodied feline scaffold with paws, cat head and long tail; retain elongated chain-like markings.",Ocelot.png,440,440,RGBA,95c44715334152221004449992764fa4fcbcee29d3461113c9e152314bcdc435,cc1ddea08c03f686346b627b7955c4be17efd4ca44171b0af99425b1ccf0da70,,,,,,,,,,,,,,,,,,,,,,,
fauna,Osprey,Osprey,FAIL,FAIL,HOLD,True,Birds of prey,HIGH,Hawk,PASS,POLISH,POLISH,POLISH,POLISH,POLISH,"Broad family anatomy is usable, but the portrait still shares simplified global body templates and should retain stronger species markers.","The current image is a generic brown bird. Add a hooked raptor bill, white head with dark eye stripe, long angular wings, strong talons and fish-hunting posture.",Osprey.png,440,440,RGBA,cf3a0fad75c657ceda14e744d39b83e37da794cf0045033be9a7b6df6d131171,01df5d1cba30f781ce07b82aade8bfea85f4f7cf147afdca5a2c68dd7579a28d,,,,,,,,,,,,,,,,,,,,,,,
fauna,Pampas_Fox,Pampas Fox,FAIL,FAIL,HOLD,True,Canids,MEDIUM,,PASS,POLISH,POLISH,POLISH,POLISH,POLISH,"Broad family anatomy is usable, but the portrait still shares simplified global body templates and should retain stronger species markers.","The body remains deer-like. Use a small canid torso, paws, pointed muzzle, large ears and full brush tail.",Pampas_Fox.png,440,440,RGBA,bf60b2640e8cf810acff6448b5b1261ab4b2a93747d097c41e46e786a550b812,147b95b2bd6bde0dc2944279324fbb3b08ca814d6e090bfdd3e7b3707bbce133,,,,,,,,,,,,,,,,,,,,,,,
fauna,Panda,Panda,FAIL,FAIL,FAIL,True,Bears,HIGH,,FAIL,FAIL,FAIL,FAIL,FAIL,FAIL,FAIL,"The black-and-white pattern reads, but the underlying body is not a convincing bear. Use a heavy plantigrade bear torso, broad shoulders, short powerful limbs with paws, round ursid head and a compact rear.",Panda.png,440,440,RGBA,52d1e9e2db04099e53bc17a414c61f3d2d0e26ae13296fd830cf4939df7c1158,88e9f42238c71cf254d6a2b57daccbd9a7f7bf4f4e32ae344d356f95901e6652,,,,,,,,,,,,,,,,,,,,,,,
fauna,Polar_Bear,Polar Bear,FAIL,FAIL,HOLD,True,Bears,MEDIUM,,PASS,POLISH,POLISH,POLISH,POLISH,POLISH,"Broad family anatomy is usable, but the portrait still shares simplified global body templates and should retain stronger species markers.","The white color is correct, but the body remains a sheep-like hoofed quadruped. Use a long-necked ursid body, large paws, small ears and elongated polar-bear head.",Polar_Bear.png,440,440,RGBA,f5ad4cab7a09a757c454be6fb18c3d74b778db1ec10ed26129f0e706c38131a7,cb30cf309bd8f005786fa0e169683b227dc28f738076c9409577be93651e249d,,,,,,,,,,,,,,,,,,,,,,,
fauna,Red_Fox,Red Fox,FAIL,FAIL,HOLD,True,Canids,MEDIUM,,FAIL,FAIL,FAIL,FAIL,FAIL,FAIL,FAIL,"The orange coat and tail color suggest a fox, but the underlying torso and legs remain deer-like. Use a true canid chest, digitigrade hocks and paws, pointed fox muzzle/ears, narrow waist and full brush tail.",Red_Fox.png,440,440,RGBA,5de7b58dc9329ae7835c4056f074c0ca93abc9cc6b8c7a85533c9a90fa135932,314943e49c261445943d13b558637eb2ae4659e8c0ae58bfe1c81531c8a11d07,,,,,,,,,,,,,,,,,,,,,,,
fauna,Saiga,Saiga,FAIL,FAIL,FAIL,True,Cattle and bovids,HIGH,,FAIL,FAIL,FAIL,PASS,FAIL,FAIL,FAIL,"The antelope scaffold is usable, but the defining enlarged flexible bulbous nose is missing; this feature must dominate the head silhouette.",Saiga.png,440,440,RGBA,22c1b1deea9a6d24b10e29ebdd8ae63424f63a337a5ca18f00138157077da03f,49487cfd6f61f843580d71aacf695726646ba8080cac6cc11c3004d2e6680bdd,,,,,,,,,,,,,,,,,,,,,,,
fauna,Sand_Cat,Sand Cat,FAIL,FAIL,FAIL,True,Small and domestic cats,HIGH,,FAIL,FAIL,FAIL,PASS,FAIL,FAIL,FAIL,"The animal is still a small hoofed quadruped. Use a low feline body with paws, broad flattened head, very large low-set ears and a thick ringed tail.",Sand_Cat.png,440,440,RGBA,00ad38b454ad3bcf9ed13a905b4d334ff6c20f6c7bfdf667ebb10e28cec73728,3a8cb6a3c91af5593b101a42b06b2e4ec0e2c776ebad96f66e89d12068ad5820,,,,,,,,,,,,,,,,,,,,,,,
fauna,Scorpionfly,Scorpionfly,FAIL,FAIL,FAIL,True,Other or uncertain,HIGH,,FAIL,FAIL,FAIL,PASS,FAIL,FAIL,FAIL,"The current insect lacks the defining long beak-like rostrum and, for the male form, upcurved abdominal tip. Keep two wing pairs and six legs, but rebuild the head/abdomen.",Scorpionfly.png,440,440,RGBA,4074faae472a69916077b5f4363aad7c5063374936adace6642e381b364ae6f0,f844c6784f68f1c7a9c2bf3aae07219bae1dcc5724a7bc908bc3e0f358198f57,,,,,,,,,,,,,,,,,,,,,,,
fauna,Secretary_Bird,Secretary Bird,FAIL,FAIL,FAIL,True,Birds of prey,LOW,,PASS,PASS,PASS,PASS,PASS,PASS,All major regions and defining features are readable at the current stylized scale.,"The long legs are present, but the body is still a generic wader. Use a terrestrial raptor head and hooked bill, crest quills, long powerful legs with taloned feet, shorter wings and a long central tail.",Secretary_Bird.png,440,440,RGBA,4d73b0e32999f1502edf64f60154e73772e66c98058c315dc4ac15e612a7e01a,e48ae2f51acfd8e8ec040ae635cbb9c4dd18d67dc5c26e32baec3eb7a289471b,,,,,,,,,,,,,,,,,,,,,,,
fauna,Serval,Serval,FAIL,FAIL,HOLD,True,Big cats,MEDIUM,,PASS,POLISH,POLISH,POLISH,POLISH,POLISH,"Broad family anatomy is usable, but the portrait still shares simplified global body templates and should retain stronger species markers.","Spots and long legs are present, but the body is hoofed. Use a small feline torso, very large ears, long digitigrade legs/paws and short tail.",Serval.png,440,440,RGBA,c5295cb14e8e887e25b7f962b3ee813487054b1f4c17005299482938e018e9ca,da17fb79286801965019276c5c42fe6fd68f24c675a37095047306b61788e357,,,,,,,,,,,,,,,,,,,,,,,
fauna,Shark,Shark,FAIL,FAIL,FAIL,True,Sharks,HIGH,,FAIL,FAIL,FAIL,PASS,FAIL,FAIL,FAIL,"Current generic fish silhouette lacks a clear shark head, gill slits, large pectoral fins, and heterocercal tail. The portrait relies on a generic torpedo fish. Correct body depth, head/mouth position, dorsal/anal/pectoral fin shape, caudal fin, markings and any diagnostic appendage.",Shark.png,440,440,RGBA,dbec141ef5a650231a8bca94f6c41d0538431905a5dc27558200545507d2b5f0,95ee17288d1f1c106815e095d23df12bb2a26c8fa9100f18a2482d2848e34786,,,,,,,,,,,,,,,,,,,,,,,
fauna,Sheep,Sheep,FAIL,FAIL,FAIL,True,Sheep and goats,HIGH,,FAIL,FAIL,FAIL,PASS,FAIL,FAIL,FAIL,"Current generic ungulate lacks a woolly torso, sheep muzzle, cloven hooves, and appropriate tail/horn treatment. The ungulate base is usable, but the named species must have correct horn/antler geometry, neck, shoulder/croup mass, leg length, hooves, head and tail.",Sheep.png,440,440,RGBA,cb13ebd22935b32a879a5a3272bc28d0a12c9e370dfaa2d9d1efeb4ec20d3f7f,bf491c38714f72bea1c97d9803f6878ad01fdf6149c7a715f8ebe1f361f20d9f,,,,,,,,,,,,,,,,,,,,,,,
fauna,Sloth,Sloth,FAIL,FAIL,FAIL,True,Armadillos and relatives,HIGH,,FAIL,FAIL,FAIL,PASS,FAIL,FAIL,FAIL,"Current shaggy ground quadruped is incorrect. Use long curved climbing limbs, hook-like claws, compact torso, and hanging/arboreal posture. Broad family routing may be usable, but Sloth still needs an unlabeled silhouette check for body plan, head, eyes/sensory structures, appendages and rear/terminal anatomy.",Sloth.png,440,440,RGBA,e1eee009a6b30f22bdb13bbd19de76fbfdcb83bff86a9df511dcd325d6e5a858,42a4fc2392cdc4b00b9c9a92997b808e32760ebb9fb561d8b7f430fb25349aa6,,,,,,,,,,,,,,,,,,,,,,,
fauna,Sloth_Bear,Sloth Bear,FAIL,FAIL,FAIL,True,Bears,HIGH,,FAIL,FAIL,FAIL,PASS,FAIL,FAIL,FAIL,"The current animal remains sheep/bear-like. Add shaggy coat, long pale muzzle, mobile lips, large claws/paws and a real plantigrade bear body.",Sloth_Bear.png,440,440,RGBA,f2d2cfb1f57c66897f91de2cbc9a939b95e11e78189f77ec91ee7bb02b9b71ca,b9dc3356eb87156320c9be6608bbdfa90a172faa4c5325276406336bd99c25c0,,,,,,,,,,,,,,,,,,,,,,,
fauna,Snow_Leopard,Snow Leopard,FAIL,FAIL,FAIL,True,Big cats,HIGH,,FAIL,FAIL,FAIL,PASS,FAIL,FAIL,FAIL,"The coat pattern is on a hoofed body. Use a stocky mountain-cat torso, large paws, small rounded ears and exceptionally long thick tail.",Snow_Leopard.png,440,440,RGBA,3d771de98d7c0907eb54fb9ef9b443325a10432f4a860d2498f28bed53c17d19,54ec830ae1c75e82724c818270702a722c209edd1561f22981240d0eec4b84f4,,,,,,,,,,,,,,,,,,,,,,,
fauna,Spectacled_Bear,Spectacled Bear,FAIL,FAIL,FAIL,True,Bears,HIGH,,FAIL,FAIL,FAIL,PASS,FAIL,FAIL,FAIL,"Facial markings are present, but the body remains a sheep/ungulate. Use a compact bear torso, plantigrade paws, short tail and rounded ursid head.",Spectacled_Bear.png,440,440,RGBA,265e5773ab2b1ff3a3c3c0f5b02506fec0fe1ff5986ac5769aedb077e8573521,b13fcf3356f8403801cc49f7683641d70b8491c36cb7420de1c244670ac05e86,,,,,,,,,,,,,,,,,,,,,,,
fauna,Spotted_Hyena,Spotted Hyena,FAIL,FAIL,FAIL,True,Hyenas and relatives,HIGH,,FAIL,FAIL,FAIL,PASS,FAIL,FAIL,FAIL,"The spotted pattern is on an ungulate body. Use massive shoulders, sloping back, large jawed head, paws and short tail.",Spotted_Hyena.png,440,440,RGBA,878124c4550babe550cafcb0996cb09c69520429c3db28134fc28255af353cb1,c6aa2dee768bcfffd5ed7f0760156bb241e203372aae9e71ca24d46776ca8a03,,,,,,,,,,,,,,,,,,,,,,,
fauna,Striped_Hyena,Striped Hyena,FAIL,FAIL,FAIL,True,Hyenas and relatives,HIGH,,FAIL,FAIL,FAIL,PASS,FAIL,FAIL,FAIL,"Stripes are placed on a sheep/goat body. Use a sloping hyena torso, large head/jaws, paws, mane and bushy tail.",Striped_Hyena.png,440,440,RGBA,47a6c47749d2d7a67943e134f1413cdbcbeaeb6ea2d552f51992774341488a92,3781403941832d8c39fea6c1cf0820d5252c850e424fea61b682869a5c6f3f65,,,,,,,,,,,,,,,,,,,,,,,
fauna,Sugar_Glider,Sugar Glider,FAIL,FAIL,FAIL,True,Marsupials,HIGH,,FAIL,FAIL,FAIL,FAIL,FAIL,FAIL,FAIL,"The current image is a tiny quadruped without a visible patagium. Add the gliding membrane, large eyes, arboreal paws and long balancing tail.",Sugar_Glider.png,440,440,RGBA,80c684f043f3cfe880a1a8fdaf7df001b2a8120ac3a4a79b9bf093cc3c5ac766,06487d5fab8ee0a74de88e73b473dadd1d6d45c6ced4ef85c238bde1573ebbcf,,,,,,,,,,,,,,,,,,,,,,,
fauna,Sun_Bear,Sun Bear,FAIL,FAIL,FAIL,True,Bears,HIGH,,FAIL,FAIL,FAIL,PASS,FAIL,FAIL,FAIL,"The dark coat is correct, but the body is sheep/pig-like. Use the smallest bear scaffold with long tongue/muzzle, large paws, short sleek coat and chest patch.",Sun_Bear.png,440,440,RGBA,1c77d4128efe10037053ee37e223d6518c982726afeec5fd66dfcf7eec12f7da,3239610885d15e6fd66b60665bf630c079a2c1a60c44a1bad78147d4e113806c,,,,,,,,,,,,,,,,,,,,,,,
fauna,Tiger,Tiger,FAIL,FAIL,FAIL,True,Big cats,HIGH,,FAIL,FAIL,FAIL,PASS,FAIL,FAIL,FAIL,"The stripe system is strong, but the underlying animal is still an ungulate with hooves. Build the tiger on a powerful feline scaffold with broad head, deep chest, paws, muscular hindquarters and long tail.",Tiger.png,440,440,RGBA,ddc7a7d3e230a3dce75de8140248873a0f38a10ff9c7d11aaa3d54645c43d050,eb24c4fbc1357722f1130eae299adc413b22c660553150508e4abf554aece0c7,,,,,,,,,,,,,,,,,,,,,,,
fauna,Vampire_Squid,Vampire Squid,FAIL,FAIL,FAIL,True,Cephalopods,HIGH,,FAIL,FAIL,FAIL,FAIL,FAIL,FAIL,FAIL,"The current form is still a one-eyed dress/bell. Use a small cephalopod mantle, two eyes, eight webbed arms with cirri and the characteristic cloak-like membrane.",Vampire_Squid.png,440,440,RGBA,2699f7476fd5806adc0d11a8d97ef34a6972d4c95f68ae23c2693418f7a815c1,458cda2f35e6cd0cdb58a1026e80ca8aaec58d8f12f380bf068ca470f9dd2686,,,,,,,,,,,,,,,,,,,,,,,
fauna,Walrus,Walrus,FAIL,FAIL,PASS,True,Marine mammals,LOW,,PASS,PASS,PASS,PASS,PASS,PASS,All major regions and defining features are readable at the current stylized scale.,"Tusks are present, but the body is a pig-like quadruped with feet. Use a massive horizontal pinniped body, fore/hind flippers, whiskered muzzle and long tusks.",Walrus.png,440,440,RGBA,c550b8cdbe2c51477d189d76a6e19f5fdb6b433e6ccfa3bc133c98d320c43fb0,b4771f01eccc04ccfa42597ce7bc5fb0fb316de7f37eb27643b231c74bb50834,,,,,,,,,,,,,,,,,,,,,,,
fauna,Whale_Shark,Whale Shark,FAIL,FAIL,FAIL,True,Sharks,HIGH,,FAIL,FAIL,FAIL,PASS,FAIL,FAIL,FAIL,"The current fish lacks the whale shark’s broad flat head and white spot/stripe pattern. Add a huge filter-feeding mouth, wide head, spotted back and shark fins.",Whale_Shark.png,440,440,RGBA,60fef03312aeef1e4783e8819531a51297f20a6979051006fb16d080d337a8e8,b4eefae67f81da5d5cc09cfd636b37cace244640e40c469bcc4970a1f4d22429,,,,,,,,,,,,,,,,,,,,,,,
fauna,Wild_Ass,Wild Ass,FAIL,FAIL,HOLD,True,Horses and relatives,MEDIUM,,PASS,POLISH,POLISH,POLISH,POLISH,POLISH,"Broad family anatomy is usable, but the portrait still shares simplified global body templates and should retain stronger species markers.","The silhouette is still a deer-like ungulate. Use the corrected equid scaffold, then add long donkey ears, upright short mane and tufted tail.",Wild_Ass.png,440,440,RGBA,e3e5e3a960b23b2422d286e6154a2fc5a4ffbda02cae98903784bcca41a8d23f,595d4901443a27b99339170eecc2be7fdc99d2dcefd009fe6a10edcdd68d2cc0,,,,,,,,,,,,,,,,,,,,,,,
fauna,Wild_Horse,Wild Horse,FAIL,FAIL,FAIL,True,Equids,HIGH,,FAIL,FAIL,FAIL,PASS,FAIL,FAIL,FAIL,"The body remains deer-like with straight rod legs and incorrect head/rear. Use the same corrected equid scaffold required for Horse, with a more rugged mane and build.",Wild_Horse.png,440,440,RGBA,c7a355d1fc76c33b74b363afd62b4905e11f5244e78f268fb2ea61f2abaaaad3,f947195471acd9c293b0fae607ccdd703a3d4e65db0e8927365a0a8a70d2c78f,,,,,,,,,,,,,,,,,,,,,,,
fauna,Wild_Pony,Wild Pony,FAIL,FAIL,HOLD,True,Equids,MEDIUM,,PASS,POLISH,POLISH,POLISH,POLISH,POLISH,"Broad family anatomy is usable, but the portrait still shares simplified global body templates and should retain stronger species markers.","The animal is not a stocky pony; it uses the same deer-like scaffold. Shorten the legs and neck, deepen the barrel, enlarge the mane/tail and keep articulated equid joints/hooves.",Wild_Pony.png,440,440,RGBA,a76e87be1eb18c441abcfaa55d86e7161a38068cdee933e1f0f983066f368b72,338da17ee6f2187d4f917b6465e92f40e6f096522ed18b6d89cde452e40a659f,,,,,,,,,,,,,,,,,,,,,,,
fauna,Wildcat,Wildcat,FAIL,FAIL,FAIL,True,Small and domestic cats,HIGH,,FAIL,FAIL,FAIL,PASS,FAIL,FAIL,FAIL,"Striping is on a hoofed body. Use a true feline torso, paws, cat skull and full tail.",Wildcat.png,440,440,RGBA,f7462fc1f896cbf444b7d3d1259b5689d1b4acc9aabb187fcd70d43d71418235,068ebc0196b5081ecc409119f95b3540e30a9aa7ee945f6b67dcd87f8e0a0a16,,,,,,,,,,,,,,,,,,,,,,,
fauna,Wolf,Wolf,FAIL,FAIL,FAIL,True,Dogs and dog-like mammals,HIGH,,FAIL,FAIL,FAIL,PASS,FAIL,FAIL,FAIL,"The current wolf is a white/gray deer-like quadruped. Use a deep-chested canid body, powerful paws, long muzzle, upright ears and bushy tail.",Wolf.png,440,440,RGBA,d3c1b482859452ac99ab9f9f91e66152978aa62ca6dd11bea562ca7cdaae63b0,64973bdc2620e85f8ca392c4e2fe044e4ba5042b25dd0f7e30b4c4f24218c1c2,,,,,,,,,,,,,,,,,,,,,,,
fauna,Zebra,Zebra,FAIL,FAIL,HOLD,True,Horses and relatives,MEDIUM,,PASS,POLISH,POLISH,POLISH,POLISH,POLISH,"Broad family anatomy is usable, but the portrait still shares simplified global body templates and should retain stronger species markers.","The striping reads, but the underlying body is not a convincing equid. Use the corrected horse/equid torso, head, articulated legs, hooves, upright mane and proper tail, then wrap stripes anatomically across the entire body.",Zebra.png,440,440,RGBA,606726803a6fc74f2063e2ec184686369da457427b09ba4066f0d1fdf9b2d0eb,1e25400883022a72c7724067d16debfab64ff075b441fede66f1af03e82caccf,,,,,,,,,,,,,,,,,,,,,,,
flora,Acai,Acai,FAIL,FAIL,FAIL,False,,,,,,,,,,,"The current two-leaf stick is not an açaí palm. Use a slender ringed palm trunk, large pinnate fronds and hanging clusters of small dark-purple berries.",Acai.png,440,440,RGBA,7b1f5e7e4936debce9fe784371fb0b5ed2076fb176d6be05ee8a54e471de26cd,7b1f5e7e4936debce9fe784371fb0b5ed2076fb176d6be05ee8a54e471de26cd,Other plant or harvest type,FAIL,PASS,FAIL,FAIL,FAIL,FAIL,,,,,,,,,,,,,,,,
flora,Angel's_Trumpet,Angel's Trumpet,FAIL,FAIL,FAIL,True,,,,,,,,,,,Use a woody shrub or small tree with several very large pendulous trumpet flowers. The current tiny star-like blossoms do not earn the name.,Angel's_Trumpet.png,440,440,RGBA,ee4ec16cde1a00d4f739b47ed198b30cfbbdffe9fb232ae3d4dfc8d1739144e2,88db67b9b90510be34cbffa31441b67d8d3bc5ba905c034e5d6f91f71a9a331f,Other plant or harvest type,FAIL,PASS,FAIL,PASS,FAIL,FAIL,,,,,,,,,,,,,,,,
flora,Arrowhead,Arrowhead,FAIL,FAIL,HOLD,True,,,,,,,,,,,The current rounded paired leaves are incorrect. Use several arrow/sagittate leaves on upright aquatic petioles with a simple flower stalk.,Arrowhead.png,440,440,RGBA,37298b1a89bb3989997b46a364153558e08df133b67984f0158332bac2eb1211,76f44563147eab12a1ac5690a9cbe4a883954d0a748b55eb49942c058fb5aba2,Other plant or harvest type,PASS,POLISH,POLISH,POLISH,POLISH,POLISH,,,,,,,,,,,,,,,,
flora,Baobab,Baobab,FAIL,FAIL,PASS,True,,,,,,,,,,,"The round canopy is generic and the trunk is too thin. Give the tree an enormous swollen bottle-like trunk, sparse heavy limbs and a comparatively small crown.",Baobab.png,440,440,RGBA,5a42eb4c6901e3a16b8a733b0d4f0a5ddc22f98e80c3dc41543ba8fd9a001b8a,b24bf6bb45db3381d5b21b148ebf11abf31450900b275a7a684476b8362753b5,Tropical trees,PASS,PASS,PASS,PASS,PASS,PASS,,,,,,,,,,,,,,,,
flora,Barrel_Cactus_Fruit,Barrel Cactus Fruit,FAIL,FAIL,HOLD,True,,,,,,,,,,,"The source body is a tall column cactus, not a barrel cactus. Use a round ribbed barrel with strong spines and a crown of fruit/flowers.",Barrel_Cactus_Fruit.png,440,440,RGBA,7a0ef0d4274c1c5e570ccca830eee8f498523c55e15d40fbe41d3f09f9ba0084,b92326a7111e16418ba318e989e0dcb7998f7a63f5d80fe3b955a1632d60b931,Other plant or harvest type,PASS,POLISH,POLISH,POLISH,POLISH,POLISH,,,,,,,,,,,,,,,,
flora,Buckwheat,Buckwheat,FAIL,FAIL,FAIL,True,,,,,,,,,,,The two compact leaf columns are not buckwheat. Use a branching broadleaf herb with triangular/heart-shaped leaves and loose clusters of small white/pink flowers.,Buckwheat.png,440,440,RGBA,578a0eae99b34ea9516ce89e47fcb3ee032989e1fc3264e9f8b7a4e6624ff2cc,9c2e5798838c2cbe6261d2c9afa437051d5a937d6a955982511a222df6710403,7. Grain and Staple Crops,FAIL,PASS,PASS,FAIL,FAIL,FAIL,,,,,,,,,,,,,,,,
flora,Buttercup,Buttercup,FAIL,FAIL,HOLD,True,,,,,,,,,,,The current fern-like vertical column is incorrect. Use low divided basal leaves and several simple yellow five-petaled flowers on branching stems.,Buttercup.png,440,440,RGBA,461da4abb9d962a9dbb9835e133d989407c8f282bdbf26e928801f95b878c37b,d7a87d2f2820e99f241568402bc4831b6633c9cdf2fb87d5d4d335b0f47af9dc,10. Flowering Herbs and Wildflowers,PASS,POLISH,POLISH,POLISH,POLISH,POLISH,,,,,,,,,,,,,,,,
flora,Cardamom,Cardamom,FAIL,FAIL,FAIL,True,,,,,,,,,,,"Current low rosette is too generic; add ginger-family leaves and basal flower/seed-pod cues. Match the named plant’s actual growth habit, leaf arrangement, flower/seed structure and scale; many currently use one vertical leaf-ladder or color-only herb template.",Cardamom.png,440,440,RGBA,a765879ed1b2e0ebee6647b16a2168dcc72ab6effd1efc15adcafa076516a2f3,77ff714998471c471e3225d990a30468e68d34f38e5c25fc3c10d4318d48aadc,9. Herbs and Spices,FAIL,PASS,PASS,FAIL,FAIL,FAIL,,,,,,,,,,,,,,,,
flora,Cedar,Cedar,FAIL,FAIL,HOLD,True,,,,,,,,,,,The round deciduous canopy is not a cedar. Use a conical or layered evergreen crown with visible tiered branches and needle/scale foliage.,Cedar.png,440,440,RGBA,ffe4664177f1164f1a199c874e81af6e30b0f382a7543dd5ee4976deadaeda5f,0de39bc313982d63b4bc69675371d495d60665380c8f4387cceabf40a5e4b58a,2. Conifers and Other Seed Plants,PASS,POLISH,POLISH,POLISH,POLISH,POLISH,,,,,,,,,,,,,,,,
flora,Cinnamon,Cinnamon,FAIL,FAIL,FAIL,True,,,,,,,,,,,"Should be a woody shrub/tree with natural green leaves and bark/cinnamon cue. Match the named plant’s actual growth habit, leaf arrangement, flower/seed structure and scale; many currently use one vertical leaf-ladder or color-only herb template.",Cinnamon.png,440,440,RGBA,bc945c70a024423b618c93c1522719ff305b307aca6e0135b4a3481f02b70c42,9fdfecb20fc637fae638e564780e84bf93d7c5e6c2586bd1202c85b360ebcc3d,9. Herbs and Spices,FAIL,PASS,FAIL,FAIL,PASS,FAIL,,,,,,,,,,,,,,,,
flora,Cloudberry,Cloudberry,FAIL,FAIL,HOLD,True,,,,,,,,,,,The current tall spiky column is wrong. Use a very low creeping bramble with lobed leaves and one amber raspberry-like fruit.,Cloudberry.png,440,440,RGBA,736e5f7c524f28bcd68ea254242172825abb7f076d06e7d6a8be5992edcee65b,7bf708282affa20da15ab715b19c35293d40d34fcf1f98ea3ac83407450060c1,Other plant or harvest type,PASS,POLISH,POLISH,POLISH,POLISH,POLISH,,,,,,,,,,,,,,,,
flora,Cotton,Cotton,FAIL,FAIL,FAIL,True,,,,,,,,,,,"Add multiple cotton bolls and a branching plant body. Cotton needs a species-specific growth-form check: roots/attachment, stem or trunk, leaf/frond arrangement, flower/fruit/spore organ and overall scale.",Cotton.png,440,440,RGBA,8a36ec5dab4d2ee431b446c327f9cdf9893f14c4e5523eac47b6283efff2dbb4,afa09d4e216f19b6b135143ade35bf6277b4c49301c48fa0f9560d7375f853af,Other plant or harvest type,FAIL,PASS,PASS,PASS,FAIL,FAIL,,,,,,,,,,,,,,,,
flora,Cucumber,Cucumber,FAIL,FAIL,FAIL,True,,,,,,,,,,,"Use a creeping/climbing vine with broad leaves and attached cucumbers. Match the source plant, leaf habit and attached fruit/harvest organ. Fruit should be connected to stems/branches and not carry identity by label alone.",Cucumber.png,440,440,RGBA,0c41b3e6dd14369569b4aca2a3a908322e8541c6df4f138732631b26b5d1f530,3944b36f6ae119a259706085363645fd0fdf1ff8fb5b7921d4587943c25c874e,Fruiting vegetables,FAIL,FAIL,PASS,FAIL,PASS,FAIL,,,,,,,,,,,,,,,,
flora,Desert_Rose,Desert Rose,FAIL,FAIL,HOLD,True,,,,,,,,,,,"The current narrow succulent column is not a desert rose. Use a swollen caudex, branching succulent stems and several large pink trumpet flowers.",Desert_Rose.png,440,440,RGBA,84818ce425ef1229d3ddcc1c6a5341b3d52403f1ce0b5c41f16f0c9664f05cc4,204dbe976612f19cf31f23d911b06ac5f58611a050e7e5dfa07b34d2328c3ae5,12. Succulents and Desert Plants,PASS,POLISH,POLISH,POLISH,POLISH,POLISH,,,,,,,,,,,,,,,,
flora,Devil's_Claw,Devil's Claw,FAIL,FAIL,HOLD,True,,,,,,,,,,,"The generic upright herb lacks the defining long hooked seed pod. Show a spreading plant with broad leaves, trumpet flowers and one large claw-like fruit.",Devil's_Claw.png,440,440,RGBA,db8d6ad1cf14e3245ddd65dba080fd5d3e94c50a471257c108c7adda4f2d31a7,aacba2eec94908c2f60c05277cb60b2d8beddd28ea9299f524fc9692ecd49c44,Other plant or harvest type,PASS,POLISH,POLISH,POLISH,POLISH,POLISH,,,,,,,,,,,,,,,,
flora,Devil's_Club,Devil's Club,FAIL,FAIL,HOLD,False,,,,,,,,,,,Use a tall woody stem covered in spines with huge palmate leaves and a red berry cluster; the current sparse vine is incorrect.,Devil's_Club.png,440,440,RGBA,a2ea17ce0c05c16c94073c81c7ebdaa073add008db0a418f38af1ac7edee1947,a2ea17ce0c05c16c94073c81c7ebdaa073add008db0a418f38af1ac7edee1947,Other plant or harvest type,PASS,POLISH,POLISH,POLISH,POLISH,POLISH,,,,,,,,,,,,,,,,
flora,Fennel,Fennel,FAIL,FAIL,HOLD,True,,,,,,,,,,,"The current leaf ladder does not resemble fennel. Use feathery threadlike foliage, branching stems and broad yellow umbels.",Fennel.png,440,440,RGBA,88695a2d46a28a0f989ee7dc559c88b9a8ea4b40295c3332facad0779e6f0db0,7cfb60782e62fb69267fed51e6c2a23c86c660a3ba21b05f5a4db22f57945e26,Bulb and stem vegetables,PASS,POLISH,POLISH,POLISH,POLISH,POLISH,,,,,,,,,,,,,,,,
flora,Hemlock,Hemlock,FAIL,FAIL,HOLD,True,,,,,,,,,,,"The generic round canopy is wrong for a coniferous hemlock. Use a tapered evergreen crown, drooping branch tips and fine needle sprays.",Hemlock.png,440,440,RGBA,fa0b21929d87b3f5a0c5846a1ca34ec26d4029fb0952d052e920f679dea4122a,46e8eb046f12c18994c1f0b22c392cf514ef8badac8aca75409288ff18660524,2. Conifers and Other Seed Plants,PASS,POLISH,POLISH,POLISH,POLISH,POLISH,,,,,,,,,,,,,,,,
flora,Ivy,Ivy,FAIL,FAIL,FAIL,True,,,,,,,,,,,"Use a climbing vine with lobed leaves and attachment habit. Show the correct climbing/twining habit, support attachment, tendrils, leaf arrangement and attached flowers/fruit rather than floating clusters or an upright shrub.",Ivy.png,440,440,RGBA,d2123a8f2ad86ab56fdbe123d06c69f5e5cb798b8e99a470438bcfd3d1b221c3,5f2fbd9a27483721a65b806a445f768923c906a02cd69cb3b77153c9cef65710,11. Vines and Climbing Plants,FAIL,FAIL,PASS,FAIL,PASS,FAIL,,,,,,,,,,,,,,,,
flora,Licorice,Licorice,FAIL,FAIL,HOLD,True,,,,,,,,,,,"The current vine-like stem does not represent licorice. Use an upright branching herb with pinnate leaves, pea-like flowers/pods and indicate the thick root system.",Licorice.png,440,440,RGBA,56c4a4edd77e049f158cfcbb86c406512fedae01cde8fcb1ef2320544b5ba690,1515fd43add167d4065f9616eb97181810f8b7e5877641102f7124142f8a69ea,Other plant or harvest type,PASS,POLISH,POLISH,POLISH,POLISH,POLISH,,,,,,,,,,,,,,,,
flora,Licorice_Root,Licorice Root,FAIL,FAIL,HOLD,True,,,,,,,,,,,The image is a leaf ladder rather than the harvested root. Show a cluster of long tan branching roots or clearly separate the source plant from the harvest organ.,Licorice_Root.png,440,440,RGBA,c7b948bf1e927103302fce9bbf9c34144f62568e40507bb520606dd0406842bc,2b9f35ccd552be21674d2427f8af403769887385310772a97335e77e35285131,Other plant or harvest type,PASS,POLISH,POLISH,POLISH,POLISH,POLISH,,,,,,,,,,,,,,,,
flora,Lotus_Root,Lotus Root,FAIL,FAIL,PASS,True,,,,,,,,,,,This duplicates the floating lotus presentation rather than the rhizome. Show the segmented pale underwater root with characteristic round holes in cross-section.,Lotus_Root.png,440,440,RGBA,5a6a96707a00e0436e1687173e3cd5b7dad230f52fed8ec7aee1d645438c82a8,8ccec2b414d400dbb078fea4a849fd2f45229820cbf0606ad2ca4279b74f7d23,Other plant or harvest type,PASS,PASS,PASS,PASS,PASS,PASS,,,,,,,,,,,,,,,,
flora,Mangrove_Leaves,Mangrove Leaves,FAIL,FAIL,HOLD,True,,,,,,,,,,,A generic tree canopy does not communicate mangrove ecology. Show leathery leaves on a mangrove branch plus prop roots or pneumatophores and water/substrate context.,Mangrove_Leaves.png,440,440,RGBA,ed25c3daeabc8a25c10cd48ae3ff394fe9423e57939d001d1e4ca6a7fde9114c,41f7216f1f9ab4baaf1c5ee73a16a692a737d44defa7d4ec834d114147739f53,Other plant or harvest type,PASS,POLISH,POLISH,POLISH,POLISH,POLISH,,,,,,,,,,,,,,,,
flora,Milkweed,Milkweed,FAIL,FAIL,HOLD,True,,,,,,,,,,,"The current simple leaf ladder lacks broad opposite leaves, round flower umbels and long seed pods.",Milkweed.png,440,440,RGBA,1eb0a620fd01ce625b653667b8f9248e28a724343ef174de33362b4042c36966,fbeff4eb32abf6ef9ec587bd941dcdd598af77d02ebf38dff0e5009b5c2a543c,Other plant or harvest type,PASS,POLISH,POLISH,POLISH,POLISH,POLISH,,,,,,,,,,,,,,,,
flora,Miner's_Lettuce,Miner's Lettuce,FAIL,FAIL,HOLD,True,,,,,,,,,,,Use a low basal plant with round perfoliate leaves and tiny white flowers emerging from the leaf center; the current vertical bead column is incorrect.,Miner's_Lettuce.png,440,440,RGBA,632bc68d36b5d2ee09f8c0a0d91c4147deab24e47243143a684cd8a41e716660,c25b6e7200251ead98166379c32f4f19013f4b62e0b3fc39fd3d42452bd1590c,Other plant or harvest type,PASS,POLISH,POLISH,POLISH,POLISH,POLISH,,,,,,,,,,,,,,,,
flora,Monkshood,Monkshood,FAIL,FAIL,HOLD,True,,,,,,,,,,,The current spiky column has no hooded flowers. Use deeply divided leaves and a tall raceme of helmet-shaped blue/purple blooms.,Monkshood.png,440,440,RGBA,3cca75c294aedaa86d1017758a2bd447ff92f617b8a2f81d3dbbe7ee4fca48c6,1c594414ae49459c45fef9a525354d6b3dd16e5579f0b6cc82c40aca7c36e54f,Other plant or harvest type,PASS,POLISH,POLISH,POLISH,POLISH,POLISH,,,,,,,,,,,,,,,,
flora,Mugwort,Mugwort,FAIL,FAIL,HOLD,True,,,,,,,,,,,The current uniform column is incorrect. Use a branching herb with deeply lobed gray-green leaves and small flower clusters.,Mugwort.png,440,440,RGBA,214f316e4770a20d9a3877092ee0ba0978db74a0669d166a9f70c63d6a2421e1,beef9a3e182e7e6d4e529b7e053e56db17f571cbc0010eb2ceb9d0f691e23c21,Other plant or harvest type,PASS,POLISH,POLISH,POLISH,POLISH,POLISH,,,,,,,,,,,,,,,,
flora,Mustard,Mustard,FAIL,FAIL,FAIL,True,,,,,,,,,,,The current spiky column does not resemble mustard. Use a branching broadleaf herb with clusters of four-petaled yellow flowers and seed pods.,Mustard.png,440,440,RGBA,7956f8efb51db3fbe1491ee880a843442eec9352c581f58d5a347579d3e84da2,13a493a775cd3cdf29a901f97c7c79465e222a37c18da59251f3c9d850836e42,9. Herbs and Spices,FAIL,PASS,FAIL,PASS,FAIL,FAIL,,,,,,,,,,,,,,,,
flora,Orchid_Pods,Orchid Pods,FAIL,FAIL,HOLD,True,,,,,,,,,,,The current leaf ladder lacks an orchid and pods. Show an orchid stem with flower remnants and elongated seed capsules.,Orchid_Pods.png,440,440,RGBA,cb8579afc037b64e97da1a3e605ca11bbbc4fe7cd6af455492c1b069602999df,3f11434d826aed7f6274c09692c63c29e3627044fff3bebc70bf14acea96bc3e,Other plant or harvest type,PASS,POLISH,POLISH,POLISH,POLISH,POLISH,,,,,,,,,,,,,,,,
flora,Peanut,Peanut,FAIL,FAIL,FAIL,True,,,,,,,,,,,"The current vertical generic herb lacks the low branching habit, four leaflets, yellow flowers and underground pods.",Peanut.png,440,440,RGBA,9f33493eea1ea7e437a77e29ef1c5c6501f96a825f6ca1edac23875c5dd4b54a,1ecfc92a1896e902ddf099e6665381119212364f431618d507b27f2d526badff,Legumes,FAIL,FAIL,PASS,FAIL,FAIL,FAIL,,,,,,,,,,,,,,,,
flora,Pickerelweed,Pickerelweed,FAIL,FAIL,HOLD,True,,,,,,,,,,,The current giant round leaves are wrong. Use upright lance/heart-shaped aquatic leaves and a dense purple flower spike above shallow water.,Pickerelweed.png,440,440,RGBA,b218d88ffd993a30864b5b4041aa6f560cd623d08555a9a0b27b00ea1d745f29,c337e61a5b2df67396cc1039dca78169351bc35cbdc89bf17b13a285648adf04,Other plant or harvest type,PASS,POLISH,POLISH,POLISH,POLISH,POLISH,,,,,,,,,,,,,,,,
flora,Pinyon_Pine,Pinyon Pine,FAIL,FAIL,HOLD,True,,,,,,,,,,,The round deciduous canopy is not a pinyon pine. Use a compact irregular conifer crown with needle bundles and visible cones.,Pinyon_Pine.png,440,440,RGBA,70eafb6d42f43c4b1f5884a28df75305d4463c5b551659d22c7a9e8162363103,e930c6b11e66760f590344833711a9c02ab8900e1780ff294d457e35bfba4277,Other plant or harvest type,PASS,POLISH,POLISH,POLISH,POLISH,POLISH,,,,,,,,,,,,,,,,
flora,Poppy,Poppy,FAIL,FAIL,HOLD,True,,,,,,,,,,,"The current leaf ladder with a tiny top is not a poppy. Use lobed foliage, a large four-petaled flower and/or a round seed capsule.",Poppy.png,440,440,RGBA,3bedc10d88d361c20a8bb30b4b30bee521dbbcdaa6bf792cedd39ab412506760,92cc1518993b9ef35b1abcce65ec02f753b961745f4e5e8acaad7b6af6c1a3c4,10. Flowering Herbs and Wildflowers,PASS,POLISH,POLISH,POLISH,POLISH,POLISH,,,,,,,,,,,,,,,,
flora,Potato,Potato,FAIL,FAIL,HOLD,True,,,,,,,,,,,The current vertical herb gives no potato identity. Use a branching broadleaf plant with white/purple flowers and visible underground tubers or a separated harvest organ.,Potato.png,440,440,RGBA,3e02387dbf0b6ee9d6f81a3021328cba3a5fe3557a6b67353a2d86c3e4e6f707,0aad0fc5fe41ccabec415faee279f1dfe07bd9c245cef0d74c49690d15100710,7. Grain and Staple Crops,PASS,POLISH,POLISH,POLISH,POLISH,POLISH,,,,,,,,,,,,,,,,
flora,Prickly_Pear,Prickly Pear,FAIL,FAIL,HOLD,True,,,,,,,,,,,The current soft leaf rosette is not a cactus. Use jointed flattened pads with areoles/spines and attached fruit.,Prickly_Pear.png,440,440,RGBA,f0a405dc5a950e77f771aecab73c88e9a3d91b4bcbc339674fbfff2309baa2cb,8762537a36164147c61fdf3da39f24a1645b888ff569765bc1a57e05a789ee0c,12. Succulents and Desert Plants,PASS,POLISH,POLISH,POLISH,POLISH,POLISH,,,,,,,,,,,,,,,,
flora,Quinoa,Quinoa,FAIL,FAIL,HOLD,True,,,,,,,,,,,The current compact spiky column does not show quinoa’s branching broad panicle and broad leaves.,Quinoa.png,440,440,RGBA,440a596111acad586931599c5c1930d740e95bec62012ec6deef246c8c8e4b0b,a11714e5b5a8b512983013c23e69c7845fe2143eac6ab36b2b4895a8b19f88e9,7. Grain and Staple Crops,PASS,POLISH,POLISH,POLISH,POLISH,POLISH,,,,,,,,,,,,,,,,
flora,Redwood,Redwood,FAIL,FAIL,HOLD,True,,,,,,,,,,,"The round generic tree is not a redwood. Use a very tall straight trunk, narrow conical evergreen crown and strong scale/height emphasis.",Redwood.png,440,440,RGBA,2588cb96aa76ce91ada46b852e536f5936ea4328377c8b3459ef0865ead03aa1,bd0e9393f5b62db8b4c8b1028c611f46464c02a902134c7113f88b8f917d7916,2. Conifers and Other Seed Plants,PASS,POLISH,POLISH,POLISH,POLISH,POLISH,,,,,,,,,,,,,,,,
flora,Sargassum,Sargassum,FAIL,FAIL,FAIL,True,,,,,,,,,,,The straight brown straps lack the branched bushy fronds and numerous round gas bladders that define sargassum.,Sargassum.png,440,440,RGBA,12acda97f36410345847d0413d3a8472e9964e6b398a17426512d6bb6b81d38e,ba533bd2058e48a76a2c80f05d3eb65b538aeccd7276f127de7a2ea47efe0cf3,Algae,FAIL,PASS,PASS,FAIL,PASS,FAIL,,,,,,,,,,,,,,,,
flora,Sesame,Sesame,FAIL,FAIL,HOLD,True,,,,,,,,,,,"The current leaf ladder lacks sesame’s branching herb form, tubular flowers and upright seed capsules.",Sesame.png,440,440,RGBA,508a5f1be3c2b432df234046d5521f2a5ef8dde2e26819d239360a6369c399a8,030b375fbbea56c15dfb5b90e5f453addd34be1b0b4d3422ca4600b3b36d3f82,Other plant or harvest type,PASS,POLISH,POLISH,POLISH,POLISH,POLISH,,,,,,,,,,,,,,,,
flora,Solomon's_Seal,Solomon's Seal,FAIL,FAIL,HOLD,True,,,,,,,,,,,Use an arching unbranched stem with alternate leaves and hanging paired white bell flowers beneath it; the current upright ladder is incorrect.,Solomon's_Seal.png,440,440,RGBA,c07af1e55a294897fcf603e0d23d2f07c1bebcfa6fdd9da11c0eebd2edf4a81f,68f5da94ccb903b66021422af14bfe583780b1bfd4807053320ea247ff8c6d61,Other plant or harvest type,PASS,POLISH,POLISH,POLISH,POLISH,POLISH,,,,,,,,,,,,,,,,
flora,Spruce_Tips,Spruce Tips,FAIL,FAIL,HOLD,True,,,,,,,,,,,The current round broadleaf tree is not spruce. Use a conical needle-leaved spruce and highlight pale new terminal shoots.,Spruce_Tips.png,440,440,RGBA,c2d4ae766c3ca1f1c039d527f5d3966efae85204b06fd3629c754ba4f05c761e,98b934f09e85c8c5ee03711a6d429870c15d8f083defaaeabcf33acec2aefa03,Other plant or harvest type,PASS,POLISH,POLISH,POLISH,POLISH,POLISH,,,,,,,,,,,,,,,,
flora,Star_Anise,Star Anise,FAIL,FAIL,HOLD,True,,,,,,,,,,,The current generic tree lacks the defining star-shaped woody fruits. Add small evergreen tree structure and prominent eight-pointed pods.,Star_Anise.png,440,440,RGBA,2acbde7cee7ab17b5df7c2b025b87babbdf1a9a03f0d1e1c491905e3b4dc5edc,10f7f0403664b27b6b08c7ce310e0f3e0500e7cb4e2f8d5fe43a72afe74202ba,Other plant or harvest type,PASS,POLISH,POLISH,POLISH,POLISH,POLISH,,,,,,,,,,,,,,,,
flora,Steppe_Tulip,Steppe Tulip,FAIL,FAIL,HOLD,True,,,,,,,,,,,The current vertical leaf ladder lacks a tulip. Use two to four strap leaves and one large cup-shaped flower.,Steppe_Tulip.png,440,440,RGBA,909ad88243f38462744637f6b9319bb8d284513e33763024fc74776112d50932,bfc3764741b39c8d3d42d18afdccc48ff790d0b5041661686a1ac01416f2eb85,Other plant or harvest type,PASS,POLISH,POLISH,POLISH,POLISH,POLISH,,,,,,,,,,,,,,,,
flora,Sunflower,Sunflower,FAIL,FAIL,HOLD,True,,,,,,,,,,,"The current dense leaf column and tiny flower are wrong. Use a thick tall stem, broad rough leaves and one dominant large disk flower head.",Sunflower.png,440,440,RGBA,13f53bde819803dee2fa20c9752d6aea5cbeba02430e09e3bd47300a10fec1be,50e0cdb0306e7af9b2d3dd975193bd6a87af10af50bdc7462b87f2e192aee41f,10. Flowering Herbs and Wildflowers,PASS,POLISH,POLISH,POLISH,POLISH,POLISH,,,,,,,,,,,,,,,,
flora,Wild_Mustard,Wild Mustard,FAIL,FAIL,HOLD,True,,,,,,,,,,,The current spiky column is not mustard. Use a branching herb with yellow four-petaled flowers and narrow seed pods.,Wild_Mustard.png,440,440,RGBA,a4b168f878820a2ddc235320cdf330f07270bdeb3944b0d97b9d5ce3ba7e6820,82f46ced22d4c9de66e204f862212162f5ff686324f45bf956193ae488995333,Other plant or harvest type,PASS,POLISH,POLISH,POLISH,POLISH,POLISH,,,,,,,,,,,,,,,,
flora,Wild_Sesame,Wild Sesame,FAIL,FAIL,HOLD,True,,,,,,,,,,,The current vertical leaf ladder lacks the flowering/seed-capsule traits needed to identify sesame.,Wild_Sesame.png,440,440,RGBA,d3e5d59a39731220d06f823dcbd11974af671aafc68b5d2fa158e6eb9f41626a,f41eb080f30286ec5da5d0511a26037b84b57224b47dd902e4a0b778425f3ee5,Other plant or harvest type,PASS,POLISH,POLISH,POLISH,POLISH,POLISH,,,,,,,,,,,,,,,,
flora,Yew,Yew,FAIL,FAIL,HOLD,True,,,,,,,,,,,"The round broadleaf canopy is not a yew. Use dense dark evergreen needle foliage, irregular branching and visible red arils.",Yew.png,440,440,RGBA,ef4b39ddbf317093ffa1560456cec194cce342ee5a59fae023f665e95b3e7fb6,7a2b2e51929be1ab2e0731ef7ae4f8cdb3546874eb7d18d5f2bb20f58e79d240,2. Conifers and Other Seed Plants,PASS,POLISH,POLISH,POLISH,POLISH,POLISH,,,,,,,,,,,,,,,,
fungi,Chanterelle,Chanterelle,FAIL,FAIL,FAIL,True,,,,,,,,,,,The current three regular flat-capped mushrooms do not look like chanterelles. Use funnel/trumpet caps with wavy margins and blunt false-gill ridges running down the stem.,Chanterelle.png,440,440,RGBA,d33fc3db340396052c98d4baa058d6e03637844d9d3b56378b27df70a5c67897,7271a7cd055097234cc8e4286db76326d3265d0c8d3026c5a32719e9fd828ca8,,,,,,,,FAIL,FAIL,FAIL,FAIL,,,,,,,,,,,,
fungi,Chicken-of-the-Woods,Chicken of the Woods,FAIL,FAIL,PASS,False,,,,,,,,,,,"The shelf family is correct, but the pale blue-white blades are wrong. Use thick overlapping orange/yellow fan-shaped lobes with irregular margins.",Chicken-of-the-Woods.png,440,440,RGBA,518974ccafd5b70d9c201767d7ac917bb19214115122f1df1839b0741079e602,518974ccafd5b70d9c201767d7ac917bb19214115122f1df1839b0741079e602,,,,,,,,PASS,PASS,PASS,PASS,,,,,,,,,,,,
fungi,Earthstar,Earthstar,FAIL,FAIL,FAIL,False,,,,,,,,,,,The image is a dark round ball with little or no visible star. Add multiple leathery outer rays opened around a central spore sac.,Earthstar.png,440,440,RGBA,5cfa0e8d6bde966406304817664f13021610f9dcab15b0159995efef289a9c23,5cfa0e8d6bde966406304817664f13021610f9dcab15b0159995efef289a9c23,,,,,,,,FAIL,FAIL,FAIL,FAIL,,,,,,,,,,,,
fungi,Yeast,Yeast,FAIL,FAIL,FAIL,False,,,,,,,,,,,The current sparkling mound does not show yeast cells. Use a microscopic cluster of oval budding cells with visible daughter buds rather than a fuzzy colony heap.,Yeast.png,440,440,RGBA,826c43c8737979c56a93bd958e8c082d019b80dfa701b1fe88e541ead8d2cf1e,826c43c8737979c56a93bd958e8c082d019b80dfa701b1fe88e541ead8d2cf1e,,,,,,,,FAIL,FAIL,FAIL,FAIL,,,,,,,,,,,,
fauna,African_Elephant,African Elephant,HOLD,FAIL,HOLD,True,Elephants and relatives,MEDIUM,,PASS,POLISH,POLISH,PASS,POLISH,POLISH,"Broad family anatomy is usable, but the portrait still shares simplified global body templates and should retain stronger species markers.","Differentiate more strongly from Asian Elephant: larger ears, more concave back, heavier body. Use correct insect anatomy: distinct head/thorax/abdomen, six articulated legs, correct wing count and attachment, antennae, mouthparts and species-specific shell/body proportions.",African_Elephant.png,440,440,RGBA,5ce5e90a4801cd48867c272fe2f1a6f962e2f24ca3ad44032f473d17166a6ed6,b3971439341ed10ca90408fbf358b7202ccb02de34594c0d59bb75428a3bbdce,,,,,,,,,,,,,,,,,,,,,,,
fauna,Agouti,Agouti,HOLD,FAIL,HOLD,True,Rodents,MEDIUM,,PASS,POLISH,POLISH,POLISH,POLISH,POLISH,"Broad family anatomy is usable, but the portrait still shares simplified global body templates and should retain stronger species markers.","No critical routing, clipping, eye, or life-stage issue found in the full-size visual pass. Recognizable within the established stylized family language. Verify rodent/lagomorph skull, incisors/muzzle, fore/hind foot proportions, body posture and tail; several currently inherit the rabbit-like template.",Agouti.png,440,440,RGBA,3dc9ea55041aaa902f1368d8104fcea51fe27339c72aa67286a39948745f4473,f56281cceb3864a8928485ea5cff521428a5d0f752a6463451a3343626d1b810,,,,,,,,,,,,,,,,,,,,,,,
fauna,Alligator_Lizard,Alligator Lizard,HOLD,FAIL,HOLD,True,Specialized lizards,MEDIUM,,PASS,POLISH,POLISH,POLISH,POLISH,POLISH,"Broad family anatomy is usable, but the portrait still shares simplified global body templates and should retain stronger species markers.","No critical routing, clipping, eye, or life-stage issue found in the full-size visual pass. Recognizable within the established stylized family language. Verify skull/head profile, limb state, body thickness, scale texture, tail and any crest/frill/horn; do not rely on color alone.",Alligator_Lizard.png,440,440,RGBA,769727550dbeb8696c8f2a63840dff4045dc9ff9252bf946158d56482cd561a1,38d6fb8a37919cbdde203478bd57c2463a4765d59843c897347fec6791dd1f45,,,,,,,,,,,,,,,,,,,,,,,
fauna,Amphipod,Amphipod,HOLD,FAIL,HOLD,True,Ice and cave insects,MEDIUM,,PASS,POLISH,POLISH,POLISH,POLISH,POLISH,"Broad family anatomy is usable, but the portrait still shares simplified global body templates and should retain stronger species markers.","No critical routing, clipping, eye, or life-stage issue found in the full-size visual pass. Recognizable within the established stylized family language. Use correct insect anatomy: distinct head/thorax/abdomen, six articulated legs, correct wing count and attachment, antennae, mouthparts and species-specific shell/body proportions.",Amphipod.png,440,440,RGBA,858c1603aa6e8ecc8a4f1d2c7c554fa0764b70950c08b74d6d8638ab66e923fe,33051489e2e5b207191da5ccec388cb77ebe9ff514229451d88346f7f3b93bf1,,,,,,,,,,,,,,,,,,,,,,,
fauna,Anaconda,Anaconda,HOLD,FAIL,HOLD,True,Constricting snakes,HIGH,Whip_Snake,PASS,POLISH,POLISH,POLISH,POLISH,POLISH,"Broad family anatomy is usable, but the portrait still shares simplified global body templates and should retain stronger species markers.","No critical routing, clipping, eye, or life-stage issue found in the full-size visual pass. Recognizable within the established stylized family language. Verify skull/head profile, limb state, body thickness, scale texture, tail and any crest/frill/horn; do not rely on color alone.",Anaconda.png,440,440,RGBA,0690989b62ce2a69a4475f9328496510f82919039323e30bad593ad95f48a92c,99942b6487b7ea119cca972973a9a494c26e9f67591208afab51027bf87eddb2,,,,,,,,,,,,,,,,,,,,,,,
fauna,Anchovy,Anchovy,HOLD,FAIL,HOLD,True,Schooling ocean fish,MEDIUM,,PASS,POLISH,POLISH,POLISH,POLISH,POLISH,"Broad family anatomy is usable, but the portrait still shares simplified global body templates and should retain stronger species markers.","No critical routing, clipping, eye, or life-stage issue found in the full-size visual pass. Recognizable within the established stylized family language. The portrait relies on a generic torpedo fish. Correct body depth, head/mouth position, dorsal/anal/pectoral fin shape, caudal fin, markings and any diagnostic appendage.",Anchovy.png,440,440,RGBA,9dda72e4f2dd977329980d61b24cc9e5c4a6085ecef9f1151412e8ae56a91980,693926de234c91d8bc76f75cfccbfbe5dfaa00c1ef20273e5e52eee28e661284,,,,,,,,,,,,,,,,,,,,,,,
fauna,Anglerfish,Anglerfish,HOLD,FAIL,HOLD,True,Strange deep-sea fish,MEDIUM,,PASS,POLISH,POLISH,POLISH,POLISH,POLISH,"Broad family anatomy is usable, but the portrait still shares simplified global body templates and should retain stronger species markers.","No critical routing, clipping, eye, or life-stage issue found in the full-size visual pass. Recognizable within the established stylized family language. The portrait relies on a generic torpedo fish. Correct body depth, head/mouth position, dorsal/anal/pectoral fin shape, caudal fin, markings and any diagnostic appendage.",Anglerfish.png,440,440,RGBA,282b4fcf4bcada4b56039803522b5091097a6869c16d7c6341cad2b89c60d4d7,95c2521c4a45eefd92951001b8cda5fe33684c2c67ad479f537c42fb29dabc40,,,,,,,,,,,,,,,,,,,,,,,
fauna,Anole,Anole,HOLD,FAIL,HOLD,True,Medium and small lizards,MEDIUM,,PASS,POLISH,POLISH,POLISH,POLISH,POLISH,"Broad family anatomy is usable, but the portrait still shares simplified global body templates and should retain stronger species markers.","No critical routing, clipping, eye, or life-stage issue found in the full-size visual pass. Recognizable within the established stylized family language. Verify skull/head profile, limb state, body thickness, scale texture, tail and any crest/frill/horn; do not rely on color alone.",Anole.png,440,440,RGBA,301590958857d7670546c4e2e29958edc3faa381d05c9c523fc27a313942f1fd,ff83e5b73ad97206cd4c7cf7f95686c00560dce4c1a963b1437564d34c8093bd,,,,,,,,,,,,,,,,,,,,,,,
fauna,Ant,Ant,HOLD,FAIL,HOLD,True,Insects,MEDIUM,,PASS,POLISH,POLISH,POLISH,POLISH,POLISH,"Broad family anatomy is usable, but the portrait still shares simplified global body templates and should retain stronger species markers.","No critical routing, clipping, eye, or life-stage issue found in the full-size visual pass. Recognizable within the established stylized family language. Use correct insect anatomy: distinct head/thorax/abdomen, six articulated legs, correct wing count and attachment, antennae, mouthparts and species-specific shell/body proportions.",Ant.png,440,440,RGBA,7e2a3e8183016194859bd68903558458dc4d165cc1ebf6a432ca3edaf5c6b42e,89e84b2f81c0d4df6950810490d946be2137d9d693f6f932ffba8819b8deb0d8,,,,,,,,,,,,,,,,,,,,,,,
fauna,Antelope,Antelope,HOLD,FAIL,HOLD,True,Cattle and bovids,MEDIUM,,PASS,POLISH,POLISH,POLISH,POLISH,POLISH,"Broad family anatomy is usable, but the portrait still shares simplified global body templates and should retain stronger species markers.","No critical routing, clipping, eye, or life-stage issue found in the full-size visual pass. Recognizable within the established stylized family language. The ungulate base is usable, but the named species must have correct horn/antler geometry, neck, shoulder/croup mass, leg length, hooves, head and tail.",Antelope.png,440,440,RGBA,5675cba2f8f7a0a3a6e5a78f6cae99c2d1ffb48677012a55d6a0ab701437d9eb,d9e08092f77d78578522347bd2012f6f93e317b23cb0c417f34c73893a6c5e3d,,,,,,,,,,,,,,,,,,,,,,,
fauna,Aphid,Aphid,HOLD,FAIL,HOLD,True,True bugs,HIGH,Black_Fly | Cicada | Cold-Adapted_Insect | Orchid_Bee | Termite | Thrips,PASS,POLISH,POLISH,POLISH,POLISH,POLISH,"Broad family anatomy is usable, but the portrait still shares simplified global body templates and should retain stronger species markers.","No critical routing, clipping, eye, or life-stage issue found in the full-size visual pass. Recognizable within the established stylized family language. Use correct insect anatomy: distinct head/thorax/abdomen, six articulated legs, correct wing count and attachment, antennae, mouthparts and species-specific shell/body proportions.",Aphid.png,440,440,RGBA,126638030493421a65926eaeccdbd35314745dd8d71bf448f10e7b57e085b7aa,c96a679532a4f60348ae884826f2fa54ce5d5b2d513ad01edc44f12b0ba37b16,,,,,,,,,,,,,,,,,,,,,,,
fauna,Arapaima,Arapaima,HOLD,FAIL,HOLD,True,Predatory tropical freshwater fish,MEDIUM,,PASS,POLISH,POLISH,POLISH,POLISH,POLISH,"Broad family anatomy is usable, but the portrait still shares simplified global body templates and should retain stronger species markers.","No critical routing, clipping, eye, or life-stage issue found in the full-size visual pass. Recognizable within the established stylized family language. The portrait relies on a generic torpedo fish. Correct body depth, head/mouth position, dorsal/anal/pectoral fin shape, caudal fin, markings and any diagnostic appendage.",Arapaima.png,440,440,RGBA,09a4930c3c51b7a4c5111f1b247b4ab55aa6c0a5fc0d1e7eaeb5d9c221fcea0b,a1210baf8bfe220b52bb9864915a3840655a5944bf170c004bdce84a59890c0a,,,,,,,,,,,,,,,,,,,,,,,
fauna,Archerfish,Archerfish,HOLD,FAIL,HOLD,True,Other or uncertain,MEDIUM,,PASS,POLISH,POLISH,POLISH,POLISH,POLISH,"Broad family anatomy is usable, but the portrait still shares simplified global body templates and should retain stronger species markers.","No critical routing, clipping, eye, or life-stage issue found in the full-size visual pass. Recognizable within the established stylized family language. Broad family routing may be usable, but Archerfish still needs an unlabeled silhouette check for body plan, head, eyes/sensory structures, appendages and rear/terminal anatomy.",Archerfish.png,440,440,RGBA,b62911fba7c21463fefff6bd20268474d68e0c7c2bec0be9e6a0803805e23ae9,cc5ab17598bc066c6be10b7c4b9a631b22f8643760f1d12c446062dde506c2b4,,,,,,,,,,,,,,,,,,,,,,,
fauna,Arctic_Cod,Arctic Cod,HOLD,FAIL,HOLD,True,Fish,MEDIUM,,PASS,POLISH,POLISH,POLISH,POLISH,POLISH,"Broad family anatomy is usable, but the portrait still shares simplified global body templates and should retain stronger species markers.","No critical routing, clipping, eye, or life-stage issue found in the full-size visual pass. Recognizable within the established stylized family language. The portrait relies on a generic torpedo fish. Correct body depth, head/mouth position, dorsal/anal/pectoral fin shape, caudal fin, markings and any diagnostic appendage.",Arctic_Cod.png,440,440,RGBA,1a8c45890b1a776890e2df8fb803d06552016679a3faf5348d252f4def478166,7bd5df60eb3969d88ec5333a95f38b412996526e1f172c5cc32b5ec01cb302c2,,,,,,,,,,,,,,,,,,,,,,,
fauna,Arctic_Hare,Arctic Hare,HOLD,FAIL,HOLD,True,Lagomorphs,MEDIUM,,PASS,POLISH,POLISH,POLISH,POLISH,POLISH,"Broad family anatomy is usable, but the portrait still shares simplified global body templates and should retain stronger species markers.","No critical routing, clipping, eye, or life-stage issue found in the full-size visual pass. Recognizable within the established stylized family language. Verify rodent/lagomorph skull, incisors/muzzle, fore/hind foot proportions, body posture and tail; several currently inherit the rabbit-like template.",Arctic_Hare.png,440,440,RGBA,2ad4ae3d443257f474eff60b32f8df6b6afbaa21141f8da16f015e6bf5a027ec,1a7456bb0c55e966b6222f7f812374a57a4515b2c1ae2ffddbc8392cc4c69c70,,,,,,,,,,,,,,,,,,,,,,,
fauna,Arowana,Arowana,HOLD,FAIL,HOLD,True,Predatory tropical freshwater fish,MEDIUM,,PASS,POLISH,POLISH,PASS,POLISH,POLISH,"Broad family anatomy is usable, but the portrait still shares simplified global body templates and should retain stronger species markers.","Add upturned mouth, long dorsal/anal fins, and larger metallic scales. The portrait relies on a generic torpedo fish. Correct body depth, head/mouth position, dorsal/anal/pectoral fin shape, caudal fin, markings and any diagnostic appendage.",Arowana.png,440,440,RGBA,64350675db3ab6ad1f607b70373f81fcf40f88b6f4f86a49d8b811e5e6d8494d,f180eeb2a1908d1cc292a2c5862fe7fbbcf5a4c6abf26dd62263257f55b22655,,,,,,,,,,,,,,,,,,,,,,,
fauna,Asian_Elephant,Asian Elephant,HOLD,FAIL,HOLD,True,Elephants and relatives,MEDIUM,,PASS,POLISH,POLISH,PASS,POLISH,POLISH,"Broad family anatomy is usable, but the portrait still shares simplified global body templates and should retain stronger species markers.","Differentiate from African Elephant: smaller rounded ears, domed head, arched back. Use correct insect anatomy: distinct head/thorax/abdomen, six articulated legs, correct wing count and attachment, antennae, mouthparts and species-specific shell/body proportions.",Asian_Elephant.png,440,440,RGBA,f13d7bd7a83f0d9e3e870dc2a51a4629fbe0af710f1d53e0117abd4e0512f8b6,e31136c00d19f54a7d1e572a3f44c128dba89b178106e23e50412292e652b6ae,,,,,,,,,,,,,,,,,,,,,,,
fauna,Auk,Auk,HOLD,FAIL,HOLD,True,Seabirds,MEDIUM,,PASS,POLISH,POLISH,PASS,POLISH,POLISH,"Broad family anatomy is usable, but the portrait still shares simplified global body templates and should retain stronger species markers.","Strengthen compact diving-bird body and short wings. The named bird relies too heavily on the shared side-bird template. Correct the bill, neck, body depth, wing length, leg type, tail and crest/display structures for the species.",Auk.png,440,440,RGBA,525f33b41fd86f198eee5d70570018f33ae614c0c49a1e73061f753cb12678bf,61eb6d6153c56326d8999f125b2c00e88d1e8aeaed402f78af3767233f83aa54,,,,,,,,,,,,,,,,,,,,,,,
fauna,Axolotl,Axolotl,HOLD,FAIL,HOLD,True,Permanently aquatic amphibians,MEDIUM,,PASS,POLISH,POLISH,POLISH,POLISH,POLISH,"Broad family anatomy is usable, but the portrait still shares simplified global body templates and should retain stronger species markers.","No critical routing, clipping, eye, or life-stage issue found in the full-size visual pass. Recognizable within the established stylized family language. Broad family routing may be usable, but Axolotl still needs an unlabeled silhouette check for body plan, head, eyes/sensory structures, appendages and rear/terminal anatomy.",Axolotl.png,440,440,RGBA,9d72d1f988d41a33cf9c3fbfc5c784b4aacbec93c5e0215baba8038de3671b6f,29351b9849fcf0c13cdb3f09e613f7f4b577c6876f863a042165cba112391ba2,,,,,,,,,,,,,,,,,,,,,,,
fauna,Aye-Aye,Aye Aye,HOLD,FAIL,HOLD,True,Other or uncertain,MEDIUM,,PASS,POLISH,POLISH,POLISH,POLISH,POLISH,"Broad family anatomy is usable, but the portrait still shares simplified global body templates and should retain stronger species markers.","The primate category reads, but the defining long middle finger, very large ears, bushy tail, elongated incisors/muzzle and skeletal hand proportions are not visible enough.",Aye-Aye.png,440,440,RGBA,85537f1a35ff7f19057a855bca3907c8d0524d9c7030108339a82b0b36edb73a,036247ebaf082c4fad80f1b954529e0761e18a3a576263be352aeec52365b76f,,,,,,,,,,,,,,,,,,,,,,,
fauna,Baboon,Baboon,HOLD,FAIL,HOLD,True,Primates,MEDIUM,,PASS,POLISH,POLISH,POLISH,POLISH,POLISH,"Broad family anatomy is usable, but the portrait still shares simplified global body templates and should retain stronger species markers.","No critical routing, clipping, eye, or life-stage issue found in the full-size visual pass. Recognizable within the established stylized family language. Verify torso posture, arm/leg ratio, hands/feet, face shape and tail state for the named primate.",Baboon.png,440,440,RGBA,1d668554d07264dd0058dda27ce45694bf14c12a9738ee8fad673f0a214f7980,b80ae4c06f89b888bd04ca489a4e4f70d9e675b35a46d27e6aee43e56f70ef66,,,,,,,,,,,,,,,,,,,,,,,
fauna,Badger,Badger,HOLD,FAIL,HOLD,True,Weasels and relatives,MEDIUM,,PASS,POLISH,POLISH,POLISH,POLISH,POLISH,"Broad family anatomy is usable, but the portrait still shares simplified global body templates and should retain stronger species markers.","No critical routing, clipping, eye, or life-stage issue found in the full-size visual pass. Recognizable within the established stylized family language. Use the correct low flexible carnivoran torso, pawed limbs, skull/muzzle, and species-specific tail instead of one shared long-body template.",Badger.png,440,440,RGBA,77a1a2e1b0d0cf32972152ac34704b183b12523086e8dcd993dc60573b195b78,55626180dc49fb32bbb19e2e6512d31e7a351a5823f1c4ac7e1288f8fbeb37d2,,,,,,,,,,,,,,,,,,,,,,,
fauna,Banana_Slug,Banana Slug,HOLD,FAIL,HOLD,True,Gastropods,MEDIUM,,PASS,POLISH,POLISH,POLISH,POLISH,POLISH,"Broad family anatomy is usable, but the portrait still shares simplified global body templates and should retain stronger species markers.","No critical routing, clipping, eye, or life-stage issue found in the full-size visual pass. Recognizable within the established stylized family language. Broad family routing may be usable, but Banana Slug still needs an unlabeled silhouette check for body plan, head, eyes/sensory structures, appendages and rear/terminal anatomy.",Banana_Slug.png,440,440,RGBA,ecf9eee5be3e1c464455c6b9a0fb13f72796036d40c6afc68276141e987479b5,11015061ff2d0f67aee5b8817bb631e7240ac43f14036e03daeb5dfae226aad8,,,,,,,,,,,,,,,,,,,,,,,
fauna,Banteng,Banteng,HOLD,FAIL,HOLD,True,Cattle and bovids,MEDIUM,,PASS,POLISH,POLISH,POLISH,POLISH,POLISH,"Broad family anatomy is usable, but the portrait still shares simplified global body templates and should retain stronger species markers.","No critical routing, clipping, eye, or life-stage issue found in the full-size visual pass. Recognizable within the established stylized family language. The ungulate base is usable, but the named species must have correct horn/antler geometry, neck, shoulder/croup mass, leg length, hooves, head and tail.",Banteng.png,440,440,RGBA,23f6cd6e138d9b07598cae5319864177dd55c0d882acbde544866a5fdf1ab953,170553f18ea7caa9af59778b3b00016bc43435c94f14c609d80bc72fc146344f,,,,,,,,,,,,,,,,,,,,,,,
fauna,Barnacle,Barnacle,HOLD,FAIL,HOLD,True,Ice and cave insects,MEDIUM,,PASS,POLISH,POLISH,POLISH,POLISH,POLISH,"Broad family anatomy is usable, but the portrait still shares simplified global body templates and should retain stronger species markers.","No critical routing, clipping, eye, or life-stage issue found in the full-size visual pass. Recognizable within the established stylized family language. Use correct insect anatomy: distinct head/thorax/abdomen, six articulated legs, correct wing count and attachment, antennae, mouthparts and species-specific shell/body proportions.",Barnacle.png,440,440,RGBA,e1fd95ec6681b69aed64d31ab2b6388cdd2ffd8cb766cd4e61a170e56803724c,1c02e404fab3d0260c3eb2f2e0841a597b2c51e80de4d514472e073e67c3a8d2,,,,,,,,,,,,,,,,,,,,,,,
fauna,Barracuda,Barracuda,HOLD,FAIL,HOLD,True,Ocean predators,MEDIUM,,PASS,POLISH,POLISH,POLISH,POLISH,POLISH,"Broad family anatomy is usable, but the portrait still shares simplified global body templates and should retain stronger species markers.","No critical routing, clipping, eye, or life-stage issue found in the full-size visual pass. Recognizable within the established stylized family language. The portrait relies on a generic torpedo fish. Correct body depth, head/mouth position, dorsal/anal/pectoral fin shape, caudal fin, markings and any diagnostic appendage.",Barracuda.png,440,440,RGBA,c400ce79493e3d2e94fccad7f84edc64918f114be634c0a63c90aa65c3f2875f,05419e3e14588f477f3d968f5113029a4a0761f2e9a938cd94057b2d8296b033,,,,,,,,,,,,,,,,,,,,,,,
fauna,Bass,Bass,HOLD,FAIL,HOLD,True,Perch-like freshwater fish,MEDIUM,,PASS,POLISH,POLISH,POLISH,POLISH,POLISH,"Broad family anatomy is usable, but the portrait still shares simplified global body templates and should retain stronger species markers.","No critical routing, clipping, eye, or life-stage issue found in the full-size visual pass. Recognizable within the established stylized family language. The portrait relies on a generic torpedo fish. Correct body depth, head/mouth position, dorsal/anal/pectoral fin shape, caudal fin, markings and any diagnostic appendage.",Bass.png,440,440,RGBA,08fe633d81fe725f3609c5e19042c36f7a64db65d6f9ea98f040c03172026789,0664058e7a97f87a0d81e9bd7de8665fc1f58b126be2259122f7c89abbe7356b,,,,,,,,,,,,,,,,,,,,,,,
fauna,Bat,Bat,HOLD,FAIL,HOLD,True,Flying mammals,MEDIUM,,PASS,POLISH,POLISH,POLISH,POLISH,POLISH,"Broad family anatomy is usable, but the portrait still shares simplified global body templates and should retain stronger species markers.","No critical routing, clipping, eye, or life-stage issue found in the full-size visual pass. Recognizable within the established stylized family language. Broad family routing may be usable, but Bat still needs an unlabeled silhouette check for body plan, head, eyes/sensory structures, appendages and rear/terminal anatomy.",Bat.png,440,440,RGBA,dfb1bcdf43e57e4079fccca25135d25f5fa2177385314660e23dd15649a7a95c,d9434bbf47da957c99f9e19ce24192b951abc314da719ed67a66b3f36f864993,,,,,,,,,,,,,,,,,,,,,,,
fauna,Beaked_Whale,Beaked Whale,HOLD,FAIL,FAIL,False,Marine mammals,LOW,,POLISH,POLISH,POLISH,PASS,POLISH,POLISH,POLISH,"The long marine body and small beak are present, but the silhouette remains shark-like. Reduce the dorsal profile, clarify tail flukes and pectoral flippers, and shape the forehead/beak transition as a beaked whale.",Beaked_Whale.png,440,440,RGBA,fa0ec1dc3ec32ac9cea8fbe2b48571e7895a8d1c1eda49752cf6e947f7a1a2bc,fa0ec1dc3ec32ac9cea8fbe2b48571e7895a8d1c1eda49752cf6e947f7a1a2bc,,,,,,,,,,,,,,,,,,,,,,,
fauna,Beaver,Beaver,HOLD,FAIL,HOLD,True,Rodents,MEDIUM,,PASS,POLISH,POLISH,POLISH,POLISH,POLISH,"Broad family anatomy is usable, but the portrait still shares simplified global body templates and should retain stronger species markers.","No critical routing, clipping, eye, or life-stage issue found in the full-size visual pass. Recognizable within the established stylized family language. Verify rodent/lagomorph skull, incisors/muzzle, fore/hind foot proportions, body posture and tail; several currently inherit the rabbit-like template.",Beaver.png,440,440,RGBA,66d310dbbd810208997adf5668df358bf4b614090e81df1290bc9234a65a8761,4c12c14c738051ebd657edf6709498fabc465468013b5ea99e71467171fd15ac,,,,,,,,,,,,,,,,,,,,,,,
fauna,Beetle,Beetle,HOLD,FAIL,HOLD,True,Insects,MEDIUM,,PASS,POLISH,POLISH,POLISH,POLISH,POLISH,"Broad family anatomy is usable, but the portrait still shares simplified global body templates and should retain stronger species markers.","No critical routing, clipping, eye, or life-stage issue found in the full-size visual pass. Recognizable within the established stylized family language. Use correct insect anatomy: distinct head/thorax/abdomen, six articulated legs, correct wing count and attachment, antennae, mouthparts and species-specific shell/body proportions.",Beetle.png,440,440,RGBA,54ebd7091e4a0cb0cc0779668f9593e80e696a6cfb922c47ec3c57a01382b905,64744cd6fe503d1969e189a4943033a15b45ffc7601f96eabc127ed682374097,,,,,,,,,,,,,,,,,,,,,,,
fauna,Beluga,Beluga,HOLD,FAIL,HOLD,True,Marine mammals,HIGH,Narwhal | Right_Whale | Sperm_Whale,PASS,POLISH,POLISH,POLISH,POLISH,POLISH,"Broad family anatomy is usable, but the portrait still shares simplified global body templates and should retain stronger species markers.","No critical routing, clipping, eye, or life-stage issue found in the full-size visual pass. Recognizable within the established stylized family language. Strengthen real marine-mammal proportions: streamlined body, species-correct rostrum/head, dorsal fin placement, pectoral flippers, peduncle and horizontal flukes.",Beluga.png,440,440,RGBA,c0df62fffba9bc9990348b99a95ebd23e75f8471677bfe42d2f4e4a095c63bb1,0cc86d857865bb6f6fe60a1642d95116dd9d70df16e2ca4267691624f6ce8091,,,,,,,,,,,,,,,,,,,,,,,
fauna,Bittern,Bittern,HOLD,FAIL,HOLD,True,Herons and wetland birds,MEDIUM,,PASS,POLISH,POLISH,PASS,POLISH,POLISH,"Broad family anatomy is usable, but the portrait still shares simplified global body templates and should retain stronger species markers.","Use a long-necked cryptic heron silhouette rather than a generic compact bird. Keep the wader family but correct the exact bill geometry, neck length, leg/foot proportions, body depth and tail for the named species.",Bittern.png,440,440,RGBA,ee4ec8459657d98b4911c55da49a46ec3b3102ec5014a78e42a51c7ac2097af7,ecf7201b7aeee0b371176925fcb94b603196146cefc2f357c22de67a533d2070,,,,,,,,,,,,,,,,,,,,,,,
fauna,Blenny,Blenny,HOLD,FAIL,HOLD,True,Reef fish,MEDIUM,,PASS,POLISH,POLISH,POLISH,POLISH,POLISH,"Broad family anatomy is usable, but the portrait still shares simplified global body templates and should retain stronger species markers.","No critical routing, clipping, eye, or life-stage issue found in the full-size visual pass. Recognizable within the established stylized family language. The portrait relies on a generic torpedo fish. Correct body depth, head/mouth position, dorsal/anal/pectoral fin shape, caudal fin, markings and any diagnostic appendage.",Blenny.png,440,440,RGBA,2efcafbdd873707aa9d7aa1a1effd82766110cd46958b22f50b221457531c69a,6c0d18eca10ab3355c7b4c005df1d8849f53275a724409923c2997b5e90abd7a,,,,,,,,,,,,,,,,,,,,,,,
fauna,Blind_Fish,Blind Fish,HOLD,FAIL,HOLD,True,Fish,HIGH,Wrasse,PASS,POLISH,POLISH,POLISH,POLISH,POLISH,"Broad family anatomy is usable, but the portrait still shares simplified global body templates and should retain stronger species markers.","No critical routing, clipping, eye, or life-stage issue found in the full-size visual pass. Recognizable within the established stylized family language. The portrait relies on a generic torpedo fish. Correct body depth, head/mouth position, dorsal/anal/pectoral fin shape, caudal fin, markings and any diagnostic appendage.",Blind_Fish.png,440,440,RGBA,bc06cadeefd70afdda0207915b3a88e3b561cf1bbb6f6c1af8c25787d6ba0b90,d559e28de9a5b688f5bc43c7522879bda15e514a751e899894d4f8a627840f85,,,,,,,,,,,,,,,,,,,,,,,
fauna,Blind_Salamander,Blind Salamander,HOLD,FAIL,HOLD,True,Salamanders,MEDIUM,,PASS,POLISH,POLISH,POLISH,POLISH,POLISH,"Broad family anatomy is usable, but the portrait still shares simplified global body templates and should retain stronger species markers.","No critical routing, clipping, eye, or life-stage issue found in the full-size visual pass. Recognizable within the established stylized family language. Verify body width, head/mouth, eye placement, fore/hind limb proportions, toes, tail state and skin texture; color alone should not define the species.",Blind_Salamander.png,440,440,RGBA,eda4da5ef6ab40ca6c55fa74c1be70997a1b5af16efbe8020b42cab27e7b1eaf,dadec0cb7503d561762979dd1b190d65350b00f1ca1aaf850653de831970d2fd,,,,,,,,,,,,,,,,,,,,,,,
fauna,Blue_Whale,Blue Whale,HOLD,FAIL,HOLD,True,Marine mammals,HIGH,Dolphin | River_Dolphin,PASS,POLISH,POLISH,PASS,POLISH,POLISH,"Broad family anatomy is usable, but the portrait still shares simplified global body templates and should retain stronger species markers.","Lengthen and streamline the body; current profile is short and inflated. Strengthen real marine-mammal proportions: streamlined body, species-correct rostrum/head, dorsal fin placement, pectoral flippers, peduncle and horizontal flukes.",Blue_Whale.png,440,440,RGBA,5200a99f48a807a8bcf22552748456e4b5a9771af012185a715e980c81631c18,7170fefd4c5c606f8924ff27297796d0535d5925ef48ce6690f642566003eeff,,,,,,,,,,,,,,,,,,,,,,,
fauna,Boa,Boa,HOLD,FAIL,HOLD,True,Constricting snakes,MEDIUM,,PASS,POLISH,POLISH,POLISH,POLISH,POLISH,"Broad family anatomy is usable, but the portrait still shares simplified global body templates and should retain stronger species markers.","No critical routing, clipping, eye, or life-stage issue found in the full-size visual pass. Recognizable within the established stylized family language. Verify skull/head profile, limb state, body thickness, scale texture, tail and any crest/frill/horn; do not rely on color alone.",Boa.png,440,440,RGBA,d44a3e4d026182089b55885ab231fbb96127d7d0d62427354827af7e48d47e2b,e5a0483272b77e3444ee4effbb7d709367afb1fbaae372faddeb69b02aedbfae,,,,,,,,,,,,,,,,,,,,,,,
fauna,Bonefish,Bonefish,HOLD,FAIL,HOLD,True,Coastal fish,MEDIUM,,PASS,POLISH,POLISH,POLISH,POLISH,POLISH,"Broad family anatomy is usable, but the portrait still shares simplified global body templates and should retain stronger species markers.","No critical routing, clipping, eye, or life-stage issue found in the full-size visual pass. Recognizable within the established stylized family language. The portrait relies on a generic torpedo fish. Correct body depth, head/mouth position, dorsal/anal/pectoral fin shape, caudal fin, markings and any diagnostic appendage.",Bonefish.png,440,440,RGBA,16fa2dba4617ac53428563c77bc4dbdec8b41724051d6552e73c4bc2c5faefa8,484c5eecdc2d487cc5f2c2d736622427befd8f63f10a90f37bce6804ffdfa069,,,,,,,,,,,,,,,,,,,,,,,
fauna,Bongo,Bongo,HOLD,FAIL,HOLD,True,Other or uncertain,MEDIUM,,PASS,POLISH,POLISH,POLISH,POLISH,POLISH,"Broad family anatomy is usable, but the portrait still shares simplified global body templates and should retain stronger species markers.","No critical routing, clipping, eye, or life-stage issue found in the full-size visual pass. Recognizable within the established stylized family language. Broad family routing may be usable, but Bongo still needs an unlabeled silhouette check for body plan, head, eyes/sensory structures, appendages and rear/terminal anatomy.",Bongo.png,440,440,RGBA,28b09b5a9dc0129c4bac4d0d3f9422534b10f7c2d6f28011e31098394d92ccd2,0236d9fdfe39d8d16b84801cc3ab154823879b7a395abb489c4238be54cf0fb3,,,,,,,,,,,,,,,,,,,,,,,
fauna,Booby,Booby,HOLD,FAIL,HOLD,True,Pelicans and diving waterbirds,MEDIUM,,PASS,POLISH,POLISH,PASS,POLISH,POLISH,"Broad family anatomy is usable, but the portrait still shares simplified global body templates and should retain stronger species markers.","Strengthen long pointed bill, streamlined seabird body, and webbed feet. Broad family routing may be usable, but Booby still needs an unlabeled silhouette check for body plan, head, eyes/sensory structures, appendages and rear/terminal anatomy.",Booby.png,440,440,RGBA,dba33f7eee8d7533900f340b63d612827caf1ce806fd09dbe96b8ca335c17a72,c848534a938b237119f9a14f4005b2f8b6bef6b0d25bae5d83e09933d881aaf1,,,,,,,,,,,,,,,,,,,,,,,
fauna,Bowfin,Bowfin,HOLD,FAIL,HOLD,True,Primitive fish,MEDIUM,,PASS,POLISH,POLISH,POLISH,POLISH,POLISH,"Broad family anatomy is usable, but the portrait still shares simplified global body templates and should retain stronger species markers.","No critical routing, clipping, eye, or life-stage issue found in the full-size visual pass. Recognizable within the established stylized family language. The portrait relies on a generic torpedo fish. Correct body depth, head/mouth position, dorsal/anal/pectoral fin shape, caudal fin, markings and any diagnostic appendage.",Bowfin.png,440,440,RGBA,1e9073c78c0d67c78b972c0d54651b465d985ab1434dc3be23986f6cb4f51340,b708596686b73f7bccc20f3120c8ee9a0b8bbbb24ae0c65c1cf8608deec12ced,,,,,,,,,,,,,,,,,,,,,,,
fauna,Box_Turtle,Box Turtle,HOLD,FAIL,HOLD,True,Turtles and tortoises,MEDIUM,,PASS,POLISH,POLISH,POLISH,POLISH,POLISH,"Broad family anatomy is usable, but the portrait still shares simplified global body templates and should retain stronger species markers.","No critical routing, clipping, eye, or life-stage issue found in the full-size visual pass. Recognizable within the established stylized family language. Use species-correct shell profile, neck/head, limb type (flipper, webbed foot or columnar leg), tail and shell texture rather than one generic turtle.",Box_Turtle.png,440,440,RGBA,70d65c6525eaf89ea2dc635996df58f411069b8fc0e038958d680094270e76ba,7a3c3ad6fc46e1be722b0e160d3c845d4b683018add36b6630bfbf1822de5618,,,,,,,,,,,,,,,,,,,,,,,
fauna,Boxfish,Boxfish,HOLD,FAIL,HOLD,True,Puffer-like fish,MEDIUM,,PASS,POLISH,POLISH,POLISH,POLISH,POLISH,"Broad family anatomy is usable, but the portrait still shares simplified global body templates and should retain stronger species markers.","No critical routing, clipping, eye, or life-stage issue found in the full-size visual pass. Recognizable within the established stylized family language. The portrait relies on a generic torpedo fish. Correct body depth, head/mouth position, dorsal/anal/pectoral fin shape, caudal fin, markings and any diagnostic appendage.",Boxfish.png,440,440,RGBA,d7eaff187f0f02f170e015370892008b802cd50aa5fb486d09b4d96e7f445fa0,ed19717ac50561982ae133c920068cc3646fb5babc6d5801e34cb006a889cbfb,,,,,,,,,,,,,,,,,,,,,,,
fauna,Brine_Shrimp,Brine Shrimp,HOLD,FAIL,HOLD,True,Crustaceans,HIGH,Fairy_Shrimp | Goby | Hummingbird | Lanternfish,PASS,POLISH,POLISH,POLISH,POLISH,POLISH,"Broad family anatomy is usable, but the portrait still shares simplified global body templates and should retain stronger species markers.","No critical routing, clipping, eye, or life-stage issue found in the full-size visual pass. Recognizable within the established stylized family language. Verify segmented carapace, correct leg/claw count, antennae, abdomen/tail fan and the named species’ defining asymmetry or shell form.",Brine_Shrimp.png,440,440,RGBA,4919f3cc0baf01f8a71079b0e42f5d40af48d3c6f90771e355e96ef72bf72535,ee1e0c52022c3fd6ccf1c197ac8e118fa3ac05a3b7e6b8183aa4b8b696fb0416,,,,,,,,,,,,,,,,,,,,,,,
fauna,Brittle_Star,Brittle Star,HOLD,FAIL,HOLD,True,Other mollusks,MEDIUM,,PASS,POLISH,POLISH,POLISH,POLISH,POLISH,"Broad family anatomy is usable, but the portrait still shares simplified global body templates and should retain stronger species markers.","No critical routing, clipping, eye, or life-stage issue found in the full-size visual pass. Recognizable within the established stylized family language. Broad family routing may be usable, but Brittle Star still needs an unlabeled silhouette check for body plan, head, eyes/sensory structures, appendages and rear/terminal anatomy.",Brittle_Star.png,440,440,RGBA,24c9176bce683ac383a5005d1467c5006e920d66980163099005753202575bb1,e7e07205e6ee165c6268a3bbf798f4b07241527a709fcfee57f9be372bb289fc,,,,,,,,,,,,,,,,,,,,,,,
fauna,Buffalo,Buffalo,HOLD,FAIL,HOLD,True,Cattle and bovids,MEDIUM,,PASS,POLISH,POLISH,POLISH,POLISH,POLISH,"Broad family anatomy is usable, but the portrait still shares simplified global body templates and should retain stronger species markers.","No critical routing, clipping, eye, or life-stage issue found in the full-size visual pass. Recognizable within the established stylized family language. The ungulate base is usable, but the named species must have correct horn/antler geometry, neck, shoulder/croup mass, leg length, hooves, head and tail.",Buffalo.png,440,440,RGBA,b0b64ba4b03f7006f2024032503a178af9d26f8cd64de33689409f472946c2f4,0695bd38af5b84d487eae02e0c070713c1670ace699073ff12dac51bb17e8271,,,,,,,,,,,,,,,,,,,,,,,
fauna,Bullfrog,Bullfrog,HOLD,FAIL,HOLD,True,Frogs,MEDIUM,,PASS,POLISH,POLISH,POLISH,POLISH,POLISH,"Broad family anatomy is usable, but the portrait still shares simplified global body templates and should retain stronger species markers.","No critical routing, clipping, eye, or life-stage issue found in the full-size visual pass. Recognizable within the established stylized family language. Verify body width, head/mouth, eye placement, fore/hind limb proportions, toes, tail state and skin texture; color alone should not define the species.",Bullfrog.png,440,440,RGBA,9aa20691c3f1a959fbc16c3dda46a6cadfd12e2a3bf70a750abb0e5bbe8a479d,8bb7bb9b70d72d7b427f361b09ded635d0f132ee394600dbceba6c517ea9ae6e,,,,,,,,,,,,,,,,,,,,,,,
fauna,Bustard,Bustard,HOLD,FAIL,HOLD,True,Other distinctive birds,MEDIUM,,PASS,POLISH,POLISH,POLISH,POLISH,POLISH,"Broad family anatomy is usable, but the portrait still shares simplified global body templates and should retain stronger species markers.","No critical routing, clipping, eye, or life-stage issue found in the full-size visual pass. Recognizable within the established stylized family language. Broad family routing may be usable, but Bustard still needs an unlabeled silhouette check for body plan, head, eyes/sensory structures, appendages and rear/terminal anatomy.",Bustard.png,440,440,RGBA,8464521a3ab804c768ff1f1937b641f268495bf71abfb0f342f61e85ab12b520,93ae2018515deed8233a6617ee5b26491f487a75fd7f0eeb775e5a75cb504978,,,,,,,,,,,,,,,,,,,,,,,
fauna,Caecilian,Caecilian,HOLD,FAIL,HOLD,True,Other or uncertain,MEDIUM,,PASS,POLISH,POLISH,POLISH,POLISH,POLISH,"Broad family anatomy is usable, but the portrait still shares simplified global body templates and should retain stronger species markers.","No critical routing, clipping, eye, or life-stage issue found in the full-size visual pass. Recognizable within the established stylized family language. Broad family routing may be usable, but Caecilian still needs an unlabeled silhouette check for body plan, head, eyes/sensory structures, appendages and rear/terminal anatomy.",Caecilian.png,440,440,RGBA,0bed0d45b90defb8faf05e507c9a19add8db31a28cb8d4f7e1322db1dd251b2e,88a8f0ddb582ae0b253d52b3ca324d86580322ceb4468aa400f52ad8ab5640d9,,,,,,,,,,,,,,,,,,,,,,,
fauna,Camel_Spider,Camel Spider,HOLD,FAIL,HOLD,True,Ice and cave insects,MEDIUM,,PASS,POLISH,POLISH,POLISH,POLISH,POLISH,"Broad family anatomy is usable, but the portrait still shares simplified global body templates and should retain stronger species markers.","No critical routing, clipping, eye, or life-stage issue found in the full-size visual pass. Recognizable within the established stylized family language. Use correct insect anatomy: distinct head/thorax/abdomen, six articulated legs, correct wing count and attachment, antennae, mouthparts and species-specific shell/body proportions.",Camel_Spider.png,440,440,RGBA,3235fe7279a28564effe2629c58d503372cb134b7c8acb136533ab815ed55e68,225a79fe184e37107ae7789df1a491eb357d2f37a49578eb4099fb6da3112dfa,,,,,,,,,,,,,,,,,,,,,,,
fauna,Capuchin,Capuchin,HOLD,FAIL,HOLD,True,Primates,MEDIUM,,PASS,POLISH,POLISH,POLISH,POLISH,POLISH,"Broad family anatomy is usable, but the portrait still shares simplified global body templates and should retain stronger species markers.","No critical routing, clipping, eye, or life-stage issue found in the full-size visual pass. Recognizable within the established stylized family language. Verify torso posture, arm/leg ratio, hands/feet, face shape and tail state for the named primate.",Capuchin.png,440,440,RGBA,2031e92477e7125fbeab11d3da173e8f25e97fa8c5ab95b9d8a47f0c9873a962,f5cd3163d1d0833a956b394682fefe7c4bf886ca2e79e55e900d4b6766983419,,,,,,,,,,,,,,,,,,,,,,,
fauna,Capybara,Capybara,HOLD,FAIL,HOLD,True,Rodents,MEDIUM,,PASS,POLISH,POLISH,POLISH,POLISH,POLISH,"Broad family anatomy is usable, but the portrait still shares simplified global body templates and should retain stronger species markers.","No critical routing, clipping, eye, or life-stage issue found in the full-size visual pass. Recognizable within the established stylized family language. Verify rodent/lagomorph skull, incisors/muzzle, fore/hind foot proportions, body posture and tail; several currently inherit the rabbit-like template.",Capybara.png,440,440,RGBA,9d86f319d8fcfd63715a5e53e8ddd4fa300f895cce1f81368920b2c6cc2af5ef,db3d4fb5a5c54577f3b7e5c25d82ded4a4c8fcab0cd8de7df06bcc909edbdf8f,,,,,,,,,,,,,,,,,,,,,,,
fauna,Cardinal,Cardinal,HOLD,FAIL,HOLD,True,Songbirds,MEDIUM,,PASS,POLISH,POLISH,PASS,POLISH,POLISH,"Broad family anatomy is usable, but the portrait still shares simplified global body templates and should retain stronger species markers.","Add crest and cardinal-specific conical bill. The named bird relies too heavily on the shared side-bird template. Correct the bill, neck, body depth, wing length, leg type, tail and crest/display structures for the species.",Cardinal.png,440,440,RGBA,101a75fd59d268ca169c128e473f5afcb4fb0b9d5ae2f2c950c3a9466323140e,a529e4d43591c90b2dc5b0c55e72db6a1778e40219061dc30e551ecd0fd3a416,,,,,,,,,,,,,,,,,,,,,,,
fauna,Cardinalfish,Cardinalfish,HOLD,FAIL,HOLD,True,Reef fish,MEDIUM,,PASS,POLISH,POLISH,POLISH,POLISH,POLISH,"Broad family anatomy is usable, but the portrait still shares simplified global body templates and should retain stronger species markers.","No critical routing, clipping, eye, or life-stage issue found in the full-size visual pass. Recognizable within the established stylized family language. The portrait relies on a generic torpedo fish. Correct body depth, head/mouth position, dorsal/anal/pectoral fin shape, caudal fin, markings and any diagnostic appendage.",Cardinalfish.png,440,440,RGBA,7ad118f0a2020226c449c36354ed3d1ff2402c97e327f556bf510e3328cf7206,772946fa20ef1d897b10e2c17d3e238fc5406f890557338745ad7f689bd5f0d7,,,,,,,,,,,,,,,,,,,,,,,
fauna,Caribou,Caribou,HOLD,FAIL,HOLD,True,Deer and relatives,MEDIUM,,PASS,POLISH,POLISH,POLISH,POLISH,POLISH,"Broad family anatomy is usable, but the portrait still shares simplified global body templates and should retain stronger species markers.","No critical routing, clipping, eye, or life-stage issue found in the full-size visual pass. Recognizable within the established stylized family language. The ungulate base is usable, but the named species must have correct horn/antler geometry, neck, shoulder/croup mass, leg length, hooves, head and tail.",Caribou.png,440,440,RGBA,ee6df15b250f66f32f6b815945426f4de3ecd2d951cef343bb0c778ef6b7849c,31b3e36298774aaacd38a41db0d8a4f81bbb8004c4bf1f4856ee7cd72385dcb8,,,,,,,,,,,,,,,,,,,,,,,
fauna,Carp,Carp,HOLD,FAIL,HOLD,True,Carp-like fish,MEDIUM,,PASS,POLISH,POLISH,POLISH,POLISH,POLISH,"Broad family anatomy is usable, but the portrait still shares simplified global body templates and should retain stronger species markers.","No critical routing, clipping, eye, or life-stage issue found in the full-size visual pass. Recognizable within the established stylized family language. The portrait relies on a generic torpedo fish. Correct body depth, head/mouth position, dorsal/anal/pectoral fin shape, caudal fin, markings and any diagnostic appendage.",Carp.png,440,440,RGBA,db480462a2a4717d8775a983f2d91efe45ade292958980ac2d8aff6cca71db2c,29511817ed8bf7e550b2a2d93e0b8b5565046c283ad527b7efe508336e95e728,,,,,,,,,,,,,,,,,,,,,,,
fauna,Carrion_Beetle,Carrion Beetle,HOLD,FAIL,HOLD,True,Beetles,HIGH,Dung_Beetle | Ladybug,PASS,POLISH,POLISH,POLISH,POLISH,POLISH,"Broad family anatomy is usable, but the portrait still shares simplified global body templates and should retain stronger species markers.","No critical routing, clipping, eye, or life-stage issue found in the full-size visual pass. Recognizable within the established stylized family language. Use correct insect anatomy: distinct head/thorax/abdomen, six articulated legs, correct wing count and attachment, antennae, mouthparts and species-specific shell/body proportions.",Carrion_Beetle.png,440,440,RGBA,b0f086d7609dc7012b10f71994ded99deab81f2980df210c19e87e8a9740ebd4,df20680298fb50c9d7541ae25992fbfc30826cfa0482a87047fed806ba5e9ce6,,,,,,,,,,,,,,,,,,,,,,,
fauna,Cassowary,Cassowary,HOLD,FAIL,FAIL,True,Flightless birds,HIGH,,POLISH,POLISH,POLISH,PASS,POLISH,POLISH,POLISH,"The casque and tall flightless-bird concept read, but the body is too round and tail-like. Add a heavy pear-shaped torso, powerful three-toed legs, tiny wing stubs, dark shaggy feather mass and colored neck wattles.",Cassowary.png,440,440,RGBA,246e6aee31176eb1f1cbd94485e2cbd50971364866245509c34e8a2e9b610548,f3091108f6b11d098483a175b5fd7025423b697958a35c8aef2d8b4e48847db8,,,,,,,,,,,,,,,,,,,,,,,
fauna,Catfish,Catfish,HOLD,FAIL,HOLD,True,Other or uncertain,MEDIUM,,PASS,POLISH,POLISH,POLISH,POLISH,POLISH,"Broad family anatomy is usable, but the portrait still shares simplified global body templates and should retain stronger species markers.","No critical routing, clipping, eye, or life-stage issue found in the full-size visual pass. Recognizable within the established stylized family language. Broad family routing may be usable, but Catfish still needs an unlabeled silhouette check for body plan, head, eyes/sensory structures, appendages and rear/terminal anatomy.",Catfish.png,440,440,RGBA,966f40c4eee0c3f39199db3ff56382dd787ae15349f9eb44a8c5501d2040ed56,9e4b3da85c3408d6f8ec9ae83108325da97930a8066f9384ed698eb3ce03c3f3,,,,,,,,,,,,,,,,,,,,,,,
fauna,Cave_Fish,Cave Fish,HOLD,FAIL,HOLD,True,Fish,MEDIUM,,PASS,POLISH,POLISH,POLISH,POLISH,POLISH,"Broad family anatomy is usable, but the portrait still shares simplified global body templates and should retain stronger species markers.","No critical routing, clipping, eye, or life-stage issue found in the full-size visual pass. Recognizable within the established stylized family language. The portrait relies on a generic torpedo fish. Correct body depth, head/mouth position, dorsal/anal/pectoral fin shape, caudal fin, markings and any diagnostic appendage.",Cave_Fish.png,440,440,RGBA,455b47b55699252514b95a8f15f00993b7f312da228284dc45745f444d47f304,66580ec529ff7fbcc4777f66ab106649de5b2a474a6247f3faa5f659299a42a5,,,,,,,,,,,,,,,,,,,,,,,
fauna,Cave_Frog,Cave Frog,HOLD,FAIL,HOLD,True,Frogs and toads,MEDIUM,,PASS,POLISH,POLISH,POLISH,POLISH,POLISH,"Broad family anatomy is usable, but the portrait still shares simplified global body templates and should retain stronger species markers.","No critical routing, clipping, eye, or life-stage issue found in the full-size visual pass. Recognizable within the established stylized family language. Verify body width, head/mouth, eye placement, fore/hind limb proportions, toes, tail state and skin texture; color alone should not define the species.",Cave_Frog.png,440,440,RGBA,f982929c422c4daff0cecf60660e25ad77dd70b929a0a522a0ca3ba1cd861829,0da6bdccf2ef7e459a008d569142eb00903ce85728e2cf1cf6151235181a7802,,,,,,,,,,,,,,,,,,,,,,,
fauna,Cave_Shrimp,Cave Shrimp,HOLD,FAIL,HOLD,True,Crustaceans,MEDIUM,,PASS,POLISH,POLISH,POLISH,POLISH,POLISH,"Broad family anatomy is usable, but the portrait still shares simplified global body templates and should retain stronger species markers.","No critical routing, clipping, eye, or life-stage issue found in the full-size visual pass. Recognizable within the established stylized family language. Verify segmented carapace, correct leg/claw count, antennae, abdomen/tail fan and the named species’ defining asymmetry or shell form.",Cave_Shrimp.png,440,440,RGBA,f43591b9a37d75fbf0ae1a63cd484d99bdca8ea475cfa28aaff9170dfb297cc6,8f0fa781a8cdb85b39705459c03646d4f5f677fbcbe544d4e5b310573dbdab18,,,,,,,,,,,,,,,,,,,,,,,
fauna,Cave_Snake,Cave Snake,HOLD,FAIL,HOLD,True,Snakes,HIGH,Cottonmouth,PASS,POLISH,POLISH,POLISH,POLISH,POLISH,"Broad family anatomy is usable, but the portrait still shares simplified global body templates and should retain stronger species markers.","No critical routing, clipping, eye, or life-stage issue found in the full-size visual pass. Recognizable within the established stylized family language. Verify skull/head profile, limb state, body thickness, scale texture, tail and any crest/frill/horn; do not rely on color alone.",Cave_Snake.png,440,440,RGBA,3c65edf0f129298cf2bd739dc2a393f6140fe66e09d8ab05cdef5b0b293cf4d0,ca03561cd94ce03d32504f5ea8421d316af3d30cf9c49662f571aa04b5407e76,,,,,,,,,,,,,,,,,,,,,,,
fauna,Centipede,Centipede,HOLD,FAIL,HOLD,True,Ice and cave insects,MEDIUM,,PASS,POLISH,POLISH,POLISH,POLISH,POLISH,"Broad family anatomy is usable, but the portrait still shares simplified global body templates and should retain stronger species markers.","No critical routing, clipping, eye, or life-stage issue found in the full-size visual pass. Recognizable within the established stylized family language. Use correct insect anatomy: distinct head/thorax/abdomen, six articulated legs, correct wing count and attachment, antennae, mouthparts and species-specific shell/body proportions.",Centipede.png,440,440,RGBA,8725e54bdf766efa9eea82862da73337fe1686466e60b82e5246e7314106c91b,fe8601319eeba7c54aed841abd049df63bb2b549e050c35089d0a07c9a5b0a92,,,,,,,,,,,,,,,,,,,,,,,
fauna,Chameleon,Chameleon,HOLD,FAIL,HOLD,True,Specialized lizards,MEDIUM,,PASS,POLISH,POLISH,POLISH,POLISH,POLISH,"Broad family anatomy is usable, but the portrait still shares simplified global body templates and should retain stronger species markers.","Strengthen the curled prehensile tail, casque, turreted eye, and grasping feet. Verify skull/head profile, limb state, body thickness, scale texture, tail and any crest/frill/horn; do not rely on color alone.",Chameleon.png,440,440,RGBA,dcbbcce4488e58b38bb1522d979a51d108b9ab589259ac29f7667efc194282aa,7d837f9f1766a13f2d464afb5c785e6d1f02957b1c3b2f75efd3c48e76431e16,,,,,,,,,,,,,,,,,,,,,,,
fauna,Char,Char,HOLD,FAIL,HOLD,True,Salmon-like fish,MEDIUM,,PASS,POLISH,POLISH,POLISH,POLISH,POLISH,"Broad family anatomy is usable, but the portrait still shares simplified global body templates and should retain stronger species markers.","No critical routing, clipping, eye, or life-stage issue found in the full-size visual pass. Recognizable within the established stylized family language. The portrait relies on a generic torpedo fish. Correct body depth, head/mouth position, dorsal/anal/pectoral fin shape, caudal fin, markings and any diagnostic appendage.",Char.png,440,440,RGBA,cc3fc8d256320fe42cea4848798edfb6346ce6e5793f335ee3df375bfe605127,b413564b677103b29d9c98ce54017de67dbc2d6cd488fb03f5a9c4ba70e6814b,,,,,,,,,,,,,,,,,,,,,,,
fauna,Chimpanzee,Chimpanzee,HOLD,FAIL,HOLD,True,Primates,MEDIUM,,PASS,POLISH,POLISH,POLISH,POLISH,POLISH,"Broad family anatomy is usable, but the portrait still shares simplified global body templates and should retain stronger species markers.","No critical routing, clipping, eye, or life-stage issue found in the full-size visual pass. Recognizable within the established stylized family language. Verify torso posture, arm/leg ratio, hands/feet, face shape and tail state for the named primate.",Chimpanzee.png,440,440,RGBA,9111189aa6eb26a717fe1bc35490afa071cbffe4464486217062889039e6a751,cb98fe66d70e2ea018b7360b7a65e3a5d373123b7008de6717eb374bae006c43,,,,,,,,,,,,,,,,,,,,,,,
fauna,Chipmunk,Chipmunk,HOLD,FAIL,HOLD,True,Rodents,MEDIUM,,PASS,POLISH,POLISH,POLISH,POLISH,POLISH,"Broad family anatomy is usable, but the portrait still shares simplified global body templates and should retain stronger species markers.","No critical routing, clipping, eye, or life-stage issue found in the full-size visual pass. Recognizable within the established stylized family language. Verify rodent/lagomorph skull, incisors/muzzle, fore/hind foot proportions, body posture and tail; several currently inherit the rabbit-like template.",Chipmunk.png,440,440,RGBA,6feb981032ceb45e9ca15e9cb2f3707ffba1003b4fd94971625a09d46f5fd893,b623c0ac59cded9931b919cf20d024ef4cdcef11a0a9a6385ccc8be9b38c0589,,,,,,,,,,,,,,,,,,,,,,,
fauna,Chiton,Chiton,HOLD,FAIL,HOLD,True,Other mollusks,HIGH,Water_Strider,PASS,POLISH,POLISH,POLISH,POLISH,POLISH,"Broad family anatomy is usable, but the portrait still shares simplified global body templates and should retain stronger species markers.","No critical routing, clipping, eye, or life-stage issue found in the full-size visual pass. Recognizable within the established stylized family language. Broad family routing may be usable, but Chiton still needs an unlabeled silhouette check for body plan, head, eyes/sensory structures, appendages and rear/terminal anatomy.",Chiton.png,440,440,RGBA,8d68c08f5b20d29406cde164819fde6ab355b779f7a9872111a9db39836da8ba,91c5118fb6e93420967a452f4079292d77d9477b58eda52c3e3d3c61ad9a55b5,,,,,,,,,,,,,,,,,,,,,,,
fauna,Chough,Chough,HOLD,FAIL,HOLD,True,Corvids,MEDIUM,,PASS,POLISH,POLISH,POLISH,POLISH,POLISH,"Broad family anatomy is usable, but the portrait still shares simplified global body templates and should retain stronger species markers.","No critical routing, clipping, eye, or life-stage issue found in the full-size visual pass. Recognizable within the established stylized family language. The named bird relies too heavily on the shared side-bird template. Correct the bill, neck, body depth, wing length, leg type, tail and crest/display structures for the species.",Chough.png,440,440,RGBA,90592353c21f54a15228413ba7911bf529db545d4ff1578e4240489149f74ad9,c51664c3629cc5209c157d62c47e0462e4b2e1ed1cdc36f5390a93a89004b57c,,,,,,,,,,,,,,,,,,,,,,,
fauna,Cicada,Cicada,HOLD,FAIL,FAIL,True,True bugs,HIGH,Aphid | Black_Fly | Cold-Adapted_Insect | Orchid_Bee | Termite | Thrips,POLISH,POLISH,POLISH,POLISH,POLISH,POLISH,POLISH,"The insect category reads, but the broad transparent wings, large lateral eyes, wedge-shaped head and stout cicada thorax should be stronger.",Cicada.png,440,440,RGBA,39a6f7e12b7099002a94ae3195eb7a232cd0cff3f25493db324a5fee70e7c73f,dbefccba765dde3760df4d87c1374fae534eaf3c7f3ed6c1726212c6544072e9,,,,,,,,,,,,,,,,,,,,,,,
fauna,Cichlid,Cichlid,HOLD,FAIL,HOLD,True,Fish,MEDIUM,,PASS,POLISH,POLISH,POLISH,POLISH,POLISH,"Broad family anatomy is usable, but the portrait still shares simplified global body templates and should retain stronger species markers.","No critical routing, clipping, eye, or life-stage issue found in the full-size visual pass. Recognizable within the established stylized family language. The portrait relies on a generic torpedo fish. Correct body depth, head/mouth position, dorsal/anal/pectoral fin shape, caudal fin, markings and any diagnostic appendage.",Cichlid.png,440,440,RGBA,80175b2896cadf05c891c2119cee18e19a3b7e72043c0143e942c09af6b838a6,5008ebe0e7cd7d52883a2d501dc9276af630fc912125c30a799bb7948f219f89,,,,,,,,,,,,,,,,,,,,,,,
fauna,Clam,Clam,HOLD,FAIL,HOLD,True,Bivalves,MEDIUM,,PASS,POLISH,POLISH,POLISH,POLISH,POLISH,"Broad family anatomy is usable, but the portrait still shares simplified global body templates and should retain stronger species markers.","No critical routing, clipping, eye, or life-stage issue found in the full-size visual pass. Recognizable within the established stylized family language. Broad family routing may be usable, but Clam still needs an unlabeled silhouette check for body plan, head, eyes/sensory structures, appendages and rear/terminal anatomy.",Clam.png,440,440,RGBA,da8fc209f5165cdcce92806174acee585341b7bb9b5c785a23ce6c2095005df3,af558148fe5a6236f8e751f835361c6208696b284ed4a8f86cf799c8425126d7,,,,,,,,,,,,,,,,,,,,,,,
fauna,Coastal_Lizard,Coastal Lizard,HOLD,FAIL,HOLD,True,Lizards,MEDIUM,,PASS,POLISH,POLISH,POLISH,POLISH,POLISH,"Broad family anatomy is usable, but the portrait still shares simplified global body templates and should retain stronger species markers.","No critical routing, clipping, eye, or life-stage issue found in the full-size visual pass. Recognizable within the established stylized family language. Verify skull/head profile, limb state, body thickness, scale texture, tail and any crest/frill/horn; do not rely on color alone.",Coastal_Lizard.png,440,440,RGBA,a400ecb7b800396b13d200806d63b76440106173d6061427a84d67a25a96e3bd,fa0d4c624d2c396052631df8c683f10df7fa818f821b396ba8cb02cdec6d2761,,,,,,,,,,,,,,,,,,,,,,,
fauna,Cobra,Cobra,HOLD,FAIL,HOLD,True,Venomous snakes,MEDIUM,,PASS,POLISH,POLISH,POLISH,POLISH,POLISH,"Broad family anatomy is usable, but the portrait still shares simplified global body templates and should retain stronger species markers.","No critical routing, clipping, eye, or life-stage issue found in the full-size visual pass. Recognizable within the established stylized family language. Verify skull/head profile, limb state, body thickness, scale texture, tail and any crest/frill/horn; do not rely on color alone.",Cobra.png,440,440,RGBA,7f9e3894fc77b1848c155f9397399153eafbd6273b5478b6fc88dffcd1544498,ce3d4478b24a8f7f7115dd7daa9789a72875f6d1fa69f30ce0fec159ab9efe87,,,,,,,,,,,,,,,,,,,,,,,
fauna,Cockatoo,Cockatoo,HOLD,FAIL,HOLD,True,Parrots,MEDIUM,,PASS,POLISH,POLISH,POLISH,POLISH,POLISH,"Broad family anatomy is usable, but the portrait still shares simplified global body templates and should retain stronger species markers.","No critical routing, clipping, eye, or life-stage issue found in the full-size visual pass. Recognizable within the established stylized family language. The named bird relies too heavily on the shared side-bird template. Correct the bill, neck, body depth, wing length, leg type, tail and crest/display structures for the species.",Cockatoo.png,440,440,RGBA,dfbfb6211ab5c4801d6ba33d3f21bc27ce053a5ed6eb19c55b312d1954abd63f,5b4f5471d053bd124b152283d8f490fb09e52956aa252efd12ab4655e04b993d,,,,,,,,,,,,,,,,,,,,,,,
fauna,Coconut_Crab,Coconut Crab,HOLD,FAIL,HOLD,True,Ice and cave insects,MEDIUM,,PASS,POLISH,POLISH,POLISH,POLISH,POLISH,"Broad family anatomy is usable, but the portrait still shares simplified global body templates and should retain stronger species markers.","No critical routing, clipping, eye, or life-stage issue found in the full-size visual pass. Recognizable within the established stylized family language. Use correct insect anatomy: distinct head/thorax/abdomen, six articulated legs, correct wing count and attachment, antennae, mouthparts and species-specific shell/body proportions.",Coconut_Crab.png,440,440,RGBA,46ea2d9e10ca66f918ea260b38b7d37375888acf6bef15226b5fea93b0fd31f9,30741b2086cd327cebb40ebaad5b209d4a6ad5606b9337ebbae7f94991f9a2dc,,,,,,,,,,,,,,,,,,,,,,,
fauna,Cod,Cod,HOLD,FAIL,HOLD,True,Cod-like fish,MEDIUM,,PASS,POLISH,POLISH,POLISH,POLISH,POLISH,"Broad family anatomy is usable, but the portrait still shares simplified global body templates and should retain stronger species markers.","No critical routing, clipping, eye, or life-stage issue found in the full-size visual pass. Recognizable within the established stylized family language. The portrait relies on a generic torpedo fish. Correct body depth, head/mouth position, dorsal/anal/pectoral fin shape, caudal fin, markings and any diagnostic appendage.",Cod.png,440,440,RGBA,3cd5033a73470e4ef62c5384bbd34277f7e1b5b43550ef90d5ee9e2a914b8d92,b4d9fbcdcb7ba7c17405885646a33a8be181fdd7a240fd86986e9868885c2371,,,,,,,,,,,,,,,,,,,,,,,
fauna,Coelacanth,Coelacanth,HOLD,FAIL,HOLD,True,Primitive fish,MEDIUM,,PASS,POLISH,POLISH,POLISH,POLISH,POLISH,"Broad family anatomy is usable, but the portrait still shares simplified global body templates and should retain stronger species markers.","No critical routing, clipping, eye, or life-stage issue found in the full-size visual pass. Recognizable within the established stylized family language. The portrait relies on a generic torpedo fish. Correct body depth, head/mouth position, dorsal/anal/pectoral fin shape, caudal fin, markings and any diagnostic appendage.",Coelacanth.png,440,440,RGBA,090c6b97a4303f1c149e00a03a39bb9c3df079279b88343c1f26cf5d5e344cac,03a7e7f3f0776ba11a1ccb5e0e5e7b7ccc3eaafd50c3e41cda3e0640b4df5a03,,,,,,,,,,,,,,,,,,,,,,,
fauna,Cold-Adapted_Insect,Cold Adapted Insect,HOLD,FAIL,HOLD,True,Other or uncertain,HIGH,Aphid | Black_Fly | Cicada | Orchid_Bee | Termite | Thrips,PASS,POLISH,POLISH,POLISH,POLISH,POLISH,"Broad family anatomy is usable, but the portrait still shares simplified global body templates and should retain stronger species markers.","No critical routing, clipping, eye, or life-stage issue found in the full-size visual pass. Recognizable within the established stylized family language. Broad family routing may be usable, but Cold Adapted Insect still needs an unlabeled silhouette check for body plan, head, eyes/sensory structures, appendages and rear/terminal anatomy.",Cold-Adapted_Insect.png,440,440,RGBA,9c2b792abc972af253876611dde61f28792939467fb6841df684cf8830cb2863,6e4ff171f4055f3a71a806f0a3da383a8b3e602af832f52d1442254a5dc94485,,,,,,,,,,,,,,,,,,,,,,,
fauna,Cold-Water_Coral,Cold Water Coral,HOLD,FAIL,HOLD,True,Sessile marine life,MEDIUM,,PASS,POLISH,POLISH,POLISH,POLISH,POLISH,"Broad family anatomy is usable, but the portrait still shares simplified global body templates and should retain stronger species markers.","No critical routing, clipping, eye, or life-stage issue found in the full-size visual pass. Recognizable within the established stylized family language. Broad family routing may be usable, but Cold Water Coral still needs an unlabeled silhouette check for body plan, head, eyes/sensory structures, appendages and rear/terminal anatomy.",Cold-Water_Coral.png,440,440,RGBA,1a816d7963c89b4a06a1a49ced628ee7613ead98d0b8028fa5995bb06491cf6f,a9c33bd3babdc62432c0fec7f57627edea5fe0e684abc58851eab6e1d01f596e,,,,,,,,,,,,,,,,,,,,,,,
fauna,Cold-Water_Fish,Cold Water Fish,HOLD,FAIL,HOLD,True,Fish,MEDIUM,,PASS,POLISH,POLISH,POLISH,POLISH,POLISH,"Broad family anatomy is usable, but the portrait still shares simplified global body templates and should retain stronger species markers.","No critical routing, clipping, eye, or life-stage issue found in the full-size visual pass. Recognizable within the established stylized family language. The portrait relies on a generic torpedo fish. Correct body depth, head/mouth position, dorsal/anal/pectoral fin shape, caudal fin, markings and any diagnostic appendage.",Cold-Water_Fish.png,440,440,RGBA,5dd4b23bedb1daa13601117adf97a702fde0076c0da0bc08ea98e95395d83085,238271e4bbedf690fd3a64091aa0ba7707b9dbca88ab5aab3d1f3fb54bfe00b6,,,,,,,,,,,,,,,,,,,,,,,
fauna,Comb_Jelly,Comb Jelly,HOLD,FAIL,HOLD,True,Other mollusks,MEDIUM,,PASS,POLISH,POLISH,POLISH,POLISH,POLISH,"Broad family anatomy is usable, but the portrait still shares simplified global body templates and should retain stronger species markers.","No critical routing, clipping, eye, or life-stage issue found in the full-size visual pass. Recognizable within the established stylized family language. Broad family routing may be usable, but Comb Jelly still needs an unlabeled silhouette check for body plan, head, eyes/sensory structures, appendages and rear/terminal anatomy.",Comb_Jelly.png,440,440,RGBA,efeeb15060df7f7a1c2165e92c90ca4d61c6ee55b3d9db4c3d298a1a4e1dff5d,c53b4a1ae84ee83d5bbeaee59437dd1325716e5c0c1c0dbed79e5b0a71342eb8,,,,,,,,,,,,,,,,,,,,,,,
fauna,Conch,Conch,HOLD,FAIL,HOLD,True,Gastropods,MEDIUM,,PASS,POLISH,POLISH,POLISH,POLISH,POLISH,"Broad family anatomy is usable, but the portrait still shares simplified global body templates and should retain stronger species markers.","No critical routing, clipping, eye, or life-stage issue found in the full-size visual pass. Recognizable within the established stylized family language. Broad family routing may be usable, but Conch still needs an unlabeled silhouette check for body plan, head, eyes/sensory structures, appendages and rear/terminal anatomy.",Conch.png,440,440,RGBA,41895b6065fd12be84de815a9b61c7e2508501baf623e599ec6b62abf3d5f5e7,6cba5d41c882f81ba3df5d13e6c4402a47713ebff6af988ab7525ade9445de09,,,,,,,,,,,,,,,,,,,,,,,
fauna,Condor,Condor,HOLD,FAIL,HOLD,True,Birds of prey,MEDIUM,,PASS,POLISH,POLISH,POLISH,POLISH,POLISH,"Broad family anatomy is usable, but the portrait still shares simplified global body templates and should retain stronger species markers.","No critical routing, clipping, eye, or life-stage issue found in the full-size visual pass. Recognizable within the established stylized family language. Replace the generic compact bird body with species-correct raptor mass, hooked bill, wing proportions, talons, tail and head/crest.",Condor.png,440,440,RGBA,e8085ff4361464ff5c99464b129e25b51934f2204250ff508ea8a6cdfdb01a44,51df682aca7aeaf80a8dab618800640f445d8bd5bc18215b957f2c736bdd896f,,,,,,,,,,,,,,,,,,,,,,,
fauna,Coot,Coot,HOLD,FAIL,HOLD,True,Cranes and rails,MEDIUM,,PASS,POLISH,POLISH,PASS,POLISH,POLISH,"Broad family anatomy is usable, but the portrait still shares simplified global body templates and should retain stronger species markers.","Add frontal shield and rail-like body/feet. Broad family routing may be usable, but Coot still needs an unlabeled silhouette check for body plan, head, eyes/sensory structures, appendages and rear/terminal anatomy.",Coot.png,440,440,RGBA,c1b4c71a23d1a05b7c5971fd96a7803f9f3ae33f50fd4bcf2165d96f479a8787,b812f756ee651748d9c874bac74fb632c969131c4657fdc0b190817021de5510,,,,,,,,,,,,,,,,,,,,,,,
fauna,Copepod,Copepod,HOLD,FAIL,HOLD,True,Ice and cave insects,MEDIUM,,PASS,POLISH,POLISH,POLISH,POLISH,POLISH,"Broad family anatomy is usable, but the portrait still shares simplified global body templates and should retain stronger species markers.","No critical routing, clipping, eye, or life-stage issue found in the full-size visual pass. Recognizable within the established stylized family language. Use correct insect anatomy: distinct head/thorax/abdomen, six articulated legs, correct wing count and attachment, antennae, mouthparts and species-specific shell/body proportions.",Copepod.png,440,440,RGBA,b97e1864f511621602a11e7a0bfa148b45aeff4dea07025ca2eb46d00199f9fd,3e329dc9c59c163321651b2b9f9761eb9d75e93a862c4b5c50ab3ffe54b04900,,,,,,,,,,,,,,,,,,,,,,,
fauna,Coral,Coral,HOLD,FAIL,HOLD,True,Sessile marine life,MEDIUM,,PASS,POLISH,POLISH,POLISH,POLISH,POLISH,"Broad family anatomy is usable, but the portrait still shares simplified global body templates and should retain stronger species markers.","No critical routing, clipping, eye, or life-stage issue found in the full-size visual pass. Recognizable within the established stylized family language. Broad family routing may be usable, but Coral still needs an unlabeled silhouette check for body plan, head, eyes/sensory structures, appendages and rear/terminal anatomy.",Coral.png,440,440,RGBA,3e01c941ffcd85d2ddd8f44ed17a4720789de8e62959a3b6f70c53d85e81a020,41b02733440732c64877d6a2161fc33ad7870212b5a2857f8eabc7e825320628,,,,,,,,,,,,,,,,,,,,,,,
fauna,Cormorant,Cormorant,HOLD,FAIL,HOLD,True,Pelicans and diving waterbirds,MEDIUM,,PASS,POLISH,POLISH,PASS,POLISH,POLISH,"Broad family anatomy is usable, but the portrait still shares simplified global body templates and should retain stronger species markers.","Add long hooked bill, low aquatic body, and longer tail. Broad family routing may be usable, but Cormorant still needs an unlabeled silhouette check for body plan, head, eyes/sensory structures, appendages and rear/terminal anatomy.",Cormorant.png,440,440,RGBA,b8611861ad62fc3053060bb9bd1e8a47268c7e3db36bfbc9b8d1d4bc19be16db,887c15a37e6b87db2323aeacbd940afeb69210a545aca98ae4bf06482257cef0,,,,,,,,,,,,,,,,,,,,,,,
fauna,Cottonmouth,Cottonmouth,HOLD,FAIL,HOLD,True,Venomous snakes,HIGH,Cave_Snake,PASS,POLISH,POLISH,POLISH,POLISH,POLISH,"Broad family anatomy is usable, but the portrait still shares simplified global body templates and should retain stronger species markers.","No critical routing, clipping, eye, or life-stage issue found in the full-size visual pass. Recognizable within the established stylized family language. Verify skull/head profile, limb state, body thickness, scale texture, tail and any crest/frill/horn; do not rely on color alone.",Cottonmouth.png,440,440,RGBA,b9050abf97d5bf268089bffd1ca8156e702a324ada23b30a8efe7688707207ef,d61676a97d21f9539f823fa602b88ddd34b50dfe39bc30b8a1812aba7f624143,,,,,,,,,,,,,,,,,,,,,,,
fauna,Cow,Cow,HOLD,FAIL,HOLD,True,Cattle and bovids,MEDIUM,,PASS,POLISH,POLISH,POLISH,POLISH,POLISH,"Broad family anatomy is usable, but the portrait still shares simplified global body templates and should retain stronger species markers.","No critical routing, clipping, eye, or life-stage issue found in the full-size visual pass. Recognizable within the established stylized family language. The ungulate base is usable, but the named species must have correct horn/antler geometry, neck, shoulder/croup mass, leg length, hooves, head and tail.",Cow.png,440,440,RGBA,1d4c939def0f975fa1650cad48e773b6435a4c34ebd23f4345564ff25c52091b,8228dc5c236c5d9b59067251b0135eb088eda4311d614d582b3f82924ed9d462,,,,,,,,,,,,,,,,,,,,,,,
fauna,Cowrie,Cowrie,HOLD,FAIL,HOLD,True,Gastropods,MEDIUM,,PASS,POLISH,POLISH,POLISH,POLISH,POLISH,"Broad family anatomy is usable, but the portrait still shares simplified global body templates and should retain stronger species markers.","No critical routing, clipping, eye, or life-stage issue found in the full-size visual pass. Recognizable within the established stylized family language. Broad family routing may be usable, but Cowrie still needs an unlabeled silhouette check for body plan, head, eyes/sensory structures, appendages and rear/terminal anatomy.",Cowrie.png,440,440,RGBA,469c5c5dfcb2b0ef053179a367244250ed8088196acc025221d9c6ec243a89d4,e506417961d433f8d58ee8783a035aeecc560bde7d67c183d71e7ee3c0b6bbb3,,,,,,,,,,,,,,,,,,,,,,,
fauna,Crab,Crab,HOLD,FAIL,HOLD,True,Ice and cave insects,MEDIUM,,PASS,POLISH,POLISH,POLISH,POLISH,POLISH,"Broad family anatomy is usable, but the portrait still shares simplified global body templates and should retain stronger species markers.","No critical routing, clipping, eye, or life-stage issue found in the full-size visual pass. Recognizable within the established stylized family language. Use correct insect anatomy: distinct head/thorax/abdomen, six articulated legs, correct wing count and attachment, antennae, mouthparts and species-specific shell/body proportions.",Crab.png,440,440,RGBA,bebdcedee006c6bb838a71f0220396d2168699c5c907e48ba7f5e7092c55c367,ef70c1829a45055117cffd07a0965585dd1db3921e89124effcf74a1eaf00ce5,,,,,,,,,,,,,,,,,,,,,,,
fauna,Crane,Crane,HOLD,FAIL,HOLD,True,Cranes and rails,MEDIUM,,PASS,POLISH,POLISH,POLISH,POLISH,POLISH,"Broad family anatomy is usable, but the portrait still shares simplified global body templates and should retain stronger species markers.","No critical routing, clipping, eye, or life-stage issue found in the full-size visual pass. Recognizable within the established stylized family language. Broad family routing may be usable, but Crane still needs an unlabeled silhouette check for body plan, head, eyes/sensory structures, appendages and rear/terminal anatomy.",Crane.png,440,440,RGBA,cf25f322e7d187e91380a37527c4d7a7f978a2e4831f13fbfc24f82550ac5b39,42a8e84c888d24baa31a09731e75b5441f2a4a580dd93690e7e7ba8d051db51c,,,,,,,,,,,,,,,,,,,,,,,
fauna,Crayfish,Crayfish,HOLD,FAIL,HOLD,True,Ice and cave insects,MEDIUM,,PASS,POLISH,POLISH,POLISH,POLISH,POLISH,"Broad family anatomy is usable, but the portrait still shares simplified global body templates and should retain stronger species markers.","No critical routing, clipping, eye, or life-stage issue found in the full-size visual pass. Recognizable within the established stylized family language. Use correct insect anatomy: distinct head/thorax/abdomen, six articulated legs, correct wing count and attachment, antennae, mouthparts and species-specific shell/body proportions.",Crayfish.png,440,440,RGBA,d43e10abfb060ce8226a1dbf747db0148929f311082747036a361793c5c7a40f,eb9c469ccc2ca2921bbea8d1c7e7d0427e140c38bd55b27ff542d9cb025c3dca,,,,,,,,,,,,,,,,,,,,,,,
fauna,Cricket,Cricket,HOLD,FAIL,HOLD,True,Grasshoppers and relatives,MEDIUM,,PASS,POLISH,POLISH,POLISH,POLISH,POLISH,"Broad family anatomy is usable, but the portrait still shares simplified global body templates and should retain stronger species markers.","No critical routing, clipping, eye, or life-stage issue found in the full-size visual pass. Recognizable within the established stylized family language. Use correct insect anatomy: distinct head/thorax/abdomen, six articulated legs, correct wing count and attachment, antennae, mouthparts and species-specific shell/body proportions.",Cricket.png,440,440,RGBA,f71169ee680a802418a2dd820d43a35e36b79d641d41ea371f006a0d5bac4a8d,c145195310bc7799968b6fe844dbf96a4a54cf359127a8ffbf92d239cb161f56,,,,,,,,,,,,,,,,,,,,,,,
fauna,Crow,Crow,HOLD,FAIL,HOLD,True,Corvids,MEDIUM,,PASS,POLISH,POLISH,POLISH,POLISH,POLISH,"Broad family anatomy is usable, but the portrait still shares simplified global body templates and should retain stronger species markers.","No critical routing, clipping, eye, or life-stage issue found in the full-size visual pass. Recognizable within the established stylized family language. The named bird relies too heavily on the shared side-bird template. Correct the bill, neck, body depth, wing length, leg type, tail and crest/display structures for the species.",Crow.png,440,440,RGBA,4126c9a6f7b878dcec936bd9d9cdc469d3da1816a2b34bd2d437f80cbc8d95d6,804b6d6f2faa2817e800c6cdf7861c17619097b0866245bdbbbc6568864a2f02,,,,,,,,,,,,,,,,,,,,,,,
fauna,Curlew,Curlew,HOLD,FAIL,HOLD,True,Shorebirds,MEDIUM,,PASS,POLISH,POLISH,PASS,POLISH,POLISH,"Broad family anatomy is usable, but the portrait still shares simplified global body templates and should retain stronger species markers.","The wader body is acceptable, but the defining very long downcurved bill should be much more prominent.",Curlew.png,440,440,RGBA,a81a66209662b51f75a59c27b6cdd14aa240371151adcbe373224914ec978bcd,22ea4193e427f180b6f71450089d8a2e0752d604ca623808fd17f477e313027a,,,,,,,,,,,,,,,,,,,,,,,
fauna,Damselfish,Damselfish,HOLD,FAIL,HOLD,True,Reef fish,MEDIUM,,PASS,POLISH,POLISH,POLISH,POLISH,POLISH,"Broad family anatomy is usable, but the portrait still shares simplified global body templates and should retain stronger species markers.","No critical routing, clipping, eye, or life-stage issue found in the full-size visual pass. Recognizable within the established stylized family language. The portrait relies on a generic torpedo fish. Correct body depth, head/mouth position, dorsal/anal/pectoral fin shape, caudal fin, markings and any diagnostic appendage.",Damselfish.png,440,440,RGBA,09e419e96a84fa0ea24d3ed318373147c70c0bf2c3394ee326c94283791240e0,d9aea64b2df6d195b521f96f88c8f68bc51a161c44d5df2a33a7d90c789f538c,,,,,,,,,,,,,,,,,,,,,,,
fauna,Deep-Sea_Fish,Deep Sea Fish,HOLD,FAIL,HOLD,True,Fish,MEDIUM,,PASS,POLISH,POLISH,POLISH,POLISH,POLISH,"Broad family anatomy is usable, but the portrait still shares simplified global body templates and should retain stronger species markers.","No critical routing, clipping, eye, or life-stage issue found in the full-size visual pass. Recognizable within the established stylized family language. The portrait relies on a generic torpedo fish. Correct body depth, head/mouth position, dorsal/anal/pectoral fin shape, caudal fin, markings and any diagnostic appendage.",Deep-Sea_Fish.png,440,440,RGBA,3d12a9ed931162809ef58d08dff3a7539f730a4fa4aca4bbce30485a4c05d425,25b8ade947562e40e9d33a96ab74b1fe5e1c3262d06d2b37118d51a9d68c803f,,,,,,,,,,,,,,,,,,,,,,,
fauna,Deep-Sea_Octopus,Deep Sea Octopus,HOLD,FAIL,HOLD,True,Cephalopods,MEDIUM,,PASS,POLISH,POLISH,POLISH,POLISH,POLISH,"Broad family anatomy is usable, but the portrait still shares simplified global body templates and should retain stronger species markers.","No critical routing, clipping, eye, or life-stage issue found in the full-size visual pass. Recognizable within the established stylized family language. Verify mantle form, eye/head placement, arm count, feeding tentacles, fin skirt/fins and rear mantle taper for the named cephalopod.",Deep-Sea_Octopus.png,440,440,RGBA,32f2cbf17c60c5aa8b3869353d67417827766a60c7565677a29e172bd7a0c2d5,6017692e1af4a4cb3b362dffcd2ba115d0b126a737fc5da3a1faa6ea1337a437,,,,,,,,,,,,,,,,,,,,,,,
fauna,Deep-Water_Coral,Deep Water Coral,HOLD,FAIL,HOLD,True,Sessile marine life,MEDIUM,,PASS,POLISH,POLISH,POLISH,POLISH,POLISH,"Broad family anatomy is usable, but the portrait still shares simplified global body templates and should retain stronger species markers.","No critical routing, clipping, eye, or life-stage issue found in the full-size visual pass. Recognizable within the established stylized family language. Broad family routing may be usable, but Deep Water Coral still needs an unlabeled silhouette check for body plan, head, eyes/sensory structures, appendages and rear/terminal anatomy.",Deep-Water_Coral.png,440,440,RGBA,f0d3e2873bc46e46b3e31639b6dc89a1c03a42a22d4f63e98a60d82e2b3f1ebe,6c65384623dbbb8bfc7e100ae422a7b10b6e942491af3d69e4bf7ffc8e83f86d,,,,,,,,,,,,,,,,,,,,,,,
fauna,Deer,Deer,HOLD,FAIL,HOLD,True,Deer and relatives,MEDIUM,,PASS,POLISH,POLISH,POLISH,POLISH,POLISH,"Broad family anatomy is usable, but the portrait still shares simplified global body templates and should retain stronger species markers.","No critical routing, clipping, eye, or life-stage issue found in the full-size visual pass. Recognizable within the established stylized family language. The ungulate base is usable, but the named species must have correct horn/antler geometry, neck, shoulder/croup mass, leg length, hooves, head and tail.",Deer.png,440,440,RGBA,0d7870dc19861749ec75c7702386e0946386019b6aa4ba3b698f3e9649e4f0f0,71599e7101145954339e46b721024424c5e82a20e8dbeb819cc8295ea1c274d8,,,,,,,,,,,,,,,,,,,,,,,
fauna,Deer_Tick,Deer Tick,HOLD,FAIL,HOLD,True,Arachnids,MEDIUM,,PASS,POLISH,POLISH,POLISH,POLISH,POLISH,"Broad family anatomy is usable, but the portrait still shares simplified global body templates and should retain stronger species markers.","No critical routing, clipping, eye, or life-stage issue found in the full-size visual pass. Recognizable within the established stylized family language. Broad family routing may be usable, but Deer Tick still needs an unlabeled silhouette check for body plan, head, eyes/sensory structures, appendages and rear/terminal anatomy.",Deer_Tick.png,440,440,RGBA,465d5a3b8fa70432f3d3dd9ca59fc3dff08f21c0267e1978590c257f329a50e4,d15f1c87eb94762d07ae0b5aaf432bede056818052324688e13dd2fb1ab6fffc,,,,,,,,,,,,,,,,,,,,,,,
fauna,Desert_Owl,Desert Owl,HOLD,FAIL,HOLD,True,Raptors and owls,MEDIUM,,PASS,POLISH,POLISH,POLISH,POLISH,POLISH,"Broad family anatomy is usable, but the portrait still shares simplified global body templates and should retain stronger species markers.","No critical routing, clipping, eye, or life-stage issue found in the full-size visual pass. Recognizable within the established stylized family language. Replace the generic compact bird body with species-correct raptor mass, hooked bill, wing proportions, talons, tail and head/crest.",Desert_Owl.png,440,440,RGBA,962d7c68195523b34bcad51bc4ce5dd760e85f5f7a8212a6cc73be5892e70b42,49277c99cea2a98293b1f74c11964297e59d2592d92fd9e43efc2f97a985d561,,,,,,,,,,,,,,,,,,,,,,,
fauna,Diving_Beetle,Diving Beetle,HOLD,FAIL,HOLD,True,Beetles,HIGH,Water_Beetle,PASS,POLISH,POLISH,POLISH,POLISH,POLISH,"Broad family anatomy is usable, but the portrait still shares simplified global body templates and should retain stronger species markers.","No critical routing, clipping, eye, or life-stage issue found in the full-size visual pass. Recognizable within the established stylized family language. Use correct insect anatomy: distinct head/thorax/abdomen, six articulated legs, correct wing count and attachment, antennae, mouthparts and species-specific shell/body proportions.",Diving_Beetle.png,440,440,RGBA,c5ebe3fabd777b99eaaf8b61224957efa15df31d012894f38f76d2176b24eee2,7f05c9bc2a1cb3c0314d45f13d4b477e2622343caa16c2ecb008d29a0272a5ea,,,,,,,,,,,,,,,,,,,,,,,
fauna,Dobsonfly,Dobsonfly,HOLD,FAIL,HOLD,True,Insects,MEDIUM,,PASS,POLISH,POLISH,PASS,POLISH,POLISH,"Broad family anatomy is usable, but the portrait still shares simplified global body templates and should retain stronger species markers.","Add clearer adult insect wings and enlarged mandibles where appropriate. Use correct insect anatomy: distinct head/thorax/abdomen, six articulated legs, correct wing count and attachment, antennae, mouthparts and species-specific shell/body proportions.",Dobsonfly.png,440,440,RGBA,2a7b203c2ad285731101e40a9cdcdd03dfb0f1093d3f08d6b8e3a9fb450139a9,67c8868eb02957d79013315c04156bb101157422932d75aa3cdf45eb66644a96,,,,,,,,,,,,,,,,,,,,,,,
fauna,Dolphin,Dolphin,HOLD,FAIL,HOLD,True,Marine mammals,HIGH,Blue_Whale | River_Dolphin,PASS,POLISH,POLISH,POLISH,POLISH,POLISH,"Broad family anatomy is usable, but the portrait still shares simplified global body templates and should retain stronger species markers.","No critical routing, clipping, eye, or life-stage issue found in the full-size visual pass. Recognizable within the established stylized family language. Strengthen real marine-mammal proportions: streamlined body, species-correct rostrum/head, dorsal fin placement, pectoral flippers, peduncle and horizontal flukes.",Dolphin.png,440,440,RGBA,d3db2d624e06ed97ece05cfd879e2e3878f5bfea3a3f98d438adc7672aea2cd7,7478a4dbebc8af53c10c5b2bd0d87e04c0d370e471524d205bcbeeb9a7c69b84,,,,,,,,,,,,,,,,,,,,,,,
fauna,Dove,Dove,HOLD,FAIL,HOLD,True,Pigeons,HIGH,Pigeon,PASS,POLISH,POLISH,POLISH,POLISH,POLISH,"Broad family anatomy is usable, but the portrait still shares simplified global body templates and should retain stronger species markers.","No critical routing, clipping, eye, or life-stage issue found in the full-size visual pass. Recognizable within the established stylized family language. The named bird relies too heavily on the shared side-bird template. Correct the bill, neck, body depth, wing length, leg type, tail and crest/display structures for the species.",Dove.png,440,440,RGBA,3c67c0c725683cf939ed055b50d635ef6e14ef31a298cf2fedc6a0f2fc1553b1,f67a28e466979d246d706932315bfdaf8714835fe9929fb3c0ff6ddff06df6a1,,,,,,,,,,,,,,,,,,,,,,,
fauna,Dragonfish,Dragonfish,HOLD,FAIL,HOLD,True,Strange deep-sea fish,HIGH,Eel,PASS,POLISH,POLISH,POLISH,POLISH,POLISH,"Broad family anatomy is usable, but the portrait still shares simplified global body templates and should retain stronger species markers.","No critical routing, clipping, eye, or life-stage issue found in the full-size visual pass. Recognizable within the established stylized family language. The portrait relies on a generic torpedo fish. Correct body depth, head/mouth position, dorsal/anal/pectoral fin shape, caudal fin, markings and any diagnostic appendage.",Dragonfish.png,440,440,RGBA,55adfb63b034da34fcd2fe665146e1717c11586a96955e012434a011ca51ce0a,9654022fd7728aa13f326befe6ca32214eadcee620bf21ccaf6e576265c66bda,,,,,,,,,,,,,,,,,,,,,,,
fauna,Duck,Duck,HOLD,FAIL,HOLD,True,Waterfowl,MEDIUM,,PASS,POLISH,POLISH,POLISH,POLISH,POLISH,"Broad family anatomy is usable, but the portrait still shares simplified global body templates and should retain stronger species markers.","No critical routing, clipping, eye, or life-stage issue found in the full-size visual pass. Recognizable within the established stylized family language. Broad family routing may be usable, but Duck still needs an unlabeled silhouette check for body plan, head, eyes/sensory structures, appendages and rear/terminal anatomy.",Duck.png,440,440,RGBA,fe6b90af0c2e14a2097dbb97367d9d6de012d2b97f4736ba49cfc7e34c9a30ea,06494a7e0ffa0503e59713d4c056437dc9ad73513d5c51699a2b78b726900559,,,,,,,,,,,,,,,,,,,,,,,
fauna,Dugong,Dugong,HOLD,FAIL,FAIL,False,Marine mammals,LOW,,POLISH,POLISH,POLISH,PASS,POLISH,POLISH,POLISH,"The broad marine-mammal body and paddle tail read, but clarify the downturned snout, foreflippers and horizontal tail flukes while reducing the fish-like segmentation.",Dugong.png,440,440,RGBA,867d48300dd6d7b957abee406c53cddddbf4e5b7c4e346edeedf4c7ee8b0b55a,867d48300dd6d7b957abee406c53cddddbf4e5b7c4e346edeedf4c7ee8b0b55a,,,,,,,,,,,,,,,,,,,,,,,
fauna,Duiker,Duiker,HOLD,FAIL,HOLD,True,Other or uncertain,MEDIUM,,PASS,POLISH,POLISH,POLISH,POLISH,POLISH,"Broad family anatomy is usable, but the portrait still shares simplified global body templates and should retain stronger species markers.","No critical routing, clipping, eye, or life-stage issue found in the full-size visual pass. Recognizable within the established stylized family language. Broad family routing may be usable, but Duiker still needs an unlabeled silhouette check for body plan, head, eyes/sensory structures, appendages and rear/terminal anatomy.",Duiker.png,440,440,RGBA,af31c92be4ddd0400a0f1f81c682d4f4962ccbc4f231233059df04ea1a227c31,1e0676ca03b6520e575fb3e1a2b7d2672a5c896c1a107cc36a7ee985ef1d39bd,,,,,,,,,,,,,,,,,,,,,,,
fauna,Dung_Beetle,Dung Beetle,HOLD,FAIL,HOLD,True,Beetles,HIGH,Carrion_Beetle | Ladybug,PASS,POLISH,POLISH,POLISH,POLISH,POLISH,"Broad family anatomy is usable, but the portrait still shares simplified global body templates and should retain stronger species markers.","No critical routing, clipping, eye, or life-stage issue found in the full-size visual pass. Recognizable within the established stylized family language. Use correct insect anatomy: distinct head/thorax/abdomen, six articulated legs, correct wing count and attachment, antennae, mouthparts and species-specific shell/body proportions.",Dung_Beetle.png,440,440,RGBA,95c5865ea85b37abbb4d0d4429c56ea2bf56c0e37aa89f8c4561a18ef479e95a,9b0f55edd7d86cff1cf4a218e783daee1f92ce7fc28c0312df03a7b65d3930a0,,,,,,,,,,,,,,,,,,,,,,,
fauna,Eagle_Ray,Eagle Ray,HOLD,FAIL,HOLD,True,Rays and skates,MEDIUM,,PASS,POLISH,POLISH,POLISH,POLISH,POLISH,"Broad family anatomy is usable, but the portrait still shares simplified global body templates and should retain stronger species markers.","No critical routing, clipping, eye, or life-stage issue found in the full-size visual pass. Recognizable within the established stylized family language. Broad family routing may be usable, but Eagle Ray still needs an unlabeled silhouette check for body plan, head, eyes/sensory structures, appendages and rear/terminal anatomy.",Eagle_Ray.png,440,440,RGBA,3ad53b8dd8bad7ca0c0a94319198f15a0f6505c4494601ec554b5fea851f18c8,995d43f29f11306d203f1d0b1dac0b9a38ce91724ab99abd361a201b34cfa025,,,,,,,,,,,,,,,,,,,,,,,
fauna,Earthworm,Earthworm,HOLD,FAIL,HOLD,True,Other mollusks,MEDIUM,,PASS,POLISH,POLISH,POLISH,POLISH,POLISH,"Broad family anatomy is usable, but the portrait still shares simplified global body templates and should retain stronger species markers.","No critical routing, clipping, eye, or life-stage issue found in the full-size visual pass. Recognizable within the established stylized family language. Broad family routing may be usable, but Earthworm still needs an unlabeled silhouette check for body plan, head, eyes/sensory structures, appendages and rear/terminal anatomy.",Earthworm.png,440,440,RGBA,c6267a30d69202ff584d7ee5770cc623b62a3c268882f717df33bca19f914054,551808d4d4d7c9f76e36491fc85679c75d7bf23a5c199bd55cc9639b203c780c,,,,,,,,,,,,,,,,,,,,,,,
fauna,Echidna,Echidna,HOLD,FAIL,HOLD,True,Egg-laying mammals,MEDIUM,,PASS,POLISH,POLISH,POLISH,POLISH,POLISH,"Broad family anatomy is usable, but the portrait still shares simplified global body templates and should retain stronger species markers.","No critical routing, clipping, eye, or life-stage issue found in the full-size visual pass. Recognizable within the established stylized family language. Broad family routing may be usable, but Echidna still needs an unlabeled silhouette check for body plan, head, eyes/sensory structures, appendages and rear/terminal anatomy.",Echidna.png,440,440,RGBA,ee0cc04a255a57f93aaabe96e813461967fdf4e01d2d66a5def93b3b57f6a852,e28e5fd8b72960ab5f243580be3a2d4ef32b909c095325b77956799c61195650,,,,,,,,,,,,,,,,,,,,,,,
fauna,Eel,Eel,HOLD,FAIL,HOLD,True,Elongate fish,HIGH,Dragonfish,PASS,POLISH,POLISH,POLISH,POLISH,POLISH,"Broad family anatomy is usable, but the portrait still shares simplified global body templates and should retain stronger species markers.","No critical routing, clipping, eye, or life-stage issue found in the full-size visual pass. Recognizable within the established stylized family language. The portrait relies on a generic torpedo fish. Correct body depth, head/mouth position, dorsal/anal/pectoral fin shape, caudal fin, markings and any diagnostic appendage.",Eel.png,440,440,RGBA,939599c1f16497df5809b15bf14e5dd4acacf3b23b2a4ab0a462790b19ecec1c,a8d5ef18158f8459452407658ed88a8cb5c15e3157d594a4924b0e02573b5952,,,,,,,,,,,,,,,,,,,,,,,
fauna,Egret,Egret,HOLD,FAIL,HOLD,True,Herons and wetland birds,MEDIUM,,PASS,POLISH,POLISH,POLISH,POLISH,POLISH,"Broad family anatomy is usable, but the portrait still shares simplified global body templates and should retain stronger species markers.","No critical routing, clipping, eye, or life-stage issue found in the full-size visual pass. Recognizable within the established stylized family language. Keep the wader family but correct the exact bill geometry, neck length, leg/foot proportions, body depth and tail for the named species.",Egret.png,440,440,RGBA,195d6ace8d78858280ff8e5afc3f24421ee8d970b07415add9b87dd0cf266103,44aec1fdfbba1dfedcb95951ad460697cb0d1758a5745cf932f963fb29f5650d,,,,,,,,,,,,,,,,,,,,,,,
fauna,Eider_Duck,Eider Duck,HOLD,FAIL,HOLD,True,Waterfowl,MEDIUM,,PASS,POLISH,POLISH,POLISH,POLISH,POLISH,"Broad family anatomy is usable, but the portrait still shares simplified global body templates and should retain stronger species markers.","No critical routing, clipping, eye, or life-stage issue found in the full-size visual pass. Recognizable within the established stylized family language. Broad family routing may be usable, but Eider Duck still needs an unlabeled silhouette check for body plan, head, eyes/sensory structures, appendages and rear/terminal anatomy.",Eider_Duck.png,440,440,RGBA,4aab594bd269d3e8036da7f7cb31dfef898bea55b9c2c51e13723316ca5ee35b,9fe001148201345fbab3260a497166874b196f241284090705586954adef920d,,,,,,,,,,,,,,,,,,,,,,,
fauna,Eland,Eland,HOLD,FAIL,HOLD,True,Cattle and bovids,MEDIUM,,PASS,POLISH,POLISH,POLISH,POLISH,POLISH,"Broad family anatomy is usable, but the portrait still shares simplified global body templates and should retain stronger species markers.","No critical routing, clipping, eye, or life-stage issue found in the full-size visual pass. Recognizable within the established stylized family language. The ungulate base is usable, but the named species must have correct horn/antler geometry, neck, shoulder/croup mass, leg length, hooves, head and tail.",Eland.png,440,440,RGBA,9191679e05d4171b1434a50f2a9cb3613426804ef023b8e0b3ef1ff68f0bc7dc,9293712560ddec83225b36b725d224dab110ed62b587b282b105f6beb8a63bbc,,,,,,,,,,,,,,,,,,,,,,,
fauna,Electric_Eel,Electric Eel,HOLD,FAIL,HOLD,True,Eels,MEDIUM,,PASS,POLISH,POLISH,POLISH,POLISH,POLISH,"Broad family anatomy is usable, but the portrait still shares simplified global body templates and should retain stronger species markers.","No critical routing, clipping, eye, or life-stage issue found in the full-size visual pass. Recognizable within the established stylized family language. Broad family routing may be usable, but Electric Eel still needs an unlabeled silhouette check for body plan, head, eyes/sensory structures, appendages and rear/terminal anatomy.",Electric_Eel.png,440,440,RGBA,9cbca38997712b456314e1b638a33efd514d788753c898e61411795a9e7f3515,c93138237edd68cee717a3bb88bbecb9ddd53d37f0b73852ab91e0f8e54b0cae,,,,,,,,,,,,,,,,,,,,,,,
fauna,Elephant,Elephant,HOLD,FAIL,HOLD,True,Elephants,MEDIUM,,PASS,POLISH,POLISH,POLISH,POLISH,POLISH,"Broad family anatomy is usable, but the portrait still shares simplified global body templates and should retain stronger species markers.","No critical routing, clipping, eye, or life-stage issue found in the full-size visual pass. Recognizable within the established stylized family language. Use correct insect anatomy: distinct head/thorax/abdomen, six articulated legs, correct wing count and attachment, antennae, mouthparts and species-specific shell/body proportions.",Elephant.png,440,440,RGBA,0e3fd7d8383c5150ee6cff140e5e795c7fa506a25683f793810ef875ecda0a92,fce270318a34ff4276230aac2b8145ce9dfedecb192d31ae8053b7eca481657f,,,,,,,,,,,,,,,,,,,,,,,
fauna,Elk,Elk,HOLD,FAIL,HOLD,True,Deer and relatives,MEDIUM,,PASS,POLISH,POLISH,POLISH,POLISH,POLISH,"Broad family anatomy is usable, but the portrait still shares simplified global body templates and should retain stronger species markers.","No critical routing, clipping, eye, or life-stage issue found in the full-size visual pass. Recognizable within the established stylized family language. The ungulate base is usable, but the named species must have correct horn/antler geometry, neck, shoulder/croup mass, leg length, hooves, head and tail.",Elk.png,440,440,RGBA,b7b6287b28fc77086371d2a082e2464d88940fd15a3baed24c9992b9f33d8474,5e01112cb86b57d4193a083905a9674319c4192e65bd765e4739c5c9cf15c0ff,,,,,,,,,,,,,,,,,,,,,,,
fauna,Emu,Emu,HOLD,FAIL,FAIL,True,Flightless birds,HIGH,,POLISH,POLISH,POLISH,PASS,POLISH,POLISH,POLISH,"The long legs and flightless body read, but the torso is too spherical and the neck too short. Use a deeper shaggy body, longer neck, stronger legs and tiny wing stubs.",Emu.png,440,440,RGBA,0d2e583501a0c6e9d551fa7bc75190eb19aca13537196645583d2c226e87a246,8be33316a0a033edd5eb46fed2bb9570998e72edb4e2c76df4717653bf1e950b,,,,,,,,,,,,,,,,,,,,,,,
fauna,Fairy_Shrimp,Fairy Shrimp,HOLD,FAIL,HOLD,True,Crustaceans,HIGH,Brine_Shrimp | Goby | Hummingbird | Lanternfish,PASS,POLISH,POLISH,POLISH,POLISH,POLISH,"Broad family anatomy is usable, but the portrait still shares simplified global body templates and should retain stronger species markers.","No critical routing, clipping, eye, or life-stage issue found in the full-size visual pass. Recognizable within the established stylized family language. Verify segmented carapace, correct leg/claw count, antennae, abdomen/tail fan and the named species’ defining asymmetry or shell form.",Fairy_Shrimp.png,440,440,RGBA,d6084571824881485515a3c1fddd8f46c270c1f537e5a95fffaebcf1760f4d19,116ac4a4b8ebbd326dd01f96fae132b981c41a2312e97fcc54302c72b63bed7e,,,,,,,,,,,,,,,,,,,,,,,
fauna,Finch,Finch,HOLD,FAIL,HOLD,True,Songbirds,HIGH,Lark | Plover | Robin | Sparrow | Spider | Starling | Swallow | Swift | Tanager | Weaverbird,PASS,POLISH,POLISH,POLISH,POLISH,POLISH,"Broad family anatomy is usable, but the portrait still shares simplified global body templates and should retain stronger species markers.","No critical routing, clipping, eye, or life-stage issue found in the full-size visual pass. Recognizable within the established stylized family language. The named bird relies too heavily on the shared side-bird template. Correct the bill, neck, body depth, wing length, leg type, tail and crest/display structures for the species.",Finch.png,440,440,RGBA,50c211f24a9306a38897df1878a94f9ff37bece82d1f850139d973f4e78140d5,94651f4f9f99c3ecea99e5e0f26ae40f13dba2ee345db95e386df6354b0def16,,,,,,,,,,,,,,,,,,,,,,,
fauna,Firefly,Firefly,HOLD,FAIL,HOLD,True,Beetles,MEDIUM,,PASS,POLISH,POLISH,POLISH,POLISH,POLISH,"Broad family anatomy is usable, but the portrait still shares simplified global body templates and should retain stronger species markers.","No critical routing, clipping, eye, or life-stage issue found in the full-size visual pass. Recognizable within the established stylized family language. Use correct insect anatomy: distinct head/thorax/abdomen, six articulated legs, correct wing count and attachment, antennae, mouthparts and species-specific shell/body proportions.",Firefly.png,440,440,RGBA,2a32f7c4b47166b2dbabe3e5e5a34164447120d5edec4e633b5d8775be3a29c3,7a64e81237d3d48207eea514261636ddc3c283d8fda0c582cf4b04b59bae9ab7,,,,,,,,,,,,,,,,,,,,,,,
fauna,Fisher,Fisher,HOLD,FAIL,HOLD,True,Weasels and relatives,MEDIUM,,PASS,POLISH,POLISH,POLISH,POLISH,POLISH,"Broad family anatomy is usable, but the portrait still shares simplified global body templates and should retain stronger species markers.","No critical routing, clipping, eye, or life-stage issue found in the full-size visual pass. Recognizable within the established stylized family language. Use the correct low flexible carnivoran torso, pawed limbs, skull/muzzle, and species-specific tail instead of one shared long-body template.",Fisher.png,440,440,RGBA,c097c2fda8936ed4153d8f4c85824defa43aa28071e03a387983c0954ad279f2,b9d9635bb32d03d8be0413443527329f48243ce0cc44367065cd707628634645,,,,,,,,,,,,,,,,,,,,,,,
fauna,Flamingo,Flamingo,HOLD,FAIL,HOLD,True,Herons and wetland birds,MEDIUM,,PASS,POLISH,POLISH,POLISH,POLISH,POLISH,"Broad family anatomy is usable, but the portrait still shares simplified global body templates and should retain stronger species markers.","The pink color reads, but the neck is too short and straight. Add the long S-curved neck, bent filter-feeding bill, extremely long legs and compact body.",Flamingo.png,440,440,RGBA,714fd19e55734279fc6274d718a228319faa5edb6b24fe37864987b460403005,8f470327128eb72164f80bf9add82b420f7fa6c82a5780f7346c992966890ee8,,,,,,,,,,,,,,,,,,,,,,,
fauna,Flatworm,Flatworm,HOLD,FAIL,HOLD,True,Other mollusks,MEDIUM,,PASS,POLISH,POLISH,POLISH,POLISH,POLISH,"Broad family anatomy is usable, but the portrait still shares simplified global body templates and should retain stronger species markers.","No critical routing, clipping, eye, or life-stage issue found in the full-size visual pass. Recognizable within the established stylized family language. Broad family routing may be usable, but Flatworm still needs an unlabeled silhouette check for body plan, head, eyes/sensory structures, appendages and rear/terminal anatomy.",Flatworm.png,440,440,RGBA,7a496123f791924e5a3124c6dd672bd87c5781a77cf051dd60d9f87ec0ee5152,e4728332a7ac167ed56fbbcb762074475a9e322bd08057bf4b55003c94dd6604,,,,,,,,,,,,,,,,,,,,,,,
fauna,Flounder,Flounder,HOLD,FAIL,HOLD,True,Flatfish,HIGH,Halibut,PASS,POLISH,POLISH,POLISH,POLISH,POLISH,"Broad family anatomy is usable, but the portrait still shares simplified global body templates and should retain stronger species markers.","No critical routing, clipping, eye, or life-stage issue found in the full-size visual pass. Recognizable within the established stylized family language. The portrait relies on a generic torpedo fish. Correct body depth, head/mouth position, dorsal/anal/pectoral fin shape, caudal fin, markings and any diagnostic appendage.",Flounder.png,440,440,RGBA,62ce17f614334330b152e9daba1ecca7c23c7530f306190a8c95ca786957a180,d7064516d0e6615eb751630e97846cd38f727ce755bd98e9805653f6a3cce3d5,,,,,,,,,,,,,,,,,,,,,,,
fauna,Fly,Fly,HOLD,FAIL,HOLD,True,Insects,MEDIUM,,PASS,POLISH,POLISH,POLISH,POLISH,POLISH,"Broad family anatomy is usable, but the portrait still shares simplified global body templates and should retain stronger species markers.","No critical routing, clipping, eye, or life-stage issue found in the full-size visual pass. Recognizable within the established stylized family language. Use correct insect anatomy: distinct head/thorax/abdomen, six articulated legs, correct wing count and attachment, antennae, mouthparts and species-specific shell/body proportions.",Fly.png,440,440,RGBA,a2ff72d14c32feac5c2073b07b3f582747d548ad6d78d025bd54ef034cce56bf,3f68a0e5b83198a439b5fdc8a852c195c9d59145bdb1f9b8b730b58baed0029b,,,,,,,,,,,,,,,,,,,,,,,
fauna,Forest_Elephant,Forest Elephant,HOLD,FAIL,HOLD,True,Elephants and relatives,MEDIUM,,PASS,POLISH,POLISH,POLISH,POLISH,POLISH,"Broad family anatomy is usable, but the portrait still shares simplified global body templates and should retain stronger species markers.","No critical routing, clipping, eye, or life-stage issue found in the full-size visual pass. Recognizable within the established stylized family language. Use correct insect anatomy: distinct head/thorax/abdomen, six articulated legs, correct wing count and attachment, antennae, mouthparts and species-specific shell/body proportions.",Forest_Elephant.png,440,440,RGBA,d264f24bdfc69202fddd7ea731da47ff892c85769d2dee3b2119cd276f6320aa,277444cc7f1b2bdd10f9eb52a0e7c899dc092a602ec164a5164112a8f1844282,,,,,,,,,,,,,,,,,,,,,,,
fauna,Freshwater_Crab,Freshwater Crab,HOLD,FAIL,HOLD,True,Crustaceans,MEDIUM,,PASS,POLISH,POLISH,POLISH,POLISH,POLISH,"Broad family anatomy is usable, but the portrait still shares simplified global body templates and should retain stronger species markers.","No critical routing, clipping, eye, or life-stage issue found in the full-size visual pass. Recognizable within the established stylized family language. Verify segmented carapace, correct leg/claw count, antennae, abdomen/tail fan and the named species’ defining asymmetry or shell form.",Freshwater_Crab.png,440,440,RGBA,6ba09b8940f8d74fe5c71e194a55b6ea3e0248183b4a1834ab2599068d0fbd85,46cc2d0509ab5e1bb903f68978df8a5eac281bdf95286f7894f3718308dc5d37,,,,,,,,,,,,,,,,,,,,,,,
fauna,Freshwater_Shrimp,Freshwater Shrimp,HOLD,FAIL,HOLD,True,Crustaceans,MEDIUM,,PASS,POLISH,POLISH,POLISH,POLISH,POLISH,"Broad family anatomy is usable, but the portrait still shares simplified global body templates and should retain stronger species markers.","No critical routing, clipping, eye, or life-stage issue found in the full-size visual pass. Recognizable within the established stylized family language. Verify segmented carapace, correct leg/claw count, antennae, abdomen/tail fan and the named species’ defining asymmetry or shell form.",Freshwater_Shrimp.png,440,440,RGBA,309014c97e49d34344f25129b7be899d9e05b89a2f359062f23a11ecb2375be9,1fefefb65132ac7a39bf2c51d1c9d3d778c7741a791e784d500d7f1452d12ec4,,,,,,,,,,,,,,,,,,,,,,,
fauna,Freshwater_Snail,Freshwater Snail,HOLD,FAIL,HOLD,True,Gastropods,HIGH,Snail,PASS,POLISH,POLISH,POLISH,POLISH,POLISH,"Broad family anatomy is usable, but the portrait still shares simplified global body templates and should retain stronger species markers.","No critical routing, clipping, eye, or life-stage issue found in the full-size visual pass. Recognizable within the established stylized family language. Broad family routing may be usable, but Freshwater Snail still needs an unlabeled silhouette check for body plan, head, eyes/sensory structures, appendages and rear/terminal anatomy.",Freshwater_Snail.png,440,440,RGBA,d1c4eade7a0604d34ee3054165ce22826b785af629ee58d7d0310ae2f0098f40,dc28b0d469634bc9a6c0448290f74e704cc85717282f964959fe634f2804849a,,,,,,,,,,,,,,,,,,,,,,,
fauna,Frilled_Lizard,Frilled Lizard,HOLD,FAIL,HOLD,True,Specialized lizards,MEDIUM,,PASS,POLISH,POLISH,POLISH,POLISH,POLISH,"Broad family anatomy is usable, but the portrait still shares simplified global body templates and should retain stronger species markers.","No critical routing, clipping, eye, or life-stage issue found in the full-size visual pass. Recognizable within the established stylized family language. Verify skull/head profile, limb state, body thickness, scale texture, tail and any crest/frill/horn; do not rely on color alone.",Frilled_Lizard.png,440,440,RGBA,ebd75f2c05449eb293871d8eba7028fdd245b28332adb2698f423a321cb3b147,5b119258e84274f61667b1a185d9112c1d12afebc47ca32776c0ac5d4e71b1ae,,,,,,,,,,,,,,,,,,,,,,,
fauna,Frog,Frog,HOLD,FAIL,HOLD,True,Frogs and toads,MEDIUM,,PASS,POLISH,POLISH,POLISH,POLISH,POLISH,"Broad family anatomy is usable, but the portrait still shares simplified global body templates and should retain stronger species markers.","No critical routing, clipping, eye, or life-stage issue found in the full-size visual pass. Recognizable within the established stylized family language. Verify body width, head/mouth, eye placement, fore/hind limb proportions, toes, tail state and skin texture; color alone should not define the species.",Frog.png,440,440,RGBA,be76f40a49733569d419807b84c5e3e67d7da8a47483408b27896aebb2efaa3b,0f83fbf5b464da22cf5143e934fe1d663927cd664cdf5f7718058b971e8acf61,,,,,,,,,,,,,,,,,,,,,,,
fauna,Fruit_Bat,Fruit Bat,HOLD,FAIL,HOLD,True,Bats,MEDIUM,,PASS,POLISH,POLISH,POLISH,POLISH,POLISH,"Broad family anatomy is usable, but the portrait still shares simplified global body templates and should retain stronger species markers.","No critical routing, clipping, eye, or life-stage issue found in the full-size visual pass. Recognizable within the established stylized family language. Broad family routing may be usable, but Fruit Bat still needs an unlabeled silhouette check for body plan, head, eyes/sensory structures, appendages and rear/terminal anatomy.",Fruit_Bat.png,440,440,RGBA,b5a27ff1935e376510bb13a900c3b510e5c14e260ed2d9c308db928370ee4700,6b73b404db6cd0a4eaae4a38ed013ec75cbe51e85a5bf33f01d07cf6b5e6b3e7,,,,,,,,,,,,,,,,,,,,,,,
fauna,Fur_Seal,Fur Seal,HOLD,FAIL,HOLD,True,Marine mammals,MEDIUM,,PASS,POLISH,POLISH,POLISH,POLISH,POLISH,"Broad family anatomy is usable, but the portrait still shares simplified global body templates and should retain stronger species markers.","No critical routing, clipping, eye, or life-stage issue found in the full-size visual pass. Recognizable within the established stylized family language. Strengthen real marine-mammal proportions: streamlined body, species-correct rostrum/head, dorsal fin placement, pectoral flippers, peduncle and horizontal flukes.",Fur_Seal.png,440,440,RGBA,f53b39e8e95b9f079de64dcf208c2478fb88d478601ae3b1333679c662652c44,11ccbe68a6423d38c0df4089b5edbe2d923b90661d9dd74391a01d165013ff8b,,,,,,,,,,,,,,,,,,,,,,,
fauna,Gannet,Gannet,HOLD,FAIL,HOLD,True,Pelicans and diving waterbirds,MEDIUM,,PASS,POLISH,POLISH,POLISH,POLISH,POLISH,"Broad family anatomy is usable, but the portrait still shares simplified global body templates and should retain stronger species markers.","No critical routing, clipping, eye, or life-stage issue found in the full-size visual pass. Recognizable within the established stylized family language. Broad family routing may be usable, but Gannet still needs an unlabeled silhouette check for body plan, head, eyes/sensory structures, appendages and rear/terminal anatomy.",Gannet.png,440,440,RGBA,7bd6fc99f3a39af660688e44a40d6e10fbcecea0a9a6a020da72dbef1ba7fcbc,400d53c23d63685e0f828b726a0fdbf8cc4114197505800ad0ec559cb38a88ca,,,,,,,,,,,,,,,,,,,,,,,
fauna,Gar,Gar,HOLD,FAIL,HOLD,True,Primitive fish,MEDIUM,,PASS,POLISH,POLISH,POLISH,POLISH,POLISH,"Broad family anatomy is usable, but the portrait still shares simplified global body templates and should retain stronger species markers.","No critical routing, clipping, eye, or life-stage issue found in the full-size visual pass. Recognizable within the established stylized family language. The portrait relies on a generic torpedo fish. Correct body depth, head/mouth position, dorsal/anal/pectoral fin shape, caudal fin, markings and any diagnostic appendage.",Gar.png,440,440,RGBA,75efdee73220aee8e683015b216ed61357133193509dff7e9d09d778ad9791fc,afdf35c4676de561b56d545d9956406152399decaf02d5c9cf51c0e1b5509cc7,,,,,,,,,,,,,,,,,,,,,,,
fauna,Garter_Snake,Garter Snake,HOLD,FAIL,HOLD,True,Other snakes,HIGH,Sand_Boa,PASS,POLISH,POLISH,POLISH,POLISH,POLISH,"Broad family anatomy is usable, but the portrait still shares simplified global body templates and should retain stronger species markers.","No critical routing, clipping, eye, or life-stage issue found in the full-size visual pass. Recognizable within the established stylized family language. Verify skull/head profile, limb state, body thickness, scale texture, tail and any crest/frill/horn; do not rely on color alone.",Garter_Snake.png,440,440,RGBA,15e5014e7c35cbf84aed6b9904c933d3b8d9d1be4060c083d5f4964774524127,9ad0df4c4589fc472689ead2e508267cdb136635378527d88bf52fd0c76bd63a,,,,,,,,,,,,,,,,,,,,,,,
fauna,Gaur,Gaur,HOLD,FAIL,HOLD,True,Cattle and bovids,MEDIUM,,PASS,POLISH,POLISH,POLISH,POLISH,POLISH,"Broad family anatomy is usable, but the portrait still shares simplified global body templates and should retain stronger species markers.","No critical routing, clipping, eye, or life-stage issue found in the full-size visual pass. Recognizable within the established stylized family language. The ungulate base is usable, but the named species must have correct horn/antler geometry, neck, shoulder/croup mass, leg length, hooves, head and tail.",Gaur.png,440,440,RGBA,435a8e9260148269ee118ae0ee238487a7c8220f5520c2697c3ec0757dc1115f,a0f868c6eb4a95e316f8d6899d8efc8a439562cbdfb861bf35a717b66ca84d97,,,,,,,,,,,,,,,,,,,,,,,
fauna,Gazelle,Gazelle,HOLD,FAIL,HOLD,True,Cattle and bovids,MEDIUM,,PASS,POLISH,POLISH,POLISH,POLISH,POLISH,"Broad family anatomy is usable, but the portrait still shares simplified global body templates and should retain stronger species markers.","No critical routing, clipping, eye, or life-stage issue found in the full-size visual pass. Recognizable within the established stylized family language. The ungulate base is usable, but the named species must have correct horn/antler geometry, neck, shoulder/croup mass, leg length, hooves, head and tail.",Gazelle.png,440,440,RGBA,c9e59a787ad87d793d317dba2c199b3acbd2f9d545596cbb5e392c2f996672c7,920476d8526952bc35586574c2d537e908b5a81cd362bd771359e4551428c947,,,,,,,,,,,,,,,,,,,,,,,
fauna,Gecko,Gecko,HOLD,FAIL,HOLD,True,Medium and small lizards,MEDIUM,,PASS,POLISH,POLISH,POLISH,POLISH,POLISH,"Broad family anatomy is usable, but the portrait still shares simplified global body templates and should retain stronger species markers.","No critical routing, clipping, eye, or life-stage issue found in the full-size visual pass. Recognizable within the established stylized family language. Verify skull/head profile, limb state, body thickness, scale texture, tail and any crest/frill/horn; do not rely on color alone.",Gecko.png,440,440,RGBA,6651527a2c79d8a553e12e745499b144d4231709f27c023ac40de2de380456ea,1316ff1fca21c9c324ce401937ede7aeb1ec69c7a145c19b58aa7111b52a7c4c,,,,,,,,,,,,,,,,,,,,,,,
fauna,Gerbil,Gerbil,HOLD,FAIL,HOLD,True,Rodents,MEDIUM,,PASS,POLISH,POLISH,POLISH,POLISH,POLISH,"Broad family anatomy is usable, but the portrait still shares simplified global body templates and should retain stronger species markers.","No critical routing, clipping, eye, or life-stage issue found in the full-size visual pass. Recognizable within the established stylized family language. Verify rodent/lagomorph skull, incisors/muzzle, fore/hind foot proportions, body posture and tail; several currently inherit the rabbit-like template.",Gerbil.png,440,440,RGBA,e111d680533f1205dc99a127a1c3ea24799fb5563381885f457c9a7f601001d0,a8832a70c678c5899004599dcf1f4c2437b36901a28f411419182495b9a94b22,,,,,,,,,,,,,,,,,,,,,,,
fauna,Giant_Anteater,Giant Anteater,HOLD,FAIL,HOLD,True,Other or uncertain,MEDIUM,,PASS,POLISH,POLISH,POLISH,POLISH,POLISH,"Broad family anatomy is usable, but the portrait still shares simplified global body templates and should retain stronger species markers.","No critical routing, clipping, eye, or life-stage issue found in the full-size visual pass. Recognizable within the established stylized family language. Broad family routing may be usable, but Giant Anteater still needs an unlabeled silhouette check for body plan, head, eyes/sensory structures, appendages and rear/terminal anatomy.",Giant_Anteater.png,440,440,RGBA,e25d7dd1d791297d482858cbcd69896391d047556c22c7533590e78a7cd78a2d,db16e24da89b21ce20b8378404c5de7cf70fab0553ae1b5599c4e2bb03b2379b,,,,,,,,,,,,,,,,,,,,,,,
fauna,Giant_Centipede,Giant Centipede,HOLD,FAIL,HOLD,True,Ice and cave insects,MEDIUM,,PASS,POLISH,POLISH,POLISH,POLISH,POLISH,"Broad family anatomy is usable, but the portrait still shares simplified global body templates and should retain stronger species markers.","No critical routing, clipping, eye, or life-stage issue found in the full-size visual pass. Recognizable within the established stylized family language. Use correct insect anatomy: distinct head/thorax/abdomen, six articulated legs, correct wing count and attachment, antennae, mouthparts and species-specific shell/body proportions.",Giant_Centipede.png,440,440,RGBA,2bc6b727af88230d80e59c919bcf2a64ae8decc0e2c28485f7c78931eeccdefe,f8872c4cb659dd99385ab933f30f00f5bfce6e11060388c82bfeb1908f7f745d,,,,,,,,,,,,,,,,,,,,,,,
fauna,Giant_Clam,Giant Clam,HOLD,FAIL,HOLD,True,Bivalves,MEDIUM,,PASS,POLISH,POLISH,POLISH,POLISH,POLISH,"Broad family anatomy is usable, but the portrait still shares simplified global body templates and should retain stronger species markers.","No critical routing, clipping, eye, or life-stage issue found in the full-size visual pass. Recognizable within the established stylized family language. Broad family routing may be usable, but Giant Clam still needs an unlabeled silhouette check for body plan, head, eyes/sensory structures, appendages and rear/terminal anatomy.",Giant_Clam.png,440,440,RGBA,16f1d4dc56ef998cb0378c0e8b38e69ba2070dc8e57c7c4cce8ba37db7142884,a24ed1e4bca8585a68ac75dc1b150534d2c3e37751c7d700a5536c7cf7b7614f,,,,,,,,,,,,,,,,,,,,,,,
fauna,Giant_Octopus,Giant Octopus,HOLD,FAIL,HOLD,True,Cephalopods,MEDIUM,,PASS,POLISH,POLISH,POLISH,POLISH,POLISH,"Broad family anatomy is usable, but the portrait still shares simplified global body templates and should retain stronger species markers.","Make all eight arms clearly readable and more irregular; mantle/eye placement can be stronger. Verify mantle form, eye/head placement, arm count, feeding tentacles, fin skirt/fins and rear mantle taper for the named cephalopod.",Giant_Octopus.png,440,440,RGBA,7507b3329905439630edd1013f608160ade45786bc4d8761e8a2d09ecc7c8107,258f8c73076a8fe1fa4a56f992a76a2ebab7e5fc0ded198f2b8e2b1cd7561bbe,,,,,,,,,,,,,,,,,,,,,,,
fauna,Giant_Otter,Giant Otter,HOLD,FAIL,HOLD,True,Other or uncertain,MEDIUM,,PASS,POLISH,POLISH,POLISH,POLISH,POLISH,"Broad family anatomy is usable, but the portrait still shares simplified global body templates and should retain stronger species markers.","No critical routing, clipping, eye, or life-stage issue found in the full-size visual pass. Recognizable within the established stylized family language. Broad family routing may be usable, but Giant Otter still needs an unlabeled silhouette check for body plan, head, eyes/sensory structures, appendages and rear/terminal anatomy.",Giant_Otter.png,440,440,RGBA,b8af385c78a6e29006515b53c36e6186e4aca888768a84f21c5f9d02697ede2c,ce9574ca75ae857c13445db7941ccaef0b0251deb78990602729cc1f6e73019b,,,,,,,,,,,,,,,,,,,,,,,
fauna,Giant_Salamander,Giant Salamander,HOLD,FAIL,HOLD,True,Salamanders,MEDIUM,,PASS,POLISH,POLISH,POLISH,POLISH,POLISH,"Broad family anatomy is usable, but the portrait still shares simplified global body templates and should retain stronger species markers.","No critical routing, clipping, eye, or life-stage issue found in the full-size visual pass. Recognizable within the established stylized family language. Verify body width, head/mouth, eye placement, fore/hind limb proportions, toes, tail state and skin texture; color alone should not define the species.",Giant_Salamander.png,440,440,RGBA,a09e413ee49e265684e1cc7400989b2665d48a7058cf4e468c52044c36f13dc4,aa555d00b50c646ee16834a53be522cc6ddfbdc1503830603fa27d969a696610,,,,,,,,,,,,,,,,,,,,,,,
fauna,Giant_Squid,Giant Squid,HOLD,FAIL,HOLD,True,Cephalopods,MEDIUM,,PASS,POLISH,POLISH,POLISH,POLISH,POLISH,"Broad family anatomy is usable, but the portrait still shares simplified global body templates and should retain stronger species markers.","No critical routing, clipping, eye, or life-stage issue found in the full-size visual pass. Recognizable within the established stylized family language. Verify mantle form, eye/head placement, arm count, feeding tentacles, fin skirt/fins and rear mantle taper for the named cephalopod.",Giant_Squid.png,440,440,RGBA,9a8b630a66e911968b22b8038ad807747017a9714fd7b4077cb87be6b6b5bb7e,e9bd08aa5c91f4f42ebb94aa7ab4f5e717b320e741040e3f5e62c8045d928205,,,,,,,,,,,,,,,,,,,,,,,
fauna,Giant_Tube_Worm,Giant Tube Worm,HOLD,FAIL,HOLD,True,Other mollusks,MEDIUM,,PASS,POLISH,POLISH,POLISH,POLISH,POLISH,"Broad family anatomy is usable, but the portrait still shares simplified global body templates and should retain stronger species markers.","No critical routing, clipping, eye, or life-stage issue found in the full-size visual pass. Recognizable within the established stylized family language. Broad family routing may be usable, but Giant Tube Worm still needs an unlabeled silhouette check for body plan, head, eyes/sensory structures, appendages and rear/terminal anatomy.",Giant_Tube_Worm.png,440,440,RGBA,01797d804cdcc6562c609f40003f24703c7875a050ab31279bd8c4948ebfad4a,2c4cbc9641b0ce74ee5f3cfe514ffcc1098c172ee68dc56c8abed058cd599c8f,,,,,,,,,,,,,,,,,,,,,,,
fauna,Gibbon,Gibbon,HOLD,FAIL,HOLD,True,Primates,MEDIUM,,PASS,POLISH,POLISH,POLISH,POLISH,POLISH,"Broad family anatomy is usable, but the portrait still shares simplified global body templates and should retain stronger species markers.","No critical routing, clipping, eye, or life-stage issue found in the full-size visual pass. Recognizable within the established stylized family language. Verify torso posture, arm/leg ratio, hands/feet, face shape and tail state for the named primate.",Gibbon.png,440,440,RGBA,7eb0c931d093dc00451cbdc3b2306fd45f2c13db47f7ca793555ab42862c7756,0144da2317326674737e995276d3bbffd70c643a1c6d88ae8dbf5597c9f02507,,,,,,,,,,,,,,,,,,,,,,,
fauna,Gila_Monster,Gila Monster,HOLD,FAIL,HOLD,True,Specialized lizards,MEDIUM,,PASS,POLISH,POLISH,POLISH,POLISH,POLISH,"Broad family anatomy is usable, but the portrait still shares simplified global body templates and should retain stronger species markers.","No critical routing, clipping, eye, or life-stage issue found in the full-size visual pass. Recognizable within the established stylized family language. Verify skull/head profile, limb state, body thickness, scale texture, tail and any crest/frill/horn; do not rely on color alone.",Gila_Monster.png,440,440,RGBA,b1394fdcda721b03c28dab18de5f9c2bb21d416f3a80bb51e9202793267b12c5,ceb4b6f303f7eae85ec9a69f65fac608ab3d267b3e80047c15a512570c3b4799,,,,,,,,,,,,,,,,,,,,,,,
fauna,Giraffe,Giraffe,HOLD,FAIL,HOLD,True,Giraffes and relatives,MEDIUM,,PASS,POLISH,POLISH,POLISH,POLISH,POLISH,"Broad family anatomy is usable, but the portrait still shares simplified global body templates and should retain stronger species markers.","No critical routing, clipping, eye, or life-stage issue found in the full-size visual pass. Recognizable within the established stylized family language. The ungulate base is usable, but the named species must have correct horn/antler geometry, neck, shoulder/croup mass, leg length, hooves, head and tail.",Giraffe.png,440,440,RGBA,0b68811baceb4a1d3bc3d219a21ce377b6ae32089024df748acddf34852ab9e5,9ae4342bbd577e670d53cc4afe90d64d64113e9fac71bc9d1ec0a81af37e3c7e,,,,,,,,,,,,,,,,,,,,,,,
fauna,Glass_Frog,Glass Frog,HOLD,FAIL,HOLD,True,Frogs,MEDIUM,,PASS,POLISH,POLISH,PASS,POLISH,POLISH,"Broad family anatomy is usable, but the portrait still shares simplified global body templates and should retain stronger species markers.","Increase belly translucency/internal visibility; current form mainly differs by color. Verify body width, head/mouth, eye placement, fore/hind limb proportions, toes, tail state and skin texture; color alone should not define the species.",Glass_Frog.png,440,440,RGBA,400041b9a2e312f2f6e2694c2702d1ecd1085e201db9f991fc0fa891004ce880,18347c0e596aba341ef34fa7bf23f7fd2d314380360ae3995bb9e99932474247,,,,,,,,,,,,,,,,,,,,,,,
fauna,Goby,Goby,HOLD,FAIL,HOLD,True,Reef fish,HIGH,Brine_Shrimp | Fairy_Shrimp | Hummingbird | Lanternfish,PASS,POLISH,POLISH,POLISH,POLISH,POLISH,"Broad family anatomy is usable, but the portrait still shares simplified global body templates and should retain stronger species markers.","No critical routing, clipping, eye, or life-stage issue found in the full-size visual pass. Recognizable within the established stylized family language. The portrait relies on a generic torpedo fish. Correct body depth, head/mouth position, dorsal/anal/pectoral fin shape, caudal fin, markings and any diagnostic appendage.",Goby.png,440,440,RGBA,d81c77ebcf79ca5e46841a582ee0b890b0eb4b5af918650a27c3f246e066769d,c6998adce5501b0631ccea54e776a28f302fdb6327ee4792861c05a371c4ace4,,,,,,,,,,,,,,,,,,,,,,,
fauna,Godwit,Godwit,HOLD,FAIL,HOLD,True,Shorebirds,MEDIUM,,PASS,POLISH,POLISH,PASS,POLISH,POLISH,"Broad family anatomy is usable, but the portrait still shares simplified global body templates and should retain stronger species markers.","Strengthen the long slightly upturned bill. Keep the wader family but correct the exact bill geometry, neck length, leg/foot proportions, body depth and tail for the named species.",Godwit.png,440,440,RGBA,5fbb3af21de15cdcbba251f982e368efa686236ca58ef5e2aa98319a49561b0f,8940f49c6372fb665950a3666f1f2b9a6c47cd86f07ffd55d117c6e88f14e387,,,,,,,,,,,,,,,,,,,,,,,
fauna,Goldfish,Goldfish,HOLD,FAIL,HOLD,True,Carp-like fish,MEDIUM,,PASS,POLISH,POLISH,POLISH,POLISH,POLISH,"Broad family anatomy is usable, but the portrait still shares simplified global body templates and should retain stronger species markers.","No critical routing, clipping, eye, or life-stage issue found in the full-size visual pass. Recognizable within the established stylized family language. The portrait relies on a generic torpedo fish. Correct body depth, head/mouth position, dorsal/anal/pectoral fin shape, caudal fin, markings and any diagnostic appendage.",Goldfish.png,440,440,RGBA,4f98aa8fc2bc3bec8ad0c9642650e43e2d1177efe849625303bb28a44bdb1a8b,3197e67356056a1d7499baaf47f25322c836dab48b288bd142f3775a52484f65,,,,,,,,,,,,,,,,,,,,,,,
fauna,Goose,Goose,HOLD,FAIL,HOLD,True,Waterfowl,MEDIUM,,PASS,POLISH,POLISH,POLISH,POLISH,POLISH,"Broad family anatomy is usable, but the portrait still shares simplified global body templates and should retain stronger species markers.","No critical routing, clipping, eye, or life-stage issue found in the full-size visual pass. Recognizable within the established stylized family language. Broad family routing may be usable, but Goose still needs an unlabeled silhouette check for body plan, head, eyes/sensory structures, appendages and rear/terminal anatomy.",Goose.png,440,440,RGBA,f58abc9a451af7198500463568cd6d133d2c77e4c73a72a6311fb4e5331a4b80,cfb0349253642ab3af6480be35a3f263483c90e753726fed9602bf1d21e4214f,,,,,,,,,,,,,,,,,,,,,,,
fauna,Gopher,Gopher,HOLD,FAIL,HOLD,True,Rodents,MEDIUM,,PASS,POLISH,POLISH,POLISH,POLISH,POLISH,"Broad family anatomy is usable, but the portrait still shares simplified global body templates and should retain stronger species markers.","No critical routing, clipping, eye, or life-stage issue found in the full-size visual pass. Recognizable within the established stylized family language. Verify rodent/lagomorph skull, incisors/muzzle, fore/hind foot proportions, body posture and tail; several currently inherit the rabbit-like template.",Gopher.png,440,440,RGBA,46526a6d742783d6874b3433c0eabc27649136e7ed3d68db926a823bded3173d,dc4f58a63ff5eaafaefc5c3a7b15b754876ead79ee92351fdbd291c025b8d5c9,,,,,,,,,,,,,,,,,,,,,,,
fauna,Gorilla,Gorilla,HOLD,FAIL,HOLD,True,Primates,MEDIUM,,PASS,POLISH,POLISH,POLISH,POLISH,POLISH,"Broad family anatomy is usable, but the portrait still shares simplified global body templates and should retain stronger species markers.","No critical routing, clipping, eye, or life-stage issue found in the full-size visual pass. Recognizable within the established stylized family language. Verify torso posture, arm/leg ratio, hands/feet, face shape and tail state for the named primate.",Gorilla.png,440,440,RGBA,1bc0d7eebfd9de50086615f5c5fa6e912727e99ce823cef753c935f2c7428fea,1c9d3a07c25c5e891610412c00dddbdde7c4cea9bf20a5d50493a2811f9b59f9,,,,,,,,,,,,,,,,,,,,,,,
fauna,Grass_Snake,Grass Snake,HOLD,FAIL,HOLD,True,Other snakes,MEDIUM,,PASS,POLISH,POLISH,POLISH,POLISH,POLISH,"Broad family anatomy is usable, but the portrait still shares simplified global body templates and should retain stronger species markers.","No critical routing, clipping, eye, or life-stage issue found in the full-size visual pass. Recognizable within the established stylized family language. Verify skull/head profile, limb state, body thickness, scale texture, tail and any crest/frill/horn; do not rely on color alone.",Grass_Snake.png,440,440,RGBA,4837393b9f2763450990d8af9689657c5e8e6932f8eb0931a2bc7bd826d02173,5626a91e1c04c938578a51ad9ae2273a0cce14903d8bf4c0ecbf09be79e4c687,,,,,,,,,,,,,,,,,,,,,,,
fauna,Grasshopper,Grasshopper,HOLD,FAIL,FAIL,True,Grasshoppers and relatives,HIGH,,POLISH,POLISH,POLISH,PASS,POLISH,POLISH,POLISH,"The insect body and wings read, but enlarge and articulate the jumping hind legs and clarify head-thorax-abdomen segmentation.",Grasshopper.png,440,440,RGBA,3071cbcf41a89fe6c9a5cf6d9d1eddbe03d12a98cf3a1fd7438d8085ba0deff2,a7bc388a4f634c73115cb3404257fdb04c3c45092f75579dc4e26d26bfcf4eba,,,,,,,,,,,,,,,,,,,,,,,
fauna,Gray_Whale,Gray Whale,HOLD,FAIL,HOLD,True,Marine mammals,MEDIUM,,PASS,POLISH,POLISH,PASS,POLISH,POLISH,"Broad family anatomy is usable, but the portrait still shares simplified global body templates and should retain stronger species markers.","Add a longer mottled body and reduced/absent dorsal fin identity. Strengthen real marine-mammal proportions: streamlined body, species-correct rostrum/head, dorsal fin placement, pectoral flippers, peduncle and horizontal flukes.",Gray_Whale.png,440,440,RGBA,599cb9a60d09ce1999e53d7a3e56f2962f7c740e51ac346f1901585b4c74699d,6490644899a3d26596a9178d05c428bdc60e34eab83953344e6f78e9f28c2746,,,,,,,,,,,,,,,,,,,,,,,
fauna,Grayling,Grayling,HOLD,FAIL,HOLD,True,Salmon-like fish,MEDIUM,,PASS,POLISH,POLISH,POLISH,POLISH,POLISH,"Broad family anatomy is usable, but the portrait still shares simplified global body templates and should retain stronger species markers.","No critical routing, clipping, eye, or life-stage issue found in the full-size visual pass. Recognizable within the established stylized family language. The portrait relies on a generic torpedo fish. Correct body depth, head/mouth position, dorsal/anal/pectoral fin shape, caudal fin, markings and any diagnostic appendage.",Grayling.png,440,440,RGBA,dd5b3fafc52bc9029c31f485af48a6f79ea72eba5aa2f8f665ea0648a1ef9768,1a578deab744a6f321b6f5ed134e84b4b2f3e0890872a6c0dbba5471c811631b,,,,,,,,,,,,,,,,,,,,,,,
fauna,Great_White_Shark,Great White Shark,HOLD,FAIL,HOLD,True,Sharks,MEDIUM,,PASS,POLISH,POLISH,POLISH,POLISH,POLISH,"Broad family anatomy is usable, but the portrait still shares simplified global body templates and should retain stronger species markers.","No critical routing, clipping, eye, or life-stage issue found in the full-size visual pass. Recognizable within the established stylized family language. The portrait relies on a generic torpedo fish. Correct body depth, head/mouth position, dorsal/anal/pectoral fin shape, caudal fin, markings and any diagnostic appendage.",Great_White_Shark.png,440,440,RGBA,83d35e54655c272e2006cb0f5195ba10fb30d83fdd8f02020698d15b3fcf1569,bc7b63d8a61df20908a371d311ee53d5800c45e9fa00e04e7f1866efa052d33e,,,,,,,,,,,,,,,,,,,,,,,
fauna,Grebe,Grebe,HOLD,FAIL,HOLD,True,Other distinctive birds,MEDIUM,,PASS,POLISH,POLISH,POLISH,POLISH,POLISH,"Broad family anatomy is usable, but the portrait still shares simplified global body templates and should retain stronger species markers.","No critical routing, clipping, eye, or life-stage issue found in the full-size visual pass. Recognizable within the established stylized family language. Broad family routing may be usable, but Grebe still needs an unlabeled silhouette check for body plan, head, eyes/sensory structures, appendages and rear/terminal anatomy.",Grebe.png,440,440,RGBA,d6c1995853d6590c53ee514d7c51cce424025c78d6bf6fc1319c167abbd16f81,945864c5e4dfbba6a8a4ac5700edc4696e295366bcd5df338ad1fb354d2c2227,,,,,,,,,,,,,,,,,,,,,,,
fauna,Ground_Squirrel,Ground Squirrel,HOLD,FAIL,HOLD,True,Rodents,MEDIUM,,PASS,POLISH,POLISH,POLISH,POLISH,POLISH,"Broad family anatomy is usable, but the portrait still shares simplified global body templates and should retain stronger species markers.","No critical routing, clipping, eye, or life-stage issue found in the full-size visual pass. Recognizable within the established stylized family language. Verify rodent/lagomorph skull, incisors/muzzle, fore/hind foot proportions, body posture and tail; several currently inherit the rabbit-like template.",Ground_Squirrel.png,440,440,RGBA,4c455b83b44355f8417ff0abd7e9dfe658d3138f7987a6a9caf8bae4805843e9,2b87d23dfb01ad4a35fd5fc899f6f8fcfc5607391ce185daa15d414d0539cf0a,,,,,,,,,,,,,,,,,,,,,,,
fauna,Grouper,Grouper,HOLD,FAIL,HOLD,True,Groupers and snappers,MEDIUM,,PASS,POLISH,POLISH,POLISH,POLISH,POLISH,"Broad family anatomy is usable, but the portrait still shares simplified global body templates and should retain stronger species markers.","No critical routing, clipping, eye, or life-stage issue found in the full-size visual pass. Recognizable within the established stylized family language. Broad family routing may be usable, but Grouper still needs an unlabeled silhouette check for body plan, head, eyes/sensory structures, appendages and rear/terminal anatomy.",Grouper.png,440,440,RGBA,d2b74199429ab8f644c43ae94b69a52e0c5fce3ad5766fb4c1f4a3c9376f02b7,75c14311377ca1364001357d47348f44fe447fff947f998e7f838b5b3c75c88a,,,,,,,,,,,,,,,,,,,,,,,
fauna,Grouse,Grouse,HOLD,FAIL,HOLD,True,Gamebirds,MEDIUM,,PASS,POLISH,POLISH,POLISH,POLISH,POLISH,"Broad family anatomy is usable, but the portrait still shares simplified global body templates and should retain stronger species markers.","No critical routing, clipping, eye, or life-stage issue found in the full-size visual pass. Recognizable within the established stylized family language. The named bird relies too heavily on the shared side-bird template. Correct the bill, neck, body depth, wing length, leg type, tail and crest/display structures for the species.",Grouse.png,440,440,RGBA,13624c295a317f05d15d3e27acba4d07e04bfa898430fd8456de75f1486128c0,6a9e0bfdbf6b5ed0954a4a387e49aafae37c8dfeb7e4a863b351f9b4f9a9d657,,,,,,,,,,,,,,,,,,,,,,,
fauna,Guillemot,Guillemot,HOLD,FAIL,HOLD,True,Seabirds,MEDIUM,,PASS,POLISH,POLISH,POLISH,POLISH,POLISH,"Broad family anatomy is usable, but the portrait still shares simplified global body templates and should retain stronger species markers.","No critical routing, clipping, eye, or life-stage issue found in the full-size visual pass. Recognizable within the established stylized family language. The named bird relies too heavily on the shared side-bird template. Correct the bill, neck, body depth, wing length, leg type, tail and crest/display structures for the species.",Guillemot.png,440,440,RGBA,364213cd0ef7a76201f9b782cbebf1f35c144da5c5ec14c9e708725cf0edf5e9,3644e7094e4285af88f10e447926749486bf09408ab0bb78cf679562bc176d9f,,,,,,,,,,,,,,,,,,,,,,,
fauna,Guinea_Pig,Guinea Pig,HOLD,FAIL,HOLD,True,Rodents,MEDIUM,,PASS,POLISH,POLISH,POLISH,POLISH,POLISH,"Broad family anatomy is usable, but the portrait still shares simplified global body templates and should retain stronger species markers.","No critical routing, clipping, eye, or life-stage issue found in the full-size visual pass. Recognizable within the established stylized family language. Verify rodent/lagomorph skull, incisors/muzzle, fore/hind foot proportions, body posture and tail; several currently inherit the rabbit-like template.",Guinea_Pig.png,440,440,RGBA,981bdb6c5fa87ee1c9511c230344e698eb6c3fc4c81d8bb136653f8e52d84280,bb8577d0bdd962b121a252f004c4376fd34673fb41160c740eda1ce3a70542b1,,,,,,,,,,,,,,,,,,,,,,,
fauna,Guineafowl,Guineafowl,HOLD,FAIL,HOLD,True,Gamebirds,MEDIUM,,PASS,POLISH,POLISH,POLISH,POLISH,POLISH,"Broad family anatomy is usable, but the portrait still shares simplified global body templates and should retain stronger species markers.","No critical routing, clipping, eye, or life-stage issue found in the full-size visual pass. Recognizable within the established stylized family language. The named bird relies too heavily on the shared side-bird template. Correct the bill, neck, body depth, wing length, leg type, tail and crest/display structures for the species.",Guineafowl.png,440,440,RGBA,064c1e64ad8f5079ead8bf24877c53b9a0634304ae36c62d8bf5ac4ec6e803c0,7d202006ac02b03bce49904e6c37d936542d401e358e45df5613c3e2a4f6a3a3,,,,,,,,,,,,,,,,,,,,,,,
fauna,Gull,Gull,HOLD,FAIL,HOLD,True,Seabirds,MEDIUM,,PASS,POLISH,POLISH,POLISH,POLISH,POLISH,"Broad family anatomy is usable, but the portrait still shares simplified global body templates and should retain stronger species markers.","No critical routing, clipping, eye, or life-stage issue found in the full-size visual pass. Recognizable within the established stylized family language. The named bird relies too heavily on the shared side-bird template. Correct the bill, neck, body depth, wing length, leg type, tail and crest/display structures for the species.",Gull.png,440,440,RGBA,1baeecdd434ecf2fa7429902bfde52354a1f275860863a27d6b2672d3b8ee374,2149af999147cc650cb6553bf250db7c6fa53de26157f79b488fa71d0b10af17,,,,,,,,,,,,,,,,,,,,,,,
fauna,Gulper_Eel,Gulper Eel,HOLD,FAIL,HOLD,True,Eels,MEDIUM,,PASS,POLISH,POLISH,POLISH,POLISH,POLISH,"Broad family anatomy is usable, but the portrait still shares simplified global body templates and should retain stronger species markers.","No critical routing, clipping, eye, or life-stage issue found in the full-size visual pass. Recognizable within the established stylized family language. Broad family routing may be usable, but Gulper Eel still needs an unlabeled silhouette check for body plan, head, eyes/sensory structures, appendages and rear/terminal anatomy.",Gulper_Eel.png,440,440,RGBA,e7f8696d7eb6a4464d74755e8adc5288b94c213a5aa32f2ed4f0489fb7de4cb9,c2a5211897464b60e1cb2d8c134852ded1856ab1178e9c42c039637662842bd1,,,,,,,,,,,,,,,,,,,,,,,
fauna,Haddock,Haddock,HOLD,FAIL,HOLD,True,Cod-like fish,MEDIUM,,PASS,POLISH,POLISH,POLISH,POLISH,POLISH,"Broad family anatomy is usable, but the portrait still shares simplified global body templates and should retain stronger species markers.","No critical routing, clipping, eye, or life-stage issue found in the full-size visual pass. Recognizable within the established stylized family language. The portrait relies on a generic torpedo fish. Correct body depth, head/mouth position, dorsal/anal/pectoral fin shape, caudal fin, markings and any diagnostic appendage.",Haddock.png,440,440,RGBA,f37141ad0b54d31257784bcd82fe3b36e17108309230ce3a08a673d4beaae3db,a4518767f2aa7192182e9515db1d8f489a128667f8d1ff787d288db207783e08,,,,,,,,,,,,,,,,,,,,,,,
fauna,Halibut,Halibut,HOLD,FAIL,HOLD,True,Flatfish,HIGH,Flounder,PASS,POLISH,POLISH,POLISH,POLISH,POLISH,"Broad family anatomy is usable, but the portrait still shares simplified global body templates and should retain stronger species markers.","No critical routing, clipping, eye, or life-stage issue found in the full-size visual pass. Recognizable within the established stylized family language. The portrait relies on a generic torpedo fish. Correct body depth, head/mouth position, dorsal/anal/pectoral fin shape, caudal fin, markings and any diagnostic appendage.",Halibut.png,440,440,RGBA,f66af1452cd661b68e16eed801f067f1f5b8e2751f772204a523f68c4d69d628,496616e7703979b982180369b78cefaf93b61ce18ea7558a7291848ab91d5e53,,,,,,,,,,,,,,,,,,,,,,,
fauna,Hamster,Hamster,HOLD,FAIL,HOLD,True,Rodents,MEDIUM,,PASS,POLISH,POLISH,POLISH,POLISH,POLISH,"Broad family anatomy is usable, but the portrait still shares simplified global body templates and should retain stronger species markers.","No critical routing, clipping, eye, or life-stage issue found in the full-size visual pass. Recognizable within the established stylized family language. Verify rodent/lagomorph skull, incisors/muzzle, fore/hind foot proportions, body posture and tail; several currently inherit the rabbit-like template.",Hamster.png,440,440,RGBA,1c43f5153867920349c427af5b9753e24e3abb4a1b99d2ca019b295f28624287,ca5a2b28352c7fe132a9e8ef2b4c05a4e1788ad28c4e914b8b2ec5cfe283eb08,,,,,,,,,,,,,,,,,,,,,,,
fauna,Hare,Hare,HOLD,FAIL,HOLD,True,Rabbits and relatives,MEDIUM,,PASS,POLISH,POLISH,POLISH,POLISH,POLISH,"Broad family anatomy is usable, but the portrait still shares simplified global body templates and should retain stronger species markers.","No critical routing, clipping, eye, or life-stage issue found in the full-size visual pass. Recognizable within the established stylized family language. Broad family routing may be usable, but Hare still needs an unlabeled silhouette check for body plan, head, eyes/sensory structures, appendages and rear/terminal anatomy.",Hare.png,440,440,RGBA,bb6ed122954db8dbd85cf84c0b11c8555fd01be3f915eab48379405d80dcc84a,1743efac1b38ba8a50a5cb38e2db83d20a91c3ffc092fc23088fe43c8f33371d,,,,,,,,,,,,,,,,,,,,,,,
fauna,Hartebeest,Hartebeest,HOLD,FAIL,HOLD,True,Cattle and bovids,MEDIUM,,PASS,POLISH,POLISH,POLISH,POLISH,POLISH,"Broad family anatomy is usable, but the portrait still shares simplified global body templates and should retain stronger species markers.","No critical routing, clipping, eye, or life-stage issue found in the full-size visual pass. Recognizable within the established stylized family language. The ungulate base is usable, but the named species must have correct horn/antler geometry, neck, shoulder/croup mass, leg length, hooves, head and tail.",Hartebeest.png,440,440,RGBA,0be0d2dd9cf4b37d892b6d7a89ccb784bcb1cb3c8758b1266452370525544ded,de4b32b8790b8a97872c2f35f43689a5955c34462b29733fdb4f17b908093238,,,,,,,,,,,,,,,,,,,,,,,
fauna,Harvestman,Harvestman,HOLD,FAIL,HOLD,True,Ice and cave insects,MEDIUM,,PASS,POLISH,POLISH,POLISH,POLISH,POLISH,"Broad family anatomy is usable, but the portrait still shares simplified global body templates and should retain stronger species markers.","No critical routing, clipping, eye, or life-stage issue found in the full-size visual pass. Recognizable within the established stylized family language. Use correct insect anatomy: distinct head/thorax/abdomen, six articulated legs, correct wing count and attachment, antennae, mouthparts and species-specific shell/body proportions.",Harvestman.png,440,440,RGBA,eda2c13c63fb90d93cd8965da31c3c9aaf89759cec85606e9add51df22a83d5f,fa58572978c7b98379f9d60ca967c3b8cfe8997b8612112a79cf10b966d34095,,,,,,,,,,,,,,,,,,,,,,,
fauna,Hawk,Hawk,HOLD,FAIL,HOLD,True,Birds of prey,HIGH,Osprey,PASS,POLISH,POLISH,POLISH,POLISH,POLISH,"Broad family anatomy is usable, but the portrait still shares simplified global body templates and should retain stronger species markers.","No critical routing, clipping, eye, or life-stage issue found in the full-size visual pass. Recognizable within the established stylized family language. Replace the generic compact bird body with species-correct raptor mass, hooked bill, wing proportions, talons, tail and head/crest.",Hawk.png,440,440,RGBA,befb8d9234178455cf563559d7d58d35911520ee8ad33dc2bb20ca07b3d0a01b,be6c23306750f2c452ac3f020926bd3ac2ac2075a6d05b2696b9ed247e8fa1cb,,,,,,,,,,,,,,,,,,,,,,,
fauna,Hedgehog,Hedgehog,HOLD,FAIL,HOLD,True,Insect-eating and burrowing mammals,MEDIUM,,PASS,POLISH,POLISH,POLISH,POLISH,POLISH,"Broad family anatomy is usable, but the portrait still shares simplified global body templates and should retain stronger species markers.","No critical routing, clipping, eye, or life-stage issue found in the full-size visual pass. Recognizable within the established stylized family language. Use correct insect anatomy: distinct head/thorax/abdomen, six articulated legs, correct wing count and attachment, antennae, mouthparts and species-specific shell/body proportions.",Hedgehog.png,440,440,RGBA,1307794b5ada9cf8e6964376b83986ba1562443ebf4bcc2ed0a46fe6bfd03d2c,8b7c324ef885738c2ac680fefa12037deb2c2c4223b7d4ee4ef66357411dd63e,,,,,,,,,,,,,,,,,,,,,,,
fauna,Hermit_Crab,Hermit Crab,HOLD,FAIL,HOLD,True,Ice and cave insects,MEDIUM,,PASS,POLISH,POLISH,POLISH,POLISH,POLISH,"Broad family anatomy is usable, but the portrait still shares simplified global body templates and should retain stronger species markers.","No critical routing, clipping, eye, or life-stage issue found in the full-size visual pass. Recognizable within the established stylized family language. Use correct insect anatomy: distinct head/thorax/abdomen, six articulated legs, correct wing count and attachment, antennae, mouthparts and species-specific shell/body proportions.",Hermit_Crab.png,440,440,RGBA,b0b23075e1e60474a1328e759496adabcc1ac6765bf1ea9a9c859af1257a7c0b,89f19c0d837b432e05d30ab08b31233a0fba2986ca369f038d0bfc96b4258e20,,,,,,,,,,,,,,,,,,,,,,,
fauna,Heron,Heron,HOLD,FAIL,HOLD,True,Herons and wetland birds,MEDIUM,,PASS,POLISH,POLISH,POLISH,POLISH,POLISH,"Broad family anatomy is usable, but the portrait still shares simplified global body templates and should retain stronger species markers.","No critical routing, clipping, eye, or life-stage issue found in the full-size visual pass. Recognizable within the established stylized family language. Keep the wader family but correct the exact bill geometry, neck length, leg/foot proportions, body depth and tail for the named species.",Heron.png,440,440,RGBA,984287e47f5a27e47f490dc03685a4847c9f8bb017f7bd6a15130160fca1d7ae,108944e78b803ef1084cbe5aea0cca337432be4eb5227f99ef4ec550f0362845,,,,,,,,,,,,,,,,,,,,,,,
fauna,Herring,Herring,HOLD,FAIL,HOLD,True,Schooling ocean fish,MEDIUM,,PASS,POLISH,POLISH,POLISH,POLISH,POLISH,"Broad family anatomy is usable, but the portrait still shares simplified global body templates and should retain stronger species markers.","No critical routing, clipping, eye, or life-stage issue found in the full-size visual pass. Recognizable within the established stylized family language. The portrait relies on a generic torpedo fish. Correct body depth, head/mouth position, dorsal/anal/pectoral fin shape, caudal fin, markings and any diagnostic appendage.",Herring.png,440,440,RGBA,09a25313baa2ccf8b8ac85039ceb1f3dd166ca8311548a7fe4d345e95057cb25,d6aad08e06828e1873bc8f1d6c7287be1b426b1552f2c523a77f6f4a309dad0f,,,,,,,,,,,,,,,,,,,,,,,
fauna,Hippopotamus,Hippopotamus,HOLD,FAIL,HOLD,True,Hippopotamuses,MEDIUM,,PASS,POLISH,POLISH,POLISH,POLISH,POLISH,"Broad family anatomy is usable, but the portrait still shares simplified global body templates and should retain stronger species markers.","No critical routing, clipping, eye, or life-stage issue found in the full-size visual pass. Recognizable within the established stylized family language. Broad family routing may be usable, but Hippopotamus still needs an unlabeled silhouette check for body plan, head, eyes/sensory structures, appendages and rear/terminal anatomy.",Hippopotamus.png,440,440,RGBA,5596e8db71ff7ea2d2f06e09aca4021b6fac954db49e8cd66c39852869c2b6e9,7872de629acde99055215a545d4890bdcc064c2a254b4a0af8e8734fa34e7410,,,,,,,,,,,,,,,,,,,,,,,
fauna,Hornbill,Hornbill,HOLD,FAIL,HOLD,True,Tropical display birds,MEDIUM,,PASS,POLISH,POLISH,POLISH,POLISH,POLISH,"Broad family anatomy is usable, but the portrait still shares simplified global body templates and should retain stronger species markers.","No critical routing, clipping, eye, or life-stage issue found in the full-size visual pass. Recognizable within the established stylized family language. Broad family routing may be usable, but Hornbill still needs an unlabeled silhouette check for body plan, head, eyes/sensory structures, appendages and rear/terminal anatomy.",Hornbill.png,440,440,RGBA,5fa744c194a9cb032e6d519aab807d2d3e8d9fe70bd7d69c53bdcb3c023f3705,f5adf43fd0f8680d00123cad6e24ca22978223a3d9666487c6be29d7d7096e11,,,,,,,,,,,,,,,,,,,,,,,
fauna,Howler_Monkey,Howler Monkey,HOLD,FAIL,HOLD,True,Primates,MEDIUM,,PASS,POLISH,POLISH,POLISH,POLISH,POLISH,"Broad family anatomy is usable, but the portrait still shares simplified global body templates and should retain stronger species markers.","No critical routing, clipping, eye, or life-stage issue found in the full-size visual pass. Recognizable within the established stylized family language. Verify torso posture, arm/leg ratio, hands/feet, face shape and tail state for the named primate.",Howler_Monkey.png,440,440,RGBA,631faeecfd57ce3c1fba7705d4fc5cbbd25ac39f92c65bc20cb05fa603a77edf,1e47b756152580df0a76d2e1dbb990b580000344e3b115953eed77e2dbd28924,,,,,,,,,,,,,,,,,,,,,,,
fauna,Hummingbird,Hummingbird,HOLD,FAIL,HOLD,True,Hummingbirds and nectar birds,HIGH,Brine_Shrimp | Fairy_Shrimp | Goby | Lanternfish,PASS,POLISH,POLISH,POLISH,POLISH,POLISH,"Broad family anatomy is usable, but the portrait still shares simplified global body templates and should retain stronger species markers.","The small size and color read, but use a much longer needle-like bill, compact torso and visible narrow rapidly beating wings.",Hummingbird.png,440,440,RGBA,efa142a457d85c2cabe596b949fbc00f72f4884d930f193fac59c0ce4e55646c,1f0ba87aa908d47136dababe1e7cea72aac72692eb50dc085b06baf28d93d9b6,,,,,,,,,,,,,,,,,,,,,,,
fauna,Humpback_Whale,Humpback Whale,HOLD,FAIL,FAIL,False,Marine mammals,LOW,,POLISH,POLISH,POLISH,PASS,POLISH,POLISH,POLISH,"The long pectoral fins help, but the body still reads partly as a shark. Clarify horizontal tail flukes, knobbly head, small dorsal hump and whale-like body taper.",Humpback_Whale.png,440,440,RGBA,a1ff4f266fd016345b9bbc1d53861dc575f251f0d51822532ebfdf73468471f2,a1ff4f266fd016345b9bbc1d53861dc575f251f0d51822532ebfdf73468471f2,,,,,,,,,,,,,,,,,,,,,,,
fauna,Ibex,Ibex,HOLD,FAIL,HOLD,True,Sheep and goats,MEDIUM,,PASS,POLISH,POLISH,POLISH,POLISH,POLISH,"Broad family anatomy is usable, but the portrait still shares simplified global body templates and should retain stronger species markers.","No critical routing, clipping, eye, or life-stage issue found in the full-size visual pass. Recognizable within the established stylized family language. The ungulate base is usable, but the named species must have correct horn/antler geometry, neck, shoulder/croup mass, leg length, hooves, head and tail.",Ibex.png,440,440,RGBA,ea878d21246ef6ffa367b06f4389afaf8a5a4de68d0b61ae326727605232feff,141c4d10f3131b63c9e75c15d0c457f02075d268a7e57b2eb7089d3002f7a0d6,,,,,,,,,,,,,,,,,,,,,,,
fauna,Ibis,Ibis,HOLD,FAIL,HOLD,True,Herons and wetland birds,MEDIUM,,PASS,POLISH,POLISH,PASS,POLISH,POLISH,"Broad family anatomy is usable, but the portrait still shares simplified global body templates and should retain stronger species markers.","The long-legged bird reads, but add the strongly downcurved bill and more slender ibis neck/body.",Ibis.png,440,440,RGBA,cdf7acf7cea8805f5edd1dd06363f0325e5d25098fd94d59996055d7cd754b9b,8f25201d118543a6c8c50309c7fca05ca66886eeb6b09f3ef2b54092ffcac70f,,,,,,,,,,,,,,,,,,,,,,,
fauna,Ice_Worm,Ice Worm,HOLD,FAIL,HOLD,True,Worm-like animals,MEDIUM,,PASS,POLISH,POLISH,POLISH,POLISH,POLISH,"Broad family anatomy is usable, but the portrait still shares simplified global body templates and should retain stronger species markers.","No critical routing, clipping, eye, or life-stage issue found in the full-size visual pass. Recognizable within the established stylized family language. Broad family routing may be usable, but Ice Worm still needs an unlabeled silhouette check for body plan, head, eyes/sensory structures, appendages and rear/terminal anatomy.",Ice_Worm.png,440,440,RGBA,7736753e5df77c6bf6638a2fd256520bb2d5c7057cfc34a1da839b6313d65677,b73c48426eddd645e1443e0bd25993bac8239463ad71d373553ed9d0be80a0b9,,,,,,,,,,,,,,,,,,,,,,,
fauna,Icefish,Icefish,HOLD,FAIL,HOLD,True,Other or uncertain,MEDIUM,,PASS,POLISH,POLISH,POLISH,POLISH,POLISH,"Broad family anatomy is usable, but the portrait still shares simplified global body templates and should retain stronger species markers.","No critical routing, clipping, eye, or life-stage issue found in the full-size visual pass. Recognizable within the established stylized family language. Broad family routing may be usable, but Icefish still needs an unlabeled silhouette check for body plan, head, eyes/sensory structures, appendages and rear/terminal anatomy.",Icefish.png,440,440,RGBA,c6f686d8d075c17f34b7b12e638ddf4c6150adc16b6fe172c69361b2884abb1a,209fc71eb94186bac1d10e25851ff363e16b328097ecd89058c509646b1ac5c4,,,,,,,,,,,,,,,,,,,,,,,
fauna,Iguana,Iguana,HOLD,FAIL,HOLD,True,Large lizards,MEDIUM,,PASS,POLISH,POLISH,POLISH,POLISH,POLISH,"Broad family anatomy is usable, but the portrait still shares simplified global body templates and should retain stronger species markers.","No critical routing, clipping, eye, or life-stage issue found in the full-size visual pass. Recognizable within the established stylized family language. Verify skull/head profile, limb state, body thickness, scale texture, tail and any crest/frill/horn; do not rely on color alone.",Iguana.png,440,440,RGBA,7ebf9b19b03f9487f0c45c338d4b832f149e08435e4e9fc2ba8e40877e77de5a,15f39468468b3d0c2bfd6ba666844f6f576515a84ca1e403d7ea477bd153f1bb,,,,,,,,,,,,,,,,,,,,,,,
fauna,Impala,Impala,HOLD,FAIL,HOLD,True,Cattle and bovids,MEDIUM,,PASS,POLISH,POLISH,POLISH,POLISH,POLISH,"Broad family anatomy is usable, but the portrait still shares simplified global body templates and should retain stronger species markers.","No critical routing, clipping, eye, or life-stage issue found in the full-size visual pass. Recognizable within the established stylized family language. The ungulate base is usable, but the named species must have correct horn/antler geometry, neck, shoulder/croup mass, leg length, hooves, head and tail.",Impala.png,440,440,RGBA,114fc76ced207481a22b29409341a3a2025d933550efcebc9b795e999d532d36,82cafacd73cb4aa53f5d2a85082be8dbff80524978e506efb65d8dc45daed627,,,,,,,,,,,,,,,,,,,,,,,
fauna,Jackrabbit,Jackrabbit,HOLD,FAIL,HOLD,True,Rabbits and relatives,MEDIUM,,PASS,POLISH,POLISH,POLISH,POLISH,POLISH,"Broad family anatomy is usable, but the portrait still shares simplified global body templates and should retain stronger species markers.","No critical routing, clipping, eye, or life-stage issue found in the full-size visual pass. Recognizable within the established stylized family language. Broad family routing may be usable, but Jackrabbit still needs an unlabeled silhouette check for body plan, head, eyes/sensory structures, appendages and rear/terminal anatomy.",Jackrabbit.png,440,440,RGBA,f4265b62f5fe81ac9b7c77b6462ef2b3ee542d46079bd7c4c72c72460a09edb1,10e330a3716b7edd170cfa74085fbc3b5369cb71714a6334476fcad83b2dddd2,,,,,,,,,,,,,,,,,,,,,,,
fauna,Jay,Jay,HOLD,FAIL,HOLD,True,Corvids,MEDIUM,,PASS,POLISH,POLISH,POLISH,POLISH,POLISH,"Broad family anatomy is usable, but the portrait still shares simplified global body templates and should retain stronger species markers.","No critical routing, clipping, eye, or life-stage issue found in the full-size visual pass. Recognizable within the established stylized family language. The named bird relies too heavily on the shared side-bird template. Correct the bill, neck, body depth, wing length, leg type, tail and crest/display structures for the species.",Jay.png,440,440,RGBA,e616a23fdbcc545235e6e3bde34ecf9a359be326590251815e0da2b1fe0ded9b,6b95c641d8b3e65052e1dff6673d74b3c68ce3d050221aef4195ba2acd030f28,,,,,,,,,,,,,,,,,,,,,,,
fauna,Jellyfish,Jellyfish,HOLD,FAIL,HOLD,True,Other mollusks,MEDIUM,,PASS,POLISH,POLISH,POLISH,POLISH,POLISH,"Broad family anatomy is usable, but the portrait still shares simplified global body templates and should retain stronger species markers.","No critical routing, clipping, eye, or life-stage issue found in the full-size visual pass. Recognizable within the established stylized family language. Broad family routing may be usable, but Jellyfish still needs an unlabeled silhouette check for body plan, head, eyes/sensory structures, appendages and rear/terminal anatomy.",Jellyfish.png,440,440,RGBA,40a55fe4deaf5ae0686e8273c89842f939463bb05034bd46950c4a3a03c92bc8,e1eab74cadaf97ff4584e124569989e9a5f4e753c7611c2d318ae83e47271581,,,,,,,,,,,,,,,,,,,,,,,
fauna,Juvenile_Shark,Juvenile Shark,HOLD,FAIL,HOLD,True,Sharks,MEDIUM,,PASS,POLISH,POLISH,POLISH,POLISH,POLISH,"Broad family anatomy is usable, but the portrait still shares simplified global body templates and should retain stronger species markers.","No critical routing, clipping, eye, or life-stage issue found in the full-size visual pass. Recognizable within the established stylized family language. The portrait relies on a generic torpedo fish. Correct body depth, head/mouth position, dorsal/anal/pectoral fin shape, caudal fin, markings and any diagnostic appendage.",Juvenile_Shark.png,440,440,RGBA,1e252ad6430280071e56b9c5d711ae4799121f68335addb12316aa4734567e63,ba7d8fec7832b8aa75f079b99fe0f0db6c73feab5c8e98bda935d3ce0a43a37c,,,,,,,,,,,,,,,,,,,,,,,
fauna,Kakapo,Kakapo,HOLD,FAIL,FAIL,True,Flightless birds,HIGH,,POLISH,POLISH,POLISH,PASS,POLISH,POLISH,POLISH,"The green parrot identity reads, but make the body lower, heavier and flightless, with a broader facial disk, shorter wings and stronger feet.",Kakapo.png,440,440,RGBA,2b4358cb1b665bcb01de8defddf6e72f9ced97e3836f75f4637f8a85584a3fb9,3e9bdd0390a2c92fc9b0fb0114e64911913bb631d093cdfd7eba415626f39be6,,,,,,,,,,,,,,,,,,,,,,,
fauna,Kangaroo,Kangaroo,HOLD,FAIL,HOLD,True,Marsupials,MEDIUM,,PASS,POLISH,POLISH,POLISH,POLISH,POLISH,"Broad family anatomy is usable, but the portrait still shares simplified global body templates and should retain stronger species markers.","No critical routing, clipping, eye, or life-stage issue found in the full-size visual pass. Recognizable within the established stylized family language. Broad family routing may be usable, but Kangaroo still needs an unlabeled silhouette check for body plan, head, eyes/sensory structures, appendages and rear/terminal anatomy.",Kangaroo.png,440,440,RGBA,f4a37f2f74923340e96297a5b9ad07dc251a915c20e9409eedcf913e6dbe67b4,e6ce13d880154440247e54bc4942a81197b6518f47b2a2b0bf8228065ce36b4f,,,,,,,,,,,,,,,,,,,,,,,
fauna,Killifish,Killifish,HOLD,FAIL,HOLD,True,Surface and aquarium fish,MEDIUM,,PASS,POLISH,POLISH,POLISH,POLISH,POLISH,"Broad family anatomy is usable, but the portrait still shares simplified global body templates and should retain stronger species markers.","No critical routing, clipping, eye, or life-stage issue found in the full-size visual pass. Recognizable within the established stylized family language. The portrait relies on a generic torpedo fish. Correct body depth, head/mouth position, dorsal/anal/pectoral fin shape, caudal fin, markings and any diagnostic appendage.",Killifish.png,440,440,RGBA,219299a4a1a25b7cbc63e36a6360264cd03ce8f5b79a6e8e3b98b5cb2166f502,d1290a5ed2790da3e3b1cb001a42c651ceddd570b6fa421a104a41357e2c1969,,,,,,,,,,,,,,,,,,,,,,,
fauna,King_Snake,King Snake,HOLD,FAIL,HOLD,True,Other snakes,MEDIUM,,PASS,POLISH,POLISH,POLISH,POLISH,POLISH,"Broad family anatomy is usable, but the portrait still shares simplified global body templates and should retain stronger species markers.","No critical routing, clipping, eye, or life-stage issue found in the full-size visual pass. Recognizable within the established stylized family language. Verify skull/head profile, limb state, body thickness, scale texture, tail and any crest/frill/horn; do not rely on color alone.",King_Snake.png,440,440,RGBA,8da59f3943740aac38375915e0711538d01c06205d4e9d9ef3d32fe71e5f96fa,d0434d224717314f8ce9d4c78cacaefefa925d23a8451dbb3cbc8bf9f68ca6c8,,,,,,,,,,,,,,,,,,,,,,,
fauna,Kingfisher,Kingfisher,HOLD,FAIL,HOLD,True,Kingfishers and relatives,MEDIUM,,PASS,POLISH,POLISH,POLISH,POLISH,POLISH,"Broad family anatomy is usable, but the portrait still shares simplified global body templates and should retain stronger species markers.","No critical routing, clipping, eye, or life-stage issue found in the full-size visual pass. Recognizable within the established stylized family language. The portrait relies on a generic torpedo fish. Correct body depth, head/mouth position, dorsal/anal/pectoral fin shape, caudal fin, markings and any diagnostic appendage.",Kingfisher.png,440,440,RGBA,3079db0df43e8e07453f86c73c0d7b9c835e3db36a8d323a3acd9287a94dc20b,920839f7c40a84d5decc204a1e1a63d72f1465b81a148c1cc354a67d23d01af3,,,,,,,,,,,,,,,,,,,,,,,
fauna,Kinkajou,Kinkajou,HOLD,FAIL,FAIL,True,Raccoon-like mammals,HIGH,,POLISH,POLISH,POLISH,PASS,POLISH,POLISH,POLISH,"The mammal category reads, but add a rounder arboreal carnivoran body, grasping paws, short muzzle and very long prehensile tail.",Kinkajou.png,440,440,RGBA,51484828602196f7104d41070d37390dc4c05e42d78f9452452f2742b5acea8c,8e203043bde1dda93fcb628b3e028a4f1b07eecd8f4cd7af4207259d0b48417d,,,,,,,,,,,,,,,,,,,,,,,
fauna,Knifefish,Knifefish,HOLD,FAIL,HOLD,True,Other or uncertain,MEDIUM,,PASS,POLISH,POLISH,POLISH,POLISH,POLISH,"Broad family anatomy is usable, but the portrait still shares simplified global body templates and should retain stronger species markers.","No critical routing, clipping, eye, or life-stage issue found in the full-size visual pass. Recognizable within the established stylized family language. Broad family routing may be usable, but Knifefish still needs an unlabeled silhouette check for body plan, head, eyes/sensory structures, appendages and rear/terminal anatomy.",Knifefish.png,440,440,RGBA,293c643766603a1341091b107a70f01f4c0a6e16782cd312bf37e32dd1aec07c,75d5d36c47914368be8b8fc46bd9f1299cd4a1ef1a84e50d7104b38b2981318b,,,,,,,,,,,,,,,,,,,,,,,
fauna,Komodo_Dragon,Komodo Dragon,HOLD,FAIL,FAIL,True,Large lizards,HIGH,,POLISH,POLISH,POLISH,PASS,POLISH,POLISH,POLISH,"The large lizard concept reads, but increase body mass, broaden the head, strengthen the splayed limbs and make the thick tail/neck more powerful.",Komodo_Dragon.png,440,440,RGBA,ad1e3ff3d019c49e84d685e5cbff2018809822158364da86a8b9046f994e2dd8,39692674128345d857e671e0f68c3e8be75eb16601354d1b323b354467738c77,,,,,,,,,,,,,,,,,,,,,,,
fauna,Kookaburra,Kookaburra,HOLD,FAIL,FAIL,True,Other birds,LOW,,POLISH,POLISH,POLISH,PASS,POLISH,POLISH,POLISH,"The oversized bill helps, but use a larger kingfisher head, stockier body and shorter tail to separate it from generic birds.",Kookaburra.png,440,440,RGBA,b580aca29494a2980497c6d1872e0ada9884a4066316c51f063274605393475c,b6e2c8c362395596ca1cded3c11b6d620e441cb61a1836f061d958a1243c4477,,,,,,,,,,,,,,,,,,,,,,,
fauna,Krill,Krill,HOLD,FAIL,HOLD,True,Ice and cave insects,MEDIUM,,PASS,POLISH,POLISH,POLISH,POLISH,POLISH,"Broad family anatomy is usable, but the portrait still shares simplified global body templates and should retain stronger species markers.","No critical routing, clipping, eye, or life-stage issue found in the full-size visual pass. Recognizable within the established stylized family language. Use correct insect anatomy: distinct head/thorax/abdomen, six articulated legs, correct wing count and attachment, antennae, mouthparts and species-specific shell/body proportions.",Krill.png,440,440,RGBA,f2a7ae03f4ed8919df1ae71121eeb9aa9c1e61ab4c4336d929466484f0e7bf74,6d9fce5f23ed59c08c5522139497f2554bca3e5c144f9419eb5028eb167bbca8,,,,,,,,,,,,,,,,,,,,,,,
fauna,Kudu,Kudu,HOLD,FAIL,HOLD,True,Cattle and bovids,MEDIUM,,PASS,POLISH,POLISH,POLISH,POLISH,POLISH,"Broad family anatomy is usable, but the portrait still shares simplified global body templates and should retain stronger species markers.","No critical routing, clipping, eye, or life-stage issue found in the full-size visual pass. Recognizable within the established stylized family language. The ungulate base is usable, but the named species must have correct horn/antler geometry, neck, shoulder/croup mass, leg length, hooves, head and tail.",Kudu.png,440,440,RGBA,fd029cd5c3ff982d5ac5ea4372d8ea98a5a49c32985ea96737c9ea75aac162d7,933340d1f4cab3a91d07a004b4a6d06120345cb109524e23f7aeb03221a10ef5,,,,,,,,,,,,,,,,,,,,,,,
fauna,Ladybug,Ladybug,HOLD,FAIL,HOLD,True,Beetles,HIGH,Carrion_Beetle | Dung_Beetle,PASS,POLISH,POLISH,POLISH,POLISH,POLISH,"Broad family anatomy is usable, but the portrait still shares simplified global body templates and should retain stronger species markers.","No critical routing, clipping, eye, or life-stage issue found in the full-size visual pass. Recognizable within the established stylized family language. Use correct insect anatomy: distinct head/thorax/abdomen, six articulated legs, correct wing count and attachment, antennae, mouthparts and species-specific shell/body proportions.",Ladybug.png,440,440,RGBA,a0c225978ce2410a8d77c66e0b3a8d96504e36ddf1878ed0eb2ea71b5dc682fd,7b915d708ce6be43af6d33106585207b5504cbaf2369e10cb2a1a9d9a065f9dc,,,,,,,,,,,,,,,,,,,,,,,
fauna,Lancelet,Lancelet,HOLD,FAIL,HOLD,True,Worm-like animals,MEDIUM,,PASS,POLISH,POLISH,POLISH,POLISH,POLISH,"Broad family anatomy is usable, but the portrait still shares simplified global body templates and should retain stronger species markers.","No critical routing, clipping, eye, or life-stage issue found in the full-size visual pass. Recognizable within the established stylized family language. Broad family routing may be usable, but Lancelet still needs an unlabeled silhouette check for body plan, head, eyes/sensory structures, appendages and rear/terminal anatomy.",Lancelet.png,440,440,RGBA,5afa007702a933eca25ed08d86cc01c4afe8959d87d37690ec856e061bb1f022,84c87cdc53bcb59d552ec2c322f9bb47ea89804c0d2ad3edd9c2be1a2078e386,,,,,,,,,,,,,,,,,,,,,,,
fauna,Land_Iguana,Land Iguana,HOLD,FAIL,HOLD,True,Lizards,MEDIUM,,PASS,POLISH,POLISH,POLISH,POLISH,POLISH,"Broad family anatomy is usable, but the portrait still shares simplified global body templates and should retain stronger species markers.","No critical routing, clipping, eye, or life-stage issue found in the full-size visual pass. Recognizable within the established stylized family language. Verify skull/head profile, limb state, body thickness, scale texture, tail and any crest/frill/horn; do not rely on color alone.",Land_Iguana.png,440,440,RGBA,a607609e4821af44828fa8657a832583c7723a0b579ba1155c9d50ca3db00313,a1c24f5015ede37f8af3e9e093dcfe41b7d62bc6f6a3fc81b14ef15d8db3c450,,,,,,,,,,,,,,,,,,,,,,,
fauna,Land_Snail,Land Snail,HOLD,FAIL,HOLD,True,Gastropods,MEDIUM,,PASS,POLISH,POLISH,POLISH,POLISH,POLISH,"Broad family anatomy is usable, but the portrait still shares simplified global body templates and should retain stronger species markers.","No critical routing, clipping, eye, or life-stage issue found in the full-size visual pass. Recognizable within the established stylized family language. Broad family routing may be usable, but Land Snail still needs an unlabeled silhouette check for body plan, head, eyes/sensory structures, appendages and rear/terminal anatomy.",Land_Snail.png,440,440,RGBA,ed2c760607447051de90c31bec123de5816b6bcbaf1a51416686acf0cb0e69fe,7dd117cf0f50d409ed6903325c35ba9c819fa57e8f2d241bfeffa1034fa5a6c9,,,,,,,,,,,,,,,,,,,,,,,
fauna,Langur,Langur,HOLD,FAIL,HOLD,True,Primates,MEDIUM,,PASS,POLISH,POLISH,POLISH,POLISH,POLISH,"Broad family anatomy is usable, but the portrait still shares simplified global body templates and should retain stronger species markers.","No critical routing, clipping, eye, or life-stage issue found in the full-size visual pass. Recognizable within the established stylized family language. Verify torso posture, arm/leg ratio, hands/feet, face shape and tail state for the named primate.",Langur.png,440,440,RGBA,0254664d2d85192c4e5d46ffb1e0ea176690fd62805fab9af21dc0bfb739d07b,546455b01ee2b6a886a7d2f8b9f9d776ad41a7f1ca02860ba7c059080ae94263,,,,,,,,,,,,,,,,,,,,,,,
fauna,Lanternfish,Lanternfish,HOLD,FAIL,HOLD,True,Strange deep-sea fish,HIGH,Brine_Shrimp | Fairy_Shrimp | Goby | Hummingbird,PASS,POLISH,POLISH,PASS,POLISH,POLISH,"Broad family anatomy is usable, but the portrait still shares simplified global body templates and should retain stronger species markers.","Add visible photophores and a more characteristic deep-sea head/body. The portrait relies on a generic torpedo fish. Correct body depth, head/mouth position, dorsal/anal/pectoral fin shape, caudal fin, markings and any diagnostic appendage.",Lanternfish.png,440,440,RGBA,7289f632073948485f3298df1149318a7309d9d7ad8a30bd039dbbed09c21317,d1b405cb1fe661e414a7bc93cd5b9c0e261637745866bf2220b9e1d643465525,,,,,,,,,,,,,,,,,,,,,,,
fauna,Lark,Lark,HOLD,FAIL,HOLD,True,Songbirds,HIGH,Finch | Plover | Robin | Sparrow | Spider | Starling | Swallow | Swift | Tanager | Weaverbird,PASS,POLISH,POLISH,POLISH,POLISH,POLISH,"Broad family anatomy is usable, but the portrait still shares simplified global body templates and should retain stronger species markers.","No critical routing, clipping, eye, or life-stage issue found in the full-size visual pass. Recognizable within the established stylized family language. The named bird relies too heavily on the shared side-bird template. Correct the bill, neck, body depth, wing length, leg type, tail and crest/display structures for the species.",Lark.png,440,440,RGBA,d71c7a987da81e404f7b951a293bf574e1c536060d926b62b575e5638f78e3b7,aa4ad2bff969f79e72a3263ed3dfe5ca5d2e7d657f543f8d9ee92e568ab3e57c,,,,,,,,,,,,,,,,,,,,,,,
fauna,Leafcutter_Ant,Leafcutter Ant,HOLD,FAIL,HOLD,True,Ants,MEDIUM,,PASS,POLISH,POLISH,POLISH,POLISH,POLISH,"Broad family anatomy is usable, but the portrait still shares simplified global body templates and should retain stronger species markers.","No critical routing, clipping, eye, or life-stage issue found in the full-size visual pass. Recognizable within the established stylized family language. Use correct insect anatomy: distinct head/thorax/abdomen, six articulated legs, correct wing count and attachment, antennae, mouthparts and species-specific shell/body proportions.",Leafcutter_Ant.png,440,440,RGBA,20f52db552b809ea89bc3d7f79b617bbb3ba937be24c2a3ecf156825f9a8bd1a,534b764301003d984f5825e29dd9acc09a4b02dfeb7a315f506c898e3b0fad53,,,,,,,,,,,,,,,,,,,,,,,
fauna,Leech,Leech,HOLD,FAIL,HOLD,True,Other mollusks,MEDIUM,,PASS,POLISH,POLISH,POLISH,POLISH,POLISH,"Broad family anatomy is usable, but the portrait still shares simplified global body templates and should retain stronger species markers.","No critical routing, clipping, eye, or life-stage issue found in the full-size visual pass. Recognizable within the established stylized family language. Broad family routing may be usable, but Leech still needs an unlabeled silhouette check for body plan, head, eyes/sensory structures, appendages and rear/terminal anatomy.",Leech.png,440,440,RGBA,5673fa333c0461f4b6e6252b0c2908b1c306c90387b2cc08439917a1f9a8dbd1,24f494a7f981484c84b73c364f64231022f9e413a4471f8c0ca605dea313bbe2,,,,,,,,,,,,,,,,,,,,,,,
fauna,Lemming,Lemming,HOLD,FAIL,HOLD,True,Rodents,MEDIUM,,PASS,POLISH,POLISH,POLISH,POLISH,POLISH,"Broad family anatomy is usable, but the portrait still shares simplified global body templates and should retain stronger species markers.","No critical routing, clipping, eye, or life-stage issue found in the full-size visual pass. Recognizable within the established stylized family language. Verify rodent/lagomorph skull, incisors/muzzle, fore/hind foot proportions, body posture and tail; several currently inherit the rabbit-like template.",Lemming.png,440,440,RGBA,e18761d58e8ba597ee8b5cc921e26114a693c17f0eb9e75c37cd46725ead9fe2,3516813562fecab2de6f9c910348543dbc202794f4c90572dd296fce4a888d3f,,,,,,,,,,,,,,,,,,,,,,,
fauna,Lemur,Lemur,HOLD,FAIL,HOLD,True,Primates,MEDIUM,,PASS,POLISH,POLISH,POLISH,POLISH,POLISH,"Broad family anatomy is usable, but the portrait still shares simplified global body templates and should retain stronger species markers.","No critical routing, clipping, eye, or life-stage issue found in the full-size visual pass. Recognizable within the established stylized family language. Verify torso posture, arm/leg ratio, hands/feet, face shape and tail state for the named primate.",Lemur.png,440,440,RGBA,b20d531e9417923b64e3ad06ae075446d36277bddecf3cd60e5e0fa9b6bbb4c8,86a2491bff449f6fb7980f718ded7be487ac004666d16705b6d675708efcf9f3,,,,,,,,,,,,,,,,,,,,,,,
fauna,Limpet,Limpet,HOLD,FAIL,HOLD,True,Gastropods,MEDIUM,,PASS,POLISH,POLISH,POLISH,POLISH,POLISH,"Broad family anatomy is usable, but the portrait still shares simplified global body templates and should retain stronger species markers.","No critical routing, clipping, eye, or life-stage issue found in the full-size visual pass. Recognizable within the established stylized family language. Broad family routing may be usable, but Limpet still needs an unlabeled silhouette check for body plan, head, eyes/sensory structures, appendages and rear/terminal anatomy.",Limpet.png,440,440,RGBA,f97c075265e3d1278bf58c34f85b779db365feaa3a3f2bb4b3fffe5195774dd9,689cd411003db97a0f2409a68017afa43b5c6a6fc5c4fc4b93d0b12ec4ff8c93,,,,,,,,,,,,,,,,,,,,,,,
fauna,Lionfish,Lionfish,HOLD,FAIL,HOLD,True,Reef fish,MEDIUM,,PASS,POLISH,POLISH,PASS,POLISH,POLISH,"Broad family anatomy is usable, but the portrait still shares simplified global body templates and should retain stronger species markers.","The stripes and radiating spines read, but replace the round disk body with a more elongated reef-fish torso and broad fan-like pectoral fins.",Lionfish.png,440,440,RGBA,a45fce0761629b7cbaa602d30caf579e74d69f5afff15714ed009bbd08533387,79e3949d4fe8f49d961ca4b829c43ae8607db375f405ce7c5e98e470624ef9af,,,,,,,,,,,,,,,,,,,,,,,
fauna,Lizard,Lizard,HOLD,FAIL,HOLD,True,Lizards,MEDIUM,,PASS,POLISH,POLISH,POLISH,POLISH,POLISH,"Broad family anatomy is usable, but the portrait still shares simplified global body templates and should retain stronger species markers.","No critical routing, clipping, eye, or life-stage issue found in the full-size visual pass. Recognizable within the established stylized family language. Verify skull/head profile, limb state, body thickness, scale texture, tail and any crest/frill/horn; do not rely on color alone.",Lizard.png,440,440,RGBA,9b8b744de347e201ac4a67c1cbdee3d396bcad8f76fa4b6823301edecf8524a6,a735e27551168194222066346333ea00e96a52ecc6d41513a2a196f992839cd1,,,,,,,,,,,,,,,,,,,,,,,
fauna,Llama,Llama,HOLD,FAIL,HOLD,True,Camels,MEDIUM,,PASS,POLISH,POLISH,POLISH,POLISH,POLISH,"Broad family anatomy is usable, but the portrait still shares simplified global body templates and should retain stronger species markers.","No critical routing, clipping, eye, or life-stage issue found in the full-size visual pass. Recognizable within the established stylized family language. Current forms read as deer with humps. Build a camelid neck/chest, padded two-toed feet, long camelid head, integrated hump anatomy, and species-correct coat/tail.",Llama.png,440,440,RGBA,25dee09a45629f1ad306e4e65d749fe96f02cd142e4e61ead90c3a300dc2a460,07895ce394ed7ca14b2ed477c186387452373c53fdb72a5b3100a18f668f57c7,,,,,,,,,,,,,,,,,,,,,,,
fauna,Lobster,Lobster,HOLD,FAIL,FAIL,True,Ice and cave insects,HIGH,,POLISH,POLISH,POLISH,PASS,POLISH,POLISH,POLISH,"The lobster silhouette is present but very dark. Increase contrast and clarify the large claws, segmented abdomen, antennae and tail fan.",Lobster.png,440,440,RGBA,f2b3748e73e6a9313dcc93f174058f2bd56ce21dd3e5b578a0f07bcad17b69dc,99c84d0119547436f2b08c8f82073ec619447be6c007bf8f8ce61477e5cc64bd,,,,,,,,,,,,,,,,,,,,,,,
fauna,Loon,Loon,HOLD,FAIL,HOLD,True,Other distinctive birds,MEDIUM,,PASS,POLISH,POLISH,POLISH,POLISH,POLISH,"Broad family anatomy is usable, but the portrait still shares simplified global body templates and should retain stronger species markers.","No critical routing, clipping, eye, or life-stage issue found in the full-size visual pass. Recognizable within the established stylized family language. Broad family routing may be usable, but Loon still needs an unlabeled silhouette check for body plan, head, eyes/sensory structures, appendages and rear/terminal anatomy.",Loon.png,440,440,RGBA,d40d5f499bbd069315c65461e09736981087fa0d47034d216f50359031899eaf,d45ec8ed8ae68425a9fae04a9e5bd68817d960bb2a540d7670a07a2022d6ba20,,,,,,,,,,,,,,,,,,,,,,,
fauna,Lungfish,Lungfish,HOLD,FAIL,HOLD,True,Primitive fish,MEDIUM,,PASS,POLISH,POLISH,POLISH,POLISH,POLISH,"Broad family anatomy is usable, but the portrait still shares simplified global body templates and should retain stronger species markers.","No critical routing, clipping, eye, or life-stage issue found in the full-size visual pass. Recognizable within the established stylized family language. The portrait relies on a generic torpedo fish. Correct body depth, head/mouth position, dorsal/anal/pectoral fin shape, caudal fin, markings and any diagnostic appendage.",Lungfish.png,440,440,RGBA,c7ee0b8e753ab7198b0c2cd2de7be3cfe1ed2fa0d67157efcb715469a612bab9,66f36be8878cacb48e74c14580b1649b40bde51365daa67c9ed8966c8ff32901,,,,,,,,,,,,,,,,,,,,,,,
fauna,Macaque,Macaque,HOLD,FAIL,HOLD,True,Primates,MEDIUM,,PASS,POLISH,POLISH,POLISH,POLISH,POLISH,"Broad family anatomy is usable, but the portrait still shares simplified global body templates and should retain stronger species markers.","No critical routing, clipping, eye, or life-stage issue found in the full-size visual pass. Recognizable within the established stylized family language. Verify torso posture, arm/leg ratio, hands/feet, face shape and tail state for the named primate.",Macaque.png,440,440,RGBA,5709fe29653b78338281b2760209ef9f5605211f7fa85410ef1e1fe58ac82cfa,5ddf62e30837be7bb70248ac38ce0d0e137f815f99e4520b89135169fa2075c3,,,,,,,,,,,,,,,,,,,,,,,
fauna,Mackerel,Mackerel,HOLD,FAIL,HOLD,True,Schooling ocean fish,MEDIUM,,PASS,POLISH,POLISH,POLISH,POLISH,POLISH,"Broad family anatomy is usable, but the portrait still shares simplified global body templates and should retain stronger species markers.","No critical routing, clipping, eye, or life-stage issue found in the full-size visual pass. Recognizable within the established stylized family language. The portrait relies on a generic torpedo fish. Correct body depth, head/mouth position, dorsal/anal/pectoral fin shape, caudal fin, markings and any diagnostic appendage.",Mackerel.png,440,440,RGBA,be40c9c9d1c5ad233647c4b67bdfc5c5610bd8c2d366c8cf2fcb64342039c1fa,594cc3b367d713632fbe7330571c758882bfb15244f15afdcf70050d544435d8,,,,,,,,,,,,,,,,,,,,,,,
fauna,Magpie,Magpie,HOLD,FAIL,HOLD,True,Corvids,MEDIUM,,PASS,POLISH,POLISH,POLISH,POLISH,POLISH,"Broad family anatomy is usable, but the portrait still shares simplified global body templates and should retain stronger species markers.","No critical routing, clipping, eye, or life-stage issue found in the full-size visual pass. Recognizable within the established stylized family language. The named bird relies too heavily on the shared side-bird template. Correct the bill, neck, body depth, wing length, leg type, tail and crest/display structures for the species.",Magpie.png,440,440,RGBA,ac159bfed25cee73b724bce225c6d0c527e4a6a7475374455a16f4b71da7733a,d6f58985680a70ecd1353f1f5ba620b9876a29cc8eb80dc3818a53dc31ac3fb1,,,,,,,,,,,,,,,,,,,,,,,
fauna,Mahi-Mahi,Mahi Mahi,HOLD,FAIL,HOLD,True,Other or uncertain,MEDIUM,,PASS,POLISH,POLISH,POLISH,POLISH,POLISH,"Broad family anatomy is usable, but the portrait still shares simplified global body templates and should retain stronger species markers.","No critical routing, clipping, eye, or life-stage issue found in the full-size visual pass. Recognizable within the established stylized family language. Broad family routing may be usable, but Mahi Mahi still needs an unlabeled silhouette check for body plan, head, eyes/sensory structures, appendages and rear/terminal anatomy.",Mahi-Mahi.png,440,440,RGBA,0fc12be119d1279683f43ca9e8bec12c6da6b75da5c6603bd9a19ec6a2dca412,04ab1d7994cfd3c81ebf270538f3bc63d7b51409fdc5c5eb14a380284d74f9f7,,,,,,,,,,,,,,,,,,,,,,,
fauna,Mako_Shark,Mako Shark,HOLD,FAIL,HOLD,True,Sharks,MEDIUM,,PASS,POLISH,POLISH,POLISH,POLISH,POLISH,"Broad family anatomy is usable, but the portrait still shares simplified global body templates and should retain stronger species markers.","No critical routing, clipping, eye, or life-stage issue found in the full-size visual pass. Recognizable within the established stylized family language. The portrait relies on a generic torpedo fish. Correct body depth, head/mouth position, dorsal/anal/pectoral fin shape, caudal fin, markings and any diagnostic appendage.",Mako_Shark.png,440,440,RGBA,7dc3257f0d3a6d63316a2f7b548240305a2f931a13b86553a2d50898d8822066,22705d0c270c019cbd199014aac4abc0ea2aeb4445424ecbe57eb64aeef20a22,,,,,,,,,,,,,,,,,,,,,,,
fauna,Mamba,Mamba,HOLD,FAIL,HOLD,True,Venomous snakes,MEDIUM,,PASS,POLISH,POLISH,POLISH,POLISH,POLISH,"Broad family anatomy is usable, but the portrait still shares simplified global body templates and should retain stronger species markers.","No critical routing, clipping, eye, or life-stage issue found in the full-size visual pass. Recognizable within the established stylized family language. Verify skull/head profile, limb state, body thickness, scale texture, tail and any crest/frill/horn; do not rely on color alone.",Mamba.png,440,440,RGBA,7e533aec27d4f2400a3543f572f4173268efddd97434afd01a4d617477375895,92360f4072af40e1c5141827a0e2d2e13015d5a4feb6a0b1a644c65427ec470e,,,,,,,,,,,,,,,,,,,,,,,
fauna,Mandrill,Mandrill,HOLD,FAIL,HOLD,True,Primates,MEDIUM,,PASS,POLISH,POLISH,POLISH,POLISH,POLISH,"Broad family anatomy is usable, but the portrait still shares simplified global body templates and should retain stronger species markers.","The primate body reads, but add the elongated muzzle, vivid facial ridges, beard and colored rump that define a mandrill.",Mandrill.png,440,440,RGBA,335c78b1735dcd8b8e7a9d9edbaf487c129e447aad5c17d7dc9009bf5ab69f9d,8bb30659f01f31ceadee504dd4432f5edf08bb6aa635f472a0e02654c7e9982d,,,,,,,,,,,,,,,,,,,,,,,
fauna,Manta_Ray,Manta Ray,HOLD,FAIL,HOLD,True,Rays and skates,MEDIUM,,PASS,POLISH,POLISH,POLISH,POLISH,POLISH,"Broad family anatomy is usable, but the portrait still shares simplified global body templates and should retain stronger species markers.","No critical routing, clipping, eye, or life-stage issue found in the full-size visual pass. Recognizable within the established stylized family language. Broad family routing may be usable, but Manta Ray still needs an unlabeled silhouette check for body plan, head, eyes/sensory structures, appendages and rear/terminal anatomy.",Manta_Ray.png,440,440,RGBA,44c5995270b06eb49a9299851e57433b39c0fa142dcaa93f76daac5715eb525a,cfca52de5266b5f81d4c3b9c1f2ead0e36802a5c387d6e25644a97fe5a92ef89,,,,,,,,,,,,,,,,,,,,,,,
fauna,Mara,Mara,HOLD,FAIL,HOLD,True,Rodents,MEDIUM,,PASS,POLISH,POLISH,POLISH,POLISH,POLISH,"Broad family anatomy is usable, but the portrait still shares simplified global body templates and should retain stronger species markers.","No critical routing, clipping, eye, or life-stage issue found in the full-size visual pass. Recognizable within the established stylized family language. Verify rodent/lagomorph skull, incisors/muzzle, fore/hind foot proportions, body posture and tail; several currently inherit the rabbit-like template.",Mara.png,440,440,RGBA,df9fba657d5928dc7adf1601a7303ebd9699db7f6f14f3d033f0ac7ac8a26bfa,180645af8490270871b18be4375103a29afc9248e6644e3a0b6f8f22463a50ee,,,,,,,,,,,,,,,,,,,,,,,
fauna,Marine_Iguana,Marine Iguana,HOLD,FAIL,HOLD,True,Large lizards,MEDIUM,,PASS,POLISH,POLISH,POLISH,POLISH,POLISH,"Broad family anatomy is usable, but the portrait still shares simplified global body templates and should retain stronger species markers.","No critical routing, clipping, eye, or life-stage issue found in the full-size visual pass. Recognizable within the established stylized family language. Verify skull/head profile, limb state, body thickness, scale texture, tail and any crest/frill/horn; do not rely on color alone.",Marine_Iguana.png,440,440,RGBA,6a1de87f8687eec1196f151842558f217f5cc5037ec0197febdb864c5248f64f,8ad86ab7fd0af5adb6a1a00e4fb4851f82ac15b2977d26349bba0ca54ee29b5f,,,,,,,,,,,,,,,,,,,,,,,
fauna,Marine_Worm,Marine Worm,HOLD,FAIL,HOLD,True,Worm-like animals,MEDIUM,,PASS,POLISH,POLISH,POLISH,POLISH,POLISH,"Broad family anatomy is usable, but the portrait still shares simplified global body templates and should retain stronger species markers.","No critical routing, clipping, eye, or life-stage issue found in the full-size visual pass. Recognizable within the established stylized family language. Broad family routing may be usable, but Marine Worm still needs an unlabeled silhouette check for body plan, head, eyes/sensory structures, appendages and rear/terminal anatomy.",Marine_Worm.png,440,440,RGBA,664482c469422dfcd48a6443da8e3fe131d8e3c07be4a7133bf61da2f1fccc5d,1482a7278a84a0162be6587ee739a9df1cdf209d24091b88d9af5bf21b33152f,,,,,,,,,,,,,,,,,,,,,,,
fauna,Marlin,Marlin,HOLD,FAIL,HOLD,True,Ocean predators,MEDIUM,,PASS,POLISH,POLISH,POLISH,POLISH,POLISH,"Broad family anatomy is usable, but the portrait still shares simplified global body templates and should retain stronger species markers.","No critical routing, clipping, eye, or life-stage issue found in the full-size visual pass. Recognizable within the established stylized family language. The portrait relies on a generic torpedo fish. Correct body depth, head/mouth position, dorsal/anal/pectoral fin shape, caudal fin, markings and any diagnostic appendage.",Marlin.png,440,440,RGBA,bf906325dced39bf2e1a4188c3f56b69803ea1649d44b01d69b342111a10d072,076f90c8ec4462843cb57dc0efaf3b95ad03a2ee12beec535188a02c2edbdbdb,,,,,,,,,,,,,,,,,,,,,,,
fauna,Marmoset,Marmoset,HOLD,FAIL,HOLD,True,Primates,MEDIUM,,PASS,POLISH,POLISH,POLISH,POLISH,POLISH,"Broad family anatomy is usable, but the portrait still shares simplified global body templates and should retain stronger species markers.","No critical routing, clipping, eye, or life-stage issue found in the full-size visual pass. Recognizable within the established stylized family language. Verify torso posture, arm/leg ratio, hands/feet, face shape and tail state for the named primate.",Marmoset.png,440,440,RGBA,ec807b74864d0e8f28b38fd0e1cd53317078682fd75e5dcc8c8d99f5fb5555df,46c658e03dd6bbe3b7eb115593b0b63f3087d2bad4f1d7d3f67bd43e1794f977,,,,,,,,,,,,,,,,,,,,,,,
fauna,Marmot,Marmot,HOLD,FAIL,HOLD,True,Rodents,MEDIUM,,PASS,POLISH,POLISH,POLISH,POLISH,POLISH,"Broad family anatomy is usable, but the portrait still shares simplified global body templates and should retain stronger species markers.","No critical routing, clipping, eye, or life-stage issue found in the full-size visual pass. Recognizable within the established stylized family language. Verify rodent/lagomorph skull, incisors/muzzle, fore/hind foot proportions, body posture and tail; several currently inherit the rabbit-like template.",Marmot.png,440,440,RGBA,c0c7cc65f0a57d902b54ee3c0366d5f515022fc19a31523ad8c7794230b37aaa,3711f08278cff993733a277f4bed8b92c6d3b64e6f6cbfc5810cc666331a2f9e,,,,,,,,,,,,,,,,,,,,,,,
fauna,Marsh_Rodent,Marsh Rodent,HOLD,FAIL,HOLD,True,Other or uncertain,MEDIUM,,PASS,POLISH,POLISH,POLISH,POLISH,POLISH,"Broad family anatomy is usable, but the portrait still shares simplified global body templates and should retain stronger species markers.","No critical routing, clipping, eye, or life-stage issue found in the full-size visual pass. Recognizable within the established stylized family language. Broad family routing may be usable, but Marsh Rodent still needs an unlabeled silhouette check for body plan, head, eyes/sensory structures, appendages and rear/terminal anatomy.",Marsh_Rodent.png,440,440,RGBA,96f3f2ab382a3b46cf0262c15e2faa8864dc25fa94ae96960d5c91b7c7fda984,519d8e688af569d8d3f0789e8405ca08b92d3249f735e3a40848f5ecb196638f,,,,,,,,,,,,,,,,,,,,,,,
fauna,Marten,Marten,HOLD,FAIL,HOLD,True,Weasels and relatives,MEDIUM,,PASS,POLISH,POLISH,POLISH,POLISH,POLISH,"Broad family anatomy is usable, but the portrait still shares simplified global body templates and should retain stronger species markers.","No critical routing, clipping, eye, or life-stage issue found in the full-size visual pass. Recognizable within the established stylized family language. Use the correct low flexible carnivoran torso, pawed limbs, skull/muzzle, and species-specific tail instead of one shared long-body template.",Marten.png,440,440,RGBA,e390370b1333cff8eb539c56c929b900e1d14b451252cac8c6b24746f4ecdf73,7f580e9964bb3d3dbbe83f34597163e86a1983b238d9bacb5bcba5b39c7daeae,,,,,,,,,,,,,,,,,,,,,,,
fauna,Mayfly,Mayfly,HOLD,FAIL,HOLD,True,Mayflies and stoneflies,MEDIUM,,PASS,POLISH,POLISH,POLISH,POLISH,POLISH,"Broad family anatomy is usable, but the portrait still shares simplified global body templates and should retain stronger species markers.","No critical routing, clipping, eye, or life-stage issue found in the full-size visual pass. Recognizable within the established stylized family language. Use correct insect anatomy: distinct head/thorax/abdomen, six articulated legs, correct wing count and attachment, antennae, mouthparts and species-specific shell/body proportions.",Mayfly.png,440,440,RGBA,7d1bbec2f4a0169c42d725c180979963ebc19b7a2870a26fcaddee08aab91328,4f42071f160672c8930c86a84862d023455f6cfd31d243223bfaf3f56b2034fc,,,,,,,,,,,,,,,,,,,,,,,
fauna,Millipede,Millipede,HOLD,FAIL,HOLD,True,Ice and cave insects,MEDIUM,,PASS,POLISH,POLISH,POLISH,POLISH,POLISH,"Broad family anatomy is usable, but the portrait still shares simplified global body templates and should retain stronger species markers.","No critical routing, clipping, eye, or life-stage issue found in the full-size visual pass. Recognizable within the established stylized family language. Use correct insect anatomy: distinct head/thorax/abdomen, six articulated legs, correct wing count and attachment, antennae, mouthparts and species-specific shell/body proportions.",Millipede.png,440,440,RGBA,07b40f8e6e3bc5d70f0b71a8dd97c99c9763c65e95c918e75f8c58113ee12186,7fbd6c322634b761b84ea652d1169f133ce3ef27cc43c9a14c0a838131e24294,,,,,,,,,,,,,,,,,,,,,,,
fauna,Mink,Mink,HOLD,FAIL,HOLD,True,Weasels and relatives,MEDIUM,,PASS,POLISH,POLISH,POLISH,POLISH,POLISH,"Broad family anatomy is usable, but the portrait still shares simplified global body templates and should retain stronger species markers.","No critical routing, clipping, eye, or life-stage issue found in the full-size visual pass. Recognizable within the established stylized family language. Use the correct low flexible carnivoran torso, pawed limbs, skull/muzzle, and species-specific tail instead of one shared long-body template.",Mink.png,440,440,RGBA,4ec2d9f12ab795472b8a6dbca65ddee6ea52aae1a5aed5280a5d41ec74e698b2,4f4a7f87f37a567a6abe50c54b1db16a51497126326b252fb26ecd6c21f9beb2,,,,,,,,,,,,,,,,,,,,,,,
fauna,Minnow,Minnow,HOLD,FAIL,HOLD,True,Carp-like fish,MEDIUM,,PASS,POLISH,POLISH,POLISH,POLISH,POLISH,"Broad family anatomy is usable, but the portrait still shares simplified global body templates and should retain stronger species markers.","No critical routing, clipping, eye, or life-stage issue found in the full-size visual pass. Recognizable within the established stylized family language. The portrait relies on a generic torpedo fish. Correct body depth, head/mouth position, dorsal/anal/pectoral fin shape, caudal fin, markings and any diagnostic appendage.",Minnow.png,440,440,RGBA,87b62d5fe87564a7b0fb4ce534f9d10327cab86966dbaeecee27c012cd657878,bd5f27ed6923e46daee2b6d5453ebf9030da0eacf66a5771e748e9998305546f,,,,,,,,,,,,,,,,,,,,,,,
fauna,Mite,Mite,HOLD,FAIL,HOLD,True,Ice and cave insects,HIGH,Mole | Pseudoscorpion,PASS,POLISH,POLISH,POLISH,POLISH,POLISH,"Broad family anatomy is usable, but the portrait still shares simplified global body templates and should retain stronger species markers.","No critical routing, clipping, eye, or life-stage issue found in the full-size visual pass. Recognizable within the established stylized family language. Use correct insect anatomy: distinct head/thorax/abdomen, six articulated legs, correct wing count and attachment, antennae, mouthparts and species-specific shell/body proportions.",Mite.png,440,440,RGBA,a6cfdb833e9ae95f813cbe3cb40a489a7232d3767e32b838942cc2ba12e1ff01,7af5dc8337c97a7d08d2e09a13bafec6922559a5f2e47f23df29072c8047b9fd,,,,,,,,,,,,,,,,,,,,,,,
fauna,Mole,Mole,HOLD,FAIL,FAIL,True,Insect-eating and burrowing mammals,HIGH,Mite | Pseudoscorpion,POLISH,POLISH,POLISH,POLISH,POLISH,POLISH,POLISH,"The low dark body reads, but enlarge the shovel-like forefeet, reduce visible eyes/ears and add a pointed tactile snout.",Mole.png,440,440,RGBA,dd745d47edeeb8f6ae895cbd8631fa6f2d10ac2a4f9d0ae22452ac0070230c14,bd20d69c367905b396d45a4b333d24fa26e2dee510bd0da3a631cc09530f63dd,,,,,,,,,,,,,,,,,,,,,,,
fauna,Mongoose,Mongoose,HOLD,FAIL,HOLD,True,Civets and mongooses,MEDIUM,,PASS,POLISH,POLISH,POLISH,POLISH,POLISH,"Broad family anatomy is usable, but the portrait still shares simplified global body templates and should retain stronger species markers.","No critical routing, clipping, eye, or life-stage issue found in the full-size visual pass. Recognizable within the established stylized family language. Use the correct low flexible carnivoran torso, pawed limbs, skull/muzzle, and species-specific tail instead of one shared long-body template.",Mongoose.png,440,440,RGBA,17213228a6cd23d13f7790d406182a6eae20d39f38cfcabd852c98a0ae8cba59,901798cb15e3d2f868cd4deb4ca9000bb9b0254f0a5215e8314664ef861239ec,,,,,,,,,,,,,,,,,,,,,,,
fauna,Monitor_Lizard,Monitor Lizard,HOLD,FAIL,HOLD,True,Large lizards,MEDIUM,,PASS,POLISH,POLISH,POLISH,POLISH,POLISH,"Broad family anatomy is usable, but the portrait still shares simplified global body templates and should retain stronger species markers.","No critical routing, clipping, eye, or life-stage issue found in the full-size visual pass. Recognizable within the established stylized family language. Verify skull/head profile, limb state, body thickness, scale texture, tail and any crest/frill/horn; do not rely on color alone.",Monitor_Lizard.png,440,440,RGBA,8196b2bc724c029b26862e1976af13d433aab9970840ba3942f0eb412e7f4d72,4d97e47949ae4e06b367a73e1d842c9a5ccd6ae9a91595d737d32fd12e24afc2,,,,,,,,,,,,,,,,,,,,,,,
fauna,Monkey,Monkey,HOLD,FAIL,HOLD,True,Primates,MEDIUM,,PASS,POLISH,POLISH,POLISH,POLISH,POLISH,"Broad family anatomy is usable, but the portrait still shares simplified global body templates and should retain stronger species markers.","No critical routing, clipping, eye, or life-stage issue found in the full-size visual pass. Recognizable within the established stylized family language. Verify torso posture, arm/leg ratio, hands/feet, face shape and tail state for the named primate.",Monkey.png,440,440,RGBA,da754f50facbba5204b0fd71ca20a2c75781e2b48dd91d682733651747ecf06b,b286bbaa7bbec21b8dbbf9a539fc6f32c5f7e81b66c5f3cd2ec3d6a695b88550,,,,,,,,,,,,,,,,,,,,,,,
fauna,Monkfish,Monkfish,HOLD,FAIL,HOLD,True,Bottom-dwelling fish,MEDIUM,,PASS,POLISH,POLISH,POLISH,POLISH,POLISH,"Broad family anatomy is usable, but the portrait still shares simplified global body templates and should retain stronger species markers.","No critical routing, clipping, eye, or life-stage issue found in the full-size visual pass. Recognizable within the established stylized family language. The portrait relies on a generic torpedo fish. Correct body depth, head/mouth position, dorsal/anal/pectoral fin shape, caudal fin, markings and any diagnostic appendage.",Monkfish.png,440,440,RGBA,be0160789775a76af718953a2a340ffab8b1298602d8e7eed17f77f247d058d2,85745ca27267f5b648b210321a1747d604805ea07057c39fee7cdbfae0737f00,,,,,,,,,,,,,,,,,,,,,,,
fauna,Moorhen,Moorhen,HOLD,FAIL,HOLD,True,Cranes and rails,MEDIUM,,PASS,POLISH,POLISH,POLISH,POLISH,POLISH,"Broad family anatomy is usable, but the portrait still shares simplified global body templates and should retain stronger species markers.","No critical routing, clipping, eye, or life-stage issue found in the full-size visual pass. Recognizable within the established stylized family language. Broad family routing may be usable, but Moorhen still needs an unlabeled silhouette check for body plan, head, eyes/sensory structures, appendages and rear/terminal anatomy.",Moorhen.png,440,440,RGBA,91bf8144a783ce9515642d1adc72738abcce115b252f990627669078225b59df,42b7b425ea0a3993be3c1abe851c9a769b5126f5db0658e3c0794034214473c8,,,,,,,,,,,,,,,,,,,,,,,
fauna,Moose,Moose,HOLD,FAIL,HOLD,True,Deer and relatives,MEDIUM,,PASS,POLISH,POLISH,PASS,POLISH,POLISH,"Broad family anatomy is usable, but the portrait still shares simplified global body templates and should retain stronger species markers.","Antlers are present; make them broader/palmate and increase muzzle/shoulder mass. The ungulate base is usable, but the named species must have correct horn/antler geometry, neck, shoulder/croup mass, leg length, hooves, head and tail.",Moose.png,440,440,RGBA,1970c9ff12a5febcb65614c00c86371dbab5edece8c17aaf20350be15a66b137,1b5b6711c512256133b417e2dcbfbe09b965bc41f2f83e9e164f0577ed26f0f4,,,,,,,,,,,,,,,,,,,,,,,
fauna,Moray_Eel,Moray Eel,HOLD,FAIL,HOLD,True,Eels,MEDIUM,,PASS,POLISH,POLISH,POLISH,POLISH,POLISH,"Broad family anatomy is usable, but the portrait still shares simplified global body templates and should retain stronger species markers.","No critical routing, clipping, eye, or life-stage issue found in the full-size visual pass. Recognizable within the established stylized family language. Broad family routing may be usable, but Moray Eel still needs an unlabeled silhouette check for body plan, head, eyes/sensory structures, appendages and rear/terminal anatomy.",Moray_Eel.png,440,440,RGBA,698851bad76e3a73352c12b9d6c68c4c7e55367fc4c7c1f42ce0ea061f125eab,16856c66b09181622ef67e0c0cb937772483092ad77f7a4dff46e91c9eb08a1f,,,,,,,,,,,,,,,,,,,,,,,
fauna,Mosquito,Mosquito,HOLD,FAIL,FAIL,True,Mosquitoes and midges,HIGH,,POLISH,POLISH,POLISH,PASS,POLISH,POLISH,POLISH,"The winged insect is present, but the long proboscis, long thin legs and narrow abdomen need stronger emphasis.",Mosquito.png,440,440,RGBA,364ba859c21550161ae8b8360e6f98039fded001e789fa6734378b194e3c3f74,3aa86486c8a590871bb3afff4f0184e09f34a0d4570b337cd5570b9f5ef64a5c,,,,,,,,,,,,,,,,,,,,,,,
fauna,Moth,Moth,HOLD,FAIL,HOLD,True,Insects,MEDIUM,,PASS,POLISH,POLISH,POLISH,POLISH,POLISH,"Broad family anatomy is usable, but the portrait still shares simplified global body templates and should retain stronger species markers.","No critical routing, clipping, eye, or life-stage issue found in the full-size visual pass. Recognizable within the established stylized family language. Use correct insect anatomy: distinct head/thorax/abdomen, six articulated legs, correct wing count and attachment, antennae, mouthparts and species-specific shell/body proportions.",Moth.png,440,440,RGBA,b7253d1f231f396ee9194443af851d9bba30e0c673f122e37cdce5d70cbdbb1f,3180009514d9197d588f0b38e52621550492d9e2548fc4750797e696515dceff,,,,,,,,,,,,,,,,,,,,,,,
fauna,Mountain_Goat,Mountain Goat,HOLD,FAIL,HOLD,True,Other or uncertain,MEDIUM,,PASS,POLISH,POLISH,POLISH,POLISH,POLISH,"Broad family anatomy is usable, but the portrait still shares simplified global body templates and should retain stronger species markers.","No critical routing, clipping, eye, or life-stage issue found in the full-size visual pass. Recognizable within the established stylized family language. Broad family routing may be usable, but Mountain Goat still needs an unlabeled silhouette check for body plan, head, eyes/sensory structures, appendages and rear/terminal anatomy.",Mountain_Goat.png,440,440,RGBA,ffa8c08fb5b176e3832c7b195d803b4f7e72c67e0c5338d5b6fb7ec7cec85192,f04663287c24966fbd93c9c04afd54f963309e1ecc616166cf89012a0a39b475,,,,,,,,,,,,,,,,,,,,,,,
fauna,Mountain_Lizard,Mountain Lizard,HOLD,FAIL,HOLD,True,Lizards,MEDIUM,,PASS,POLISH,POLISH,POLISH,POLISH,POLISH,"Broad family anatomy is usable, but the portrait still shares simplified global body templates and should retain stronger species markers.","No critical routing, clipping, eye, or life-stage issue found in the full-size visual pass. Recognizable within the established stylized family language. Verify skull/head profile, limb state, body thickness, scale texture, tail and any crest/frill/horn; do not rely on color alone.",Mountain_Lizard.png,440,440,RGBA,a2b8012d961e7390d7cfad8c78fa2e1d5a656b04e8b3ac5d5ebfd2006af222a1,d69c889f8100487bed2b9c929056ab994d5e285ca58df7a95cedbd5677fb3448,,,,,,,,,,,,,,,,,,,,,,,
fauna,Mountain_Tapir,Mountain Tapir,HOLD,FAIL,HOLD,True,Other or uncertain,MEDIUM,,PASS,POLISH,POLISH,POLISH,POLISH,POLISH,"Broad family anatomy is usable, but the portrait still shares simplified global body templates and should retain stronger species markers.","No critical routing, clipping, eye, or life-stage issue found in the full-size visual pass. Recognizable within the established stylized family language. Broad family routing may be usable, but Mountain Tapir still needs an unlabeled silhouette check for body plan, head, eyes/sensory structures, appendages and rear/terminal anatomy.",Mountain_Tapir.png,440,440,RGBA,0099796a45e048d9dd3fa6c6cc49bfefa106583cfbec2d331c2e9ee98ec07337,6082325082d7752919a6a5849d81b2df87dbeca636f0b84aad1673d27a1056ec,,,,,,,,,,,,,,,,,,,,,,,
fauna,Mountain_Viper,Mountain Viper,HOLD,FAIL,HOLD,True,Snakes,MEDIUM,,PASS,POLISH,POLISH,POLISH,POLISH,POLISH,"Broad family anatomy is usable, but the portrait still shares simplified global body templates and should retain stronger species markers.","No critical routing, clipping, eye, or life-stage issue found in the full-size visual pass. Recognizable within the established stylized family language. Verify skull/head profile, limb state, body thickness, scale texture, tail and any crest/frill/horn; do not rely on color alone.",Mountain_Viper.png,440,440,RGBA,30bd1117c6242762fcfa0cf61c0bc007dad05db836398a2a180c5de4811cd9c7,672e8291f461cc578cbfd08ecffda69ad1160cc29e903564fa48e5022403535b,,,,,,,,,,,,,,,,,,,,,,,
fauna,Mouse,Mouse,HOLD,FAIL,HOLD,True,Rodents,MEDIUM,,PASS,POLISH,POLISH,POLISH,POLISH,POLISH,"Broad family anatomy is usable, but the portrait still shares simplified global body templates and should retain stronger species markers.","No critical routing, clipping, eye, or life-stage issue found in the full-size visual pass. Recognizable within the established stylized family language. Verify rodent/lagomorph skull, incisors/muzzle, fore/hind foot proportions, body posture and tail; several currently inherit the rabbit-like template.",Mouse.png,440,440,RGBA,935326fe13eb03d4ecee1c6cc506fe3d7d32a0d8903d7e7d63474559dd4165cc,2c751055cfe1ed0aacba4cd9aa320515d8ac00d013935e90c073ffc5858b4d47,,,,,,,,,,,,,,,,,,,,,,,
fauna,Mud_Crab,Mud Crab,HOLD,FAIL,HOLD,True,Crustaceans,MEDIUM,,PASS,POLISH,POLISH,POLISH,POLISH,POLISH,"Broad family anatomy is usable, but the portrait still shares simplified global body templates and should retain stronger species markers.","No critical routing, clipping, eye, or life-stage issue found in the full-size visual pass. Recognizable within the established stylized family language. Verify segmented carapace, correct leg/claw count, antennae, abdomen/tail fan and the named species’ defining asymmetry or shell form.",Mud_Crab.png,440,440,RGBA,09f51e72a92d1b07353d30f33cb3458450e87b8ea433cb999d70cda6f369c92d,8bfa42ebfbb281529233b4d884784017fca060472bca5323fbb10f78052491d5,,,,,,,,,,,,,,,,,,,,,,,
fauna,Mudminnow,Mudminnow,HOLD,FAIL,HOLD,True,Other or uncertain,MEDIUM,,PASS,POLISH,POLISH,POLISH,POLISH,POLISH,"Broad family anatomy is usable, but the portrait still shares simplified global body templates and should retain stronger species markers.","No critical routing, clipping, eye, or life-stage issue found in the full-size visual pass. Recognizable within the established stylized family language. Broad family routing may be usable, but Mudminnow still needs an unlabeled silhouette check for body plan, head, eyes/sensory structures, appendages and rear/terminal anatomy.",Mudminnow.png,440,440,RGBA,b411243f96becaf9818ec1899ed4a2578de15734004e33d40170a8f17c4c153a,f3b91551771977e79ac9ff85aaa1ac7d594afc14bf80f5eafc17e2b1f75cf567,,,,,,,,,,,,,,,,,,,,,,,
fauna,Mullet,Mullet,HOLD,FAIL,HOLD,True,Coastal fish,MEDIUM,,PASS,POLISH,POLISH,POLISH,POLISH,POLISH,"Broad family anatomy is usable, but the portrait still shares simplified global body templates and should retain stronger species markers.","No critical routing, clipping, eye, or life-stage issue found in the full-size visual pass. Recognizable within the established stylized family language. The portrait relies on a generic torpedo fish. Correct body depth, head/mouth position, dorsal/anal/pectoral fin shape, caudal fin, markings and any diagnostic appendage.",Mullet.png,440,440,RGBA,2e984bce743ad70af0ed414e183ff2692092934fabf867a875206566f050845d,f51e96ffe6397de71ad2d29535a1bc6938893e97850c2dd48e1fc6b1e07496d2,,,,,,,,,,,,,,,,,,,,,,,
fauna,Musk_Ox,Musk Ox,HOLD,FAIL,HOLD,True,Cattle and bovids,MEDIUM,,PASS,POLISH,POLISH,POLISH,POLISH,POLISH,"Broad family anatomy is usable, but the portrait still shares simplified global body templates and should retain stronger species markers.","No critical routing, clipping, eye, or life-stage issue found in the full-size visual pass. Recognizable within the established stylized family language. The ungulate base is usable, but the named species must have correct horn/antler geometry, neck, shoulder/croup mass, leg length, hooves, head and tail.",Musk_Ox.png,440,440,RGBA,5d4aa277cc1c0d4a421dc49e0df0ced1050fadecdca115da3116fa22a8e355b4,a986733d02d0749c739583375fbecca96ff46c0d953d67fb9f61b7621777d6ba,,,,,,,,,,,,,,,,,,,,,,,
fauna,Mussel,Mussel,HOLD,FAIL,HOLD,True,Bivalves,MEDIUM,,PASS,POLISH,POLISH,POLISH,POLISH,POLISH,"Broad family anatomy is usable, but the portrait still shares simplified global body templates and should retain stronger species markers.","No critical routing, clipping, eye, or life-stage issue found in the full-size visual pass. Recognizable within the established stylized family language. Broad family routing may be usable, but Mussel still needs an unlabeled silhouette check for body plan, head, eyes/sensory structures, appendages and rear/terminal anatomy.",Mussel.png,440,440,RGBA,cece7d18da1c79c7501a66750a2247dedc3ef0b8a211723819ceb93b14cc8771,68b5b6a6a46e1b085c13f3f882f8851029850990761f0224fce5888e244ee7f8,,,,,,,,,,,,,,,,,,,,,,,
fauna,Nautilus,Nautilus,HOLD,FAIL,HOLD,True,Cephalopods,MEDIUM,,PASS,POLISH,POLISH,POLISH,POLISH,POLISH,"Broad family anatomy is usable, but the portrait still shares simplified global body templates and should retain stronger species markers.","No critical routing, clipping, eye, or life-stage issue found in the full-size visual pass. Recognizable within the established stylized family language. Verify mantle form, eye/head placement, arm count, feeding tentacles, fin skirt/fins and rear mantle taper for the named cephalopod.",Nautilus.png,440,440,RGBA,6c6aef762a93fa74d557ed2bf9e1c92ec63904299eaa7d46378dd9fcfa04f015,2796c6434273653e4b034a11d0b587486437e96d5141a5b1cd2814e146465144,,,,,,,,,,,,,,,,,,,,,,,
fauna,Newt,Newt,HOLD,FAIL,HOLD,True,Newts,MEDIUM,,PASS,POLISH,POLISH,POLISH,POLISH,POLISH,"Broad family anatomy is usable, but the portrait still shares simplified global body templates and should retain stronger species markers.","No critical routing, clipping, eye, or life-stage issue found in the full-size visual pass. Recognizable within the established stylized family language. Broad family routing may be usable, but Newt still needs an unlabeled silhouette check for body plan, head, eyes/sensory structures, appendages and rear/terminal anatomy.",Newt.png,440,440,RGBA,b9830664af4c1ddfcb5731b9f148333fa9d23928982cff86bca559d7d14776e4,662a1f329fa595afb523fe1c544b22e6ca7ab00c3580fccdbc5c0bdb18aea45f,,,,,,,,,,,,,,,,,,,,,,,
fauna,Nudibranch,Nudibranch,HOLD,FAIL,HOLD,True,Gastropods,MEDIUM,,PASS,POLISH,POLISH,POLISH,POLISH,POLISH,"Broad family anatomy is usable, but the portrait still shares simplified global body templates and should retain stronger species markers.","No critical routing, clipping, eye, or life-stage issue found in the full-size visual pass. Recognizable within the established stylized family language. Broad family routing may be usable, but Nudibranch still needs an unlabeled silhouette check for body plan, head, eyes/sensory structures, appendages and rear/terminal anatomy.",Nudibranch.png,440,440,RGBA,b088fc13f44ab0d9c90189358d7c2ebb1485f171a6d933ffbfe7c4e354eb958d,a342819d4b2dfcca2a2f71e116ebd1454accabd6175a9eb97d83a9508a9b063c,,,,,,,,,,,,,,,,,,,,,,,
fauna,Oarfish,Oarfish,HOLD,FAIL,HOLD,True,Strange deep-sea fish,MEDIUM,,PASS,POLISH,POLISH,POLISH,POLISH,POLISH,"Broad family anatomy is usable, but the portrait still shares simplified global body templates and should retain stronger species markers.","No critical routing, clipping, eye, or life-stage issue found in the full-size visual pass. Recognizable within the established stylized family language. The portrait relies on a generic torpedo fish. Correct body depth, head/mouth position, dorsal/anal/pectoral fin shape, caudal fin, markings and any diagnostic appendage.",Oarfish.png,440,440,RGBA,b7741785a0c068b7792ae2814b4c0b1016a62ac32ebad1c66fe3d45dbbc27e5b,7e8405cd71f693f6ccb451241d36e6d65c5bf54cd8fb68c42e3182c4c0194851,,,,,,,,,,,,,,,,,,,,,,,
fauna,Ocean_Sunfish,Ocean Sunfish,HOLD,FAIL,HOLD,True,Other or uncertain,MEDIUM,,PASS,POLISH,POLISH,PASS,POLISH,POLISH,"Broad family anatomy is usable, but the portrait still shares simplified global body templates and should retain stronger species markers.","Broad truncated body reads; enlarge dorsal/anal fins and reduce tail. Broad family routing may be usable, but Ocean Sunfish still needs an unlabeled silhouette check for body plan, head, eyes/sensory structures, appendages and rear/terminal anatomy.",Ocean_Sunfish.png,440,440,RGBA,8f03a6b5db42be94ee0d3f2db00dfd71af732ef03f76cc27db28aad1f0b5ae68,e711aef58dc075a319c4efa594ff425bc3fa1ee125daef90cfb150196154ec6e,,,,,,,,,,,,,,,,,,,,,,,
fauna,Octopus,Octopus,HOLD,FAIL,HOLD,True,Cephalopods,MEDIUM,,PASS,POLISH,POLISH,POLISH,POLISH,POLISH,"Broad family anatomy is usable, but the portrait still shares simplified global body templates and should retain stronger species markers.","No critical routing, clipping, eye, or life-stage issue found in the full-size visual pass. Recognizable within the established stylized family language. Verify mantle form, eye/head placement, arm count, feeding tentacles, fin skirt/fins and rear mantle taper for the named cephalopod.",Octopus.png,440,440,RGBA,352aa425384ce8c3e13b9a8aec77ab95e93d97a575c58bd5ebcaf823a282119e,4b808f9f3ec9dcb19879f2547a77a1e3980fe9713ce920a091d0c4456c9bf6b1,,,,,,,,,,,,,,,,,,,,,,,
fauna,Okapi,Okapi,HOLD,FAIL,HOLD,True,Giraffes and relatives,MEDIUM,,PASS,POLISH,POLISH,POLISH,POLISH,POLISH,"Broad family anatomy is usable, but the portrait still shares simplified global body templates and should retain stronger species markers.","No critical routing, clipping, eye, or life-stage issue found in the full-size visual pass. Recognizable within the established stylized family language. The ungulate base is usable, but the named species must have correct horn/antler geometry, neck, shoulder/croup mass, leg length, hooves, head and tail.",Okapi.png,440,440,RGBA,8562d6875f18e7a4e4fa7a56b95c3bc2324e1bf93e943e9ff84e40f305f6b4a4,aeee5adc56d6e1a03e37f6b0a5cb06506a7845d00c79b032f6a53b9de59475bb,,,,,,,,,,,,,,,,,,,,,,,
fauna,Olm,Olm,HOLD,FAIL,HOLD,True,Permanently aquatic amphibians,MEDIUM,,PASS,POLISH,POLISH,POLISH,POLISH,POLISH,"Broad family anatomy is usable, but the portrait still shares simplified global body templates and should retain stronger species markers.","No critical routing, clipping, eye, or life-stage issue found in the full-size visual pass. Recognizable within the established stylized family language. Broad family routing may be usable, but Olm still needs an unlabeled silhouette check for body plan, head, eyes/sensory structures, appendages and rear/terminal anatomy.",Olm.png,440,440,RGBA,519499b5a400300324d849562a9623bd551ee2b8af0f7d1e5bc862815afd0896,a857f1bdcd54afe76a6d6b52258918bc8baa612a923f1da6fad2efd4dff7104c,,,,,,,,,,,,,,,,,,,,,,,
fauna,Orangutan,Orangutan,HOLD,FAIL,HOLD,True,Primates,MEDIUM,,PASS,POLISH,POLISH,POLISH,POLISH,POLISH,"Broad family anatomy is usable, but the portrait still shares simplified global body templates and should retain stronger species markers.","No critical routing, clipping, eye, or life-stage issue found in the full-size visual pass. Recognizable within the established stylized family language. Verify torso posture, arm/leg ratio, hands/feet, face shape and tail state for the named primate.",Orangutan.png,440,440,RGBA,6c39cedadf77223a9f15133019bd83245dd5aa73ed33648444b07d0f187e6fee,393b5893775bae9b8aa7deec1d2ec27e19bd2a5d32cf8d5aad48f10e72795716,,,,,,,,,,,,,,,,,,,,,,,
fauna,Orca,Orca,HOLD,FAIL,FAIL,True,Marine mammals,HIGH,,POLISH,POLISH,POLISH,PASS,POLISH,POLISH,POLISH,"The black-and-white pattern is unmistakable, but strengthen the tall dorsal fin, rounded forehead, pectoral flippers and horizontal tail flukes.",Orca.png,440,440,RGBA,cd44b0453bea3da64feecb256b54e43ef3b0357058a7860596bd1ceabd9a2470,26cadc7eb23fb3b0386ecd568d7935148d7c36565ee5b24640f5ff8eb9a1d642,,,,,,,,,,,,,,,,,,,,,,,
fauna,Oryx,Oryx,HOLD,FAIL,HOLD,True,Cattle and bovids,MEDIUM,,PASS,POLISH,POLISH,POLISH,POLISH,POLISH,"Broad family anatomy is usable, but the portrait still shares simplified global body templates and should retain stronger species markers.","No critical routing, clipping, eye, or life-stage issue found in the full-size visual pass. Recognizable within the established stylized family language. The ungulate base is usable, but the named species must have correct horn/antler geometry, neck, shoulder/croup mass, leg length, hooves, head and tail.",Oryx.png,440,440,RGBA,032d424eff8f678ce32be11c8b6531575327d1f374791946ae7a228a350dd6ed,0470dc7d22fe26bd3ff9bbaf26b43ad04f4a3aea0f47e03186e92a94303f2dd5,,,,,,,,,,,,,,,,,,,,,,,
fauna,Otter,Otter,HOLD,FAIL,HOLD,True,Weasels and relatives,HIGH,River_Otter,PASS,POLISH,POLISH,POLISH,POLISH,POLISH,"Broad family anatomy is usable, but the portrait still shares simplified global body templates and should retain stronger species markers.","No critical routing, clipping, eye, or life-stage issue found in the full-size visual pass. Recognizable within the established stylized family language. Use the correct low flexible carnivoran torso, pawed limbs, skull/muzzle, and species-specific tail instead of one shared long-body template.",Otter.png,440,440,RGBA,aa0556a94f011be29f267bdd8403ed5d92a55a3f556759a6cacc85ec33f532a5,b251e8a2103efd5e715d90e2367fab8bec8821ebd4c226415290386510cd676e,,,,,,,,,,,,,,,,,,,,,,,
fauna,Owl,Owl,HOLD,FAIL,HOLD,True,Raptors and owls,MEDIUM,,PASS,POLISH,POLISH,POLISH,POLISH,POLISH,"Broad family anatomy is usable, but the portrait still shares simplified global body templates and should retain stronger species markers.","No critical routing, clipping, eye, or life-stage issue found in the full-size visual pass. Recognizable within the established stylized family language. Replace the generic compact bird body with species-correct raptor mass, hooked bill, wing proportions, talons, tail and head/crest.",Owl.png,440,440,RGBA,5dea497fde19160af50f6399ac50ca1e28ee7348a846bb4b855eb05535eb9fd1,2a23537561083f8fd7ed1ca4b30dcc3aa42d16c56db9eaadba917ed5b3d722e2,,,,,,,,,,,,,,,,,,,,,,,
fauna,Oyster,Oyster,HOLD,FAIL,HOLD,True,Bivalves,MEDIUM,,PASS,POLISH,POLISH,POLISH,POLISH,POLISH,"Broad family anatomy is usable, but the portrait still shares simplified global body templates and should retain stronger species markers.","No critical routing, clipping, eye, or life-stage issue found in the full-size visual pass. Recognizable within the established stylized family language. Broad family routing may be usable, but Oyster still needs an unlabeled silhouette check for body plan, head, eyes/sensory structures, appendages and rear/terminal anatomy.",Oyster.png,440,440,RGBA,aa2c5b23662c3e6ddf0e828ea7ec15c9dea835199cbfb7807844f71e0f54a12a,2fe65605ed3e6218d8f4372ba778db558efc43aa022ac80869bae04d7fc2a157,,,,,,,,,,,,,,,,,,,,,,,
fauna,Oystercatcher,Oystercatcher,HOLD,FAIL,HOLD,True,Shorebirds,MEDIUM,,PASS,POLISH,POLISH,PASS,POLISH,POLISH,"Broad family anatomy is usable, but the portrait still shares simplified global body templates and should retain stronger species markers.","Use a long bright bill and black/white shorebird body. Keep the wader family but correct the exact bill geometry, neck length, leg/foot proportions, body depth and tail for the named species.",Oystercatcher.png,440,440,RGBA,2de29dd10a67efe1b3ab4075582893cf76d4c568ddbc3b4454919c0754f431bc,2e27e695cd9b8c21938f63f930bc9efa64ea00651bb3a95cc97ebc801819e6f4,,,,,,,,,,,,,,,,,,,,,,,
fauna,Pacu,Pacu,HOLD,FAIL,HOLD,True,Characins,MEDIUM,,PASS,POLISH,POLISH,POLISH,POLISH,POLISH,"Broad family anatomy is usable, but the portrait still shares simplified global body templates and should retain stronger species markers.","No critical routing, clipping, eye, or life-stage issue found in the full-size visual pass. Recognizable within the established stylized family language. Broad family routing may be usable, but Pacu still needs an unlabeled silhouette check for body plan, head, eyes/sensory structures, appendages and rear/terminal anatomy.",Pacu.png,440,440,RGBA,25825d1ea5a543a68d5ba7c2393bc7bd1eed9aa3899558a44b687c354923263a,b63e900d3f4b62817d0fb8d54a454714fce92301d532495dd5e930fcfe3a7dca,,,,,,,,,,,,,,,,,,,,,,,
fauna,Pangolin,Pangolin,HOLD,FAIL,HOLD,True,Other or uncertain,MEDIUM,,PASS,POLISH,POLISH,POLISH,POLISH,POLISH,"Broad family anatomy is usable, but the portrait still shares simplified global body templates and should retain stronger species markers.","No critical routing, clipping, eye, or life-stage issue found in the full-size visual pass. Recognizable within the established stylized family language. Broad family routing may be usable, but Pangolin still needs an unlabeled silhouette check for body plan, head, eyes/sensory structures, appendages and rear/terminal anatomy.",Pangolin.png,440,440,RGBA,6e800fe1ddfe17f219700ea33bd91e73f564127022fc8587687dd142581c09f2,f9b07e082a8258f0839e7136b275fbd239a9ea77569ce86aa8b39112e2cf546b,,,,,,,,,,,,,,,,,,,,,,,
fauna,Parrotfish,Parrotfish,HOLD,FAIL,HOLD,True,Reef fish,MEDIUM,,PASS,POLISH,POLISH,POLISH,POLISH,POLISH,"Broad family anatomy is usable, but the portrait still shares simplified global body templates and should retain stronger species markers.","The reef-fish body reads, but add the fused beak-like mouth, heavier forehead and more distinctive parrotfish color blocks.",Parrotfish.png,440,440,RGBA,2d167627fcc8746f2fb6c8899e986be8de4bacb17b7dccc31d6b65aa8bf7f496,210d0377fa99cc8432ee645084f88541fb9a603d99955e0daeb099543418b4b8,,,,,,,,,,,,,,,,,,,,,,,
fauna,Partridge,Partridge,HOLD,FAIL,HOLD,True,Gamebirds,HIGH,Sandgrouse,PASS,POLISH,POLISH,POLISH,POLISH,POLISH,"Broad family anatomy is usable, but the portrait still shares simplified global body templates and should retain stronger species markers.","No critical routing, clipping, eye, or life-stage issue found in the full-size visual pass. Recognizable within the established stylized family language. The named bird relies too heavily on the shared side-bird template. Correct the bill, neck, body depth, wing length, leg type, tail and crest/display structures for the species.",Partridge.png,440,440,RGBA,94bfb336ef33fd11748cb585bd9f171d3e2a22e8947dd6363534b95636fa98c2,cbdccb45dbf459b12b09209b8c194550041824179f369f0c92b9f24a4c69db49,,,,,,,,,,,,,,,,,,,,,,,
fauna,Peacock,Peacock,HOLD,FAIL,HOLD,True,Gamebirds,MEDIUM,,PASS,POLISH,POLISH,POLISH,POLISH,POLISH,"Broad family anatomy is usable, but the portrait still shares simplified global body templates and should retain stronger species markers.","No critical routing, clipping, eye, or life-stage issue found in the full-size visual pass. Recognizable within the established stylized family language. The named bird relies too heavily on the shared side-bird template. Correct the bill, neck, body depth, wing length, leg type, tail and crest/display structures for the species.",Peacock.png,440,440,RGBA,cc3c59b1523ae112e372c8b7868378e294f0479c6a6d9098565b7f16e26c66d6,353b6017e4e35bebb6d3db9deb4a7a5726dfc01ba3718aded60637e72adb4337,,,,,,,,,,,,,,,,,,,,,,,
fauna,Peccary,Peccary,HOLD,FAIL,HOLD,True,Pigs and relatives,MEDIUM,,PASS,POLISH,POLISH,POLISH,POLISH,POLISH,"Broad family anatomy is usable, but the portrait still shares simplified global body templates and should retain stronger species markers.","No critical routing, clipping, eye, or life-stage issue found in the full-size visual pass. Recognizable within the established stylized family language. Broad family routing may be usable, but Peccary still needs an unlabeled silhouette check for body plan, head, eyes/sensory structures, appendages and rear/terminal anatomy.",Peccary.png,440,440,RGBA,e36a1f640dbf2324ef5df2b498e792cd5b81e278ffec4bb8d3ab24f0c068c7ac,590d3e0bcfa24a9132cb0fd544e097d9d1463c5028638ef4fdd5cf8a37ee2efc,,,,,,,,,,,,,,,,,,,,,,,
fauna,Pelican,Pelican,HOLD,FAIL,HOLD,True,Pelicans and diving waterbirds,MEDIUM,,PASS,POLISH,POLISH,POLISH,POLISH,POLISH,"Broad family anatomy is usable, but the portrait still shares simplified global body templates and should retain stronger species markers.","The long bill reads, but enlarge the throat pouch, deepen the body and shorten the neck/tail relationship.",Pelican.png,440,440,RGBA,1bd1ecba8eb179a96b00053c907848d07f09870107dc6fd193a6b07e21892c8a,a29057946111ce31b36ca728626466077f4e66509acd35a61fd077b06ca59daf,,,,,,,,,,,,,,,,,,,,,,,
fauna,Penguin,Penguin,HOLD,FAIL,HOLD,True,Flightless birds,MEDIUM,,PASS,POLISH,POLISH,POLISH,POLISH,POLISH,"Broad family anatomy is usable, but the portrait still shares simplified global body templates and should retain stronger species markers.","No critical routing, clipping, eye, or life-stage issue found in the full-size visual pass. Recognizable within the established stylized family language. Use the species-specific flightless body: correct torso mass, neck length, vestigial wings/flippers, leg proportions, feet, tail and head ornaments.",Penguin.png,440,440,RGBA,1f68d988a8f5d039c3d1188d4d59b431f06a299be1e16f2496d43fd32ac5ff8a,4ec5d36608fb6eb3c4a649ac95ea62c7f453e1f527fa9bc12997832008c00e52,,,,,,,,,,,,,,,,,,,,,,,
fauna,Perch,Perch,HOLD,FAIL,HOLD,True,Perch-like freshwater fish,MEDIUM,,PASS,POLISH,POLISH,POLISH,POLISH,POLISH,"Broad family anatomy is usable, but the portrait still shares simplified global body templates and should retain stronger species markers.","No critical routing, clipping, eye, or life-stage issue found in the full-size visual pass. Recognizable within the established stylized family language. The portrait relies on a generic torpedo fish. Correct body depth, head/mouth position, dorsal/anal/pectoral fin shape, caudal fin, markings and any diagnostic appendage.",Perch.png,440,440,RGBA,50870c61b713deff28c18942681d236697bf4924f89a2f4475a5aa8cd704c8cf,7955f7c3fe305c7c038b38e1e572d75642869c62085c2ab51ac6ac2e94b7d574,,,,,,,,,,,,,,,,,,,,,,,
fauna,Petrel,Petrel,HOLD,FAIL,HOLD,True,Seabirds,MEDIUM,,PASS,POLISH,POLISH,POLISH,POLISH,POLISH,"Broad family anatomy is usable, but the portrait still shares simplified global body templates and should retain stronger species markers.","No critical routing, clipping, eye, or life-stage issue found in the full-size visual pass. Recognizable within the established stylized family language. The named bird relies too heavily on the shared side-bird template. Correct the bill, neck, body depth, wing length, leg type, tail and crest/display structures for the species.",Petrel.png,440,440,RGBA,a74ee75c629761d4cfce33840b53af7f2739a8c579a7b3c4f4d652352ac29010,b76761140d223d4e6bd03b2d5ec903a225b17ce25966396308e4ebc9818ef3c7,,,,,,,,,,,,,,,,,,,,,,,
fauna,Pheasant,Pheasant,HOLD,FAIL,HOLD,True,Gamebirds,MEDIUM,,PASS,POLISH,POLISH,POLISH,POLISH,POLISH,"Broad family anatomy is usable, but the portrait still shares simplified global body templates and should retain stronger species markers.","No critical routing, clipping, eye, or life-stage issue found in the full-size visual pass. Recognizable within the established stylized family language. The named bird relies too heavily on the shared side-bird template. Correct the bill, neck, body depth, wing length, leg type, tail and crest/display structures for the species.",Pheasant.png,440,440,RGBA,03d8329fea0df2b09557dcb4accb6fabcec89765f32264fd95e722429c01493f,731f065150937005bdaa2073d563d66bc0162c21be72f8df8bad6439df95f23b,,,,,,,,,,,,,,,,,,,,,,,
fauna,Pig,Pig,HOLD,FAIL,HOLD,True,Pigs and relatives,MEDIUM,,PASS,POLISH,POLISH,POLISH,POLISH,POLISH,"Broad family anatomy is usable, but the portrait still shares simplified global body templates and should retain stronger species markers.","No critical routing, clipping, eye, or life-stage issue found in the full-size visual pass. Recognizable within the established stylized family language. Broad family routing may be usable, but Pig still needs an unlabeled silhouette check for body plan, head, eyes/sensory structures, appendages and rear/terminal anatomy.",Pig.png,440,440,RGBA,0a6ccff9c976c169275f1cc14318eb421e19803e3023cb367dfda34e314ed159,b4095251dc0fec4cc8b3ee2711730c6000a619c48cfe8ea7172a0796b8f6b3de,,,,,,,,,,,,,,,,,,,,,,,
fauna,Pigeon,Pigeon,HOLD,FAIL,HOLD,True,Pigeons,HIGH,Dove,PASS,POLISH,POLISH,POLISH,POLISH,POLISH,"Broad family anatomy is usable, but the portrait still shares simplified global body templates and should retain stronger species markers.","No critical routing, clipping, eye, or life-stage issue found in the full-size visual pass. Recognizable within the established stylized family language. The named bird relies too heavily on the shared side-bird template. Correct the bill, neck, body depth, wing length, leg type, tail and crest/display structures for the species.",Pigeon.png,440,440,RGBA,294f9e0b36aaaeb212062fd18250d2f068cf89dfe7d62526e4f0a31a7ea5bd5a,d8570f0985d19ec6467610ef5fb30c67a5a48a1e5a2b1dabab99eb42a26c4618,,,,,,,,,,,,,,,,,,,,,,,
fauna,Pika,Pika,HOLD,FAIL,HOLD,True,Rabbits and relatives,MEDIUM,,PASS,POLISH,POLISH,POLISH,POLISH,POLISH,"Broad family anatomy is usable, but the portrait still shares simplified global body templates and should retain stronger species markers.","No critical routing, clipping, eye, or life-stage issue found in the full-size visual pass. Recognizable within the established stylized family language. Broad family routing may be usable, but Pika still needs an unlabeled silhouette check for body plan, head, eyes/sensory structures, appendages and rear/terminal anatomy.",Pika.png,440,440,RGBA,00be5918ec5a98045b5389aab3735f51083971850a7df1a8f78b90ae7822b473,d9aedcfb1d51fb2b2b343cad27006a984aa2e4025998512de34478299eadd70a,,,,,,,,,,,,,,,,,,,,,,,
fauna,Pike,Pike,HOLD,FAIL,HOLD,True,Pike-like fish,MEDIUM,,PASS,POLISH,POLISH,POLISH,POLISH,POLISH,"Broad family anatomy is usable, but the portrait still shares simplified global body templates and should retain stronger species markers.","No critical routing, clipping, eye, or life-stage issue found in the full-size visual pass. Recognizable within the established stylized family language. The portrait relies on a generic torpedo fish. Correct body depth, head/mouth position, dorsal/anal/pectoral fin shape, caudal fin, markings and any diagnostic appendage.",Pike.png,440,440,RGBA,ea934e3cdd63893667e7ccb55f8108502ac895c28f9e3d33e6c94cec0f7d5260,e0d3abf30838b1403e2fa31cf3e091841b823b8ed2d1738ae2ab8a0b1da56c3e,,,,,,,,,,,,,,,,,,,,,,,
fauna,Pilot_Whale,Pilot Whale,HOLD,FAIL,HOLD,True,Marine mammals,MEDIUM,,PASS,POLISH,POLISH,POLISH,POLISH,POLISH,"Broad family anatomy is usable, but the portrait still shares simplified global body templates and should retain stronger species markers.","No critical routing, clipping, eye, or life-stage issue found in the full-size visual pass. Recognizable within the established stylized family language. Strengthen real marine-mammal proportions: streamlined body, species-correct rostrum/head, dorsal fin placement, pectoral flippers, peduncle and horizontal flukes.",Pilot_Whale.png,440,440,RGBA,3f3549c7f7c72db7e6e507f246bcaa1d54c0ab70cbb26e6e04a5447964d33eb7,ec5feac93e3f025e89a3520e19c74c1e12eef9bd3ba2ecc3a6e092ef4b620d05,,,,,,,,,,,,,,,,,,,,,,,
fauna,Pipefish,Pipefish,HOLD,FAIL,HOLD,True,Seahorses and relatives,MEDIUM,,PASS,POLISH,POLISH,POLISH,POLISH,POLISH,"Broad family anatomy is usable, but the portrait still shares simplified global body templates and should retain stronger species markers.","No critical routing, clipping, eye, or life-stage issue found in the full-size visual pass. Recognizable within the established stylized family language. Use a dedicated equid scaffold: deep barrel torso, withers, sloped shoulder, muscular croup, long wedge-shaped head, articulated knees/hocks/fetlocks, hooves, mane, and flowing or tufted tail.",Pipefish.png,440,440,RGBA,2e939c280a326acbab9fae365fae6d7655fd6a07975937ffb37dedbbdd6772c8,306dbe041c2ec61d1b4880d01db7528fd39defa4b1d7e675eb58346b3f269040,,,,,,,,,,,,,,,,,,,,,,,
fauna,Piranha,Piranha,HOLD,FAIL,HOLD,True,Characins,MEDIUM,,PASS,POLISH,POLISH,POLISH,POLISH,POLISH,"Broad family anatomy is usable, but the portrait still shares simplified global body templates and should retain stronger species markers.","No critical routing, clipping, eye, or life-stage issue found in the full-size visual pass. Recognizable within the established stylized family language. Broad family routing may be usable, but Piranha still needs an unlabeled silhouette check for body plan, head, eyes/sensory structures, appendages and rear/terminal anatomy.",Piranha.png,440,440,RGBA,aac9b1c489e24824768986f321f01582b73cc1a0ea1632cfde84b738d25437fe,70a3bf706083fc1b2a899d614a713359051b857fe73e2b28f1d2205b6df0d05c,,,,,,,,,,,,,,,,,,,,,,,
fauna,Platypus,Platypus,HOLD,FAIL,HOLD,True,Egg-laying mammals,MEDIUM,,PASS,POLISH,POLISH,PASS,POLISH,POLISH,"Broad family anatomy is usable, but the portrait still shares simplified global body templates and should retain stronger species markers.","Bill and flat tail are present; increase webbed feet and lower aquatic posture. Broad family routing may be usable, but Platypus still needs an unlabeled silhouette check for body plan, head, eyes/sensory structures, appendages and rear/terminal anatomy.",Platypus.png,440,440,RGBA,102c2767747b3dcd86c3be9fda16cadf3716f0ff90abb5cee39b1bc9b35a978b,86b262bce25d117d5e919fd0a0a0ab0e048ed8cdeb14f766af4b26aa76433345,,,,,,,,,,,,,,,,,,,,,,,
fauna,Plover,Plover,HOLD,FAIL,HOLD,True,Shorebirds,HIGH,Finch | Lark | Robin | Sparrow | Spider | Starling | Swallow | Swift | Tanager | Weaverbird,PASS,POLISH,POLISH,POLISH,POLISH,POLISH,"Broad family anatomy is usable, but the portrait still shares simplified global body templates and should retain stronger species markers.","No critical routing, clipping, eye, or life-stage issue found in the full-size visual pass. Recognizable within the established stylized family language. Keep the wader family but correct the exact bill geometry, neck length, leg/foot proportions, body depth and tail for the named species.",Plover.png,440,440,RGBA,275f19686f8348c93bba56403c89afae895fc0af569018cc7df2c678a0480f76,8d387dae672c7cb6ce900b5c4499181d0487980ac9e6428adeee24d1379b4c21,,,,,,,,,,,,,,,,,,,,,,,
fauna,Pollock,Pollock,HOLD,FAIL,HOLD,True,Cod-like fish,MEDIUM,,PASS,POLISH,POLISH,POLISH,POLISH,POLISH,"Broad family anatomy is usable, but the portrait still shares simplified global body templates and should retain stronger species markers.","No critical routing, clipping, eye, or life-stage issue found in the full-size visual pass. Recognizable within the established stylized family language. The portrait relies on a generic torpedo fish. Correct body depth, head/mouth position, dorsal/anal/pectoral fin shape, caudal fin, markings and any diagnostic appendage.",Pollock.png,440,440,RGBA,fd60c47e32dd4e7c8ec6fef6cec47e8c85f0521e6551f6711347d4dce4022d8d,2d5453293737797f551c48ecf3e7a7e09b8e5a95cfb2f87a8776c0ce62b50921,,,,,,,,,,,,,,,,,,,,,,,
fauna,Polychaete_Worm,Polychaete Worm,HOLD,FAIL,HOLD,True,Worm-like animals,MEDIUM,,PASS,POLISH,POLISH,POLISH,POLISH,POLISH,"Broad family anatomy is usable, but the portrait still shares simplified global body templates and should retain stronger species markers.","No critical routing, clipping, eye, or life-stage issue found in the full-size visual pass. Recognizable within the established stylized family language. Broad family routing may be usable, but Polychaete Worm still needs an unlabeled silhouette check for body plan, head, eyes/sensory structures, appendages and rear/terminal anatomy.",Polychaete_Worm.png,440,440,RGBA,107d57f0171a54c5a7fad2a6a850126df44e2b3588daab1362bec6575c8d4222,604f9bb7acd504bf990a7ff44d48b098a66ee086f7fc2e467d2d62aad382b4d3,,,,,,,,,,,,,,,,,,,,,,,
fauna,Pond_Turtle,Pond Turtle,HOLD,FAIL,HOLD,True,Turtles and tortoises,MEDIUM,,PASS,POLISH,POLISH,POLISH,POLISH,POLISH,"Broad family anatomy is usable, but the portrait still shares simplified global body templates and should retain stronger species markers.","No critical routing, clipping, eye, or life-stage issue found in the full-size visual pass. Recognizable within the established stylized family language. Use species-correct shell profile, neck/head, limb type (flipper, webbed foot or columnar leg), tail and shell texture rather than one generic turtle.",Pond_Turtle.png,440,440,RGBA,28940f812831877e319ca1ad5132642e28ac353abfaf131e866d666bb465aa0c,6668239c9cbc79cbd154510b99ca104c6b63d1b713e0b51204d0b67f0c59bcf0,,,,,,,,,,,,,,,,,,,,,,,
fauna,Porcupine,Porcupine,HOLD,FAIL,HOLD,True,Rodents,MEDIUM,,PASS,POLISH,POLISH,POLISH,POLISH,POLISH,"Broad family anatomy is usable, but the portrait still shares simplified global body templates and should retain stronger species markers.","No critical routing, clipping, eye, or life-stage issue found in the full-size visual pass. Recognizable within the established stylized family language. Verify rodent/lagomorph skull, incisors/muzzle, fore/hind foot proportions, body posture and tail; several currently inherit the rabbit-like template.",Porcupine.png,440,440,RGBA,77b3ad963a27beeb188cc86cf9e7e4a44fa2c5be5168a8598eb95ca97873babc,b9d492f86d83386ae78aea16b39b061ca613753b44aab4e439946eb0e916a4b4,,,,,,,,,,,,,,,,,,,,,,,
fauna,Porpoise,Porpoise,HOLD,FAIL,HOLD,True,Marine mammals,MEDIUM,,PASS,POLISH,POLISH,POLISH,POLISH,POLISH,"Broad family anatomy is usable, but the portrait still shares simplified global body templates and should retain stronger species markers.","No critical routing, clipping, eye, or life-stage issue found in the full-size visual pass. Recognizable within the established stylized family language. Strengthen real marine-mammal proportions: streamlined body, species-correct rostrum/head, dorsal fin placement, pectoral flippers, peduncle and horizontal flukes.",Porpoise.png,440,440,RGBA,cdc202e20d9295a820836363df3cdbbfda67a8c2c0a94e69a4a94523b293b521,69bf1168f6f4c9cfa7a2306b7f64cc93159d6ee4a0d0e0aa7e5149a7ec83106d,,,,,,,,,,,,,,,,,,,,,,,
fauna,Portuguese_Man-of-War,Portuguese Man of War,HOLD,FAIL,HOLD,True,Gelatinous or colonial marine life,MEDIUM,,PASS,POLISH,POLISH,POLISH,POLISH,POLISH,"Broad family anatomy is usable, but the portrait still shares simplified global body templates and should retain stronger species markers.","No critical routing, clipping, eye, or life-stage issue found in the full-size visual pass. Recognizable within the established stylized family language. Broad family routing may be usable, but Portuguese Man of War still needs an unlabeled silhouette check for body plan, head, eyes/sensory structures, appendages and rear/terminal anatomy.",Portuguese_Man-of-War.png,440,440,RGBA,fd8ac07492c7a3a93cac17161f5628c6044463df660114d81255a290e4b4b709,63a441a70ea1456c588c51c6e551a523be423669ff10fe8e40edd9660ba561c8,,,,,,,,,,,,,,,,,,,,,,,
fauna,Possum,Possum,HOLD,FAIL,HOLD,True,Marsupials,MEDIUM,,PASS,POLISH,POLISH,POLISH,POLISH,POLISH,"Broad family anatomy is usable, but the portrait still shares simplified global body templates and should retain stronger species markers.","No critical routing, clipping, eye, or life-stage issue found in the full-size visual pass. Recognizable within the established stylized family language. Broad family routing may be usable, but Possum still needs an unlabeled silhouette check for body plan, head, eyes/sensory structures, appendages and rear/terminal anatomy.",Possum.png,440,440,RGBA,e4d84b92dbf4333909107c3a2dac8421f8c5e8e49fa2d0297885d6e24ffe154f,010a748441461c51de407159f07a216508b2910f4925e9ea7f72124f5e4ed653,,,,,,,,,,,,,,,,,,,,,,,
fauna,Prairie_Dog,Prairie Dog,HOLD,FAIL,HOLD,True,Rodents,MEDIUM,,PASS,POLISH,POLISH,POLISH,POLISH,POLISH,"Broad family anatomy is usable, but the portrait still shares simplified global body templates and should retain stronger species markers.","No critical routing, clipping, eye, or life-stage issue found in the full-size visual pass. Recognizable within the established stylized family language. Verify rodent/lagomorph skull, incisors/muzzle, fore/hind foot proportions, body posture and tail; several currently inherit the rabbit-like template.",Prairie_Dog.png,440,440,RGBA,45b1d935ef2229f15a745b47ceb385cc1a2f60e2f37875d0881b9beef8e325f3,4b77dea18bcf49ce95665fcc2cc16489de40e9715866e2379566bb136e47af90,,,,,,,,,,,,,,,,,,,,,,,
fauna,Prawn,Prawn,HOLD,FAIL,HOLD,True,Ice and cave insects,MEDIUM,,PASS,POLISH,POLISH,POLISH,POLISH,POLISH,"Broad family anatomy is usable, but the portrait still shares simplified global body templates and should retain stronger species markers.","No critical routing, clipping, eye, or life-stage issue found in the full-size visual pass. Recognizable within the established stylized family language. Use correct insect anatomy: distinct head/thorax/abdomen, six articulated legs, correct wing count and attachment, antennae, mouthparts and species-specific shell/body proportions.",Prawn.png,440,440,RGBA,4e2f60b140f8b28d327b3cc063712a0ba00cc8bf62580be7288ca37415bd8d88,84128d4a53ef625ac01905d8bc8eb6285384794994e7e51d09b4ef68a5208c83,,,,,,,,,,,,,,,,,,,,,,,
fauna,Proboscis_Monkey,Proboscis Monkey,HOLD,FAIL,HOLD,True,Primates,MEDIUM,,PASS,POLISH,POLISH,POLISH,POLISH,POLISH,"Broad family anatomy is usable, but the portrait still shares simplified global body templates and should retain stronger species markers.","No critical routing, clipping, eye, or life-stage issue found in the full-size visual pass. Recognizable within the established stylized family language. Verify torso posture, arm/leg ratio, hands/feet, face shape and tail state for the named primate.",Proboscis_Monkey.png,440,440,RGBA,ec6bbc8a492b9aa4e37438e5055e8f5f3424c367a072a85d6a6eca2fd438d401,5c7753f11db629a4365b2c7e7c0b4e2e01305c22cf74f7a0d8cd220d46c71238,,,,,,,,,,,,,,,,,,,,,,,
fauna,Pronghorn,Pronghorn,HOLD,FAIL,HOLD,True,Other or uncertain,MEDIUM,,PASS,POLISH,POLISH,POLISH,POLISH,POLISH,"Broad family anatomy is usable, but the portrait still shares simplified global body templates and should retain stronger species markers.","No critical routing, clipping, eye, or life-stage issue found in the full-size visual pass. Recognizable within the established stylized family language. Broad family routing may be usable, but Pronghorn still needs an unlabeled silhouette check for body plan, head, eyes/sensory structures, appendages and rear/terminal anatomy.",Pronghorn.png,440,440,RGBA,589791d82b40937d6563c2749b2d1ddb56749e4c75e08219e63a0c2669e167bd,38c8d098b7a247a68db818e4520b6aa650831dbe0a2a48a1b0058d32ef1a0da4,,,,,,,,,,,,,,,,,,,,,,,
fauna,Pseudoscorpion,Pseudoscorpion,HOLD,FAIL,HOLD,True,Ice and cave insects,HIGH,Mite | Mole,PASS,POLISH,POLISH,POLISH,POLISH,POLISH,"Broad family anatomy is usable, but the portrait still shares simplified global body templates and should retain stronger species markers.","No critical routing, clipping, eye, or life-stage issue found in the full-size visual pass. Recognizable within the established stylized family language. Use correct insect anatomy: distinct head/thorax/abdomen, six articulated legs, correct wing count and attachment, antennae, mouthparts and species-specific shell/body proportions.",Pseudoscorpion.png,440,440,RGBA,395d68e27af47bdc5056c05c01f7e5b6f6194e5513e763ac5adadb256d17e492,9698ba481799c9a5fa32e3b6ee5a1cf7a60699ba5b73c0ccdc9a3073cc3f85dd,,,,,,,,,,,,,,,,,,,,,,,
fauna,Ptarmigan,Ptarmigan,HOLD,FAIL,HOLD,True,Gamebirds,MEDIUM,,PASS,POLISH,POLISH,POLISH,POLISH,POLISH,"Broad family anatomy is usable, but the portrait still shares simplified global body templates and should retain stronger species markers.","No critical routing, clipping, eye, or life-stage issue found in the full-size visual pass. Recognizable within the established stylized family language. The named bird relies too heavily on the shared side-bird template. Correct the bill, neck, body depth, wing length, leg type, tail and crest/display structures for the species.",Ptarmigan.png,440,440,RGBA,376d43a9e66c68d14a4d6e0db51493db710d4f718a529c855ac9eeb00d996a9f,601d7851491cdd0bd7b4dbd49b062880752a291648b2dd02faf8e9facd3aa364,,,,,,,,,,,,,,,,,,,,,,,
fauna,Pufferfish,Pufferfish,HOLD,FAIL,HOLD,True,Puffer-like fish,MEDIUM,,PASS,POLISH,POLISH,POLISH,POLISH,POLISH,"Broad family anatomy is usable, but the portrait still shares simplified global body templates and should retain stronger species markers.","No critical routing, clipping, eye, or life-stage issue found in the full-size visual pass. Recognizable within the established stylized family language. The portrait relies on a generic torpedo fish. Correct body depth, head/mouth position, dorsal/anal/pectoral fin shape, caudal fin, markings and any diagnostic appendage.",Pufferfish.png,440,440,RGBA,50c997ef77bc9decfe197886c3d13fe8076b697f9a23bf477e4d46445688339f,43eeb778b019a8dd1a40d3980f031058690ffd5bef241f81e2976bfcdcc02f53,,,,,,,,,,,,,,,,,,,,,,,
fauna,Puffin,Puffin,HOLD,FAIL,HOLD,True,Seabirds,MEDIUM,,PASS,POLISH,POLISH,POLISH,POLISH,POLISH,"Broad family anatomy is usable, but the portrait still shares simplified global body templates and should retain stronger species markers.","The black seabird body reads, but enlarge and color-block the triangular bill and use a compact auk body with short wings and orange feet.",Puffin.png,440,440,RGBA,6a4bcd5516496057f4f990dfaae35b951451de9a8668ed84a3f67eedc2a4ca32,3c1ae4e29b6beeacdf842d3fbeb143a5a27594eaa3c4a8a638eccb669a319509,,,,,,,,,,,,,,,,,,,,,,,
fauna,Python,Python,HOLD,FAIL,HOLD,True,Constricting snakes,MEDIUM,,PASS,POLISH,POLISH,POLISH,POLISH,POLISH,"Broad family anatomy is usable, but the portrait still shares simplified global body templates and should retain stronger species markers.","No critical routing, clipping, eye, or life-stage issue found in the full-size visual pass. Recognizable within the established stylized family language. Verify skull/head profile, limb state, body thickness, scale texture, tail and any crest/frill/horn; do not rely on color alone.",Python.png,440,440,RGBA,f747a0eecdad1da3001a90e78a9573e85b4664db19073d00d07dd8810a7d6dd8,6bc414e5f445d0134a5a52628315bd2b970a59ddd2dad0f083990f5766eaf62a,,,,,,,,,,,,,,,,,,,,,,,
fauna,Quail,Quail,HOLD,FAIL,HOLD,True,Gamebirds,MEDIUM,,PASS,POLISH,POLISH,POLISH,POLISH,POLISH,"Broad family anatomy is usable, but the portrait still shares simplified global body templates and should retain stronger species markers.","No critical routing, clipping, eye, or life-stage issue found in the full-size visual pass. Recognizable within the established stylized family language. The named bird relies too heavily on the shared side-bird template. Correct the bill, neck, body depth, wing length, leg type, tail and crest/display structures for the species.",Quail.png,440,440,RGBA,aaa04171ba4c9269629e45bfa65c9b5f79e99a9c3c390220c8b5915a488cdbdb,ae62a220d00a1ab30d7fb23fd203f18c0e036acecf5cc89f3efbb25699dd9597,,,,,,,,,,,,,,,,,,,,,,,
fauna,Quetzal,Quetzal,HOLD,FAIL,HOLD,True,Other birds,MEDIUM,,PASS,POLISH,POLISH,POLISH,POLISH,POLISH,"Broad family anatomy is usable, but the portrait still shares simplified global body templates and should retain stronger species markers.","No critical routing, clipping, eye, or life-stage issue found in the full-size visual pass. Recognizable within the established stylized family language. The named bird relies too heavily on the shared side-bird template. Correct the bill, neck, body depth, wing length, leg type, tail and crest/display structures for the species.",Quetzal.png,440,440,RGBA,3e25e095d4ed457aac11763d071629a760f9d468be48d47b48fca38fdd6bad17,39f6b12a93fb3243ffa5eb6cc0beee11641b2bebf00da1d17be4a0af79d022cc,,,,,,,,,,,,,,,,,,,,,,,
fauna,Quoll,Quoll,HOLD,FAIL,HOLD,True,Other or uncertain,MEDIUM,,PASS,POLISH,POLISH,POLISH,POLISH,POLISH,"Broad family anatomy is usable, but the portrait still shares simplified global body templates and should retain stronger species markers.","No critical routing, clipping, eye, or life-stage issue found in the full-size visual pass. Recognizable within the established stylized family language. Broad family routing may be usable, but Quoll still needs an unlabeled silhouette check for body plan, head, eyes/sensory structures, appendages and rear/terminal anatomy.",Quoll.png,440,440,RGBA,44fff221439d3c477529882897ab730d30b1ba66b892a90823f05f3e0bb05f15,6fb3dba634c6293f935471c620dbbf9339769f8e4f910943e1d2fc2c2ad1d15f,,,,,,,,,,,,,,,,,,,,,,,
fauna,Rabbit,Rabbit,HOLD,FAIL,HOLD,True,Rabbits and relatives,MEDIUM,,PASS,POLISH,POLISH,POLISH,POLISH,POLISH,"Broad family anatomy is usable, but the portrait still shares simplified global body templates and should retain stronger species markers.","No critical routing, clipping, eye, or life-stage issue found in the full-size visual pass. Recognizable within the established stylized family language. Broad family routing may be usable, but Rabbit still needs an unlabeled silhouette check for body plan, head, eyes/sensory structures, appendages and rear/terminal anatomy.",Rabbit.png,440,440,RGBA,75952995b6bdac84e8ff0c3431a0b9176ff7ba5e352ba1d282459fc2c3b6110a,bdc70bb40c216dbba00688b4eff07024f630cb179cb5cda6045523842f4ccf3b,,,,,,,,,,,,,,,,,,,,,,,
fauna,Rabbitfish,Rabbitfish,HOLD,FAIL,HOLD,True,Reef fish,MEDIUM,,PASS,POLISH,POLISH,POLISH,POLISH,POLISH,"Broad family anatomy is usable, but the portrait still shares simplified global body templates and should retain stronger species markers.","No critical routing, clipping, eye, or life-stage issue found in the full-size visual pass. Recognizable within the established stylized family language. The portrait relies on a generic torpedo fish. Correct body depth, head/mouth position, dorsal/anal/pectoral fin shape, caudal fin, markings and any diagnostic appendage.",Rabbitfish.png,440,440,RGBA,429f98bb8b4f22149fb162ce7c5fa7f3abd8e2f3a4a1f091311b2dba035d7211,b1aaaa75a475508c1917837669901bb2d76b6a0b80384a70ca612d8bda0709d3,,,,,,,,,,,,,,,,,,,,,,,
fauna,Raccoon,Raccoon,HOLD,FAIL,HOLD,True,Raccoon-like mammals,MEDIUM,,PASS,POLISH,POLISH,POLISH,POLISH,POLISH,"Broad family anatomy is usable, but the portrait still shares simplified global body templates and should retain stronger species markers.","No critical routing, clipping, eye, or life-stage issue found in the full-size visual pass. Recognizable within the established stylized family language. Use the correct low flexible carnivoran torso, pawed limbs, skull/muzzle, and species-specific tail instead of one shared long-body template.",Raccoon.png,440,440,RGBA,142698a58d14417e99a495d074cbcad02aabdcc946b10b0a33f7b54f27c9870d,bd11ca1889355e78e6f74a75d6df777bd0d8184fe5eec8f60b8ee2617e82c076,,,,,,,,,,,,,,,,,,,,,,,
fauna,Racer,Racer,HOLD,FAIL,HOLD,True,Other snakes,MEDIUM,,PASS,POLISH,POLISH,POLISH,POLISH,POLISH,"Broad family anatomy is usable, but the portrait still shares simplified global body templates and should retain stronger species markers.","No critical routing, clipping, eye, or life-stage issue found in the full-size visual pass. Recognizable within the established stylized family language. Verify skull/head profile, limb state, body thickness, scale texture, tail and any crest/frill/horn; do not rely on color alone.",Racer.png,440,440,RGBA,38bfe5e715c791fc5dcd90f2b6fdf883054a5062b5d12546261065fdc7736e34,4e726f3dbd6fdecd848b6fd2117b4559eb6f199a52cabb986912c79553b99169,,,,,,,,,,,,,,,,,,,,,,,
fauna,Rail,Rail,HOLD,FAIL,HOLD,True,Cranes and rails,HIGH,Sandpiper,PASS,POLISH,POLISH,POLISH,POLISH,POLISH,"Broad family anatomy is usable, but the portrait still shares simplified global body templates and should retain stronger species markers.","No critical routing, clipping, eye, or life-stage issue found in the full-size visual pass. Recognizable within the established stylized family language. Broad family routing may be usable, but Rail still needs an unlabeled silhouette check for body plan, head, eyes/sensory structures, appendages and rear/terminal anatomy.",Rail.png,440,440,RGBA,20a4bdfcd86ea793e15d8a4ec0c4345a55d9150f32e20b005d8c1e69a3666a06,8bf920b76dd4652106905bd92a5de2012afbddce6385012f9f7c08403358f6ee,,,,,,,,,,,,,,,,,,,,,,,
fauna,Rat,Rat,HOLD,FAIL,HOLD,True,Rodents,MEDIUM,,PASS,POLISH,POLISH,POLISH,POLISH,POLISH,"Broad family anatomy is usable, but the portrait still shares simplified global body templates and should retain stronger species markers.","No critical routing, clipping, eye, or life-stage issue found in the full-size visual pass. Recognizable within the established stylized family language. Verify rodent/lagomorph skull, incisors/muzzle, fore/hind foot proportions, body posture and tail; several currently inherit the rabbit-like template.",Rat.png,440,440,RGBA,16392791e56644783d69823d0746322e26087c3ba624f5e209bd185eaadb7f3f,f6ee89f532e9e66659b36511604edb3fb374e4e4f15124b9be45199f27f96cb8,,,,,,,,,,,,,,,,,,,,,,,
fauna,Rat_Snake,Rat Snake,HOLD,FAIL,HOLD,True,Other snakes,MEDIUM,,PASS,POLISH,POLISH,POLISH,POLISH,POLISH,"Broad family anatomy is usable, but the portrait still shares simplified global body templates and should retain stronger species markers.","No critical routing, clipping, eye, or life-stage issue found in the full-size visual pass. Recognizable within the established stylized family language. Verify skull/head profile, limb state, body thickness, scale texture, tail and any crest/frill/horn; do not rely on color alone.",Rat_Snake.png,440,440,RGBA,b503f08ae77a81228ea079578cb0921bc4cd3ef879d3f4ac6734459662cffd61,9009f18f83a386da91adbc00dd628033f3309b05524d9f4e48fd43e850640036,,,,,,,,,,,,,,,,,,,,,,,
fauna,Rattlesnake,Rattlesnake,HOLD,FAIL,HOLD,True,Venomous snakes,MEDIUM,,PASS,POLISH,POLISH,POLISH,POLISH,POLISH,"Broad family anatomy is usable, but the portrait still shares simplified global body templates and should retain stronger species markers.","No critical routing, clipping, eye, or life-stage issue found in the full-size visual pass. Recognizable within the established stylized family language. Verify skull/head profile, limb state, body thickness, scale texture, tail and any crest/frill/horn; do not rely on color alone.",Rattlesnake.png,440,440,RGBA,90ade6a6f7425f6e1a57d3e9f82512980f672a65ca1b38b2fbe3337e90c8ac10,6bba660b289c1e634b39dc89e51d353aa22ad469239032c52d6a3928561f83d4,,,,,,,,,,,,,,,,,,,,,,,
fauna,Raven,Raven,HOLD,FAIL,HOLD,True,Corvids,MEDIUM,,PASS,POLISH,POLISH,POLISH,POLISH,POLISH,"Broad family anatomy is usable, but the portrait still shares simplified global body templates and should retain stronger species markers.","No critical routing, clipping, eye, or life-stage issue found in the full-size visual pass. Recognizable within the established stylized family language. The named bird relies too heavily on the shared side-bird template. Correct the bill, neck, body depth, wing length, leg type, tail and crest/display structures for the species.",Raven.png,440,440,RGBA,50d28127882c8c7c9aec1d0929e62f883a2f67953b839a7763005ccdeee0b478,afa06b005cbc613b6ded1853fad68ce2a4da57282080893ab7fe65786f99e4e2,,,,,,,,,,,,,,,,,,,,,,,
fauna,Ray,Ray,HOLD,FAIL,HOLD,True,Rays,MEDIUM,,PASS,POLISH,POLISH,POLISH,POLISH,POLISH,"Broad family anatomy is usable, but the portrait still shares simplified global body templates and should retain stronger species markers.","No critical routing, clipping, eye, or life-stage issue found in the full-size visual pass. Recognizable within the established stylized family language. Broad family routing may be usable, but Ray still needs an unlabeled silhouette check for body plan, head, eyes/sensory structures, appendages and rear/terminal anatomy.",Ray.png,440,440,RGBA,c4f0bb872b1b40ed791b745c4c320b86b85bb1b19e98c24d3430f2d4dba752d7,5353194d70efdf9c5e324c1e98cdca83ef0b0e6ecf48bb45dd0e93984b13389d,,,,,,,,,,,,,,,,,,,,,,,
fauna,Razor_Clam,Razor Clam,HOLD,FAIL,HOLD,True,Bivalves,MEDIUM,,PASS,POLISH,POLISH,POLISH,POLISH,POLISH,"Broad family anatomy is usable, but the portrait still shares simplified global body templates and should retain stronger species markers.","No critical routing, clipping, eye, or life-stage issue found in the full-size visual pass. Recognizable within the established stylized family language. Broad family routing may be usable, but Razor Clam still needs an unlabeled silhouette check for body plan, head, eyes/sensory structures, appendages and rear/terminal anatomy.",Razor_Clam.png,440,440,RGBA,a3151bb9bf89f96f95d41159b68729ca5c14dd5b0b5e0c508eb79b413fc398f5,0b0d53f4099ad97de3fb580c4da144b2e1fad346756830024e4dedf1d4c81358,,,,,,,,,,,,,,,,,,,,,,,
fauna,Red_Panda,Red Panda,HOLD,FAIL,HOLD,True,Raccoon-like mammals,MEDIUM,,PASS,POLISH,POLISH,POLISH,POLISH,POLISH,"Broad family anatomy is usable, but the portrait still shares simplified global body templates and should retain stronger species markers.","No critical routing, clipping, eye, or life-stage issue found in the full-size visual pass. Recognizable within the established stylized family language. Use the correct low flexible carnivoran torso, pawed limbs, skull/muzzle, and species-specific tail instead of one shared long-body template.",Red_Panda.png,440,440,RGBA,cc36807977f2798545c3356a890b2980d6a799d430a3329a4a0a5dac74e75c64,84427c77cf57f8668357589931dd9c156d9f736159bf9b51d10f349c329d5e8f,,,,,,,,,,,,,,,,,,,,,,,
fauna,Reef_Fish,Reef Fish,HOLD,FAIL,HOLD,True,Fish,MEDIUM,,PASS,POLISH,POLISH,POLISH,POLISH,POLISH,"Broad family anatomy is usable, but the portrait still shares simplified global body templates and should retain stronger species markers.","No critical routing, clipping, eye, or life-stage issue found in the full-size visual pass. Recognizable within the established stylized family language. The portrait relies on a generic torpedo fish. Correct body depth, head/mouth position, dorsal/anal/pectoral fin shape, caudal fin, markings and any diagnostic appendage.",Reef_Fish.png,440,440,RGBA,6510d780fe77f3b33e935a384f3caef62b845d1472c18029b4d976c44b7f05de,1bb73d2279ede3e368b6a1e45c6b31afbb4c6851ddb0f71f091f62de792b6f40,,,,,,,,,,,,,,,,,,,,,,,
fauna,Reef_Shark,Reef Shark,HOLD,FAIL,HOLD,True,Sharks,MEDIUM,,PASS,POLISH,POLISH,POLISH,POLISH,POLISH,"Broad family anatomy is usable, but the portrait still shares simplified global body templates and should retain stronger species markers.","No critical routing, clipping, eye, or life-stage issue found in the full-size visual pass. Recognizable within the established stylized family language. The portrait relies on a generic torpedo fish. Correct body depth, head/mouth position, dorsal/anal/pectoral fin shape, caudal fin, markings and any diagnostic appendage.",Reef_Shark.png,440,440,RGBA,694ee1c67dcf27c18c27fe021686aa80a1d0af0c650380c64841b0b6878ac381,25720a69af28f31ecb8c51a42a5aa80ba3e9d11a5646add41a9709ff42458de3,,,,,,,,,,,,,,,,,,,,,,,
fauna,Reindeer,Reindeer,HOLD,FAIL,HOLD,True,Deer and relatives,MEDIUM,,PASS,POLISH,POLISH,POLISH,POLISH,POLISH,"Broad family anatomy is usable, but the portrait still shares simplified global body templates and should retain stronger species markers.","No critical routing, clipping, eye, or life-stage issue found in the full-size visual pass. Recognizable within the established stylized family language. The ungulate base is usable, but the named species must have correct horn/antler geometry, neck, shoulder/croup mass, leg length, hooves, head and tail.",Reindeer.png,440,440,RGBA,0b1d82692b04e606f779c338580286ef8f1b9503adc64fd507e8416da667c122,bf9a8b4926dd3cd8c9bb202c386efce087a4df3d9dc9e2ea162f916b9f96606a,,,,,,,,,,,,,,,,,,,,,,,
fauna,Remora,Remora,HOLD,FAIL,HOLD,True,Other or uncertain,MEDIUM,,PASS,POLISH,POLISH,POLISH,POLISH,POLISH,"Broad family anatomy is usable, but the portrait still shares simplified global body templates and should retain stronger species markers.","The long fish body is acceptable, but the dorsal suction disc should be clearly visible on top of the head.",Remora.png,440,440,RGBA,f8b3b1185503b6dc78ed21e8cdd743db5151fe382300ade05f4c469e0219a853,968b553b6760b9b2c6947db4f53121dee851c4ed67eaca5d4249ffa3d71abd86,,,,,,,,,,,,,,,,,,,,,,,
fauna,Right_Whale,Right Whale,HOLD,FAIL,FAIL,True,Marine mammals,HIGH,Beluga | Narwhal | Sperm_Whale,POLISH,POLISH,POLISH,PASS,POLISH,POLISH,POLISH,"The broad dark whale body is present, but add head callosities, arched jaw, absent/small dorsal fin and wider tail flukes.",Right_Whale.png,440,440,RGBA,35d906989fce132c9a280f10c0c80191d3eb1a70e3101d50a142fa088baafd12,8f00eafac054bd69441736e91d0afae12e4fb862e39cba947266f94aa8dc53db,,,,,,,,,,,,,,,,,,,,,,,
fauna,River_Dolphin,River Dolphin,HOLD,FAIL,HOLD,True,Cetaceans,HIGH,Blue_Whale | Dolphin,PASS,POLISH,POLISH,PASS,POLISH,POLISH,"Broad family anatomy is usable, but the portrait still shares simplified global body templates and should retain stronger species markers.","Add a much longer narrow beak and more slender river-dolphin body. Strengthen real marine-mammal proportions: streamlined body, species-correct rostrum/head, dorsal fin placement, pectoral flippers, peduncle and horizontal flukes.",River_Dolphin.png,440,440,RGBA,3e2fa2739ea41097492a86ed556b5e26808b00d847d723d68eb84d6f0e36dab8,92d48cdff2d6d6179f0199342375d5a98ad7093107de063a942d16f32f67dbcc,,,,,,,,,,,,,,,,,,,,,,,
fauna,River_Otter,River Otter,HOLD,FAIL,HOLD,True,Other or uncertain,HIGH,Otter,PASS,POLISH,POLISH,POLISH,POLISH,POLISH,"Broad family anatomy is usable, but the portrait still shares simplified global body templates and should retain stronger species markers.","No critical routing, clipping, eye, or life-stage issue found in the full-size visual pass. Recognizable within the established stylized family language. Broad family routing may be usable, but River Otter still needs an unlabeled silhouette check for body plan, head, eyes/sensory structures, appendages and rear/terminal anatomy.",River_Otter.png,440,440,RGBA,f0f2f4347f9795944f38c338ac81d8f018ebb00c4b09e1cc3eb9ae9dac98e471,b749e2e0e5c3e5fc6fbf7594369811b2357b810c3f5c615585f2f5ee75aa1d44,,,,,,,,,,,,,,,,,,,,,,,
fauna,Roadrunner,Roadrunner,HOLD,FAIL,HOLD,True,Cuckoos and relatives,MEDIUM,,PASS,POLISH,POLISH,POLISH,POLISH,POLISH,"Broad family anatomy is usable, but the portrait still shares simplified global body templates and should retain stronger species markers.","No critical routing, clipping, eye, or life-stage issue found in the full-size visual pass. Recognizable within the established stylized family language. Broad family routing may be usable, but Roadrunner still needs an unlabeled silhouette check for body plan, head, eyes/sensory structures, appendages and rear/terminal anatomy.",Roadrunner.png,440,440,RGBA,e1044c65cb05bc90a3ff2f1018284adafd07825c53e21a835f18bf8feab281c4,38fa7af12ba0fd74b60119fa767d19781244ab00f5a81f6b5e799a56b3ee0990,,,,,,,,,,,,,,,,,,,,,,,
fauna,Robin,Robin,HOLD,FAIL,HOLD,True,Songbirds,HIGH,Finch | Lark | Plover | Sparrow | Spider | Starling | Swallow | Swift | Tanager | Weaverbird,PASS,POLISH,POLISH,POLISH,POLISH,POLISH,"Broad family anatomy is usable, but the portrait still shares simplified global body templates and should retain stronger species markers.","No critical routing, clipping, eye, or life-stage issue found in the full-size visual pass. Recognizable within the established stylized family language. The named bird relies too heavily on the shared side-bird template. Correct the bill, neck, body depth, wing length, leg type, tail and crest/display structures for the species.",Robin.png,440,440,RGBA,6e1514dd614d643480bbb934fc3377331a202d98933c9fc3ec4c4702f6f08ed5,8414dd9809a2fe8b8531961e348ff1cffb411de50d9fbda461ca9737d704c8af,,,,,,,,,,,,,,,,,,,,,,,
fauna,Sailfish,Sailfish,HOLD,FAIL,HOLD,True,Ocean predators,MEDIUM,,PASS,POLISH,POLISH,POLISH,POLISH,POLISH,"Broad family anatomy is usable, but the portrait still shares simplified global body templates and should retain stronger species markers.","No critical routing, clipping, eye, or life-stage issue found in the full-size visual pass. Recognizable within the established stylized family language. The portrait relies on a generic torpedo fish. Correct body depth, head/mouth position, dorsal/anal/pectoral fin shape, caudal fin, markings and any diagnostic appendage.",Sailfish.png,440,440,RGBA,cf5d62926505d93030303a3756471ca328f0b1be33da5205987a85db8ad72b5c,4ff2414bd939187d2ac2213e554b24a671b2f85bad96de731184653372446c64,,,,,,,,,,,,,,,,,,,,,,,
fauna,Salamander,Salamander,HOLD,FAIL,HOLD,True,Salamanders,MEDIUM,,PASS,POLISH,POLISH,POLISH,POLISH,POLISH,"Broad family anatomy is usable, but the portrait still shares simplified global body templates and should retain stronger species markers.","No critical routing, clipping, eye, or life-stage issue found in the full-size visual pass. Recognizable within the established stylized family language. Verify body width, head/mouth, eye placement, fore/hind limb proportions, toes, tail state and skin texture; color alone should not define the species.",Salamander.png,440,440,RGBA,56e38c3268887bdb4b6a9a8a019735ef07ad48812ac0a212d5aca7b14add61d0,35f1b7a81335b3279c2a4db4dca70467a60d45476eb49229afedca660063331c,,,,,,,,,,,,,,,,,,,,,,,
fauna,Salmon,Salmon,HOLD,FAIL,HOLD,True,Salmon-like fish,MEDIUM,,PASS,POLISH,POLISH,POLISH,POLISH,POLISH,"Broad family anatomy is usable, but the portrait still shares simplified global body templates and should retain stronger species markers.","No critical routing, clipping, eye, or life-stage issue found in the full-size visual pass. Recognizable within the established stylized family language. The portrait relies on a generic torpedo fish. Correct body depth, head/mouth position, dorsal/anal/pectoral fin shape, caudal fin, markings and any diagnostic appendage.",Salmon.png,440,440,RGBA,8f474a574fcd209e6500878eecee9246225a514640f3cf8c863deed13686bd26,7f92c3ca39b273561439adcc2cf15798eafa8f767677c1b12282a5318aae77f5,,,,,,,,,,,,,,,,,,,,,,,
fauna,Sand_Boa,Sand Boa,HOLD,FAIL,HOLD,True,Constricting snakes,HIGH,Garter_Snake,PASS,POLISH,POLISH,POLISH,POLISH,POLISH,"Broad family anatomy is usable, but the portrait still shares simplified global body templates and should retain stronger species markers.","No critical routing, clipping, eye, or life-stage issue found in the full-size visual pass. Recognizable within the established stylized family language. Verify skull/head profile, limb state, body thickness, scale texture, tail and any crest/frill/horn; do not rely on color alone.",Sand_Boa.png,440,440,RGBA,e7658ed45df350f1fa828b55de12382c8905eeaffabacf7e18a76fbf1bbde765,4d49028b0fe2d0accffa1db0c6899bbc7da632e5cc04e4a683180736736bef45,,,,,,,,,,,,,,,,,,,,,,,
fauna,Sand_Dollar,Sand Dollar,HOLD,FAIL,HOLD,True,Other mollusks,MEDIUM,,PASS,POLISH,POLISH,POLISH,POLISH,POLISH,"Broad family anatomy is usable, but the portrait still shares simplified global body templates and should retain stronger species markers.","No critical routing, clipping, eye, or life-stage issue found in the full-size visual pass. Recognizable within the established stylized family language. Broad family routing may be usable, but Sand Dollar still needs an unlabeled silhouette check for body plan, head, eyes/sensory structures, appendages and rear/terminal anatomy.",Sand_Dollar.png,440,440,RGBA,6eb6a6184faf5a81e743b5a4dde520e61602ccaaaa3570351b21e95142255d6c,b64aedc57d9b7a3048829d0df7aba43327008591b48b04e5803ea812ed1ef235,,,,,,,,,,,,,,,,,,,,,,,
fauna,Sandgrouse,Sandgrouse,HOLD,FAIL,HOLD,True,Other distinctive birds,HIGH,Partridge,PASS,POLISH,POLISH,POLISH,POLISH,POLISH,"Broad family anatomy is usable, but the portrait still shares simplified global body templates and should retain stronger species markers.","No critical routing, clipping, eye, or life-stage issue found in the full-size visual pass. Recognizable within the established stylized family language. Broad family routing may be usable, but Sandgrouse still needs an unlabeled silhouette check for body plan, head, eyes/sensory structures, appendages and rear/terminal anatomy.",Sandgrouse.png,440,440,RGBA,b11bdcb181755c384f9e347a1240e46b315fe3316d5aaeda4a9f991732b6a36f,52e81e9edaae3d1f2ffb46a9b10e181b16c9e49d2decfaf01cfb86072cb793c3,,,,,,,,,,,,,,,,,,,,,,,
fauna,Sandpiper,Sandpiper,HOLD,FAIL,HOLD,True,Shorebirds,HIGH,Rail,PASS,POLISH,POLISH,POLISH,POLISH,POLISH,"Broad family anatomy is usable, but the portrait still shares simplified global body templates and should retain stronger species markers.","No critical routing, clipping, eye, or life-stage issue found in the full-size visual pass. Recognizable within the established stylized family language. Keep the wader family but correct the exact bill geometry, neck length, leg/foot proportions, body depth and tail for the named species.",Sandpiper.png,440,440,RGBA,d1b6490a145b18a764df892cb3a2ab180e5a929ed3a14394bc16c30108a6733a,b29c42a2b82de7a6874fcc89a0c8b11cda396f7a9a4eae27f87e4f88a34c7f44,,,,,,,,,,,,,,,,,,,,,,,
fauna,Sardine,Sardine,HOLD,FAIL,HOLD,True,Schooling ocean fish,MEDIUM,,PASS,POLISH,POLISH,POLISH,POLISH,POLISH,"Broad family anatomy is usable, but the portrait still shares simplified global body templates and should retain stronger species markers.","No critical routing, clipping, eye, or life-stage issue found in the full-size visual pass. Recognizable within the established stylized family language. The portrait relies on a generic torpedo fish. Correct body depth, head/mouth position, dorsal/anal/pectoral fin shape, caudal fin, markings and any diagnostic appendage.",Sardine.png,440,440,RGBA,ae9c368806eccb29987a2401849085464709b23209cc831bd5ce9d2f884face6,142f627157288cd14eeb7b69d125f094e48383499ed32a99d3ca1694c957019c,,,,,,,,,,,,,,,,,,,,,,,
fauna,Scale_Worm,Scale Worm,HOLD,FAIL,HOLD,True,Worm-like animals,MEDIUM,,PASS,POLISH,POLISH,POLISH,POLISH,POLISH,"Broad family anatomy is usable, but the portrait still shares simplified global body templates and should retain stronger species markers.","No critical routing, clipping, eye, or life-stage issue found in the full-size visual pass. Recognizable within the established stylized family language. Broad family routing may be usable, but Scale Worm still needs an unlabeled silhouette check for body plan, head, eyes/sensory structures, appendages and rear/terminal anatomy.",Scale_Worm.png,440,440,RGBA,0019c2d63b10b2abfecc3a6e401dc3c30df3b3c229e6f8d6a2e7a1b3c1e8ae60,478efe13994c915c2b00fe686dd6f44caa0372777a5757de45aa880ac377d699,,,,,,,,,,,,,,,,,,,,,,,
fauna,Scallop,Scallop,HOLD,FAIL,HOLD,True,Bivalves,MEDIUM,,PASS,POLISH,POLISH,POLISH,POLISH,POLISH,"Broad family anatomy is usable, but the portrait still shares simplified global body templates and should retain stronger species markers.","No critical routing, clipping, eye, or life-stage issue found in the full-size visual pass. Recognizable within the established stylized family language. Broad family routing may be usable, but Scallop still needs an unlabeled silhouette check for body plan, head, eyes/sensory structures, appendages and rear/terminal anatomy.",Scallop.png,440,440,RGBA,a06911673e7a2f73051d73164d7c1ec58cc37987d0d70dffebb606bc66faf492,194db7b3bbd19fb9fa320fb102bc65ba193d6548dc285fdf6df55829d4104eca,,,,,,,,,,,,,,,,,,,,,,,
fauna,Scorpion,Scorpion,HOLD,FAIL,HOLD,True,Ice and cave insects,MEDIUM,,PASS,POLISH,POLISH,POLISH,POLISH,POLISH,"Broad family anatomy is usable, but the portrait still shares simplified global body templates and should retain stronger species markers.","No critical routing, clipping, eye, or life-stage issue found in the full-size visual pass. Recognizable within the established stylized family language. Use correct insect anatomy: distinct head/thorax/abdomen, six articulated legs, correct wing count and attachment, antennae, mouthparts and species-specific shell/body proportions.",Scorpion.png,440,440,RGBA,c1d4a17ac6b0fa1d0b7a2938eef72f1d4602461959011fd5c0831220797cf2f4,b6e762f5309a71176a16ce8ac1b9f6751c9b9776af0c7eacefff53646ecb0a31,,,,,,,,,,,,,,,,,,,,,,,
fauna,Screamer,Screamer,HOLD,FAIL,HOLD,True,Other birds,MEDIUM,,PASS,POLISH,POLISH,POLISH,POLISH,POLISH,"Broad family anatomy is usable, but the portrait still shares simplified global body templates and should retain stronger species markers.","No critical routing, clipping, eye, or life-stage issue found in the full-size visual pass. Recognizable within the established stylized family language. The named bird relies too heavily on the shared side-bird template. Correct the bill, neck, body depth, wing length, leg type, tail and crest/display structures for the species.",Screamer.png,440,440,RGBA,29022758a68d93e5d80cfe402855acfb5f13a0e63a2a953f37f636a8cee11353,fbc846ca136304bc344a8cddc14d7a269b5e1e8a76c5ef84a939390819b99e6b,,,,,,,,,,,,,,,,,,,,,,,
fauna,Sculpin,Sculpin,HOLD,FAIL,HOLD,True,Bottom-dwelling fish,MEDIUM,,PASS,POLISH,POLISH,POLISH,POLISH,POLISH,"Broad family anatomy is usable, but the portrait still shares simplified global body templates and should retain stronger species markers.","No critical routing, clipping, eye, or life-stage issue found in the full-size visual pass. Recognizable within the established stylized family language. The portrait relies on a generic torpedo fish. Correct body depth, head/mouth position, dorsal/anal/pectoral fin shape, caudal fin, markings and any diagnostic appendage.",Sculpin.png,440,440,RGBA,4a0309b74a0a674b226cb62b04e569fb405ff8ade831549c4ea7a2d6a71bb78e,d6fd2e91d6e249fc908a9ed6531cb69114357ef73a77a64c28f46f6d0356009d,,,,,,,,,,,,,,,,,,,,,,,
fauna,Sea_Anemone,Sea Anemone,HOLD,FAIL,HOLD,True,Other mollusks,MEDIUM,,PASS,POLISH,POLISH,POLISH,POLISH,POLISH,"Broad family anatomy is usable, but the portrait still shares simplified global body templates and should retain stronger species markers.","No critical routing, clipping, eye, or life-stage issue found in the full-size visual pass. Recognizable within the established stylized family language. Broad family routing may be usable, but Sea Anemone still needs an unlabeled silhouette check for body plan, head, eyes/sensory structures, appendages and rear/terminal anatomy.",Sea_Anemone.png,440,440,RGBA,b5b7857ac52b3568ab00f41d63b37bbf7c99ec866565035f5ce678e651b4b55a,7d4b7974786f54c69883f5ac97e6cb707ba55c8f4a8528c0009b5a98313be3ee,,,,,,,,,,,,,,,,,,,,,,,
fauna,Sea_Bass,Sea Bass,HOLD,FAIL,HOLD,True,Groupers and snappers,MEDIUM,,PASS,POLISH,POLISH,POLISH,POLISH,POLISH,"Broad family anatomy is usable, but the portrait still shares simplified global body templates and should retain stronger species markers.","No critical routing, clipping, eye, or life-stage issue found in the full-size visual pass. Recognizable within the established stylized family language. Broad family routing may be usable, but Sea Bass still needs an unlabeled silhouette check for body plan, head, eyes/sensory structures, appendages and rear/terminal anatomy.",Sea_Bass.png,440,440,RGBA,6386c08dfe33df7634b6711288e95838383904a979c31bafa0a61e987825fc50,552c7a1f56472bd066284cef769ca6cdb183f11184927b3d2fd66ff8006c0de6,,,,,,,,,,,,,,,,,,,,,,,
fauna,Sea_Cucumber,Sea Cucumber,HOLD,FAIL,HOLD,True,Other mollusks,MEDIUM,,PASS,POLISH,POLISH,POLISH,POLISH,POLISH,"Broad family anatomy is usable, but the portrait still shares simplified global body templates and should retain stronger species markers.","No critical routing, clipping, eye, or life-stage issue found in the full-size visual pass. Recognizable within the established stylized family language. Broad family routing may be usable, but Sea Cucumber still needs an unlabeled silhouette check for body plan, head, eyes/sensory structures, appendages and rear/terminal anatomy.",Sea_Cucumber.png,440,440,RGBA,b3f6ca545568ca83203435d7356b670563aab8b98512dcca96e8ee66896b232a,6cab412be143e9e2d61a81a860d3e3c10da34b325d48c032e1e5465b86a40e38,,,,,,,,,,,,,,,,,,,,,,,
fauna,Sea_Lion,Sea Lion,HOLD,FAIL,HOLD,True,Marine mammals,MEDIUM,,PASS,POLISH,POLISH,POLISH,POLISH,POLISH,"Broad family anatomy is usable, but the portrait still shares simplified global body templates and should retain stronger species markers.","No critical routing, clipping, eye, or life-stage issue found in the full-size visual pass. Recognizable within the established stylized family language. Strengthen real marine-mammal proportions: streamlined body, species-correct rostrum/head, dorsal fin placement, pectoral flippers, peduncle and horizontal flukes.",Sea_Lion.png,440,440,RGBA,6ec0edda2aa54c2c7a06dd96a43d3c011d13cdddebbbfa6e7f3ac9e85453be2c,f4471097696355c9c760a3f9ac816329b5e2122e0be252fbbc181b643ed97432,,,,,,,,,,,,,,,,,,,,,,,
fauna,Sea_Otter,Sea Otter,HOLD,FAIL,HOLD,True,Weasels and relatives,MEDIUM,,PASS,POLISH,POLISH,POLISH,POLISH,POLISH,"Broad family anatomy is usable, but the portrait still shares simplified global body templates and should retain stronger species markers.","No critical routing, clipping, eye, or life-stage issue found in the full-size visual pass. Recognizable within the established stylized family language. Use the correct low flexible carnivoran torso, pawed limbs, skull/muzzle, and species-specific tail instead of one shared long-body template.",Sea_Otter.png,440,440,RGBA,98b47818f9590e38676dbcd6d88dfbd66611c9ded64153a3858453628fb66296,ad9fe33eb70ce403847fe2c94dee9d519a8de07d6628b01c599720baebe3dca7,,,,,,,,,,,,,,,,,,,,,,,
fauna,Sea_Snail,Sea Snail,HOLD,FAIL,HOLD,True,Gastropods,MEDIUM,,PASS,POLISH,POLISH,POLISH,POLISH,POLISH,"Broad family anatomy is usable, but the portrait still shares simplified global body templates and should retain stronger species markers.","No critical routing, clipping, eye, or life-stage issue found in the full-size visual pass. Recognizable within the established stylized family language. Broad family routing may be usable, but Sea Snail still needs an unlabeled silhouette check for body plan, head, eyes/sensory structures, appendages and rear/terminal anatomy.",Sea_Snail.png,440,440,RGBA,d9f7aa4396ad0b53b26ad9c0e232618dc0430d4a08e3698235599a2af2c80d57,99d64ce5bc32b11462d3ad09b3d236bdd9c2a875eecd2e7929f451a4ad81ab89,,,,,,,,,,,,,,,,,,,,,,,
fauna,Sea_Spider,Sea Spider,HOLD,FAIL,HOLD,True,Arachnids,MEDIUM,,PASS,POLISH,POLISH,POLISH,POLISH,POLISH,"Broad family anatomy is usable, but the portrait still shares simplified global body templates and should retain stronger species markers.","No critical routing, clipping, eye, or life-stage issue found in the full-size visual pass. Recognizable within the established stylized family language. Broad family routing may be usable, but Sea Spider still needs an unlabeled silhouette check for body plan, head, eyes/sensory structures, appendages and rear/terminal anatomy.",Sea_Spider.png,440,440,RGBA,7099c12536d816bb2a12ce2172e007f9bc0cb8c1a57051979c4b354fa1d1dbbf,372bdc96704c054ca3414aaafc38c0c6f345e8e5ec07f9aa6a0d4a4d71f1ead1,,,,,,,,,,,,,,,,,,,,,,,
fauna,Sea_Turtle,Sea Turtle,HOLD,FAIL,HOLD,True,Turtles and tortoises,MEDIUM,,PASS,POLISH,POLISH,POLISH,POLISH,POLISH,"Broad family anatomy is usable, but the portrait still shares simplified global body templates and should retain stronger species markers.","No critical routing, clipping, eye, or life-stage issue found in the full-size visual pass. Recognizable within the established stylized family language. Use species-correct shell profile, neck/head, limb type (flipper, webbed foot or columnar leg), tail and shell texture rather than one generic turtle.",Sea_Turtle.png,440,440,RGBA,21862075f3ed28c44ee7cf9920c54e004c8aefa03a1a6f4d5b7e47523b7bf6fc,ea015f55fa26156ae8ad672522ccaa7ef4abd7ee512cdef51e726409838b1268,,,,,,,,,,,,,,,,,,,,,,,
fauna,Sea_Urchin,Sea Urchin,HOLD,FAIL,HOLD,True,Other mollusks,MEDIUM,,PASS,POLISH,POLISH,POLISH,POLISH,POLISH,"Broad family anatomy is usable, but the portrait still shares simplified global body templates and should retain stronger species markers.","No critical routing, clipping, eye, or life-stage issue found in the full-size visual pass. Recognizable within the established stylized family language. Broad family routing may be usable, but Sea Urchin still needs an unlabeled silhouette check for body plan, head, eyes/sensory structures, appendages and rear/terminal anatomy.",Sea_Urchin.png,440,440,RGBA,8003c793495eb6ef342aff7ed2862ead9d46f7855eb0e27781e066ce4081a64d,476957a25ef258c13a2da6249050842a8e27c696f602efdf14f5f342739d188c,,,,,,,,,,,,,,,,,,,,,,,
fauna,Seabird,Seabird,HOLD,FAIL,HOLD,True,Seabirds,MEDIUM,,PASS,POLISH,POLISH,POLISH,POLISH,POLISH,"Broad family anatomy is usable, but the portrait still shares simplified global body templates and should retain stronger species markers.","No critical routing, clipping, eye, or life-stage issue found in the full-size visual pass. Recognizable within the established stylized family language. The named bird relies too heavily on the shared side-bird template. Correct the bill, neck, body depth, wing length, leg type, tail and crest/display structures for the species.",Seabird.png,440,440,RGBA,51f5fb07bfab81af2c5b04f6b7a8b6dcace2f282dfbc59b0e2e62947e874fd4b,9630a5a8b83b7ac38f80f2a3ffb13cf0b07b9505e43537fc785d28b944a05662,,,,,,,,,,,,,,,,,,,,,,,
fauna,Seahorse,Seahorse,HOLD,FAIL,HOLD,True,Seahorses and relatives,MEDIUM,,PASS,POLISH,POLISH,POLISH,POLISH,POLISH,"Broad family anatomy is usable, but the portrait still shares simplified global body templates and should retain stronger species markers.","No critical routing, clipping, eye, or life-stage issue found in the full-size visual pass. Recognizable within the established stylized family language. Use a dedicated equid scaffold: deep barrel torso, withers, sloped shoulder, muscular croup, long wedge-shaped head, articulated knees/hocks/fetlocks, hooves, mane, and flowing or tufted tail.",Seahorse.png,440,440,RGBA,034290fd94cbb70f2c1d45383c8f22ff27a99d330c811165aff98876cc69256f,64644e750bceb59e7de2eb0f72b4d5ae02f654639ac3a39405e61921d36fc133,,,,,,,,,,,,,,,,,,,,,,,
fauna,Seal,Seal,HOLD,FAIL,HOLD,True,Marine mammals,MEDIUM,,PASS,POLISH,POLISH,POLISH,POLISH,POLISH,"Broad family anatomy is usable, but the portrait still shares simplified global body templates and should retain stronger species markers.","No critical routing, clipping, eye, or life-stage issue found in the full-size visual pass. Recognizable within the established stylized family language. Strengthen real marine-mammal proportions: streamlined body, species-correct rostrum/head, dorsal fin placement, pectoral flippers, peduncle and horizontal flukes.",Seal.png,440,440,RGBA,c54d34cf9706c5f33fad3c35fbd397ffbc04b447a582377a5f7500516bd2fb1e,7ebe41957a505a94ccce7df9886eefa426917dd35677cae06f82a6becee90dc8,,,,,,,,,,,,,,,,,,,,,,,
fauna,Seriema,Seriema,HOLD,FAIL,HOLD,True,Other distinctive birds,MEDIUM,,PASS,POLISH,POLISH,POLISH,POLISH,POLISH,"Broad family anatomy is usable, but the portrait still shares simplified global body templates and should retain stronger species markers.","No critical routing, clipping, eye, or life-stage issue found in the full-size visual pass. Recognizable within the established stylized family language. Broad family routing may be usable, but Seriema still needs an unlabeled silhouette check for body plan, head, eyes/sensory structures, appendages and rear/terminal anatomy.",Seriema.png,440,440,RGBA,479f5f1cb69703148f90e3d971ec4b69a9597a3b2a955f49daf6ad7f04c874cd,b817fe8ebd0f261ff40b3cb59813681d7148011ef65a17d8108a6ecb2e44f9f9,,,,,,,,,,,,,,,,,,,,,,,
fauna,Serow,Serow,HOLD,FAIL,HOLD,True,Other or uncertain,MEDIUM,,PASS,POLISH,POLISH,POLISH,POLISH,POLISH,"Broad family anatomy is usable, but the portrait still shares simplified global body templates and should retain stronger species markers.","No critical routing, clipping, eye, or life-stage issue found in the full-size visual pass. Recognizable within the established stylized family language. Broad family routing may be usable, but Serow still needs an unlabeled silhouette check for body plan, head, eyes/sensory structures, appendages and rear/terminal anatomy.",Serow.png,440,440,RGBA,f5c4daae207da9c1c472670f296d37a4f2e74174355eb8b231411e7069cf52c5,777fc5d52460de63c80fef92347c80dd6045572720cc11f9a01f5662890023f3,,,,,,,,,,,,,,,,,,,,,,,
fauna,Shrew,Shrew,HOLD,FAIL,HOLD,True,Insect-eating and burrowing mammals,MEDIUM,,PASS,POLISH,POLISH,POLISH,POLISH,POLISH,"Broad family anatomy is usable, but the portrait still shares simplified global body templates and should retain stronger species markers.","No critical routing, clipping, eye, or life-stage issue found in the full-size visual pass. Recognizable within the established stylized family language. Use correct insect anatomy: distinct head/thorax/abdomen, six articulated legs, correct wing count and attachment, antennae, mouthparts and species-specific shell/body proportions.",Shrew.png,440,440,RGBA,933f976147e9705eb5366fb3ec867a71b00e5079bb89a602021aa6916fae0542,a868ba7d478e36327db18af62f4f24b8d1f96c4f05804a9a6ecf510d17a98264,,,,,,,,,,,,,,,,,,,,,,,
fauna,Shrimp,Shrimp,HOLD,FAIL,HOLD,True,Ice and cave insects,MEDIUM,,PASS,POLISH,POLISH,POLISH,POLISH,POLISH,"Broad family anatomy is usable, but the portrait still shares simplified global body templates and should retain stronger species markers.","No critical routing, clipping, eye, or life-stage issue found in the full-size visual pass. Recognizable within the established stylized family language. Use correct insect anatomy: distinct head/thorax/abdomen, six articulated legs, correct wing count and attachment, antennae, mouthparts and species-specific shell/body proportions.",Shrimp.png,440,440,RGBA,d387a83e8fe8464307946a2d4e4784d884b938011155275677293164a96dec2c,f9d41635cf93fe87be9a4cd569c7cd9ac82dbc80493ae85c3d1f51af7f15f0f1,,,,,,,,,,,,,,,,,,,,,,,
fauna,Skink,Skink,HOLD,FAIL,HOLD,True,Medium and small lizards,MEDIUM,,PASS,POLISH,POLISH,POLISH,POLISH,POLISH,"Broad family anatomy is usable, but the portrait still shares simplified global body templates and should retain stronger species markers.","No critical routing, clipping, eye, or life-stage issue found in the full-size visual pass. Recognizable within the established stylized family language. Verify skull/head profile, limb state, body thickness, scale texture, tail and any crest/frill/horn; do not rely on color alone.",Skink.png,440,440,RGBA,4fb6a1e39c416a29e7084cc350ba4f2467fe4907e048c0ecd6fe6f5a4f3c01cf,f98ddf7b6049ba3c644c90bdd4061b31922bd00615822c9ee9086bb3f3182295,,,,,,,,,,,,,,,,,,,,,,,
fauna,Skua,Skua,HOLD,FAIL,HOLD,True,Seabirds,MEDIUM,,PASS,POLISH,POLISH,POLISH,POLISH,POLISH,"Broad family anatomy is usable, but the portrait still shares simplified global body templates and should retain stronger species markers.","No critical routing, clipping, eye, or life-stage issue found in the full-size visual pass. Recognizable within the established stylized family language. The named bird relies too heavily on the shared side-bird template. Correct the bill, neck, body depth, wing length, leg type, tail and crest/display structures for the species.",Skua.png,440,440,RGBA,5f3286dc3e3143f06b06040887d18c8aef29a039da75c643ceb632b21de115e6,f0dfb57d508bca7340d2662bdaf5d4846980163d5ba61af4b1aeb3c7f3c969d6,,,,,,,,,,,,,,,,,,,,,,,
fauna,Small_Fish,Small Fish,HOLD,FAIL,HOLD,True,Fish,MEDIUM,,PASS,POLISH,POLISH,POLISH,POLISH,POLISH,"Broad family anatomy is usable, but the portrait still shares simplified global body templates and should retain stronger species markers.","No critical routing, clipping, eye, or life-stage issue found in the full-size visual pass. Recognizable within the established stylized family language. The portrait relies on a generic torpedo fish. Correct body depth, head/mouth position, dorsal/anal/pectoral fin shape, caudal fin, markings and any diagnostic appendage.",Small_Fish.png,440,440,RGBA,4e593fc4f85023250abf6a40bccbac3e39ab757deec71773967f03ca5578e412,c0708e719de4b46edc5abde477a298dc6daa7f48916d109abdd61ed1837ab781,,,,,,,,,,,,,,,,,,,,,,,
fauna,Snail,Snail,HOLD,FAIL,HOLD,True,Gastropods,HIGH,Freshwater_Snail,PASS,POLISH,POLISH,POLISH,POLISH,POLISH,"Broad family anatomy is usable, but the portrait still shares simplified global body templates and should retain stronger species markers.","No critical routing, clipping, eye, or life-stage issue found in the full-size visual pass. Recognizable within the established stylized family language. Broad family routing may be usable, but Snail still needs an unlabeled silhouette check for body plan, head, eyes/sensory structures, appendages and rear/terminal anatomy.",Snail.png,440,440,RGBA,194cef81899f2cc5e6bc110c9877eef4581d11d79c0450f08927cb6dd4e74bd0,c83d38a44c6209948228bdd9e1967d63ae597d313852e9fb11726d4421a7bb4b,,,,,,,,,,,,,,,,,,,,,,,
fauna,Snailfish,Snailfish,HOLD,FAIL,HOLD,True,Other or uncertain,MEDIUM,,PASS,POLISH,POLISH,POLISH,POLISH,POLISH,"Broad family anatomy is usable, but the portrait still shares simplified global body templates and should retain stronger species markers.","No critical routing, clipping, eye, or life-stage issue found in the full-size visual pass. Recognizable within the established stylized family language. Broad family routing may be usable, but Snailfish still needs an unlabeled silhouette check for body plan, head, eyes/sensory structures, appendages and rear/terminal anatomy.",Snailfish.png,440,440,RGBA,e9598e6ac017f10dc5c17e9477b4f88979d03b82e22784ff021546fd491ad102,2d2a5e6f0b2ba5a5d7264660c3ff3f540078e4f8a107b0f4a08589ba8d849762,,,,,,,,,,,,,,,,,,,,,,,
fauna,Snake,Snake,HOLD,FAIL,HOLD,True,Snakes,MEDIUM,,PASS,POLISH,POLISH,POLISH,POLISH,POLISH,"Broad family anatomy is usable, but the portrait still shares simplified global body templates and should retain stronger species markers.","No critical routing, clipping, eye, or life-stage issue found in the full-size visual pass. Recognizable within the established stylized family language. Verify skull/head profile, limb state, body thickness, scale texture, tail and any crest/frill/horn; do not rely on color alone.",Snake.png,440,440,RGBA,52a176846b2d5945529d44a839387368e9d1078a72da84f80a3bc2da636e2e12,f3fe2477f9b4ac0d77489ed5b8d86ccb9d4e4aa86ef08d14b60a2d1d6b09364e,,,,,,,,,,,,,,,,,,,,,,,
fauna,Snapper,Snapper,HOLD,FAIL,HOLD,True,Groupers and snappers,MEDIUM,,PASS,POLISH,POLISH,POLISH,POLISH,POLISH,"Broad family anatomy is usable, but the portrait still shares simplified global body templates and should retain stronger species markers.","No critical routing, clipping, eye, or life-stage issue found in the full-size visual pass. Recognizable within the established stylized family language. Broad family routing may be usable, but Snapper still needs an unlabeled silhouette check for body plan, head, eyes/sensory structures, appendages and rear/terminal anatomy.",Snapper.png,440,440,RGBA,a921fd405522904eccc5a1eb07fbabae0a6ce75bdd5556a7a352349aa68503a0,6b74a421c94615f33032a84523c6ff7628be50be48a1e3a99a840b0a9ece1ed2,,,,,,,,,,,,,,,,,,,,,,,
fauna,Snapping_Turtle,Snapping Turtle,HOLD,FAIL,FAIL,True,Turtles and tortoises,HIGH,,POLISH,POLISH,POLISH,PASS,POLISH,POLISH,POLISH,"The shell and tail read, but add a larger angular head, hooked beak, rough ridged shell and stronger clawed limbs.",Snapping_Turtle.png,440,440,RGBA,aee7470a9f4076de99790395e4456ca194deb7fbc1afb989d66f0a5f0640cd72,ab9fe77317c82c9d88ca2e3d3d9c02ddab3595a48169a6084fe89297f6a9e5e7,,,,,,,,,,,,,,,,,,,,,,,
fauna,Snipe,Snipe,HOLD,FAIL,HOLD,True,Shorebirds,MEDIUM,,PASS,POLISH,POLISH,PASS,POLISH,POLISH,"Broad family anatomy is usable, but the portrait still shares simplified global body templates and should retain stronger species markers.","Increase very long straight bill. Keep the wader family but correct the exact bill geometry, neck length, leg/foot proportions, body depth and tail for the named species.",Snipe.png,440,440,RGBA,730ca88bde1ce824bdbca504de0abb2d88261a5322f7df2f23d36fb67b6a9815,e4248186893c4b4e19a131b3aaa9dc13b04258a8a25506a1fa40797bb72b8f1b,,,,,,,,,,,,,,,,,,,,,,,
fauna,Snow_Petrel,Snow Petrel,HOLD,FAIL,HOLD,True,Seabirds,MEDIUM,,PASS,POLISH,POLISH,POLISH,POLISH,POLISH,"Broad family anatomy is usable, but the portrait still shares simplified global body templates and should retain stronger species markers.","No critical routing, clipping, eye, or life-stage issue found in the full-size visual pass. Recognizable within the established stylized family language. The named bird relies too heavily on the shared side-bird template. Correct the bill, neck, body depth, wing length, leg type, tail and crest/display structures for the species.",Snow_Petrel.png,440,440,RGBA,bca88d712ff5b943e61908bde3e867c7ec3bcc020e9b6b754d00e8df07a30c0d,daac79e83a37b0c26bef9ad65c9e9a79c1764344d2fd68ed2dd620ffa2467367,,,,,,,,,,,,,,,,,,,,,,,
fauna,Snowshoe_Hare,Snowshoe Hare,HOLD,FAIL,HOLD,True,Lagomorphs,MEDIUM,,PASS,POLISH,POLISH,POLISH,POLISH,POLISH,"Broad family anatomy is usable, but the portrait still shares simplified global body templates and should retain stronger species markers.","No critical routing, clipping, eye, or life-stage issue found in the full-size visual pass. Recognizable within the established stylized family language. Verify rodent/lagomorph skull, incisors/muzzle, fore/hind foot proportions, body posture and tail; several currently inherit the rabbit-like template.",Snowshoe_Hare.png,440,440,RGBA,ed58a65ad105b58718324f62a5d9c8859cd209336f873b4741a9b8a063842e88,1178067edf7b9f332df7153f98862e24e6e29df255a1dc8c785baeb4bd8173cf,,,,,,,,,,,,,,,,,,,,,,,
fauna,Snowy_Owl,Snowy Owl,HOLD,FAIL,HOLD,True,Owls,MEDIUM,,PASS,POLISH,POLISH,POLISH,POLISH,POLISH,"Broad family anatomy is usable, but the portrait still shares simplified global body templates and should retain stronger species markers.","No critical routing, clipping, eye, or life-stage issue found in the full-size visual pass. Recognizable within the established stylized family language. Broad family routing may be usable, but Snowy Owl still needs an unlabeled silhouette check for body plan, head, eyes/sensory structures, appendages and rear/terminal anatomy.",Snowy_Owl.png,440,440,RGBA,260a94e10dd93794d93253e4f3252f7ddfc294a80fd403f08d9ceb569459e0ff,a741717b986f7475301b7b415deafcf2ad214037c6d599f603685b789a99c3cb,,,,,,,,,,,,,,,,,,,,,,,
fauna,Sparrow,Sparrow,HOLD,FAIL,HOLD,True,Songbirds,HIGH,Finch | Lark | Plover | Robin | Spider | Starling | Swallow | Swift | Tanager | Weaverbird,PASS,POLISH,POLISH,POLISH,POLISH,POLISH,"Broad family anatomy is usable, but the portrait still shares simplified global body templates and should retain stronger species markers.","No critical routing, clipping, eye, or life-stage issue found in the full-size visual pass. Recognizable within the established stylized family language. The named bird relies too heavily on the shared side-bird template. Correct the bill, neck, body depth, wing length, leg type, tail and crest/display structures for the species.",Sparrow.png,440,440,RGBA,b69ad681f39953b71c89e94fd60c285ec054b2fe18ec7c0fd315a09d7b996a34,61132d028b2223ee5924d387958eb9fa50032c98e4ddf85722c1636698d15f2e,,,,,,,,,,,,,,,,,,,,,,,
fauna,Sperm_Whale,Sperm Whale,HOLD,FAIL,HOLD,True,Marine mammals,HIGH,Beluga | Narwhal | Right_Whale,PASS,POLISH,POLISH,POLISH,POLISH,POLISH,"Broad family anatomy is usable, but the portrait still shares simplified global body templates and should retain stronger species markers.","No critical routing, clipping, eye, or life-stage issue found in the full-size visual pass. Recognizable within the established stylized family language. Strengthen real marine-mammal proportions: streamlined body, species-correct rostrum/head, dorsal fin placement, pectoral flippers, peduncle and horizontal flukes.",Sperm_Whale.png,440,440,RGBA,26f22e9c58c4584c3f3bcadee2e8d03d48d24daa30852d1340852b175821d75b,d07d143a7c46aa93137a7a6c5de6d9efce1867317a43c10b60f1c3cc4c6531ab,,,,,,,,,,,,,,,,,,,,,,,
fauna,Spider,Spider,HOLD,FAIL,HOLD,True,Ice and cave insects,HIGH,Finch | Lark | Plover | Robin | Sparrow | Starling | Swallow | Swift | Tanager | Weaverbird,PASS,POLISH,POLISH,POLISH,POLISH,POLISH,"Broad family anatomy is usable, but the portrait still shares simplified global body templates and should retain stronger species markers.","No critical routing, clipping, eye, or life-stage issue found in the full-size visual pass. Recognizable within the established stylized family language. Use correct insect anatomy: distinct head/thorax/abdomen, six articulated legs, correct wing count and attachment, antennae, mouthparts and species-specific shell/body proportions.",Spider.png,440,440,RGBA,a34f0017f8fdb33e332093f5174839eb50d02a09b2643d90322b7c4f48ee30fc,637c0ad31e3b9a34b0e42ccfcfad704ca2e1496bfa5cb94265c5926aaf5ecaa6,,,,,,,,,,,,,,,,,,,,,,,
fauna,Spider_Monkey,Spider Monkey,HOLD,FAIL,HOLD,True,Primates,MEDIUM,,PASS,POLISH,POLISH,POLISH,POLISH,POLISH,"Broad family anatomy is usable, but the portrait still shares simplified global body templates and should retain stronger species markers.","No critical routing, clipping, eye, or life-stage issue found in the full-size visual pass. Recognizable within the established stylized family language. Verify torso posture, arm/leg ratio, hands/feet, face shape and tail state for the named primate.",Spider_Monkey.png,440,440,RGBA,73c9caa8458c83edfe3eb0c5b48f2663b98c292b114db6ac20a7b9359f827774,cc872b953c826dd9c459f64943ae6a4e4a46f35653dba8d3d8197b8fd5a02664,,,,,,,,,,,,,,,,,,,,,,,
fauna,Sponge,Sponge,HOLD,FAIL,HOLD,True,Sessile marine life,MEDIUM,,PASS,POLISH,POLISH,POLISH,POLISH,POLISH,"Broad family anatomy is usable, but the portrait still shares simplified global body templates and should retain stronger species markers.","No critical routing, clipping, eye, or life-stage issue found in the full-size visual pass. Recognizable within the established stylized family language. Broad family routing may be usable, but Sponge still needs an unlabeled silhouette check for body plan, head, eyes/sensory structures, appendages and rear/terminal anatomy.",Sponge.png,440,440,RGBA,16430b6a384b850b56b04e5fa66f66c648536448b1bf62c3dd33ba70e4d2a80a,503f3c0352d0b48e9a83f4440be8d17f1df9f75502ab0bf26563ed6cd5dd8444,,,,,,,,,,,,,,,,,,,,,,,
fauna,Springbok,Springbok,HOLD,FAIL,HOLD,True,Other or uncertain,MEDIUM,,PASS,POLISH,POLISH,POLISH,POLISH,POLISH,"Broad family anatomy is usable, but the portrait still shares simplified global body templates and should retain stronger species markers.","No critical routing, clipping, eye, or life-stage issue found in the full-size visual pass. Recognizable within the established stylized family language. Broad family routing may be usable, but Springbok still needs an unlabeled silhouette check for body plan, head, eyes/sensory structures, appendages and rear/terminal anatomy.",Springbok.png,440,440,RGBA,f6df2220c5abbd23b8797e74971bf4cf13a67c604c832b4caef543cc3fa74f8c,e052e40de9d7c0491e2e1860b762c154ae28a538e5de6d6a81e8be30f34f2b77,,,,,,,,,,,,,,,,,,,,,,,
fauna,Squid,Squid,HOLD,FAIL,HOLD,True,Cephalopods,MEDIUM,,PASS,POLISH,POLISH,POLISH,POLISH,POLISH,"Broad family anatomy is usable, but the portrait still shares simplified global body templates and should retain stronger species markers.","No critical routing, clipping, eye, or life-stage issue found in the full-size visual pass. Recognizable within the established stylized family language. Verify mantle form, eye/head placement, arm count, feeding tentacles, fin skirt/fins and rear mantle taper for the named cephalopod.",Squid.png,440,440,RGBA,721754c631be956035c948851e7f19c1c69d23a77c6a36da151374a2c874eb75,4fe6edf87ec7f9170f8b391ef615d319f84930a01768190ee723d9a8a7fb741a,,,,,,,,,,,,,,,,,,,,,,,
fauna,Squirrel,Squirrel,HOLD,FAIL,HOLD,True,Rodents,MEDIUM,,PASS,POLISH,POLISH,POLISH,POLISH,POLISH,"Broad family anatomy is usable, but the portrait still shares simplified global body templates and should retain stronger species markers.","No critical routing, clipping, eye, or life-stage issue found in the full-size visual pass. Recognizable within the established stylized family language. Verify rodent/lagomorph skull, incisors/muzzle, fore/hind foot proportions, body posture and tail; several currently inherit the rabbit-like template.",Squirrel.png,440,440,RGBA,69e3fd2547466f39a90d658246bb3865eba352bbb5118fc696687149806f7a75,8fc60e0f209c90e4b8656e0ca88efa8a65f40a1a91f927ef7c382d00b486768d,,,,,,,,,,,,,,,,,,,,,,,
fauna,Starfish,Starfish,HOLD,FAIL,HOLD,True,Other mollusks,MEDIUM,,PASS,POLISH,POLISH,POLISH,POLISH,POLISH,"Broad family anatomy is usable, but the portrait still shares simplified global body templates and should retain stronger species markers.","No critical routing, clipping, eye, or life-stage issue found in the full-size visual pass. Recognizable within the established stylized family language. Broad family routing may be usable, but Starfish still needs an unlabeled silhouette check for body plan, head, eyes/sensory structures, appendages and rear/terminal anatomy.",Starfish.png,440,440,RGBA,cf78732ce62481d6bd894d92dca5255184dcb90f12164006acf2d0bd44fc5a3d,9fc9491316236b197c7dcdc21dc7931256f0d47e3d9b4e492d730592bf97e576,,,,,,,,,,,,,,,,,,,,,,,
fauna,Starling,Starling,HOLD,FAIL,HOLD,True,Songbirds,HIGH,Finch | Lark | Plover | Robin | Sparrow | Spider | Swallow | Swift | Tanager | Weaverbird,PASS,POLISH,POLISH,POLISH,POLISH,POLISH,"Broad family anatomy is usable, but the portrait still shares simplified global body templates and should retain stronger species markers.","No critical routing, clipping, eye, or life-stage issue found in the full-size visual pass. Recognizable within the established stylized family language. The named bird relies too heavily on the shared side-bird template. Correct the bill, neck, body depth, wing length, leg type, tail and crest/display structures for the species.",Starling.png,440,440,RGBA,bc95a393966cd268b1b4d7e8ae9c4ee0abc241a565b4ba6df863928f99aca6b7,d334ed3be771766090913316694991dce5331c4f0c6ff4f388117880072656d1,,,,,,,,,,,,,,,,,,,,,,,
fauna,Stick_Insect,Stick Insect,HOLD,FAIL,HOLD,True,Stick and leaf insects,MEDIUM,,PASS,POLISH,POLISH,POLISH,POLISH,POLISH,"Broad family anatomy is usable, but the portrait still shares simplified global body templates and should retain stronger species markers.","No critical routing, clipping, eye, or life-stage issue found in the full-size visual pass. Recognizable within the established stylized family language. Use correct insect anatomy: distinct head/thorax/abdomen, six articulated legs, correct wing count and attachment, antennae, mouthparts and species-specific shell/body proportions.",Stick_Insect.png,440,440,RGBA,8666469e51aecf598a6b321ece0a5a97d0a174b7febc5fffc9b94cdbba60d31a,2b6c9ea3d206bf2da7fbabcf38f42112365e8e0e78fca5f01817d729929a3f6e,,,,,,,,,,,,,,,,,,,,,,,
fauna,Stingray,Stingray,HOLD,FAIL,HOLD,True,Rays and skates,MEDIUM,,PASS,POLISH,POLISH,POLISH,POLISH,POLISH,"Broad family anatomy is usable, but the portrait still shares simplified global body templates and should retain stronger species markers.","No critical routing, clipping, eye, or life-stage issue found in the full-size visual pass. Recognizable within the established stylized family language. Broad family routing may be usable, but Stingray still needs an unlabeled silhouette check for body plan, head, eyes/sensory structures, appendages and rear/terminal anatomy.",Stingray.png,440,440,RGBA,a1af086354a01f199e1b1df30aefd0e4ba3e02e7e42e99ebfaf685e4db9054d9,5e904040a82bb42f737b5d9cdf6e0fda2487bdad0f615d6c7d6607aab0bd3475,,,,,,,,,,,,,,,,,,,,,,,
fauna,Stoat,Stoat,HOLD,FAIL,HOLD,True,Weasels and relatives,MEDIUM,,PASS,POLISH,POLISH,POLISH,POLISH,POLISH,"Broad family anatomy is usable, but the portrait still shares simplified global body templates and should retain stronger species markers.","No critical routing, clipping, eye, or life-stage issue found in the full-size visual pass. Recognizable within the established stylized family language. Use the correct low flexible carnivoran torso, pawed limbs, skull/muzzle, and species-specific tail instead of one shared long-body template.",Stoat.png,440,440,RGBA,503ca8883f35aec679863186a231bb6c32faed87260a98661e95138a6c03f93f,fca269ecb08fb46becae479b738db0815e985aa774f5e716accc9587e1fcbac7,,,,,,,,,,,,,,,,,,,,,,,
fauna,Stonefly,Stonefly,HOLD,FAIL,HOLD,True,Mayflies and stoneflies,MEDIUM,,PASS,POLISH,POLISH,POLISH,POLISH,POLISH,"Broad family anatomy is usable, but the portrait still shares simplified global body templates and should retain stronger species markers.","No critical routing, clipping, eye, or life-stage issue found in the full-size visual pass. Recognizable within the established stylized family language. Use correct insect anatomy: distinct head/thorax/abdomen, six articulated legs, correct wing count and attachment, antennae, mouthparts and species-specific shell/body proportions.",Stonefly.png,440,440,RGBA,f5e4b26644d25da8c0694aaf95285aec0c298b99079723d0cbdc6787094550dc,4d998e4727f9df860112cf59c0c10bd5f03bde73b61c013a69030e8a258df1ad,,,,,,,,,,,,,,,,,,,,,,,
fauna,Stork,Stork,HOLD,FAIL,HOLD,True,Herons and wetland birds,MEDIUM,,PASS,POLISH,POLISH,POLISH,POLISH,POLISH,"Broad family anatomy is usable, but the portrait still shares simplified global body templates and should retain stronger species markers.","No critical routing, clipping, eye, or life-stage issue found in the full-size visual pass. Recognizable within the established stylized family language. Keep the wader family but correct the exact bill geometry, neck length, leg/foot proportions, body depth and tail for the named species.",Stork.png,440,440,RGBA,10ca50e40895ca8c75e43a70c85ffb24cbb10616e1daa50286e87541e55f799a,6e980376b90f6e1ed02adaf61c758e8d214371e752ed4364344831aa5762016b,,,,,,,,,,,,,,,,,,,,,,,
fauna,Sturgeon,Sturgeon,HOLD,FAIL,FAIL,True,Primitive fish,HIGH,,POLISH,POLISH,POLISH,PASS,POLISH,POLISH,POLISH,"The long fish form reads, but add the five rows of bony scutes, inferior mouth with barbels and heterocercal tail.",Sturgeon.png,440,440,RGBA,9dfa1296adc032ed9acb2e8cd4034a05f454cbb18ad6ebc3e4224a3020a6adff,2ed9f3ec222cc579a5a4ed6ed5d19a5498b9e764ce737875a10cb1ddb4cd42c1,,,,,,,,,,,,,,,,,,,,,,,
fauna,Sunfish,Sunfish,HOLD,FAIL,HOLD,True,Perch-like freshwater fish,MEDIUM,,PASS,POLISH,POLISH,POLISH,POLISH,POLISH,"Broad family anatomy is usable, but the portrait still shares simplified global body templates and should retain stronger species markers.","No critical routing, clipping, eye, or life-stage issue found in the full-size visual pass. Recognizable within the established stylized family language. The portrait relies on a generic torpedo fish. Correct body depth, head/mouth position, dorsal/anal/pectoral fin shape, caudal fin, markings and any diagnostic appendage.",Sunfish.png,440,440,RGBA,cb4d70969e143e78d23ff403e51b902bc0ce1567acea7c887812f029af1467b6,16d74c93761018794a2d7453b4fc149d7806a1127c85b250542d6fb76c523f39,,,,,,,,,,,,,,,,,,,,,,,
fauna,Surgeonfish,Surgeonfish,HOLD,FAIL,HOLD,True,Reef fish,MEDIUM,,PASS,POLISH,POLISH,POLISH,POLISH,POLISH,"Broad family anatomy is usable, but the portrait still shares simplified global body templates and should retain stronger species markers.","No critical routing, clipping, eye, or life-stage issue found in the full-size visual pass. Recognizable within the established stylized family language. The portrait relies on a generic torpedo fish. Correct body depth, head/mouth position, dorsal/anal/pectoral fin shape, caudal fin, markings and any diagnostic appendage.",Surgeonfish.png,440,440,RGBA,9e5eabbaf1fbed9590260eb67865284aa445836d966ddcd1a3f96fd50612cccb,987083734a1d5338fdb4861a9c7e4121227f2c86acf1ba4a9186dd55c09f8283,,,,,,,,,,,,,,,,,,,,,,,
fauna,Swallow,Swallow,HOLD,FAIL,HOLD,True,Songbirds,HIGH,Finch | Lark | Plover | Robin | Sparrow | Spider | Starling | Swift | Tanager | Weaverbird,PASS,POLISH,POLISH,POLISH,POLISH,POLISH,"Broad family anatomy is usable, but the portrait still shares simplified global body templates and should retain stronger species markers.","No critical routing, clipping, eye, or life-stage issue found in the full-size visual pass. Recognizable within the established stylized family language. The named bird relies too heavily on the shared side-bird template. Correct the bill, neck, body depth, wing length, leg type, tail and crest/display structures for the species.",Swallow.png,440,440,RGBA,59a120ad681a6ada61a3f881b25647b1be8e7c94548073ab948d9f780d9aab10,0398f0fa633b3988d4dbb56d450dea2e9a465372c5595493fa750da0a9673b7a,,,,,,,,,,,,,,,,,,,,,,,
fauna,Swan,Swan,HOLD,FAIL,HOLD,True,Waterfowl,MEDIUM,,PASS,POLISH,POLISH,PASS,POLISH,POLISH,"Broad family anatomy is usable, but the portrait still shares simplified global body templates and should retain stronger species markers.","Long neck is present; broaden waterfowl body and wing mass. Broad family routing may be usable, but Swan still needs an unlabeled silhouette check for body plan, head, eyes/sensory structures, appendages and rear/terminal anatomy.",Swan.png,440,440,RGBA,eec7aa6442cebade45b7517258af7789d35de2ef2f7975090bce81ad3ad4df26,5f8006bb3fc456f6a99bc6779ee41330c4d106096d4f43a8c79f3dfae8e16582,,,,,,,,,,,,,,,,,,,,,,,
fauna,Swift,Swift,HOLD,FAIL,HOLD,True,Songbirds,HIGH,Finch | Lark | Plover | Robin | Sparrow | Spider | Starling | Swallow | Tanager | Weaverbird,PASS,POLISH,POLISH,POLISH,POLISH,POLISH,"Broad family anatomy is usable, but the portrait still shares simplified global body templates and should retain stronger species markers.","No critical routing, clipping, eye, or life-stage issue found in the full-size visual pass. Recognizable within the established stylized family language. The named bird relies too heavily on the shared side-bird template. Correct the bill, neck, body depth, wing length, leg type, tail and crest/display structures for the species.",Swift.png,440,440,RGBA,bcb4740d21d8ff6a79ec6665c1237e80cdb40a0258952ffa9d4d9c4ba49ad692,9f948a09ce5333aee5f5178b18a4e64b49e90da1efcef3c654e0b6fb5917e52a,,,,,,,,,,,,,,,,,,,,,,,
fauna,Swordfish,Swordfish,HOLD,FAIL,HOLD,True,Ocean predators,MEDIUM,,PASS,POLISH,POLISH,POLISH,POLISH,POLISH,"Broad family anatomy is usable, but the portrait still shares simplified global body templates and should retain stronger species markers.","No critical routing, clipping, eye, or life-stage issue found in the full-size visual pass. Recognizable within the established stylized family language. The portrait relies on a generic torpedo fish. Correct body depth, head/mouth position, dorsal/anal/pectoral fin shape, caudal fin, markings and any diagnostic appendage.",Swordfish.png,440,440,RGBA,35e2d963633b1dbfc7f498cd6014346a5c37d3f01cb294f7498b704edad48460,497792b6564238084274c5620eee9555964bd90fe484d1d03ef4d41a983d634b,,,,,,,,,,,,,,,,,,,,,,,
fauna,Tadpole_Shrimp,Tadpole Shrimp,HOLD,FAIL,HOLD,True,Crustaceans,MEDIUM,,PASS,POLISH,POLISH,POLISH,POLISH,POLISH,"Broad family anatomy is usable, but the portrait still shares simplified global body templates and should retain stronger species markers.","No critical routing, clipping, eye, or life-stage issue found in the full-size visual pass. Recognizable within the established stylized family language. Verify segmented carapace, correct leg/claw count, antennae, abdomen/tail fan and the named species’ defining asymmetry or shell form.",Tadpole_Shrimp.png,440,440,RGBA,20165f198bf6c398b81e98a7bf1d5671f5a606c9622138494ed070a9bd0499df,a8eb2c34766b3464e871d771f17a750d06ca1af2ed5da3c64d0926d09f114e53,,,,,,,,,,,,,,,,,,,,,,,
fauna,Tahr,Tahr,HOLD,FAIL,HOLD,True,Other or uncertain,MEDIUM,,PASS,POLISH,POLISH,POLISH,POLISH,POLISH,"Broad family anatomy is usable, but the portrait still shares simplified global body templates and should retain stronger species markers.","No critical routing, clipping, eye, or life-stage issue found in the full-size visual pass. Recognizable within the established stylized family language. Broad family routing may be usable, but Tahr still needs an unlabeled silhouette check for body plan, head, eyes/sensory structures, appendages and rear/terminal anatomy.",Tahr.png,440,440,RGBA,f23a5173632d65c5227b774f7f417e3edb5f38ff633af614ff9cf86e0f34db61,6794838996dedcc863d6bfd02418cac885353881c86dfbdd5aa5668d9a97aa0c,,,,,,,,,,,,,,,,,,,,,,,
fauna,Takin,Takin,HOLD,FAIL,HOLD,True,Sheep and goats,MEDIUM,,PASS,POLISH,POLISH,POLISH,POLISH,POLISH,"Broad family anatomy is usable, but the portrait still shares simplified global body templates and should retain stronger species markers.","No critical routing, clipping, eye, or life-stage issue found in the full-size visual pass. Recognizable within the established stylized family language. The ungulate base is usable, but the named species must have correct horn/antler geometry, neck, shoulder/croup mass, leg length, hooves, head and tail.",Takin.png,440,440,RGBA,ed5bd7c7124bc0af2984615623ab4e1a3d8d2782c041b07f56e3f54cc58dcac8,e82f3f9e3679be3098d5bf2ca92cfa8ea591f867c1674ac9ab1003f0f45aeb70,,,,,,,,,,,,,,,,,,,,,,,
fauna,Tamarin,Tamarin,HOLD,FAIL,HOLD,True,Primates,MEDIUM,,PASS,POLISH,POLISH,POLISH,POLISH,POLISH,"Broad family anatomy is usable, but the portrait still shares simplified global body templates and should retain stronger species markers.","No critical routing, clipping, eye, or life-stage issue found in the full-size visual pass. Recognizable within the established stylized family language. Verify torso posture, arm/leg ratio, hands/feet, face shape and tail state for the named primate.",Tamarin.png,440,440,RGBA,950659a5ade34b216b3ebc8090e3613b0fed2ddcbb6291f549d7d4cf8b8d4598,388e56fd66e05b0c5438be70a72570c55141dc8b7b29aa645257c30a8571f382,,,,,,,,,,,,,,,,,,,,,,,
fauna,Tanager,Tanager,HOLD,FAIL,HOLD,True,Songbirds,HIGH,Finch | Lark | Plover | Robin | Sparrow | Spider | Starling | Swallow | Swift | Weaverbird,PASS,POLISH,POLISH,POLISH,POLISH,POLISH,"Broad family anatomy is usable, but the portrait still shares simplified global body templates and should retain stronger species markers.","No critical routing, clipping, eye, or life-stage issue found in the full-size visual pass. Recognizable within the established stylized family language. The named bird relies too heavily on the shared side-bird template. Correct the bill, neck, body depth, wing length, leg type, tail and crest/display structures for the species.",Tanager.png,440,440,RGBA,92147985f3e30da262ae851ca324fa86253bc6a72550a3dca7e8f54c92a98960,1856ceda0e50a5ad012ba2215c48bc2b4bfbb07183a5a14f598ada573e07332b,,,,,,,,,,,,,,,,,,,,,,,
fauna,Tang,Tang,HOLD,FAIL,HOLD,True,Reef fish,MEDIUM,,PASS,POLISH,POLISH,POLISH,POLISH,POLISH,"Broad family anatomy is usable, but the portrait still shares simplified global body templates and should retain stronger species markers.","No critical routing, clipping, eye, or life-stage issue found in the full-size visual pass. Recognizable within the established stylized family language. The portrait relies on a generic torpedo fish. Correct body depth, head/mouth position, dorsal/anal/pectoral fin shape, caudal fin, markings and any diagnostic appendage.",Tang.png,440,440,RGBA,38548e38aedbbc0145818cc46c3e24e5e010093e7abe8dd6d573eaa53f8ef79a,11b85f538632cf7a2479bfdb19b50c1056c68e0daed4bf8dad33f70b582b38ad,,,,,,,,,,,,,,,,,,,,,,,
fauna,Tapir,Tapir,HOLD,FAIL,HOLD,True,Horses and relatives,MEDIUM,,PASS,POLISH,POLISH,POLISH,POLISH,POLISH,"Broad family anatomy is usable, but the portrait still shares simplified global body templates and should retain stronger species markers.","No critical routing, clipping, eye, or life-stage issue found in the full-size visual pass. Recognizable within the established stylized family language. Use a dedicated equid scaffold: deep barrel torso, withers, sloped shoulder, muscular croup, long wedge-shaped head, articulated knees/hocks/fetlocks, hooves, mane, and flowing or tufted tail.",Tapir.png,440,440,RGBA,44f4fc3c26d0a5be64c8d941ea7e489920e7e3259db69fb714d6148a7fb83696,426a4ab509b18e14f2ab243fe55f9290be9774ffa900fb9faaeba908de474fa0,,,,,,,,,,,,,,,,,,,,,,,
fauna,Tarantula,Tarantula,HOLD,FAIL,HOLD,True,Ice and cave insects,MEDIUM,,PASS,POLISH,POLISH,POLISH,POLISH,POLISH,"Broad family anatomy is usable, but the portrait still shares simplified global body templates and should retain stronger species markers.","No critical routing, clipping, eye, or life-stage issue found in the full-size visual pass. Recognizable within the established stylized family language. Use correct insect anatomy: distinct head/thorax/abdomen, six articulated legs, correct wing count and attachment, antennae, mouthparts and species-specific shell/body proportions.",Tarantula.png,440,440,RGBA,b448f025a6fb808d94463ae3ccf6043da8f7cd1b59857fa16c9ec288b6347446,02384e86f1c9d28549c7144b8d863ea643c250c6d8642c0052af142c46592739,,,,,,,,,,,,,,,,,,,,,,,
fauna,Tarpon,Tarpon,HOLD,FAIL,HOLD,True,Coastal fish,MEDIUM,,PASS,POLISH,POLISH,POLISH,POLISH,POLISH,"Broad family anatomy is usable, but the portrait still shares simplified global body templates and should retain stronger species markers.","No critical routing, clipping, eye, or life-stage issue found in the full-size visual pass. Recognizable within the established stylized family language. The portrait relies on a generic torpedo fish. Correct body depth, head/mouth position, dorsal/anal/pectoral fin shape, caudal fin, markings and any diagnostic appendage.",Tarpon.png,440,440,RGBA,05a977710e70f7b341e6063d74bf216d003542e342572557b46f2ca19853b867,b7a70fd841ae3301502c43b36a9ebcb72ccaa0318e8787a51e76104977b6adf7,,,,,,,,,,,,,,,,,,,,,,,
fauna,Tasmanian_Devil,Tasmanian Devil,HOLD,FAIL,FAIL,True,Marsupials,HIGH,,POLISH,POLISH,POLISH,PASS,POLISH,POLISH,POLISH,"The low dark marsupial body is recognizable, but strengthen the oversized head/jaws, white chest marking, short tail and stocky forequarters.",Tasmanian_Devil.png,440,440,RGBA,4490a7a90ee7e4ab4517c235253ac2b8d925c159634fc95e495c452d145720ea,31f50bc92e8ca19628d1e01135be7157820d790f1d765bba6af87b3336c506a8,,,,,,,,,,,,,,,,,,,,,,,
fauna,Tegu,Tegu,HOLD,FAIL,HOLD,True,Large lizards,MEDIUM,,PASS,POLISH,POLISH,POLISH,POLISH,POLISH,"Broad family anatomy is usable, but the portrait still shares simplified global body templates and should retain stronger species markers.","No critical routing, clipping, eye, or life-stage issue found in the full-size visual pass. Recognizable within the established stylized family language. Verify skull/head profile, limb state, body thickness, scale texture, tail and any crest/frill/horn; do not rely on color alone.",Tegu.png,440,440,RGBA,2378423902295de86a87b80fd15a75ce767810b8b4cc63c6b2609267f39fe6f0,dec15185c89162c128877eb6f680fc6a538f6b2ef8bc45ee4acc605225be22f9,,,,,,,,,,,,,,,,,,,,,,,
fauna,Termite,Termite,HOLD,FAIL,HOLD,True,Insects,HIGH,Aphid | Black_Fly | Cicada | Cold-Adapted_Insect | Orchid_Bee | Thrips,PASS,POLISH,POLISH,POLISH,POLISH,POLISH,"Broad family anatomy is usable, but the portrait still shares simplified global body templates and should retain stronger species markers.","No critical routing, clipping, eye, or life-stage issue found in the full-size visual pass. Recognizable within the established stylized family language. Use correct insect anatomy: distinct head/thorax/abdomen, six articulated legs, correct wing count and attachment, antennae, mouthparts and species-specific shell/body proportions.",Termite.png,440,440,RGBA,aa00df486ab4eace5b1a037c860d54d30ea928223f1e78172543a19e86092606,ac9815bb16a6c8f8bd123b48c5a4b0993765f3768aaa2133e1881afd99b4eb47,,,,,,,,,,,,,,,,,,,,,,,
fauna,Tern,Tern,HOLD,FAIL,HOLD,True,Seabirds,MEDIUM,,PASS,POLISH,POLISH,POLISH,POLISH,POLISH,"Broad family anatomy is usable, but the portrait still shares simplified global body templates and should retain stronger species markers.","No critical routing, clipping, eye, or life-stage issue found in the full-size visual pass. Recognizable within the established stylized family language. The named bird relies too heavily on the shared side-bird template. Correct the bill, neck, body depth, wing length, leg type, tail and crest/display structures for the species.",Tern.png,440,440,RGBA,c537d44d1f84a3757994e89f68067cf5d147645ea126c8f3db07d7e70f62eed0,40fb187ff362019bcf6d023e2e6b1cc053be4101b3f77752a23e8c9e0d94012c,,,,,,,,,,,,,,,,,,,,,,,
fauna,Tetra,Tetra,HOLD,FAIL,HOLD,True,Characins,MEDIUM,,PASS,POLISH,POLISH,POLISH,POLISH,POLISH,"Broad family anatomy is usable, but the portrait still shares simplified global body templates and should retain stronger species markers.","No critical routing, clipping, eye, or life-stage issue found in the full-size visual pass. Recognizable within the established stylized family language. Broad family routing may be usable, but Tetra still needs an unlabeled silhouette check for body plan, head, eyes/sensory structures, appendages and rear/terminal anatomy.",Tetra.png,440,440,RGBA,255bae57c65d8daf7cfcafdbc52592ea0122cea6449628344d7f349ca7af57e7,b7f34d5665b253992c7c5fc28598685a416761685cb1dd9d90bced1120f6ac8e,,,,,,,,,,,,,,,,,,,,,,,
fauna,Thrips,Thrips,HOLD,FAIL,HOLD,True,Insects,HIGH,Aphid | Black_Fly | Cicada | Cold-Adapted_Insect | Orchid_Bee | Termite,PASS,POLISH,POLISH,POLISH,POLISH,POLISH,"Broad family anatomy is usable, but the portrait still shares simplified global body templates and should retain stronger species markers.","No critical routing, clipping, eye, or life-stage issue found in the full-size visual pass. Recognizable within the established stylized family language. Use correct insect anatomy: distinct head/thorax/abdomen, six articulated legs, correct wing count and attachment, antennae, mouthparts and species-specific shell/body proportions.",Thrips.png,440,440,RGBA,4fb0fa046306717a419facf3c9dcdc12a2e48f52c52302f20139faaf07ed75a9,3aaf33771e7219bcdbc39ee9c12cd206da4bf3a7adf838d5a759fbab8c892953,,,,,,,,,,,,,,,,,,,,,,,
fauna,Tiger_Shark,Tiger Shark,HOLD,FAIL,HOLD,True,Sharks,MEDIUM,,PASS,POLISH,POLISH,POLISH,POLISH,POLISH,"Broad family anatomy is usable, but the portrait still shares simplified global body templates and should retain stronger species markers.","No critical routing, clipping, eye, or life-stage issue found in the full-size visual pass. Recognizable within the established stylized family language. The portrait relies on a generic torpedo fish. Correct body depth, head/mouth position, dorsal/anal/pectoral fin shape, caudal fin, markings and any diagnostic appendage.",Tiger_Shark.png,440,440,RGBA,b9721c8489e115be636e7f56e6180e1679f21860504cdecaa15de286bf0a9393,b0a300d27471649851062afbff85cbb5584c8026df533289e7f081e322f1d91a,,,,,,,,,,,,,,,,,,,,,,,
fauna,Tigerfish,Tigerfish,HOLD,FAIL,HOLD,True,Other or uncertain,MEDIUM,,PASS,POLISH,POLISH,POLISH,POLISH,POLISH,"Broad family anatomy is usable, but the portrait still shares simplified global body templates and should retain stronger species markers.","No critical routing, clipping, eye, or life-stage issue found in the full-size visual pass. Recognizable within the established stylized family language. Broad family routing may be usable, but Tigerfish still needs an unlabeled silhouette check for body plan, head, eyes/sensory structures, appendages and rear/terminal anatomy.",Tigerfish.png,440,440,RGBA,d65583b5e244ae769e8836efcf5bf7b1da8b20ae9be8cb2ca26684c153355e9e,949924f9761e7ee67d0c4cdebc8e807cefdb8a1d0f208f2c3166aea21899bde1,,,,,,,,,,,,,,,,,,,,,,,
fauna,Tilapia,Tilapia,HOLD,FAIL,HOLD,True,Cichlids,MEDIUM,,PASS,POLISH,POLISH,POLISH,POLISH,POLISH,"Broad family anatomy is usable, but the portrait still shares simplified global body templates and should retain stronger species markers.","No critical routing, clipping, eye, or life-stage issue found in the full-size visual pass. Recognizable within the established stylized family language. Broad family routing may be usable, but Tilapia still needs an unlabeled silhouette check for body plan, head, eyes/sensory structures, appendages and rear/terminal anatomy.",Tilapia.png,440,440,RGBA,cba2ff2a85af6c91439857b2f4326a871c1164a5f6f223a76d245e546d2310df,950078510635db75f2231c87e3bfb8f46e4795bd2ecdcfce350433dad83ee255,,,,,,,,,,,,,,,,,,,,,,,
fauna,Toad,Toad,HOLD,FAIL,HOLD,True,Frogs and toads,MEDIUM,,PASS,POLISH,POLISH,POLISH,POLISH,POLISH,"Broad family anatomy is usable, but the portrait still shares simplified global body templates and should retain stronger species markers.","No critical routing, clipping, eye, or life-stage issue found in the full-size visual pass. Recognizable within the established stylized family language. Verify body width, head/mouth, eye placement, fore/hind limb proportions, toes, tail state and skin texture; color alone should not define the species.",Toad.png,440,440,RGBA,5e2f508986a028610040a00730327cef48057bfcfac8b372b3304e48de9333a2,bee4394e29f1539d1b8e5ceedc1e3803af523e55508deb092b32979bbec3adba,,,,,,,,,,,,,,,,,,,,,,,
fauna,Tortoise,Tortoise,HOLD,FAIL,FAIL,True,Turtles and tortoises,HIGH,,POLISH,POLISH,POLISH,PASS,POLISH,POLISH,POLISH,"The domed shell reads, but the legs are straight pillars. Add thick scaly elephantine limbs, clawed feet, short tail and a more integrated tortoise head/neck.",Tortoise.png,440,440,RGBA,d27ddf28c9b513aaa19e75ac38219cbad3afcbbf77c23b31400aa8aae7fcda0d,d791c893cb4837fcf0e07b20bd35bdd6468c41d3c7bffe131c50707f0c0b8658,,,,,,,,,,,,,,,,,,,,,,,
fauna,Toucan,Toucan,HOLD,FAIL,HOLD,True,Tropical display birds,MEDIUM,,PASS,POLISH,POLISH,POLISH,POLISH,POLISH,"Broad family anatomy is usable, but the portrait still shares simplified global body templates and should retain stronger species markers.","No critical routing, clipping, eye, or life-stage issue found in the full-size visual pass. Recognizable within the established stylized family language. Broad family routing may be usable, but Toucan still needs an unlabeled silhouette check for body plan, head, eyes/sensory structures, appendages and rear/terminal anatomy.",Toucan.png,440,440,RGBA,c4c1488dd0447aca991683aa214d3a6bfeaf329ab62f8c33cef96654b0efb3be,30b6ca8e7ed42250d9f1ce53de494c851780828538c94ad1a45f47d87540b490,,,,,,,,,,,,,,,,,,,,,,,
fauna,Tree_Frog,Tree Frog,HOLD,FAIL,HOLD,True,Frogs,MEDIUM,,PASS,POLISH,POLISH,POLISH,POLISH,POLISH,"Broad family anatomy is usable, but the portrait still shares simplified global body templates and should retain stronger species markers.","No critical routing, clipping, eye, or life-stage issue found in the full-size visual pass. Recognizable within the established stylized family language. Verify body width, head/mouth, eye placement, fore/hind limb proportions, toes, tail state and skin texture; color alone should not define the species.",Tree_Frog.png,440,440,RGBA,89a48fcc6851b6db89759f46345b41caf2896674144d5543c57bb2607ff88c88,9d497367dce6838d9efd98087e7e802af0e249dd748ef5a57a8091a446e645ee,,,,,,,,,,,,,,,,,,,,,,,
fauna,Tree_Shrew,Tree Shrew,HOLD,FAIL,HOLD,True,Other or uncertain,MEDIUM,,PASS,POLISH,POLISH,POLISH,POLISH,POLISH,"Broad family anatomy is usable, but the portrait still shares simplified global body templates and should retain stronger species markers.","No critical routing, clipping, eye, or life-stage issue found in the full-size visual pass. Recognizable within the established stylized family language. Broad family routing may be usable, but Tree Shrew still needs an unlabeled silhouette check for body plan, head, eyes/sensory structures, appendages and rear/terminal anatomy.",Tree_Shrew.png,440,440,RGBA,60b0a9ecedb7a924ba01a8be8dbeed603cf6fd625cc20252c9445264188b6677,95394b3951e5cdc4ab7285ba1e8c73d66e8f2da5501f94977324cc76876aad3b,,,,,,,,,,,,,,,,,,,,,,,
fauna,Tree_Snake,Tree Snake,HOLD,FAIL,HOLD,True,Other snakes,MEDIUM,,PASS,POLISH,POLISH,POLISH,POLISH,POLISH,"Broad family anatomy is usable, but the portrait still shares simplified global body templates and should retain stronger species markers.","No critical routing, clipping, eye, or life-stage issue found in the full-size visual pass. Recognizable within the established stylized family language. Verify skull/head profile, limb state, body thickness, scale texture, tail and any crest/frill/horn; do not rely on color alone.",Tree_Snake.png,440,440,RGBA,b1efc48e21d6cd9d6d990269d8e4fd2d60aa0e1c9d161a7287598f393cfa8427,b2172b023f64f307ac7e92ea670b24c3a902da9b4ef74248c3d1692c0720e110,,,,,,,,,,,,,,,,,,,,,,,
fauna,Triggerfish,Triggerfish,HOLD,FAIL,HOLD,True,Reef fish,MEDIUM,,PASS,POLISH,POLISH,POLISH,POLISH,POLISH,"Broad family anatomy is usable, but the portrait still shares simplified global body templates and should retain stronger species markers.","No critical routing, clipping, eye, or life-stage issue found in the full-size visual pass. Recognizable within the established stylized family language. The portrait relies on a generic torpedo fish. Correct body depth, head/mouth position, dorsal/anal/pectoral fin shape, caudal fin, markings and any diagnostic appendage.",Triggerfish.png,440,440,RGBA,e841a98c65633565f66b1ecc7d2126cd729a8b11275ca5d627e2d582ea7bb666,f90883fe0305bc429c83338399dc9caa213cb07b363bf4709e954cb98f3819c8,,,,,,,,,,,,,,,,,,,,,,,
fauna,Tropicbird,Tropicbird,HOLD,FAIL,HOLD,True,Other distinctive birds,MEDIUM,,PASS,POLISH,POLISH,POLISH,POLISH,POLISH,"Broad family anatomy is usable, but the portrait still shares simplified global body templates and should retain stronger species markers.","No critical routing, clipping, eye, or life-stage issue found in the full-size visual pass. Recognizable within the established stylized family language. Broad family routing may be usable, but Tropicbird still needs an unlabeled silhouette check for body plan, head, eyes/sensory structures, appendages and rear/terminal anatomy.",Tropicbird.png,440,440,RGBA,81bbe164c6718c466a176f43af09475a21cc57bdfa298c3c5c12395c93f6733d,82b8b70e9050f84b6a69e477f50eaa3634c3169ab45660020757ce2e5e5190ec,,,,,,,,,,,,,,,,,,,,,,,
fauna,Trout,Trout,HOLD,FAIL,HOLD,True,Salmon-like fish,MEDIUM,,PASS,POLISH,POLISH,POLISH,POLISH,POLISH,"Broad family anatomy is usable, but the portrait still shares simplified global body templates and should retain stronger species markers.","No critical routing, clipping, eye, or life-stage issue found in the full-size visual pass. Recognizable within the established stylized family language. The portrait relies on a generic torpedo fish. Correct body depth, head/mouth position, dorsal/anal/pectoral fin shape, caudal fin, markings and any diagnostic appendage.",Trout.png,440,440,RGBA,06daeba5efcb0bbcd943495dbd12b26398ad422d97144efa7c8470e489dca8c9,648ab241b543e4a6e1cf4584a2d1821d938a77c0efda54f504dbc6bcdb553798,,,,,,,,,,,,,,,,,,,,,,,
fauna,Tube_Worm,Tube Worm,HOLD,FAIL,HOLD,True,Other mollusks,MEDIUM,,PASS,POLISH,POLISH,POLISH,POLISH,POLISH,"Broad family anatomy is usable, but the portrait still shares simplified global body templates and should retain stronger species markers.","No critical routing, clipping, eye, or life-stage issue found in the full-size visual pass. Recognizable within the established stylized family language. Broad family routing may be usable, but Tube Worm still needs an unlabeled silhouette check for body plan, head, eyes/sensory structures, appendages and rear/terminal anatomy.",Tube_Worm.png,440,440,RGBA,c29b68da69f09612c30bd314abc77eeccf720be9d8e9f2b110e680b924e1b832,e84eaffba53c18bf75a8d8d3fa14b4387cbe061c036d44e1b2f871ceb9a72894,,,,,,,,,,,,,,,,,,,,,,,
fauna,Tuna,Tuna,HOLD,FAIL,HOLD,True,Ocean predators,MEDIUM,,PASS,POLISH,POLISH,POLISH,POLISH,POLISH,"Broad family anatomy is usable, but the portrait still shares simplified global body templates and should retain stronger species markers.","No critical routing, clipping, eye, or life-stage issue found in the full-size visual pass. Recognizable within the established stylized family language. The portrait relies on a generic torpedo fish. Correct body depth, head/mouth position, dorsal/anal/pectoral fin shape, caudal fin, markings and any diagnostic appendage.",Tuna.png,440,440,RGBA,abf805cdcf57fdd33ac76003217e05af97d48488046765a04ba4f47c50d32aaa,83241be39e3481fb3e07525a1b4edf450966960b86c9941c9d019cd77e8678e8,,,,,,,,,,,,,,,,,,,,,,,
fauna,Turkey,Turkey,HOLD,FAIL,HOLD,True,Gamebirds,MEDIUM,,PASS,POLISH,POLISH,POLISH,POLISH,POLISH,"Broad family anatomy is usable, but the portrait still shares simplified global body templates and should retain stronger species markers.","No critical routing, clipping, eye, or life-stage issue found in the full-size visual pass. Recognizable within the established stylized family language. The named bird relies too heavily on the shared side-bird template. Correct the bill, neck, body depth, wing length, leg type, tail and crest/display structures for the species.",Turkey.png,440,440,RGBA,132b786e5f47ecc39ffcf067bba3f8d1b35638f84ead61ddfd61c439cff8c839,90e4ed9e3c3b01bd33609e6708a616fd345381f755c64af622510cfcceef0e1e,,,,,,,,,,,,,,,,,,,,,,,
fauna,Turtle,Turtle,HOLD,FAIL,HOLD,True,Turtles,MEDIUM,,PASS,POLISH,POLISH,POLISH,POLISH,POLISH,"Broad family anatomy is usable, but the portrait still shares simplified global body templates and should retain stronger species markers.","No critical routing, clipping, eye, or life-stage issue found in the full-size visual pass. Recognizable within the established stylized family language. Use species-correct shell profile, neck/head, limb type (flipper, webbed foot or columnar leg), tail and shell texture rather than one generic turtle.",Turtle.png,440,440,RGBA,d48660426f3fde9e1fbc7f9557fd67b2d8e8dc16f166ecd30b1442b50b798758,5c5b24dd97818407c11b94ffd3a1e85c43b2836175a5eac3f051ec5e1e49566f,,,,,,,,,,,,,,,,,,,,,,,
fauna,Vampire_Bat,Vampire Bat,HOLD,FAIL,HOLD,True,Bats,MEDIUM,,PASS,POLISH,POLISH,POLISH,POLISH,POLISH,"Broad family anatomy is usable, but the portrait still shares simplified global body templates and should retain stronger species markers.","No critical routing, clipping, eye, or life-stage issue found in the full-size visual pass. Recognizable within the established stylized family language. Broad family routing may be usable, but Vampire Bat still needs an unlabeled silhouette check for body plan, head, eyes/sensory structures, appendages and rear/terminal anatomy.",Vampire_Bat.png,440,440,RGBA,f9584b04ee2bb887c69d35a299f3781f7916fd0b263aa8b614197b645eeb4d06,cf20f4acc7090d55a26b054bc852adfe55b93fb21a5abbda61f03beeb5a70c38,,,,,,,,,,,,,,,,,,,,,,,
fauna,Vent_Crab,Vent Crab,HOLD,FAIL,HOLD,True,Crustaceans,MEDIUM,,PASS,POLISH,POLISH,POLISH,POLISH,POLISH,"Broad family anatomy is usable, but the portrait still shares simplified global body templates and should retain stronger species markers.","No critical routing, clipping, eye, or life-stage issue found in the full-size visual pass. Recognizable within the established stylized family language. Verify segmented carapace, correct leg/claw count, antennae, abdomen/tail fan and the named species’ defining asymmetry or shell form.",Vent_Crab.png,440,440,RGBA,7da6be36cc8f055e017cda88086db33ee0f6d4e827bf159dac95b91f63aa8f7b,c5299836ff14f9f41f0d92ebf691c310acd9cc0bc37fd0b8a951026be06bbbe9,,,,,,,,,,,,,,,,,,,,,,,
fauna,Vent_Shrimp,Vent Shrimp,HOLD,FAIL,HOLD,True,Crustaceans,MEDIUM,,PASS,POLISH,POLISH,POLISH,POLISH,POLISH,"Broad family anatomy is usable, but the portrait still shares simplified global body templates and should retain stronger species markers.","No critical routing, clipping, eye, or life-stage issue found in the full-size visual pass. Recognizable within the established stylized family language. Verify segmented carapace, correct leg/claw count, antennae, abdomen/tail fan and the named species’ defining asymmetry or shell form.",Vent_Shrimp.png,440,440,RGBA,e2e03d24eef2155802c885156622ebd2edf4643533da1882b97595fbc42959d2,4a2fb110c5e3314cf78e82552c748f4343eb78bf47e3266109a637868ea4532a,,,,,,,,,,,,,,,,,,,,,,,
fauna,Vine_Snake,Vine Snake,HOLD,FAIL,HOLD,True,Other snakes,MEDIUM,,PASS,POLISH,POLISH,POLISH,POLISH,POLISH,"Broad family anatomy is usable, but the portrait still shares simplified global body templates and should retain stronger species markers.","No critical routing, clipping, eye, or life-stage issue found in the full-size visual pass. Recognizable within the established stylized family language. Verify skull/head profile, limb state, body thickness, scale texture, tail and any crest/frill/horn; do not rely on color alone.",Vine_Snake.png,440,440,RGBA,1d0f0a25b279854f9ab27ffaa89ae007124c0b6a8b46c3005181233e814898a1,13cd4adba7ac1d208153c0552e7b502b541833157a54b9b4aa065ab6531cdc53,,,,,,,,,,,,,,,,,,,,,,,
fauna,Viper,Viper,HOLD,FAIL,HOLD,True,Venomous snakes,MEDIUM,,PASS,POLISH,POLISH,POLISH,POLISH,POLISH,"Broad family anatomy is usable, but the portrait still shares simplified global body templates and should retain stronger species markers.","No critical routing, clipping, eye, or life-stage issue found in the full-size visual pass. Recognizable within the established stylized family language. Verify skull/head profile, limb state, body thickness, scale texture, tail and any crest/frill/horn; do not rely on color alone.",Viper.png,440,440,RGBA,7fd48ab0043c70279536c1faba074f1483f40ab078e227414aab6612efdf1807,81b2cc29aa874522662e4bbabf0b82f6e2753214f5c2c5cf237d4be8922d7386,,,,,,,,,,,,,,,,,,,,,,,
fauna,Vole,Vole,HOLD,FAIL,HOLD,True,Rodents,MEDIUM,,PASS,POLISH,POLISH,POLISH,POLISH,POLISH,"Broad family anatomy is usable, but the portrait still shares simplified global body templates and should retain stronger species markers.","No critical routing, clipping, eye, or life-stage issue found in the full-size visual pass. Recognizable within the established stylized family language. Verify rodent/lagomorph skull, incisors/muzzle, fore/hind foot proportions, body posture and tail; several currently inherit the rabbit-like template.",Vole.png,440,440,RGBA,c1c2047e886c05033f6a940828d42b454eb8e8805ec401c50ecd70ef2a928291,57e318f22be98f793496b837ebe4ddd7f3f5c9b038cab8ddfb07bddb62ecffb1,,,,,,,,,,,,,,,,,,,,,,,
fauna,Vulture,Vulture,HOLD,FAIL,FAIL,True,Birds of prey,HIGH,,POLISH,POLISH,POLISH,PASS,POLISH,POLISH,POLISH,"The bare head and dark bird body read, but strengthen the hooked bill, broad soaring wings, hunched neck and raptor feet.",Vulture.png,440,440,RGBA,3e8edf1807d503f4cb5df024e5fcda554e057c3e65e56e39186154e505f9661f,93d5ca1027e9bfbfeffe1beca39129722fc68c379cdbb818fc1c391b983c3a4a,,,,,,,,,,,,,,,,,,,,,,,
fauna,Wahoo,Wahoo,HOLD,FAIL,HOLD,True,Ocean predators,MEDIUM,,PASS,POLISH,POLISH,POLISH,POLISH,POLISH,"Broad family anatomy is usable, but the portrait still shares simplified global body templates and should retain stronger species markers.","No critical routing, clipping, eye, or life-stage issue found in the full-size visual pass. Recognizable within the established stylized family language. The portrait relies on a generic torpedo fish. Correct body depth, head/mouth position, dorsal/anal/pectoral fin shape, caudal fin, markings and any diagnostic appendage.",Wahoo.png,440,440,RGBA,5fc92ba21b4292daea785315823de2220696da75f024257b1c2f2c9b2291efa7,f280d83ee63b10371aa696982c16384f033f71e5b1fa276af3f7eb7cadf4e4a8,,,,,,,,,,,,,,,,,,,,,,,
fauna,Wall_Lizard,Wall Lizard,HOLD,FAIL,HOLD,True,Medium and small lizards,MEDIUM,,PASS,POLISH,POLISH,POLISH,POLISH,POLISH,"Broad family anatomy is usable, but the portrait still shares simplified global body templates and should retain stronger species markers.","No critical routing, clipping, eye, or life-stage issue found in the full-size visual pass. Recognizable within the established stylized family language. Verify skull/head profile, limb state, body thickness, scale texture, tail and any crest/frill/horn; do not rely on color alone.",Wall_Lizard.png,440,440,RGBA,1139bbbed3ad6540777f5f68552b20d5eb34b7de8a6791f9f384e471fc6c2550,d483684e7df5d4c2dadd9307b9a65ac03d47201b8a58de73ca3d2a21f17cab42,,,,,,,,,,,,,,,,,,,,,,,
fauna,Wallaby,Wallaby,HOLD,FAIL,HOLD,True,Marsupials,MEDIUM,,PASS,POLISH,POLISH,POLISH,POLISH,POLISH,"Broad family anatomy is usable, but the portrait still shares simplified global body templates and should retain stronger species markers.","No critical routing, clipping, eye, or life-stage issue found in the full-size visual pass. Recognizable within the established stylized family language. Broad family routing may be usable, but Wallaby still needs an unlabeled silhouette check for body plan, head, eyes/sensory structures, appendages and rear/terminal anatomy.",Wallaby.png,440,440,RGBA,36c81fcfe56dacdb6b709e3f9626e7c9c7a5c5f2a2414f15fef3f1a94d24b407,1256e8ac2cbc55dd855d70f736af97a566f659a0ddcf0ace9d6e669331e133fc,,,,,,,,,,,,,,,,,,,,,,,
fauna,Walleye,Walleye,HOLD,FAIL,HOLD,True,Perch-like freshwater fish,MEDIUM,,PASS,POLISH,POLISH,POLISH,POLISH,POLISH,"Broad family anatomy is usable, but the portrait still shares simplified global body templates and should retain stronger species markers.","No critical routing, clipping, eye, or life-stage issue found in the full-size visual pass. Recognizable within the established stylized family language. The portrait relies on a generic torpedo fish. Correct body depth, head/mouth position, dorsal/anal/pectoral fin shape, caudal fin, markings and any diagnostic appendage.",Walleye.png,440,440,RGBA,e340e8428e664151deb606c54325d66a71f070b8f2f6daa783e8fdc0a04b245f,8e75d26660de03b0e10a1befeef679d9f9b12a931aa706c2fa324009edda52d7,,,,,,,,,,,,,,,,,,,,,,,
fauna,Warthog,Warthog,HOLD,FAIL,HOLD,True,Pigs and relatives,MEDIUM,,PASS,POLISH,POLISH,POLISH,POLISH,POLISH,"Broad family anatomy is usable, but the portrait still shares simplified global body templates and should retain stronger species markers.","No critical routing, clipping, eye, or life-stage issue found in the full-size visual pass. Recognizable within the established stylized family language. Broad family routing may be usable, but Warthog still needs an unlabeled silhouette check for body plan, head, eyes/sensory structures, appendages and rear/terminal anatomy.",Warthog.png,440,440,RGBA,eb570e6f18da053e03c664581939b92b84a1a70bb842263704d77cf4301545fd,e646b1eb65762f676f9cb51838ac8943e96ab389acf67e9ff55c29db4cd5f432,,,,,,,,,,,,,,,,,,,,,,,
fauna,Water_Beetle,Water Beetle,HOLD,FAIL,HOLD,True,Insects,HIGH,Diving_Beetle,PASS,POLISH,POLISH,POLISH,POLISH,POLISH,"Broad family anatomy is usable, but the portrait still shares simplified global body templates and should retain stronger species markers.","The oval beetle shell reads, but add flattened paddle-like hind legs and clearer head/thorax segmentation.",Water_Beetle.png,440,440,RGBA,d4decb6476f0e30f84d7d4893dc7fbdb698b684ff03d0a25e36342f1beac0080,3545859f8abafe2d9b08c485357b5db00477e7322693543727c87821a3630b53,,,,,,,,,,,,,,,,,,,,,,,
fauna,Water_Buffalo,Water Buffalo,HOLD,FAIL,HOLD,True,Cattle and bovids,MEDIUM,,PASS,POLISH,POLISH,POLISH,POLISH,POLISH,"Broad family anatomy is usable, but the portrait still shares simplified global body templates and should retain stronger species markers.","No critical routing, clipping, eye, or life-stage issue found in the full-size visual pass. Recognizable within the established stylized family language. The ungulate base is usable, but the named species must have correct horn/antler geometry, neck, shoulder/croup mass, leg length, hooves, head and tail.",Water_Buffalo.png,440,440,RGBA,b74eef2331e987c64db336b7fd9fda51ce580b2eb3439f9b506378f55c9ad351,e6798ded2164db6210ba09d55eb855258da1b79dabe8197b4346b84f7ede30cc,,,,,,,,,,,,,,,,,,,,,,,
fauna,Water_Flea,Water Flea,HOLD,FAIL,HOLD,True,Ice and cave insects,MEDIUM,,PASS,POLISH,POLISH,POLISH,POLISH,POLISH,"Broad family anatomy is usable, but the portrait still shares simplified global body templates and should retain stronger species markers.","No critical routing, clipping, eye, or life-stage issue found in the full-size visual pass. Recognizable within the established stylized family language. Use correct insect anatomy: distinct head/thorax/abdomen, six articulated legs, correct wing count and attachment, antennae, mouthparts and species-specific shell/body proportions.",Water_Flea.png,440,440,RGBA,99740c4e110b9673d7adca3b142fe92c0e46d1b1886f95adcfa5c7bbad33a4fe,705fe3d49a6c0482836dd1254da7aa75d06a4c7ac85fec6c88e8dbbaab584b84,,,,,,,,,,,,,,,,,,,,,,,
fauna,Water_Snail,Water Snail,HOLD,FAIL,HOLD,True,Gastropods,MEDIUM,,PASS,POLISH,POLISH,POLISH,POLISH,POLISH,"Broad family anatomy is usable, but the portrait still shares simplified global body templates and should retain stronger species markers.","No critical routing, clipping, eye, or life-stage issue found in the full-size visual pass. Recognizable within the established stylized family language. Broad family routing may be usable, but Water Snail still needs an unlabeled silhouette check for body plan, head, eyes/sensory structures, appendages and rear/terminal anatomy.",Water_Snail.png,440,440,RGBA,53ffb025eec3e342a2a7f0c327bc50628170aeca1aacc63a366d8c5b206c106e,3a1d399c0d2b4ff0f7dc77b54d5325a159e52b210a04709d4c67dfb9cadf1e71,,,,,,,,,,,,,,,,,,,,,,,
fauna,Water_Snake,Water Snake,HOLD,FAIL,HOLD,True,Other snakes,MEDIUM,,PASS,POLISH,POLISH,POLISH,POLISH,POLISH,"Broad family anatomy is usable, but the portrait still shares simplified global body templates and should retain stronger species markers.","No critical routing, clipping, eye, or life-stage issue found in the full-size visual pass. Recognizable within the established stylized family language. Verify skull/head profile, limb state, body thickness, scale texture, tail and any crest/frill/horn; do not rely on color alone.",Water_Snake.png,440,440,RGBA,b98c50f4d7a1fdb541e948a8bbe9fe5eb1fbf4102ca8aaa3f7651a93b5b12d75,efb6d023f56cb0b1b4f5739117b123a9d68e289c37cd12aa43f32a8e68a6225d,,,,,,,,,,,,,,,,,,,,,,,
fauna,Water_Vole,Water Vole,HOLD,FAIL,HOLD,True,Rodents,MEDIUM,,PASS,POLISH,POLISH,POLISH,POLISH,POLISH,"Broad family anatomy is usable, but the portrait still shares simplified global body templates and should retain stronger species markers.","No critical routing, clipping, eye, or life-stage issue found in the full-size visual pass. Recognizable within the established stylized family language. Verify rodent/lagomorph skull, incisors/muzzle, fore/hind foot proportions, body posture and tail; several currently inherit the rabbit-like template.",Water_Vole.png,440,440,RGBA,74bed84ed706bb832e3b411da77b70778caa7a4f429a93505b550b5afba4f8e2,adf0a4accd4f1ca90c3bcba519a06c8870db4c27c545bd3174bb5945c84f0827,,,,,,,,,,,,,,,,,,,,,,,
fauna,Weasel,Weasel,HOLD,FAIL,HOLD,True,Weasels and relatives,MEDIUM,,PASS,POLISH,POLISH,POLISH,POLISH,POLISH,"Broad family anatomy is usable, but the portrait still shares simplified global body templates and should retain stronger species markers.","No critical routing, clipping, eye, or life-stage issue found in the full-size visual pass. Recognizable within the established stylized family language. Use the correct low flexible carnivoran torso, pawed limbs, skull/muzzle, and species-specific tail instead of one shared long-body template.",Weasel.png,440,440,RGBA,72df706c571e7f68ee966268d5d11c8da5bbeb8457978bdd660e4aff4bebebf0,a36fd611d34756234df76e212a5d5f9fa7e10079fbba9922a4e77f0bec941f0a,,,,,,,,,,,,,,,,,,,,,,,
fauna,Weaverbird,Weaverbird,HOLD,FAIL,HOLD,True,Other or uncertain,HIGH,Finch | Lark | Plover | Robin | Sparrow | Spider | Starling | Swallow | Swift | Tanager,PASS,POLISH,POLISH,POLISH,POLISH,POLISH,"Broad family anatomy is usable, but the portrait still shares simplified global body templates and should retain stronger species markers.","No critical routing, clipping, eye, or life-stage issue found in the full-size visual pass. Recognizable within the established stylized family language. Broad family routing may be usable, but Weaverbird still needs an unlabeled silhouette check for body plan, head, eyes/sensory structures, appendages and rear/terminal anatomy.",Weaverbird.png,440,440,RGBA,608a58764b1c74577111509eec7ca6d3f5c289153759197c0838986ce2fd9eb9,7adab709bd183ac72c85be24099a29ec8e73bc5942a8f9b9e6206237917896ce,,,,,,,,,,,,,,,,,,,,,,,
fauna,Whale,Whale,HOLD,FAIL,FAIL,True,Cetaceans,HIGH,,POLISH,POLISH,POLISH,PASS,POLISH,POLISH,POLISH,"The broad marine mammal body is present, but clarify horizontal flukes, pectoral flippers and species-neutral whale head while removing fish-like cues.",Whale.png,440,440,RGBA,5dc1f4a8d1b5bddf00bca9d6863538eab6f7ac14f25d921ed254e8d5e1bad00d,6f8fe916d31669dfa548e8c7593fcd198559b7dacb8e9e503c9efd33fcff3ac9,,,,,,,,,,,,,,,,,,,,,,,
fauna,Whip_Snake,Whip Snake,HOLD,FAIL,HOLD,True,Other snakes,HIGH,Anaconda,PASS,POLISH,POLISH,POLISH,POLISH,POLISH,"Broad family anatomy is usable, but the portrait still shares simplified global body templates and should retain stronger species markers.","No critical routing, clipping, eye, or life-stage issue found in the full-size visual pass. Recognizable within the established stylized family language. Verify skull/head profile, limb state, body thickness, scale texture, tail and any crest/frill/horn; do not rely on color alone.",Whip_Snake.png,440,440,RGBA,ae96671a77592c711ae44b35ecde8a95cae5d0596f27563e18004137d055b499,37fdde8d19b57ea00bd704fde656f446490c113f8b07efb335f973fab0a28a86,,,,,,,,,,,,,,,,,,,,,,,
fauna,Whiptail,Whiptail,HOLD,FAIL,HOLD,True,Medium and small lizards,MEDIUM,,PASS,POLISH,POLISH,POLISH,POLISH,POLISH,"Broad family anatomy is usable, but the portrait still shares simplified global body templates and should retain stronger species markers.","No critical routing, clipping, eye, or life-stage issue found in the full-size visual pass. Recognizable within the established stylized family language. Verify skull/head profile, limb state, body thickness, scale texture, tail and any crest/frill/horn; do not rely on color alone.",Whiptail.png,440,440,RGBA,b5fa4bed06a2018d762c0cf78819b515adf84a61686c2bd2f6aa7b55c1012f33,2fd4003036bf69b9ef936cde1c71f71f361b97b86fd6c85f7a851c3cdcd6ed19,,,,,,,,,,,,,,,,,,,,,,,
fauna,Whitefish,Whitefish,HOLD,FAIL,HOLD,True,Salmon-like fish,MEDIUM,,PASS,POLISH,POLISH,POLISH,POLISH,POLISH,"Broad family anatomy is usable, but the portrait still shares simplified global body templates and should retain stronger species markers.","No critical routing, clipping, eye, or life-stage issue found in the full-size visual pass. Recognizable within the established stylized family language. The portrait relies on a generic torpedo fish. Correct body depth, head/mouth position, dorsal/anal/pectoral fin shape, caudal fin, markings and any diagnostic appendage.",Whitefish.png,440,440,RGBA,da3b1014e20200de256621f749c5955cc0a573bdff9def692c3ceb52e5236cb6,07e954cd00740398c856a6b59ac242b0a1527ec910ae78cbc965594d298fc75e,,,,,,,,,,,,,,,,,,,,,,,
fauna,Wild_Boar,Wild Boar,HOLD,FAIL,HOLD,True,Pigs and relatives,MEDIUM,,PASS,POLISH,POLISH,POLISH,POLISH,POLISH,"Broad family anatomy is usable, but the portrait still shares simplified global body templates and should retain stronger species markers.","No critical routing, clipping, eye, or life-stage issue found in the full-size visual pass. Recognizable within the established stylized family language. Broad family routing may be usable, but Wild Boar still needs an unlabeled silhouette check for body plan, head, eyes/sensory structures, appendages and rear/terminal anatomy.",Wild_Boar.png,440,440,RGBA,608ee6cb3e9959e4ea214c07331eb6b109b6e17347a6e52602ab9d0bbf4c6eb5,e4f62d7a261986544b5b2c82a0bfc278b887b7f563732213b0d9f5e42989836c,,,,,,,,,,,,,,,,,,,,,,,
fauna,Wild_Pig,Wild Pig,HOLD,FAIL,HOLD,True,Other or uncertain,MEDIUM,,PASS,POLISH,POLISH,POLISH,POLISH,POLISH,"Broad family anatomy is usable, but the portrait still shares simplified global body templates and should retain stronger species markers.","No critical routing, clipping, eye, or life-stage issue found in the full-size visual pass. Recognizable within the established stylized family language. Broad family routing may be usable, but Wild Pig still needs an unlabeled silhouette check for body plan, head, eyes/sensory structures, appendages and rear/terminal anatomy.",Wild_Pig.png,440,440,RGBA,662c7255f9c27785e6c94b2e0da2d35656b02b5c9b54912f4df56de500b25698,ec0ebc0153c5cf2d44980cf7a290025d9c8dd0546f2f091e1cc9279eaf8caab6,,,,,,,,,,,,,,,,,,,,,,,
fauna,Wild_Sheep,Wild Sheep,HOLD,FAIL,HOLD,True,Other or uncertain,MEDIUM,,PASS,POLISH,POLISH,POLISH,POLISH,POLISH,"Broad family anatomy is usable, but the portrait still shares simplified global body templates and should retain stronger species markers.","No critical routing, clipping, eye, or life-stage issue found in the full-size visual pass. Recognizable within the established stylized family language. Broad family routing may be usable, but Wild Sheep still needs an unlabeled silhouette check for body plan, head, eyes/sensory structures, appendages and rear/terminal anatomy.",Wild_Sheep.png,440,440,RGBA,b54043ab282cccec326b368c2515b0e1df46bd04ccaeb20f2baa03b6fe965b09,7d555e89e6a8a120d05a023dffb126c93c5e15fab890ff78e294600fed96a69e,,,,,,,,,,,,,,,,,,,,,,,
fauna,Wildebeest,Wildebeest,HOLD,FAIL,HOLD,True,Cattle and bovids,MEDIUM,,PASS,POLISH,POLISH,POLISH,POLISH,POLISH,"Broad family anatomy is usable, but the portrait still shares simplified global body templates and should retain stronger species markers.","No critical routing, clipping, eye, or life-stage issue found in the full-size visual pass. Recognizable within the established stylized family language. The ungulate base is usable, but the named species must have correct horn/antler geometry, neck, shoulder/croup mass, leg length, hooves, head and tail.",Wildebeest.png,440,440,RGBA,040be8cc737d19a5fdad12951ec04ebfdebf185349f2ce56d0b231f690deb267,9d97fce4f066b150a5adc3a2ca09b47820332074985dec5e3e20dd1ded83df95,,,,,,,,,,,,,,,,,,,,,,,
fauna,Wolverine,Wolverine,HOLD,FAIL,HOLD,True,Weasels and relatives,MEDIUM,,PASS,POLISH,POLISH,POLISH,POLISH,POLISH,"Broad family anatomy is usable, but the portrait still shares simplified global body templates and should retain stronger species markers.","No critical routing, clipping, eye, or life-stage issue found in the full-size visual pass. Recognizable within the established stylized family language. Use the correct low flexible carnivoran torso, pawed limbs, skull/muzzle, and species-specific tail instead of one shared long-body template.",Wolverine.png,440,440,RGBA,3c8ff96a9ce10203c97d32b16c074e59879afda3abba889f08579e0053dfc9a6,c76eb35e8a13b742b8e08cbeb8621768e652f8fb5e92d244911b4ce0b668a8d9,,,,,,,,,,,,,,,,,,,,,,,
fauna,Wombat,Wombat,HOLD,FAIL,HOLD,True,Marsupials,MEDIUM,,PASS,POLISH,POLISH,POLISH,POLISH,POLISH,"Broad family anatomy is usable, but the portrait still shares simplified global body templates and should retain stronger species markers.","No critical routing, clipping, eye, or life-stage issue found in the full-size visual pass. Recognizable within the established stylized family language. Broad family routing may be usable, but Wombat still needs an unlabeled silhouette check for body plan, head, eyes/sensory structures, appendages and rear/terminal anatomy.",Wombat.png,440,440,RGBA,0674703c75cb90213b53e561610ac9a5a82f29baab23be57f6c17aa81ccd3c3e,24b9c0cf2ee2faf3d36f7667e3ccba5d8446434e432b0b4822410e7c42ad9c54,,,,,,,,,,,,,,,,,,,,,,,
fauna,Wood_Frog,Wood Frog,HOLD,FAIL,HOLD,True,Frogs and toads,MEDIUM,,PASS,POLISH,POLISH,POLISH,POLISH,POLISH,"Broad family anatomy is usable, but the portrait still shares simplified global body templates and should retain stronger species markers.","No critical routing, clipping, eye, or life-stage issue found in the full-size visual pass. Recognizable within the established stylized family language. Verify body width, head/mouth, eye placement, fore/hind limb proportions, toes, tail state and skin texture; color alone should not define the species.",Wood_Frog.png,440,440,RGBA,f8bc9a2665ab1e5fbfd03e245ee1680781f16ad7e54554d7020679b257690026,43c8b2eb2ca5e8750b24732c1454a0a492691822deca8abc7fddb7d19fb35dd8,,,,,,,,,,,,,,,,,,,,,,,
fauna,Wrasse,Wrasse,HOLD,FAIL,HOLD,True,Reef fish,HIGH,Blind_Fish,PASS,POLISH,POLISH,POLISH,POLISH,POLISH,"Broad family anatomy is usable, but the portrait still shares simplified global body templates and should retain stronger species markers.","No critical routing, clipping, eye, or life-stage issue found in the full-size visual pass. Recognizable within the established stylized family language. The portrait relies on a generic torpedo fish. Correct body depth, head/mouth position, dorsal/anal/pectoral fin shape, caudal fin, markings and any diagnostic appendage.",Wrasse.png,440,440,RGBA,4049a80167a0b5d31c2b7292fe171217b55b72a37ce8c36d2947653d057bf824,786bd8d18a344331bbb8a740c52c9f8e265ee6f7999b3d7e18f534ceba34a03f,,,,,,,,,,,,,,,,,,,,,,,
fauna,Yak,Yak,HOLD,FAIL,HOLD,True,Cattle and bovids,MEDIUM,,PASS,POLISH,POLISH,POLISH,POLISH,POLISH,"Broad family anatomy is usable, but the portrait still shares simplified global body templates and should retain stronger species markers.","No critical routing, clipping, eye, or life-stage issue found in the full-size visual pass. Recognizable within the established stylized family language. The ungulate base is usable, but the named species must have correct horn/antler geometry, neck, shoulder/croup mass, leg length, hooves, head and tail.",Yak.png,440,440,RGBA,96c9f400f8ff71b0216c665fd46e963e2c12162f120d5f98de2dcbaba0c948a9,ae741d5b791b3ddf2dd04f44f823f466a8bb629a6806931a52c22689adc959a2,,,,,,,,,,,,,,,,,,,,,,,
flora,Acacia,Acacia,HOLD,FAIL,HOLD,True,,,,,,,,,,,"The asset is a tree, but the narrow circular burst canopy does not read as a classic acacia. Broaden the layered umbrella crown, show horizontal branching and reduce the radial flower-ray treatment.",Acacia.png,440,440,RGBA,28b4e199b954a7a7bd336452bfb50bbf58bffb8c1a004d90d3cc59653fd1ce0f,a15743ebbddc6b1fa2b2722374d3d3dcdb9f878bbfbccec60c342cc096222113,Tropical trees,PASS,POLISH,POLISH,POLISH,POLISH,POLISH,,,,,,,,,,,,,,,,
flora,Acorn,Acorn,HOLD,FAIL,HOLD,True,,,,,,,,,,,"Clarify this as a harvest item rather than a fruiting tree portrait, or link it explicitly to Oak. Acorn needs a species-specific growth-form check: roots/attachment, stem or trunk, leaf/frond arrangement, flower/fruit/spore organ and overall scale.",Acorn.png,440,440,RGBA,a7577873669da080b71ff653e1e5509eb0f89807a62ebae71f14d1b88c0120f3,c310fb6a9ec899ae7eb2f9cfff58d76e0c22367084549525f6f9c1ac89cd224e,Other plant or harvest type,PASS,POLISH,POLISH,POLISH,POLISH,POLISH,,,,,,,,,,,,,,,,
flora,Alfalfa,Alfalfa,HOLD,FAIL,HOLD,True,,,,,,,,,,,"No critical duplicate, clipping, or gross growth-family error found. Broad growth form is usable; species-level botanical specificity may still be simplified. Alfalfa needs a species-specific growth-form check: roots/attachment, stem or trunk, leaf/frond arrangement, flower/fruit/spore organ and overall scale.",Alfalfa.png,440,440,RGBA,e3599a3f74fb1bd31291cd596abcbbc71d70998346298eb979d0db03980d9f69,21b38c82c37f265e8de4c5ccc661783bed43320bd49505816bc7dbfb254a13b2,Other plant or harvest type,PASS,POLISH,POLISH,POLISH,POLISH,POLISH,,,,,,,,,,,,,,,,
flora,Aloe,Aloe,HOLD,FAIL,HOLD,True,,,,,,,,,,,"No critical duplicate, clipping, or gross growth-family error found. Broad growth form is usable; species-level botanical specificity may still be simplified. Match stem geometry, branching/rosette habit, pads/ribs, spines, flower and fruit placement for the named cactus or succulent.",Aloe.png,440,440,RGBA,733c7572d25c04200ed66fb63bfce6b36fc5073a71e9cd016318f5e6fa4abca4,4bcce218f0f8b993494b535bea9b6ee3cedbed1fdf182d349d9e5078ee2f56de,12. Succulents and Desert Plants,PASS,POLISH,POLISH,POLISH,POLISH,POLISH,,,,,,,,,,,,,,,,
flora,Alpine_Mint,Alpine Mint,HOLD,FAIL,HOLD,True,,,,,,,,,,,"No critical duplicate, clipping, or gross growth-family error found. Broad growth form is usable; species-level botanical specificity may still be simplified. Alpine Mint needs a species-specific growth-form check: roots/attachment, stem or trunk, leaf/frond arrangement, flower/fruit/spore organ and overall scale.",Alpine_Mint.png,440,440,RGBA,1ead0b6f7d40fbb5e2eb6d3fa53f5c746aa5d52135c16ef8b6eb049a41ad2c2f,04b30e07ec293449fa491c77e3ce968d1323bf18d2748502ee86ad15a918070a,Other plant or harvest type,PASS,POLISH,POLISH,POLISH,POLISH,POLISH,,,,,,,,,,,,,,,,
flora,Alpine_Sorrel,Alpine Sorrel,HOLD,FAIL,HOLD,True,,,,,,,,,,,"No critical duplicate, clipping, or gross growth-family error found. Broad growth form is usable; species-level botanical specificity may still be simplified. Alpine Sorrel needs a species-specific growth-form check: roots/attachment, stem or trunk, leaf/frond arrangement, flower/fruit/spore organ and overall scale.",Alpine_Sorrel.png,440,440,RGBA,41be8c9545c2f6161b9712bc18cc063d3fc02efed9d3ce93564dc41f72b3c0ad,82e8267adcc2652912fe578236f91a6d6fdece9b399f515859a3561a3b57d7cf,Other plant or harvest type,PASS,POLISH,POLISH,POLISH,POLISH,POLISH,,,,,,,,,,,,,,,,
flora,Amaranth,Amaranth,HOLD,FAIL,HOLD,True,,,,,,,,,,,"No critical duplicate, clipping, or gross growth-family error found. Broad growth form is usable; species-level botanical specificity may still be simplified. Correct the culm, leaf arrangement and species-specific seed head/inflorescence; many grains currently share one generic spike or grass tuft.",Amaranth.png,440,440,RGBA,eee0e9a9429b6d965ad77c59e75f729800d51bffe40642439b4a1705ddbab64e,935ee681ba36be2bc134f41dd84ecafed53fdc7ea4d160adef1c9af29b0dd068,7. Grain and Staple Crops,PASS,POLISH,POLISH,POLISH,POLISH,POLISH,,,,,,,,,,,,,,,,
flora,Angelica,Angelica,HOLD,FAIL,HOLD,True,,,,,,,,,,,"Add compound umbels and broader herb structure. Angelica needs a species-specific growth-form check: roots/attachment, stem or trunk, leaf/frond arrangement, flower/fruit/spore organ and overall scale.",Angelica.png,440,440,RGBA,aa808eff58cca8abdd41b84fa01a9f5fe15dcde303bb6b44c9cfd5afa1054f01,199f70412e4a5993f8b558e473e91ce493c54c2e60910b58fee718aec36a7ced,Other plant or harvest type,PASS,POLISH,POLISH,POLISH,POLISH,POLISH,,,,,,,,,,,,,,,,
flora,Anise,Anise,HOLD,FAIL,HOLD,True,,,,,,,,,,,"No critical duplicate, clipping, or gross growth-family error found. Broad growth form is usable; species-level botanical specificity may still be simplified. Anise needs a species-specific growth-form check: roots/attachment, stem or trunk, leaf/frond arrangement, flower/fruit/spore organ and overall scale.",Anise.png,440,440,RGBA,b6c20f7016c8164408604d6259cd6bb0a50c2ab646fd2b89fa184a4d0b776cc5,8701b9bd8201ebc31bd6c14b7a41432d5c05624b88e97013fcdc875ef3088840,Other plant or harvest type,PASS,POLISH,POLISH,POLISH,POLISH,POLISH,,,,,,,,,,,,,,,,
flora,Apple,Apple,HOLD,FAIL,HOLD,True,,,,,,,,,,,"No critical duplicate, clipping, or gross growth-family error found. Broad growth form is usable; species-level botanical specificity may still be simplified. The catalog overuses a round canopy on a straight trunk. Match the species’ trunk habit, branching architecture, crown shape, leaf masses, bark and fruit/flower attachment.",Apple.png,440,440,RGBA,2fa59b8d8fad0318f4fd6829a0c99753aee64422a5d63ef8d01c94cd38b102f8,da952fc48cadd601553084c719e7f2336bd8de2a20619c0ffb208eadd6f6ba6e,4. Fruit and Nut Trees,PASS,POLISH,POLISH,POLISH,POLISH,POLISH,,,,,,,,,,,,,,,,
flora,Apricot,Apricot,HOLD,FAIL,HOLD,True,,,,,,,,,,,"No critical duplicate, clipping, or gross growth-family error found. Broad growth form is usable; species-level botanical specificity may still be simplified. The catalog overuses a round canopy on a straight trunk. Match the species’ trunk habit, branching architecture, crown shape, leaf masses, bark and fruit/flower attachment.",Apricot.png,440,440,RGBA,aaa9663d06cb092a73530f5044a75bf36d08d08503d4d760948fd8257b4e8786,59bbf0392d25752d7591ff2655d1c1fb5311a0cd6a123d7693dd150cec3d93e4,4. Fruit and Nut Trees,PASS,POLISH,POLISH,POLISH,POLISH,POLISH,,,,,,,,,,,,,,,,
flora,Arctic_Blueberry,Arctic Blueberry,HOLD,FAIL,HOLD,True,,,,,,,,,,,"No critical duplicate, clipping, or gross growth-family error found. Broad growth form is usable; species-level botanical specificity may still be simplified. Arctic Blueberry needs a species-specific growth-form check: roots/attachment, stem or trunk, leaf/frond arrangement, flower/fruit/spore organ and overall scale.",Arctic_Blueberry.png,440,440,RGBA,abc5f3b60a0929b452ef99c58c9fda46735849ce6c7634401489de0018650567,1706e880e6a537d53ca22de7b609149d8a669fe06402a0ac3b8c9ad36c3306f5,Other plant or harvest type,PASS,POLISH,POLISH,POLISH,POLISH,POLISH,,,,,,,,,,,,,,,,
flora,Arctic_Sorrel,Arctic Sorrel,HOLD,FAIL,HOLD,True,,,,,,,,,,,"No critical duplicate, clipping, or gross growth-family error found. Broad growth form is usable; species-level botanical specificity may still be simplified. Arctic Sorrel needs a species-specific growth-form check: roots/attachment, stem or trunk, leaf/frond arrangement, flower/fruit/spore organ and overall scale.",Arctic_Sorrel.png,440,440,RGBA,7a97bd9c4b68c9f11cabe2ff4c1ce39cd40a7c68ec873e5708b58e564997f32a,47b54c56b2c65d236336220ed445c57fe877bba36d32e8bffb12c7520318780c,Other plant or harvest type,PASS,POLISH,POLISH,POLISH,POLISH,POLISH,,,,,,,,,,,,,,,,
flora,Arctic_Willow,Arctic Willow,HOLD,FAIL,HOLD,True,,,,,,,,,,,"No critical duplicate, clipping, or gross growth-family error found. Broad growth form is usable; species-level botanical specificity may still be simplified. Arctic Willow needs a species-specific growth-form check: roots/attachment, stem or trunk, leaf/frond arrangement, flower/fruit/spore organ and overall scale.",Arctic_Willow.png,440,440,RGBA,6cf586237573b6b697d8289cf1d217fd004b057411a237263b377c75816ef1a1,91116f325f29a5a3e08ce43cda80b272b69503aa1fc85f2413b68f081a5f1f75,Other plant or harvest type,PASS,POLISH,POLISH,POLISH,POLISH,POLISH,,,,,,,,,,,,,,,,
flora,Arnica,Arnica,HOLD,FAIL,HOLD,True,,,,,,,,,,,"No critical duplicate, clipping, or gross growth-family error found. Broad growth form is usable; species-level botanical specificity may still be simplified. Arnica needs a species-specific growth-form check: roots/attachment, stem or trunk, leaf/frond arrangement, flower/fruit/spore organ and overall scale.",Arnica.png,440,440,RGBA,c8cacfb196dde0565988fe5711bea0c2fb70874b6f1bb963c9df8857fcd3a393,83a7cdc7580fb4d8cfa77922e0ce1c5194e2f5a604bd4980675bf07526f9958c,Other plant or harvest type,PASS,POLISH,POLISH,POLISH,POLISH,POLISH,,,,,,,,,,,,,,,,
flora,Arrowroot,Arrowroot,HOLD,FAIL,HOLD,True,,,,,,,,,,,"Current rosette lacks the broad tropical leaves and rhizome/source relationship. Correct the culm, leaf arrangement and species-specific seed head/inflorescence; many grains currently share one generic spike or grass tuft.",Arrowroot.png,440,440,RGBA,bf807b0362d5ae588169470f039bf3767b59797a2a2048e7e16f5b46745ab699,9178e5a23d708fd4c16097e08c583fdff8c0d34b3fb0cc3630e2d8351a61dcef,7. Grain and Staple Crops,PASS,POLISH,POLISH,POLISH,POLISH,POLISH,,,,,,,,,,,,,,,,
flora,Avocado,Avocado,HOLD,FAIL,HOLD,True,,,,,,,,,,,"No critical duplicate, clipping, or gross growth-family error found. Broad growth form is usable; species-level botanical specificity may still be simplified. The catalog overuses a round canopy on a straight trunk. Match the species’ trunk habit, branching architecture, crown shape, leaf masses, bark and fruit/flower attachment.",Avocado.png,440,440,RGBA,919738f09939051284aa00e8519b26b6909b12af51a2162f7c46b6f4a4ce1c6e,f270e3770a6880f14d2fdbcb64af18e1c9e4cf9dc2297bc86a007a944ae866ef,4. Fruit and Nut Trees,PASS,POLISH,POLISH,POLISH,POLISH,POLISH,,,,,,,,,,,,,,,,
flora,Bamboo_Shoots,Bamboo Shoots,HOLD,FAIL,HOLD,True,,,,,,,,,,,"Clarify as a harvest item with conical shoots rather than a generic grass tuft. Bamboo Shoots needs a species-specific growth-form check: roots/attachment, stem or trunk, leaf/frond arrangement, flower/fruit/spore organ and overall scale.",Bamboo_Shoots.png,440,440,RGBA,49d973e884eeafa22a08da06888676245b8a83aced4a4f29084ef795e26c6e9d,8ffa0a02c809e78557e57f9ca83f7c6d13a28373930e934e59e461132f7f92c9,Other plant or harvest type,PASS,POLISH,POLISH,POLISH,POLISH,POLISH,,,,,,,,,,,,,,,,
flora,Banana,Banana,HOLD,FAIL,FAIL,True,,,,,,,,,,,"The broad fan leaves help, but the plant still reads as a palm/tree. Use a thick pseudostem made of leaf sheaths, huge torn banana leaves and a hanging curved fruit bunch below the crown.",Banana.png,440,440,RGBA,1501b8f1476c752b52d4e0eac41a3d691b296f36709b575efe4d8c586dbd4334,f1cc363578bcdf7fde9cac0e70f1f7977905827d4499fb501fed7f2022ae1541,Other plant or harvest type,PASS,PASS,PASS,PASS,PASS,PASS,,,,,,,,,,,,,,,,
flora,Barley,Barley,HOLD,FAIL,HOLD,True,,,,,,,,,,,"Add a distinct long-awned grain head. Correct the culm, leaf arrangement and species-specific seed head/inflorescence; many grains currently share one generic spike or grass tuft.",Barley.png,440,440,RGBA,a51a77f028b0367ae4a7dc65dec2e12faba2c303228f756ed99e53ada5c9b1b3,7f98d882b1a082c0b4396dfbda13043ebc90664f3cad9d5b8e2bf3caa302af3c,7. Grain and Staple Crops,PASS,POLISH,POLISH,POLISH,POLISH,POLISH,,,,,,,,,,,,,,,,
flora,Bay_Laurel,Bay Laurel,HOLD,FAIL,HOLD,True,,,,,,,,,,,"No critical duplicate, clipping, or gross growth-family error found. Broad growth form is usable; species-level botanical specificity may still be simplified. Bay Laurel needs a species-specific growth-form check: roots/attachment, stem or trunk, leaf/frond arrangement, flower/fruit/spore organ and overall scale.",Bay_Laurel.png,440,440,RGBA,484f2953237b8cc47ff7021043b3bde75f9cfe4589bd5d7769215d671aa7d4ad,be8b10b26a44abd801d637a9e6d668e45877f3a0a030ec3973c7981d9e05257a,Other plant or harvest type,PASS,POLISH,POLISH,POLISH,POLISH,POLISH,,,,,,,,,,,,,,,,
flora,Beach_Pea,Beach Pea,HOLD,FAIL,HOLD,True,,,,,,,,,,,"No critical duplicate, clipping, or gross growth-family error found. Broad growth form is usable; species-level botanical specificity may still be simplified. Beach Pea needs a species-specific growth-form check: roots/attachment, stem or trunk, leaf/frond arrangement, flower/fruit/spore organ and overall scale.",Beach_Pea.png,440,440,RGBA,252517ec35a5825b2b8198577014694283646625dbbffd730dfee730b7ca2700,b56d54c48fc226b537087d65f54cdf98862c0cffa4b9c15a1a93e402cbbd0b89,Other plant or harvest type,PASS,POLISH,POLISH,POLISH,POLISH,POLISH,,,,,,,,,,,,,,,,
flora,Beach_Plum,Beach Plum,HOLD,FAIL,HOLD,True,,,,,,,,,,,"No critical duplicate, clipping, or gross growth-family error found. Broad growth form is usable; species-level botanical specificity may still be simplified. Beach Plum needs a species-specific growth-form check: roots/attachment, stem or trunk, leaf/frond arrangement, flower/fruit/spore organ and overall scale.",Beach_Plum.png,440,440,RGBA,b30a41540bc93d8ca167a9a9181d46c0419b0ce25f349451dd2cb23e134c0955,7fe959163b3bfc1dc586684e674fe59d5524c4743bb71c25641b1d3864ec6419,Other plant or harvest type,PASS,POLISH,POLISH,POLISH,POLISH,POLISH,,,,,,,,,,,,,,,,
flora,Bearberry,Bearberry,HOLD,FAIL,HOLD,True,,,,,,,,,,,"No critical duplicate, clipping, or gross growth-family error found. Broad growth form is usable; species-level botanical specificity may still be simplified. Bearberry needs a species-specific growth-form check: roots/attachment, stem or trunk, leaf/frond arrangement, flower/fruit/spore organ and overall scale.",Bearberry.png,440,440,RGBA,c38008b438aaf9efcd93fd383f1960a6f60bbe14d5ab50bfe7f7cc3adcc358af,2116e422817026b5e03af9e282bec18df359f9e30b6dd731d990cf5d9506e62a,Other plant or harvest type,PASS,POLISH,POLISH,POLISH,POLISH,POLISH,,,,,,,,,,,,,,,,
flora,Beet,Beet,HOLD,FAIL,HOLD,True,,,,,,,,,,,"No critical duplicate, clipping, or gross growth-family error found. Broad growth form is usable; species-level botanical specificity may still be simplified. Show the source plant and the correct underground storage organ, leaf top and harvest relationship rather than an isolated generic bulb.",Beet.png,440,440,RGBA,83e65bc7f920d5bbc99d8a1f2279efa550dde1deb3982ddc39c7b7d39652eb90,5ec9124d49f61765f0894de8877772eae317229bad781b1b7cd2dd5ee92b6315,Root vegetables,PASS,POLISH,POLISH,POLISH,POLISH,POLISH,,,,,,,,,,,,,,,,
flora,Belladonna,Belladonna,HOLD,FAIL,HOLD,True,,,,,,,,,,,"The upright herb is plausible, but add branching stems, dull purple bell flowers and glossy black berries; the current leaf ladder depends on the label.",Belladonna.png,440,440,RGBA,adc331c3ccb8041abcc884281bf8bdde053352ab7375366e4e0e42b22e67bc2d,afd12b852986be3c606547cc137c4aae0e5cabdc78e4a413f9abb186d30a1f7f,Other plant or harvest type,PASS,POLISH,POLISH,POLISH,POLISH,POLISH,,,,,,,,,,,,,,,,
flora,Bergamot,Bergamot,HOLD,FAIL,HOLD,True,,,,,,,,,,,"No critical duplicate, clipping, or gross growth-family error found. Broad growth form is usable; species-level botanical specificity may still be simplified. Bergamot needs a species-specific growth-form check: roots/attachment, stem or trunk, leaf/frond arrangement, flower/fruit/spore organ and overall scale.",Bergamot.png,440,440,RGBA,f4baa3e38ec626bfa6f6aab428b0e5e276842a1b371fe9cdf2689f817b874118,171a43967a727c0ca9fae87a0a5bf3f7996e85369e7e7cf76a9d7f39685be6ff,Other plant or harvest type,PASS,POLISH,POLISH,POLISH,POLISH,POLISH,,,,,,,,,,,,,,,,
flora,Bilberry,Bilberry,HOLD,FAIL,HOLD,True,,,,,,,,,,,"No critical duplicate, clipping, or gross growth-family error found. Broad growth form is usable; species-level botanical specificity may still be simplified. Bilberry needs a species-specific growth-form check: roots/attachment, stem or trunk, leaf/frond arrangement, flower/fruit/spore organ and overall scale.",Bilberry.png,440,440,RGBA,5987cffd428d9d00731e68bfaac43630c69cde989e6952b83697b9bc2df1e7a6,7370e7524ff68e23ef9df8a3312fad8977e727869273b6dc52a529e817300d40,Other plant or harvest type,PASS,POLISH,POLISH,POLISH,POLISH,POLISH,,,,,,,,,,,,,,,,
flora,Birch_Sap,Birch Sap,HOLD,FAIL,HOLD,True,,,,,,,,,,,The current image is a generic leafy tree. Show a pale birch trunk with dark bark marks and a tap/drip or separate sap harvest organ.,Birch_Sap.png,440,440,RGBA,ac9e5a80584bb6ccd21dd7eba7ca752f6bb111a77a8f851903ff3ed36f5cd3c4,e81e9026da950e55368f31427013df66a71d941511de76f0918de4ffffdab2b0,Other plant or harvest type,PASS,POLISH,POLISH,POLISH,POLISH,POLISH,,,,,,,,,,,,,,,,
flora,Bitterroot,Bitterroot,HOLD,FAIL,HOLD,True,,,,,,,,,,,"No critical duplicate, clipping, or gross growth-family error found. Broad growth form is usable; species-level botanical specificity may still be simplified. Bitterroot needs a species-specific growth-form check: roots/attachment, stem or trunk, leaf/frond arrangement, flower/fruit/spore organ and overall scale.",Bitterroot.png,440,440,RGBA,74b7f490eade8ad5d0282dc1bf4882b054eaf384f19af2f068c75a216133a36e,b43d695e80dfb45ba28278b47cb4fcdc5091d6238418b16a52fe4816077b3c4c,Other plant or harvest type,PASS,POLISH,POLISH,POLISH,POLISH,POLISH,,,,,,,,,,,,,,,,
flora,Black-Eyed_Susan,Black Eyed Susan,HOLD,FAIL,HOLD,True,,,,,,,,,,,"No critical duplicate, clipping, or gross growth-family error found. Broad growth form is usable; species-level botanical specificity may still be simplified. Black Eyed Susan needs a species-specific growth-form check: roots/attachment, stem or trunk, leaf/frond arrangement, flower/fruit/spore organ and overall scale.",Black-Eyed_Susan.png,440,440,RGBA,1dab776415ddadf4fa90e85989ac816cdf010f887beefed6a5e8d003cf6c77bf,72f622de28dc0e6235cd7fd28dfefaa3d916c78ad9fb0ebb067369f8330f7af6,Other plant or harvest type,PASS,POLISH,POLISH,POLISH,POLISH,POLISH,,,,,,,,,,,,,,,,
flora,Black_Grape,Black Grape,HOLD,FAIL,HOLD,True,,,,,,,,,,,"No critical duplicate, clipping, or gross growth-family error found. Broad growth form is usable; species-level botanical specificity may still be simplified. Black Grape needs a species-specific growth-form check: roots/attachment, stem or trunk, leaf/frond arrangement, flower/fruit/spore organ and overall scale.",Black_Grape.png,440,440,RGBA,64f543bc1738b472e42127391ff45da3fb775c610189f32ebe5b5f93dab07668,2779711d94b5960401f50819e1b990c36b9b08e1300fb1ef721adda5284b2a36,Other plant or harvest type,PASS,POLISH,POLISH,POLISH,POLISH,POLISH,,,,,,,,,,,,,,,,
flora,Black_Pepper,Black Pepper,HOLD,FAIL,FAIL,True,,,,,,,,,,,"The vine habit is present, but add dense hanging spikes of peppercorns and a support/trunk so the crop is recognizable.",Black_Pepper.png,440,440,RGBA,7e1d0c8bcdc3a33b56ac0fbc0f0becf2acfb47b6d7fdaf9625e1d2eb65dceae7,bdf4330d54121d227f13dce9dd53015402855e979af850eb2f24b8e0049926cf,9. Herbs and Spices,POLISH,POLISH,PASS,PASS,POLISH,POLISH,,,,,,,,,,,,,,,,
flora,Blackberry,Blackberry,HOLD,FAIL,HOLD,True,,,,,,,,,,,"No critical duplicate, clipping, or gross growth-family error found. Broad growth form is usable; species-level botanical specificity may still be simplified. Blackberry needs a species-specific growth-form check: roots/attachment, stem or trunk, leaf/frond arrangement, flower/fruit/spore organ and overall scale.",Blackberry.png,440,440,RGBA,3eeca7a5818a1707c02e20f4290bdcbf36b073e40fe38b16b2a2ab01c514d81e,9bd5a5eb5f108656b8d86b8bdffc4bd3062d28825fe35466542bf2aac0f0455d,5. Shrubs and Bushes,PASS,POLISH,POLISH,POLISH,POLISH,POLISH,,,,,,,,,,,,,,,,
flora,Blueberry,Blueberry,HOLD,FAIL,HOLD,True,,,,,,,,,,,"No critical duplicate, clipping, or gross growth-family error found. Broad growth form is usable; species-level botanical specificity may still be simplified. Blueberry needs a species-specific growth-form check: roots/attachment, stem or trunk, leaf/frond arrangement, flower/fruit/spore organ and overall scale.",Blueberry.png,440,440,RGBA,35f97841bbe91968d16ae58d4c3aff6b2fa56e89837c7015d02e60d573a3dd04,30d2953eab743c8db0b24eba7ed94a34d345bfee04b489ea10735aa618a5de6f,5. Shrubs and Bushes,PASS,POLISH,POLISH,POLISH,POLISH,POLISH,,,,,,,,,,,,,,,,
flora,Bog_Myrtle,Bog Myrtle,HOLD,FAIL,HOLD,True,,,,,,,,,,,"No critical duplicate, clipping, or gross growth-family error found. Broad growth form is usable; species-level botanical specificity may still be simplified. Bog Myrtle needs a species-specific growth-form check: roots/attachment, stem or trunk, leaf/frond arrangement, flower/fruit/spore organ and overall scale.",Bog_Myrtle.png,440,440,RGBA,be811b2fa52e9f977db83eedb078816cc0057a3f3aa6f82d9b47dd60d64b67e4,914ce82bc35d813af7251283c7dcc107558ef731e3548ce6fb0f9e87a778783e,Other plant or harvest type,PASS,POLISH,POLISH,POLISH,POLISH,POLISH,,,,,,,,,,,,,,,,
flora,Bog_Rosemary,Bog Rosemary,HOLD,FAIL,HOLD,True,,,,,,,,,,,"No critical duplicate, clipping, or gross growth-family error found. Broad growth form is usable; species-level botanical specificity may still be simplified. Bog Rosemary needs a species-specific growth-form check: roots/attachment, stem or trunk, leaf/frond arrangement, flower/fruit/spore organ and overall scale.",Bog_Rosemary.png,440,440,RGBA,29355466c798f47889828ae2ea3adf868a6bc286f8b69d796f8655f54d3f208b,a571b9e499ce785c478915eab2a65a0782d81374d147e4e80fb8862cbf61423a,Other plant or harvest type,PASS,POLISH,POLISH,POLISH,POLISH,POLISH,,,,,,,,,,,,,,,,
flora,Brazil_Nut,Brazil Nut,HOLD,FAIL,HOLD,True,,,,,,,,,,,"No critical duplicate, clipping, or gross growth-family error found. Broad growth form is usable; species-level botanical specificity may still be simplified. The catalog overuses a round canopy on a straight trunk. Match the species’ trunk habit, branching architecture, crown shape, leaf masses, bark and fruit/flower attachment.",Brazil_Nut.png,440,440,RGBA,d65f6ff54447340ce8f09dbfab14696593f2a1aca95320de7fd43984f7492ec5,df36f61406d7eec27eb5e964b948f0f12384cfb517e094f2cbc576fe7a88c865,4. Fruit and Nut Trees,PASS,POLISH,POLISH,POLISH,POLISH,POLISH,,,,,,,,,,,,,,,,
flora,Breadfruit,Breadfruit,HOLD,FAIL,HOLD,True,,,,,,,,,,,"No critical duplicate, clipping, or gross growth-family error found. Broad growth form is usable; species-level botanical specificity may still be simplified. Breadfruit needs a species-specific growth-form check: roots/attachment, stem or trunk, leaf/frond arrangement, flower/fruit/spore organ and overall scale.",Breadfruit.png,440,440,RGBA,4c19b6e4ce9bc21c0b63d4c2a5a736d41f244063f7b73ed3bcb12ea835420364,1cc6fea25be144f1288b829c70dad5fdf7291f6cac65af183c6f709bbb622850,Other plant or harvest type,PASS,POLISH,POLISH,POLISH,POLISH,POLISH,,,,,,,,,,,,,,,,
flora,Breadnut,Breadnut,HOLD,FAIL,HOLD,True,,,,,,,,,,,"No critical duplicate, clipping, or gross growth-family error found. Broad growth form is usable; species-level botanical specificity may still be simplified. Breadnut needs a species-specific growth-form check: roots/attachment, stem or trunk, leaf/frond arrangement, flower/fruit/spore organ and overall scale.",Breadnut.png,440,440,RGBA,ddd3cba1bdc04e6ac297d89036910ea21b61a93c5a30439a15fe9284942420f1,3aa161073ed9301e2af41074fbe70f2ea20b64c77df80f28c63047c0ca7343b6,Other plant or harvest type,PASS,POLISH,POLISH,POLISH,POLISH,POLISH,,,,,,,,,,,,,,,,
flora,Brooklime,Brooklime,HOLD,FAIL,HOLD,True,,,,,,,,,,,"No critical duplicate, clipping, or gross growth-family error found. Broad growth form is usable; species-level botanical specificity may still be simplified. Brooklime needs a species-specific growth-form check: roots/attachment, stem or trunk, leaf/frond arrangement, flower/fruit/spore organ and overall scale.",Brooklime.png,440,440,RGBA,a927d6ad8d65fa48432866a67ba6b20f10216bcacc9b5c4fab5eed3b22d690a5,eefdf732a9d202806b532e5efe7659777f959575142b392d652df9cd407cf82e,Other plant or harvest type,PASS,POLISH,POLISH,POLISH,POLISH,POLISH,,,,,,,,,,,,,,,,
flora,Bull_Kelp,Bull Kelp,HOLD,FAIL,HOLD,True,,,,,,,,,,,"Add a long stipe, large gas bladder, and broad blades. Bull Kelp needs a species-specific growth-form check: roots/attachment, stem or trunk, leaf/frond arrangement, flower/fruit/spore organ and overall scale.",Bull_Kelp.png,440,440,RGBA,be6dd6b6e1fc56f18383798f2c0064a851e8f3a264d03646d70c073cea944b2a,8b1ac30088dc88c3e362b9e473eee96cd533d6f50109e74af2d44518af5eb359,Other plant or harvest type,PASS,POLISH,POLISH,POLISH,POLISH,POLISH,,,,,,,,,,,,,,,,
flora,Cacao,Cacao,HOLD,FAIL,HOLD,True,,,,,,,,,,,"The tree form is acceptable, but cacao pods should be large ribbed pods attached directly to the trunk and major branches, not generic canopy fruit.",Cacao.png,440,440,RGBA,7e81b5e48d9286960a07b25d5b41b586be6a072e9028eb3e27b173fab1488ae7,21012390f3ed86413b1b51dc2ec995b30ac5a8a6a6ef1483003505a7805d1fd4,Other plant or harvest type,PASS,POLISH,POLISH,POLISH,POLISH,POLISH,,,,,,,,,,,,,,,,
flora,Calotropis,Calotropis,HOLD,FAIL,HOLD,True,,,,,,,,,,,"No critical duplicate, clipping, or gross growth-family error found. Broad growth form is usable; species-level botanical specificity may still be simplified. Calotropis needs a species-specific growth-form check: roots/attachment, stem or trunk, leaf/frond arrangement, flower/fruit/spore organ and overall scale.",Calotropis.png,440,440,RGBA,0f4621e0869f7615d72da3c3d1a20905d5e651777a5c3414b436fbb2946f75da,6681319d75684ccbb2c084bd2de42f28f5fb6ea0dac92f11282aa2382eb6dbc3,Other plant or harvest type,PASS,POLISH,POLISH,POLISH,POLISH,POLISH,,,,,,,,,,,,,,,,
flora,Camphor_Tree,Camphor Tree,HOLD,FAIL,HOLD,True,,,,,,,,,,,"No critical duplicate, clipping, or gross growth-family error found. Broad growth form is usable; species-level botanical specificity may still be simplified. Camphor Tree needs a species-specific growth-form check: roots/attachment, stem or trunk, leaf/frond arrangement, flower/fruit/spore organ and overall scale.",Camphor_Tree.png,440,440,RGBA,2207512bb66869e1896cbee98a47e19483566108db75947b8462dc4197951901,ce2fa9a3540b887b0af5eecc27cf4289d2f943b5b73ae5dadf09b7314dc73e9c,Other plant or harvest type,PASS,POLISH,POLISH,POLISH,POLISH,POLISH,,,,,,,,,,,,,,,,
flora,Canola,Canola,HOLD,FAIL,HOLD,True,,,,,,,,,,,"Add branching stems with clusters of small yellow flowers. Canola needs a species-specific growth-form check: roots/attachment, stem or trunk, leaf/frond arrangement, flower/fruit/spore organ and overall scale.",Canola.png,440,440,RGBA,c3f5dd3c4308590dbf639fd5f10ecae881282ae296e82b05fa924b8da7c502e4,35133fcc78879a0ecb6ecea41edd53beba9598dafa30a294ba7073cdffd6fcf4,Other plant or harvest type,PASS,POLISH,POLISH,POLISH,POLISH,POLISH,,,,,,,,,,,,,,,,
flora,Canopy_Vine,Canopy Vine,HOLD,FAIL,HOLD,True,,,,,,,,,,,"No critical duplicate, clipping, or gross growth-family error found. Broad growth form is usable; species-level botanical specificity may still be simplified. Canopy Vine needs a species-specific growth-form check: roots/attachment, stem or trunk, leaf/frond arrangement, flower/fruit/spore organ and overall scale.",Canopy_Vine.png,440,440,RGBA,779afba2acbbb05392bfd1e21322c33b21455eee2090dd2f89b8db0cecf22217,ed1e0d51db7ddec0ad8a06a4e815ae75de73a8ce3fc597b87b0df7316162bc05,Other plant or harvest type,PASS,POLISH,POLISH,POLISH,POLISH,POLISH,,,,,,,,,,,,,,,,
flora,Carob,Carob,HOLD,FAIL,HOLD,True,,,,,,,,,,,"No critical duplicate, clipping, or gross growth-family error found. Broad growth form is usable; species-level botanical specificity may still be simplified. Carob needs a species-specific growth-form check: roots/attachment, stem or trunk, leaf/frond arrangement, flower/fruit/spore organ and overall scale.",Carob.png,440,440,RGBA,07b5b4f779d703c599825d2f18679682dd93d1a6c2803b55030bed9dfbff8948,2390842bd643af2cf868ce9ee369d4d7112007d88e1ca4908cecf1a06ab712ee,Other plant or harvest type,PASS,POLISH,POLISH,POLISH,POLISH,POLISH,,,,,,,,,,,,,,,,
flora,Cashew,Cashew,HOLD,FAIL,HOLD,True,,,,,,,,,,,"No critical duplicate, clipping, or gross growth-family error found. Broad growth form is usable; species-level botanical specificity may still be simplified. The catalog overuses a round canopy on a straight trunk. Match the species’ trunk habit, branching architecture, crown shape, leaf masses, bark and fruit/flower attachment.",Cashew.png,440,440,RGBA,21e87e2e807cbec016f1a98df0e39b1e1db3b951d9cc3112b6fa5dc2888c12f1,3badd260fe8ba3118d179e916e216253dbc30101de482ab90972867591a4ae47,4. Fruit and Nut Trees,PASS,POLISH,POLISH,POLISH,POLISH,POLISH,,,,,,,,,,,,,,,,
flora,Cassava,Cassava,HOLD,FAIL,HOLD,True,,,,,,,,,,,"Add palmate leaves and clearer root-crop identity. Correct the culm, leaf arrangement and species-specific seed head/inflorescence; many grains currently share one generic spike or grass tuft.",Cassava.png,440,440,RGBA,55d243d6b214b555f4a7c27f0e68dfa68143dbf85abc8b5d15c138d7d6446028,46dade890a61dd64b9522058c3304eaf2f2b070df3254f2b704ef03d5c3b4ac2,7. Grain and Staple Crops,PASS,POLISH,POLISH,POLISH,POLISH,POLISH,,,,,,,,,,,,,,,,
flora,Castor_Bean,Castor Bean,HOLD,FAIL,HOLD,True,,,,,,,,,,,Use large palmate star-shaped leaves and conspicuous spiny seed capsules; the current woody generic shrub lacks both defining traits.,Castor_Bean.png,440,440,RGBA,08843c6ac184af4416707124c053d315012b06d5febdffce9a3016ed0467e4f6,12e1457ddc840331fbcf16ad6a5322a88db9ae08ebc17a6ef00b68f814477ef0,Other plant or harvest type,PASS,POLISH,POLISH,POLISH,POLISH,POLISH,,,,,,,,,,,,,,,,
flora,Cave_Fern,Cave Fern,HOLD,FAIL,HOLD,True,,,,,,,,,,,"No critical duplicate, clipping, or gross growth-family error found. Broad growth form is usable; species-level botanical specificity may still be simplified. Cave Fern needs a species-specific growth-form check: roots/attachment, stem or trunk, leaf/frond arrangement, flower/fruit/spore organ and overall scale.",Cave_Fern.png,440,440,RGBA,441866dacea37c87d9fee786a3b52dc4959b369de3f9c707bb53957add3a4899,0069006ef2ce3cc798eb804338a1507adbc052aaab60d9726a0192c1c02b0221,Other plant or harvest type,PASS,POLISH,POLISH,POLISH,POLISH,POLISH,,,,,,,,,,,,,,,,
flora,Chamomile,Chamomile,HOLD,FAIL,HOLD,True,,,,,,,,,,,"The white daisy flowers are present, but the plant should be a low branching herb with fine feathery leaves rather than a single vertical ladder.",Chamomile.png,440,440,RGBA,c1d74a7b26fe4ad79c9dc1acb2d8925aceac7e0cd7db2c2a6dd1642166b9a247,a09053784cb4d6fda63189c6a83d977ceaa80f97b894d594fe9d071d4061bea4,9. Herbs and Spices,PASS,POLISH,POLISH,POLISH,POLISH,POLISH,,,,,,,,,,,,,,,,
flora,Cherry,Cherry,HOLD,FAIL,HOLD,True,,,,,,,,,,,"No critical duplicate, clipping, or gross growth-family error found. Broad growth form is usable; species-level botanical specificity may still be simplified. The catalog overuses a round canopy on a straight trunk. Match the species’ trunk habit, branching architecture, crown shape, leaf masses, bark and fruit/flower attachment.",Cherry.png,440,440,RGBA,8cc58b40e45d23d54f7f77a47fb392f6a7cf1b55926568ade1382efd4384ff5a,2db184688b95540a8aa2cd94d78601a0d8f1c8678e6070dd27cbede3de5d7317,4. Fruit and Nut Trees,PASS,POLISH,POLISH,POLISH,POLISH,POLISH,,,,,,,,,,,,,,,,
flora,Chestnut,Chestnut,HOLD,FAIL,HOLD,True,,,,,,,,,,,"No critical duplicate, clipping, or gross growth-family error found. Broad growth form is usable; species-level botanical specificity may still be simplified. The catalog overuses a round canopy on a straight trunk. Match the species’ trunk habit, branching architecture, crown shape, leaf masses, bark and fruit/flower attachment.",Chestnut.png,440,440,RGBA,c438ab7d3c2d3a3fb7b18dde34d210c44b73138c74ab4b290536d17a645b2f74,3fa9933acce1770ede7a04868be35ad2afcef90ae0569a37ebb0273a004fd55d,4. Fruit and Nut Trees,PASS,POLISH,POLISH,POLISH,POLISH,POLISH,,,,,,,,,,,,,,,,
flora,Chicory,Chicory,HOLD,FAIL,HOLD,True,,,,,,,,,,,"No critical duplicate, clipping, or gross growth-family error found. Broad growth form is usable; species-level botanical specificity may still be simplified. Chicory needs a species-specific growth-form check: roots/attachment, stem or trunk, leaf/frond arrangement, flower/fruit/spore organ and overall scale.",Chicory.png,440,440,RGBA,b8f81aa15bf0c321ba209eed998822596a46d5bce6405977ed6e7d3085d62f7f,d95a70c7359305e2602ef0908c77351252743d2c46435470a8752451ff5882e6,Other plant or harvest type,PASS,POLISH,POLISH,POLISH,POLISH,POLISH,,,,,,,,,,,,,,,,
flora,Chili_Pepper,Chili Pepper,HOLD,FAIL,HOLD,True,,,,,,,,,,,"No critical duplicate, clipping, or gross growth-family error found. Broad growth form is usable; species-level botanical specificity may still be simplified. Match the source plant, leaf habit and attached fruit/harvest organ. Fruit should be connected to stems/branches and not carry identity by label alone.",Chili_Pepper.png,440,440,RGBA,0529a4f342779eb7533075e91d3fb823c680d5bea1d168f9b8ef70893833cf91,dd09841f94a9452ab4482e24ae19f66202cf1038570c38bd135e8c15fadab194,Fruiting vegetables,PASS,POLISH,POLISH,POLISH,POLISH,POLISH,,,,,,,,,,,,,,,,
flora,Chokecherry,Chokecherry,HOLD,FAIL,HOLD,True,,,,,,,,,,,"No critical duplicate, clipping, or gross growth-family error found. Broad growth form is usable; species-level botanical specificity may still be simplified. Chokecherry needs a species-specific growth-form check: roots/attachment, stem or trunk, leaf/frond arrangement, flower/fruit/spore organ and overall scale.",Chokecherry.png,440,440,RGBA,ccd6b4dccb071e05fdd4b618b35e4441221c345aabe255b87a8f5eeb6a35a9fe,84aaa7f9c172aec82bc452a7763430f87971892a7039a45f6563087cfb461c7c,Other plant or harvest type,PASS,POLISH,POLISH,POLISH,POLISH,POLISH,,,,,,,,,,,,,,,,
flora,Cliff_Rose,Cliff Rose,HOLD,FAIL,HOLD,True,,,,,,,,,,,"No critical duplicate, clipping, or gross growth-family error found. Broad growth form is usable; species-level botanical specificity may still be simplified. Cliff Rose needs a species-specific growth-form check: roots/attachment, stem or trunk, leaf/frond arrangement, flower/fruit/spore organ and overall scale.",Cliff_Rose.png,440,440,RGBA,2c7908445cf73232db71801964258cccebbbb20095c61d8853e8fbbe8976e3ed,cb67665dd2883532bb77c6204447e0e08c37eeb1fefe91a4f65bf45877a3d651,Other plant or harvest type,PASS,POLISH,POLISH,POLISH,POLISH,POLISH,,,,,,,,,,,,,,,,
flora,Clove,Clove,HOLD,FAIL,HOLD,True,,,,,,,,,,,"Add recognizable flower-bud clusters on a woody tree/shrub. Match the named plant’s actual growth habit, leaf arrangement, flower/seed structure and scale; many currently use one vertical leaf-ladder or color-only herb template.",Clove.png,440,440,RGBA,f48c274a01a80387e746e2f6c31f959c9119b25f255725e30ce0c22404fa6cfe,55f149259e8d96f61661680423805246087c0ec4267ccd84183dfff9ff752b58,9. Herbs and Spices,PASS,POLISH,POLISH,POLISH,POLISH,POLISH,,,,,,,,,,,,,,,,
flora,Clover,Clover,HOLD,FAIL,HOLD,True,,,,,,,,,,,"No critical duplicate, clipping, or gross growth-family error found. Broad growth form is usable; species-level botanical specificity may still be simplified. Match the named plant’s actual growth habit, leaf arrangement, flower/seed structure and scale; many currently use one vertical leaf-ladder or color-only herb template.",Clover.png,440,440,RGBA,fc7485955f142033e0e7871d882191498078624d671a31063814f2bdc112a8c6,393247c8ccec3273480cd924ed5017e53abd15e785d9447c2e5d68509455b59f,10. Flowering Herbs and Wildflowers,PASS,POLISH,POLISH,POLISH,POLISH,POLISH,,,,,,,,,,,,,,,,
flora,Coastal_Sage,Coastal Sage,HOLD,FAIL,HOLD,True,,,,,,,,,,,"No critical duplicate, clipping, or gross growth-family error found. Broad growth form is usable; species-level botanical specificity may still be simplified. Coastal Sage needs a species-specific growth-form check: roots/attachment, stem or trunk, leaf/frond arrangement, flower/fruit/spore organ and overall scale.",Coastal_Sage.png,440,440,RGBA,a3dfa36659b5a5afd2a61ca23a69178fce7e55803ba3cd4f05cdecccddb9f7ef,03b15c2fd40618dd99c7af95d40257c4c32bc6cb9b2ded1c40969c19d838e1ec,Other plant or harvest type,PASS,POLISH,POLISH,POLISH,POLISH,POLISH,,,,,,,,,,,,,,,,
flora,Coffee,Coffee,HOLD,FAIL,HOLD,True,,,,,,,,,,,"No critical duplicate, clipping, or gross growth-family error found. Broad growth form is usable; species-level botanical specificity may still be simplified. Coffee needs a species-specific growth-form check: roots/attachment, stem or trunk, leaf/frond arrangement, flower/fruit/spore organ and overall scale.",Coffee.png,440,440,RGBA,c7c6fd7204a08c481e223c0ca6c18ab62ef741a7bb91a2def00ebc70e37e08f3,6514f9e10821e1618da90c2b0ebcb86503ee6aa6642f2add288aed765b4034aa,Other plant or harvest type,PASS,POLISH,POLISH,POLISH,POLISH,POLISH,,,,,,,,,,,,,,,,
flora,Coralline_Algae,Coralline Algae,HOLD,FAIL,HOLD,True,,,,,,,,,,,"No critical duplicate, clipping, or gross growth-family error found. Broad growth form is usable; species-level botanical specificity may still be simplified. Coralline Algae needs a species-specific growth-form check: roots/attachment, stem or trunk, leaf/frond arrangement, flower/fruit/spore organ and overall scale.",Coralline_Algae.png,440,440,RGBA,7a8e86c2a61f2b289c4140bec397d2cc41a6ab78bc4284a36102ab2404763cbb,99bbe824898a9d7dc20d9f3d4d677c49c4a1df89a6a2572bc6979e9773896bd3,Other plant or harvest type,PASS,POLISH,POLISH,POLISH,POLISH,POLISH,,,,,,,,,,,,,,,,
flora,Crabapple,Crabapple,HOLD,FAIL,HOLD,True,,,,,,,,,,,"No critical duplicate, clipping, or gross growth-family error found. Broad growth form is usable; species-level botanical specificity may still be simplified. Crabapple needs a species-specific growth-form check: roots/attachment, stem or trunk, leaf/frond arrangement, flower/fruit/spore organ and overall scale.",Crabapple.png,440,440,RGBA,74f569912dd1b18f8f2ce935438d7161fd8ed0041ebde0973e06baf015f5d79e,9d8ed23e5bc4d094d4926b0ba5ee4f4b4299c7bbb747da3af4bf98e8deca8422,Other plant or harvest type,PASS,POLISH,POLISH,POLISH,POLISH,POLISH,,,,,,,,,,,,,,,,
flora,Cranberry,Cranberry,HOLD,FAIL,HOLD,True,,,,,,,,,,,"No critical duplicate, clipping, or gross growth-family error found. Broad growth form is usable; species-level botanical specificity may still be simplified. Cranberry needs a species-specific growth-form check: roots/attachment, stem or trunk, leaf/frond arrangement, flower/fruit/spore organ and overall scale.",Cranberry.png,440,440,RGBA,f90b5c1902cc065e7c952fc47187018dd006d58f27e0a2b9e4278d03bb36a2d0,044f2c7fb9cc7d071260573b2ae2416c35d757d9191328e3dd40999d036a66f5,5. Shrubs and Bushes,PASS,POLISH,POLISH,POLISH,POLISH,POLISH,,,,,,,,,,,,,,,,
flora,Creosote_Bush,Creosote Bush,HOLD,FAIL,HOLD,True,,,,,,,,,,,"No critical duplicate, clipping, or gross growth-family error found. Broad growth form is usable; species-level botanical specificity may still be simplified. Creosote Bush needs a species-specific growth-form check: roots/attachment, stem or trunk, leaf/frond arrangement, flower/fruit/spore organ and overall scale.",Creosote_Bush.png,440,440,RGBA,3a418b75e2773b4cfd39ab03d597de8d31876011298fb5c50ffe419bc5cea211,dda4cca877d1052a39a3251b1f52fc4e8d145a6be9a8d30ef05c2646f72d9cc6,Other plant or harvest type,PASS,POLISH,POLISH,POLISH,POLISH,POLISH,,,,,,,,,,,,,,,,
flora,Crowberry,Crowberry,HOLD,FAIL,HOLD,True,,,,,,,,,,,"The woody shrub habit is present, but add low evergreen needle-like leaves and obvious black berries.",Crowberry.png,440,440,RGBA,712797863aee7dcdb73c7c35e90d65cf41c74d8b5eb477dc52cebc0c1a6b6e4e,e311de52d113c61d9af4eb90a2ccff3232b43e05bf1742dc2cf40da8fd42e16b,Other plant or harvest type,PASS,POLISH,POLISH,POLISH,POLISH,POLISH,,,,,,,,,,,,,,,,
flora,Currant,Currant,HOLD,FAIL,HOLD,True,,,,,,,,,,,"No critical duplicate, clipping, or gross growth-family error found. Broad growth form is usable; species-level botanical specificity may still be simplified. Currant needs a species-specific growth-form check: roots/attachment, stem or trunk, leaf/frond arrangement, flower/fruit/spore organ and overall scale.",Currant.png,440,440,RGBA,fa4877b21aab551419118ca4b9dc4c9ee21a7665407a1299449ad38f083957c8,fe4b9e8f90bb06d34ba5e1a1681b6f32066990a3156f2d3db258c36ce891cca4,5. Shrubs and Bushes,PASS,POLISH,POLISH,POLISH,POLISH,POLISH,,,,,,,,,,,,,,,,
flora,Curry_Leaf,Curry Leaf,HOLD,FAIL,HOLD,True,,,,,,,,,,,"No critical duplicate, clipping, or gross growth-family error found. Broad growth form is usable; species-level botanical specificity may still be simplified. Curry Leaf needs a species-specific growth-form check: roots/attachment, stem or trunk, leaf/frond arrangement, flower/fruit/spore organ and overall scale.",Curry_Leaf.png,440,440,RGBA,304626b3649e855795d447e8acfd38eea5bf911ceee48461047d40d5a9800c29,79adba9feaf08e112c9974ed628a8aaaef59a76196ef463c5388b09837462b72,Other plant or harvest type,PASS,POLISH,POLISH,POLISH,POLISH,POLISH,,,,,,,,,,,,,,,,
flora,Daisy,Daisy,HOLD,FAIL,HOLD,True,,,,,,,,,,,"No critical duplicate, clipping, or gross growth-family error found. Broad growth form is usable; species-level botanical specificity may still be simplified. Match the named plant’s actual growth habit, leaf arrangement, flower/seed structure and scale; many currently use one vertical leaf-ladder or color-only herb template.",Daisy.png,440,440,RGBA,4584ced39a2f196eda71c138acb04f6383173cdea66eb3ef9b911061e44d63fe,7451499f6d9d2acd29107ad1a3149a8ab5adf38950294e71d7204b4e99b92f79,10. Flowering Herbs and Wildflowers,PASS,POLISH,POLISH,POLISH,POLISH,POLISH,,,,,,,,,,,,,,,,
flora,Dandelion,Dandelion,HOLD,FAIL,HOLD,True,,,,,,,,,,,"No critical duplicate, clipping, or gross growth-family error found. Broad growth form is usable; species-level botanical specificity may still be simplified. Match the named plant’s actual growth habit, leaf arrangement, flower/seed structure and scale; many currently use one vertical leaf-ladder or color-only herb template.",Dandelion.png,440,440,RGBA,6dba745cb1a83076b7f164c5a055837af40dd8c5e9745bf083a8df287c063627,243331c53bfdf51eec8e96bab5fc790df5d08e38c3e36619b24f2c8500a119fb,10. Flowering Herbs and Wildflowers,PASS,POLISH,POLISH,POLISH,POLISH,POLISH,,,,,,,,,,,,,,,,
flora,Date,Date,HOLD,FAIL,HOLD,True,,,,,,,,,,,"Clarify as a harvest item linked to Date Palm rather than a second full palm portrait. Date needs a species-specific growth-form check: roots/attachment, stem or trunk, leaf/frond arrangement, flower/fruit/spore organ and overall scale.",Date.png,440,440,RGBA,b632b92f44f1bc1b003bce85ef80c3b8dc66fd4dfabf8d5d6a1d874c4cba8dc6,84c2a185fd0a5c8bdc53f17516cf4b505adfc2c0c49719bfb4460a5d7807456e,Other plant or harvest type,PASS,POLISH,POLISH,POLISH,POLISH,POLISH,,,,,,,,,,,,,,,,
flora,Date_Palm,Date Palm,HOLD,FAIL,HOLD,True,,,,,,,,,,,"No critical duplicate, clipping, or gross growth-family error found. Broad growth form is usable; species-level botanical specificity may still be simplified. Date Palm needs a species-specific growth-form check: roots/attachment, stem or trunk, leaf/frond arrangement, flower/fruit/spore organ and overall scale.",Date_Palm.png,440,440,RGBA,6a87849e35899d6d041e032ba33990eb1073d8092aace9ee7495f2f7d1854bdd,dbd03de1a141ad1ae0e13aa12d175a3142e02c453b1bc1691c27364f0d0c1a88,3. Palms and Palm-Like Plants,PASS,POLISH,POLISH,POLISH,POLISH,POLISH,,,,,,,,,,,,,,,,
flora,Date_Plum,Date Plum,HOLD,FAIL,HOLD,True,,,,,,,,,,,"No critical duplicate, clipping, or gross growth-family error found. Broad growth form is usable; species-level botanical specificity may still be simplified. Date Plum needs a species-specific growth-form check: roots/attachment, stem or trunk, leaf/frond arrangement, flower/fruit/spore organ and overall scale.",Date_Plum.png,440,440,RGBA,42755152ff821e4d0aada2294fdabb774c6ebc5461aaaaeac7c5623740ee3b47,132cb23bc39a888551fb13cd39c178a8d0b77588f32c34a01a264cf3389d5f6d,Other plant or harvest type,PASS,POLISH,POLISH,POLISH,POLISH,POLISH,,,,,,,,,,,,,,,,
flora,Desert_Melon,Desert Melon,HOLD,FAIL,HOLD,True,,,,,,,,,,,"No critical duplicate, clipping, or gross growth-family error found. Broad growth form is usable; species-level botanical specificity may still be simplified. Desert Melon needs a species-specific growth-form check: roots/attachment, stem or trunk, leaf/frond arrangement, flower/fruit/spore organ and overall scale.",Desert_Melon.png,440,440,RGBA,9a3467308dbd64303f2fa7c5861ae150e47c079a21a4303c22532ec22738d4af,79372d6df76a0e074db7d3edba8aa3229b69054733b045b8bba8fc35522dca77,Other plant or harvest type,PASS,POLISH,POLISH,POLISH,POLISH,POLISH,,,,,,,,,,,,,,,,
flora,Desert_Mint,Desert Mint,HOLD,FAIL,HOLD,True,,,,,,,,,,,"No critical duplicate, clipping, or gross growth-family error found. Broad growth form is usable; species-level botanical specificity may still be simplified. Desert Mint needs a species-specific growth-form check: roots/attachment, stem or trunk, leaf/frond arrangement, flower/fruit/spore organ and overall scale.",Desert_Mint.png,440,440,RGBA,b8d38c25d0792e1f071ef49f071a6d5ddde63c9217932a76d168b2e451b5325a,c78892f0e5d53d90f5bf6cb7ff400145d9b9561232646dd67777e5e14d8cbec6,Other plant or harvest type,PASS,POLISH,POLISH,POLISH,POLISH,POLISH,,,,,,,,,,,,,,,,
flora,Desert_Sage,Desert Sage,HOLD,FAIL,HOLD,True,,,,,,,,,,,"No critical duplicate, clipping, or gross growth-family error found. Broad growth form is usable; species-level botanical specificity may still be simplified. Desert Sage needs a species-specific growth-form check: roots/attachment, stem or trunk, leaf/frond arrangement, flower/fruit/spore organ and overall scale.",Desert_Sage.png,440,440,RGBA,de08a8aa50f7ab02d1e225fb8c987d3f5e22ed26d2be62feb5294ea7047ea449,3e568b0c4d984edaf2736573b00ffa865456c70b1dca13fb8aa936c7dc11e9f3,Other plant or harvest type,PASS,POLISH,POLISH,POLISH,POLISH,POLISH,,,,,,,,,,,,,,,,
flora,Dragon_Fruit,Dragon Fruit,HOLD,FAIL,FAIL,True,,,,,,,,,,,"The cactus stems and flowers are improved, but the plant needs angular climbing/epiphytic stems, support attachment and hanging bright fruits.",Dragon_Fruit.png,440,440,RGBA,41b99cd9585083fb4210b8fb4fd47a8832f6324bf10f07236580b757396d8f37,ca38827a412551aba8b31f5d1ddfac60b3a21ef866f757261da09d788cf4430d,Other plant or harvest type,POLISH,PASS,POLISH,PASS,POLISH,POLISH,,,,,,,,,,,,,,,,
flora,Dulse,Dulse,HOLD,FAIL,HOLD,True,,,,,,,,,,,"Use broad reddish sheet/frond morphology and marine attachment. Dulse needs a species-specific growth-form check: roots/attachment, stem or trunk, leaf/frond arrangement, flower/fruit/spore organ and overall scale.",Dulse.png,440,440,RGBA,be768024f52a805e27876ce6968a44c9cfa0d2535ac693ceb8b83441f304a1fe,ac521f8e9cac9f952ed59295b145d194ac44cffc979535e6cda9b563a8ce0646,Other plant or harvest type,PASS,POLISH,POLISH,POLISH,POLISH,POLISH,,,,,,,,,,,,,,,,
flora,Durian,Durian,HOLD,FAIL,HOLD,True,,,,,,,,,,,"No critical duplicate, clipping, or gross growth-family error found. Broad growth form is usable; species-level botanical specificity may still be simplified. The catalog overuses a round canopy on a straight trunk. Match the species’ trunk habit, branching architecture, crown shape, leaf masses, bark and fruit/flower attachment.",Durian.png,440,440,RGBA,9fd44927c7b2ac11f2d7a0de1d778302c84f0cd0c222f902f0b20b11bd3c8d5e,a8974d65a165e23eda440df1384216a863c7dfc857a1acf258ac0326d8d24aec,4. Fruit and Nut Trees,PASS,POLISH,POLISH,POLISH,POLISH,POLISH,,,,,,,,,,,,,,,,
flora,Echinacea,Echinacea,HOLD,FAIL,HOLD,True,,,,,,,,,,,"No critical duplicate, clipping, or gross growth-family error found. Broad growth form is usable; species-level botanical specificity may still be simplified. Match the named plant’s actual growth habit, leaf arrangement, flower/seed structure and scale; many currently use one vertical leaf-ladder or color-only herb template.",Echinacea.png,440,440,RGBA,ecce4d82d0af99804889053cbb53769e72181dc8aaec795f39bfceca7c5383e8,51aca11a123b9815db624d792276c1b420c7f50a44e1b2360e202c6f8b6aa73c,9. Herbs and Spices,PASS,POLISH,POLISH,POLISH,POLISH,POLISH,,,,,,,,,,,,,,,,
flora,Edelweiss,Edelweiss,HOLD,FAIL,HOLD,True,,,,,,,,,,,"No critical duplicate, clipping, or gross growth-family error found. Broad growth form is usable; species-level botanical specificity may still be simplified. Edelweiss needs a species-specific growth-form check: roots/attachment, stem or trunk, leaf/frond arrangement, flower/fruit/spore organ and overall scale.",Edelweiss.png,440,440,RGBA,6866823ee6877efbda9304ca1c8e8507dca8c9f80a5b0bb65f9318e36903e5d2,05995101c68db90a63e0a33958090c3ea96a18ca74a664461a7bccc073b5d8d3,Other plant or harvest type,PASS,POLISH,POLISH,POLISH,POLISH,POLISH,,,,,,,,,,,,,,,,
flora,Elderberry,Elderberry,HOLD,FAIL,HOLD,True,,,,,,,,,,,"No critical duplicate, clipping, or gross growth-family error found. Broad growth form is usable; species-level botanical specificity may still be simplified. Elderberry needs a species-specific growth-form check: roots/attachment, stem or trunk, leaf/frond arrangement, flower/fruit/spore organ and overall scale.",Elderberry.png,440,440,RGBA,bae1b7d3a73e4a00fc0688d6cd420aab7671df48b1138943348484bc3810dc93,6f9a5a018cf468311c20854255c1edbae20f078f00fe4aa99665d7e9f26dcc7b,5. Shrubs and Bushes,PASS,POLISH,POLISH,POLISH,POLISH,POLISH,,,,,,,,,,,,,,,,
flora,Ephedra,Ephedra,HOLD,FAIL,HOLD,True,,,,,,,,,,,"No critical duplicate, clipping, or gross growth-family error found. Broad growth form is usable; species-level botanical specificity may still be simplified. Ephedra needs a species-specific growth-form check: roots/attachment, stem or trunk, leaf/frond arrangement, flower/fruit/spore organ and overall scale.",Ephedra.png,440,440,RGBA,b08f4e8eefcb0c358c7f5aede6c491110e7c4b76a9fd3c92901df2b320407415,196734bb03d56bf72425e274f24c614a39bbdc5d819e0f0a2a57156efe040c57,Other plant or harvest type,PASS,POLISH,POLISH,POLISH,POLISH,POLISH,,,,,,,,,,,,,,,,
flora,Eucalyptus,Eucalyptus,HOLD,FAIL,HOLD,True,,,,,,,,,,,"No critical duplicate, clipping, or gross growth-family error found. Broad growth form is usable; species-level botanical specificity may still be simplified. The catalog overuses a round canopy on a straight trunk. Match the species’ trunk habit, branching architecture, crown shape, leaf masses, bark and fruit/flower attachment.",Eucalyptus.png,440,440,RGBA,3a911228ca0940f0c56427b2c982a5161684742e8961957e74bd67535326e396,772dd1869072cd5798d1e3b04afe3a3a6c387aee86ee8f8e68f6c03523f2072d,Mediterranean and dry-climate trees,PASS,POLISH,POLISH,POLISH,POLISH,POLISH,,,,,,,,,,,,,,,,
flora,Fenugreek,Fenugreek,HOLD,FAIL,HOLD,True,,,,,,,,,,,"No critical duplicate, clipping, or gross growth-family error found. Broad growth form is usable; species-level botanical specificity may still be simplified. Fenugreek needs a species-specific growth-form check: roots/attachment, stem or trunk, leaf/frond arrangement, flower/fruit/spore organ and overall scale.",Fenugreek.png,440,440,RGBA,eebfbb46723f9b50643ed8d492a5404144b7958cea6ef3e4811ab5030c86d742,88e405d4a0bc6038b1a81558bd834f9765829a2498c03325cd09384294798b88,Other plant or harvest type,PASS,POLISH,POLISH,POLISH,POLISH,POLISH,,,,,,,,,,,,,,,,
flora,Fiddlehead_Fern,Fiddlehead Fern,HOLD,FAIL,HOLD,True,,,,,,,,,,,"No critical duplicate, clipping, or gross growth-family error found. Broad growth form is usable; species-level botanical specificity may still be simplified. Fiddlehead Fern needs a species-specific growth-form check: roots/attachment, stem or trunk, leaf/frond arrangement, flower/fruit/spore organ and overall scale.",Fiddlehead_Fern.png,440,440,RGBA,aacfb8d3fb2d5ce4c2ba8134a9a88652111290fb4cc401d73ea5f96d14f6b94b,018b14d6dd7f0c97317057f36c983275c5ac1ef505523d493b10a77470befaa7,Other plant or harvest type,PASS,POLISH,POLISH,POLISH,POLISH,POLISH,,,,,,,,,,,,,,,,
flora,Fig,Fig,HOLD,FAIL,HOLD,True,,,,,,,,,,,"No critical duplicate, clipping, or gross growth-family error found. Broad growth form is usable; species-level botanical specificity may still be simplified. The catalog overuses a round canopy on a straight trunk. Match the species’ trunk habit, branching architecture, crown shape, leaf masses, bark and fruit/flower attachment.",Fig.png,440,440,RGBA,debd14b52a4c6ce6a9755d26c1f5f17058b967d08049affad7cf7dc89f052a38,90b9e741e24f4dd4e204fc330fd050e49fddd3700951dcf2e5956d5358e7b004,4. Fruit and Nut Trees,PASS,POLISH,POLISH,POLISH,POLISH,POLISH,,,,,,,,,,,,,,,,
flora,Fireweed,Fireweed,HOLD,FAIL,HOLD,True,,,,,,,,,,,"No critical duplicate, clipping, or gross growth-family error found. Broad growth form is usable; species-level botanical specificity may still be simplified. Fireweed needs a species-specific growth-form check: roots/attachment, stem or trunk, leaf/frond arrangement, flower/fruit/spore organ and overall scale.",Fireweed.png,440,440,RGBA,e73c93c3948a0a68460429bc8f889908d59e56a8fe9db2fc1dfb2aeee06fcf73,35a1e98334477ddeaead045b16598d592d758eb0de0d3b27b56a78669cd81c27,Other plant or harvest type,PASS,POLISH,POLISH,POLISH,POLISH,POLISH,,,,,,,,,,,,,,,,
flora,Flax,Flax,HOLD,FAIL,HOLD,True,,,,,,,,,,,"Add slender branched stems and small blue flowers; current vertical ear is crop-generic. Flax needs a species-specific growth-form check: roots/attachment, stem or trunk, leaf/frond arrangement, flower/fruit/spore organ and overall scale.",Flax.png,440,440,RGBA,28196819907f3ae4cdb8369153cb9bd71b517ae484453c42eb932b84873d114f,633cfcaa1f69e1c483a84abd20b51a850630ed50fd6f778588ad3ebd4353e8e0,Other plant or harvest type,PASS,POLISH,POLISH,POLISH,POLISH,POLISH,,,,,,,,,,,,,,,,
flora,Floating_Green_Algae,Floating Green Algae,HOLD,FAIL,HOLD,True,,,,,,,,,,,"Use a floating mat/filament mass rather than large ribbon shapes if this is planktonic algae. Floating Green Algae needs a species-specific growth-form check: roots/attachment, stem or trunk, leaf/frond arrangement, flower/fruit/spore organ and overall scale.",Floating_Green_Algae.png,440,440,RGBA,8c103143e30b27e81fa232b5987bff02088a99bc5891f3d681d8a3f26ad97504,638c224be4d293430a912ed09b3e6c0ca8e80a8521dd40d0f90a0ed98a4e8b90,Other plant or harvest type,PASS,POLISH,POLISH,POLISH,POLISH,POLISH,,,,,,,,,,,,,,,,
flora,Foxglove,Foxglove,HOLD,FAIL,HOLD,True,,,,,,,,,,,"No critical duplicate, clipping, or gross growth-family error found. Broad growth form is usable; species-level botanical specificity may still be simplified. Match the named plant’s actual growth habit, leaf arrangement, flower/seed structure and scale; many currently use one vertical leaf-ladder or color-only herb template.",Foxglove.png,440,440,RGBA,951dfdd50c998b92fad0e5d6a4cc5f44051aa544d93b2f7ab1dd315fb3caef59,565ffc19f60b3a8f38a43c991ba11a11be1992ccc12db102afec2e2b38fd4e72,10. Flowering Herbs and Wildflowers,PASS,POLISH,POLISH,POLISH,POLISH,POLISH,,,,,,,,,,,,,,,,
flora,Garlic,Garlic,HOLD,FAIL,HOLD,True,,,,,,,,,,,"No critical duplicate, clipping, or gross growth-family error found. Broad growth form is usable; species-level botanical specificity may still be simplified. Show the source plant and the correct underground storage organ, leaf top and harvest relationship rather than an isolated generic bulb.",Garlic.png,440,440,RGBA,53e26ed7b0c37e814ab995f3f270197b538754e40aab1907496c56a7d359a7dc,1894fc3316431ed6a36c136f108614792b1c5a5457c375aaf7d00d34589b1c53,Bulb and stem vegetables,PASS,POLISH,POLISH,POLISH,POLISH,POLISH,,,,,,,,,,,,,,,,
flora,Gentian,Gentian,HOLD,FAIL,HOLD,True,,,,,,,,,,,"No critical duplicate, clipping, or gross growth-family error found. Broad growth form is usable; species-level botanical specificity may still be simplified. Gentian needs a species-specific growth-form check: roots/attachment, stem or trunk, leaf/frond arrangement, flower/fruit/spore organ and overall scale.",Gentian.png,440,440,RGBA,3250e79947f0108bbe48de5b02c510bdb277343cb76527da464f13a119e124f5,fa0a0db8d51ab10f06e0a8ca4ca54a0cdef7626791690c63a07b775e817df050,Other plant or harvest type,PASS,POLISH,POLISH,POLISH,POLISH,POLISH,,,,,,,,,,,,,,,,
flora,Giant_Kelp,Giant Kelp,HOLD,FAIL,HOLD,True,,,,,,,,,,,"The tall blades read as kelp, but add a holdfast, long flexible stipe and gas bladders/blade arrangement for stronger giant-kelp identity.",Giant_Kelp.png,440,440,RGBA,513a40430d42765e15053d5dd2c97bf809e568eef04bcbe461fc5a017b076c78,6f618eed028ea36673afd24c79303cb4a12a7e93b841e4ecf9ac818bcd2cf801,Other plant or harvest type,PASS,POLISH,POLISH,POLISH,POLISH,POLISH,,,,,,,,,,,,,,,,
flora,Ginger,Ginger,HOLD,FAIL,HOLD,True,,,,,,,,,,,"No critical duplicate, clipping, or gross growth-family error found. Broad growth form is usable; species-level botanical specificity may still be simplified. Match the named plant’s actual growth habit, leaf arrangement, flower/seed structure and scale; many currently use one vertical leaf-ladder or color-only herb template.",Ginger.png,440,440,RGBA,ba80b135298a2e14ebba00852258f373a70b58f22ee93cb62365d6e99ea86796,8848ad1effe6814a396da1779c4d9d0ca3a0e60bcfc871abc4991369e6ceb824,9. Herbs and Spices,PASS,POLISH,POLISH,POLISH,POLISH,POLISH,,,,,,,,,,,,,,,,
flora,Ginseng,Ginseng,HOLD,FAIL,HOLD,True,,,,,,,,,,,"No critical duplicate, clipping, or gross growth-family error found. Broad growth form is usable; species-level botanical specificity may still be simplified. Match the named plant’s actual growth habit, leaf arrangement, flower/seed structure and scale; many currently use one vertical leaf-ladder or color-only herb template.",Ginseng.png,440,440,RGBA,4e782903087d62f3adf18c530cfddb801f6ada94e817d92e481cb3a74757bee3,2fc9eed64da7bab2022db39bbbf55662e46613027892a9d8db209bcbe5501846,9. Herbs and Spices,PASS,POLISH,POLISH,POLISH,POLISH,POLISH,,,,,,,,,,,,,,,,
flora,Glasswort,Glasswort,HOLD,FAIL,HOLD,True,,,,,,,,,,,"No critical duplicate, clipping, or gross growth-family error found. Broad growth form is usable; species-level botanical specificity may still be simplified. Glasswort needs a species-specific growth-form check: roots/attachment, stem or trunk, leaf/frond arrangement, flower/fruit/spore organ and overall scale.",Glasswort.png,440,440,RGBA,60e5f87095dbe44217dc52b93eb898ba48153301deaab16221f32d01f96d06c3,d536b9b20632f77fa81de65bfe4c10ece9d8c50e47d6a75db8b1e3f5127e5741,Other plant or harvest type,PASS,POLISH,POLISH,POLISH,POLISH,POLISH,,,,,,,,,,,,,,,,
flora,Goldenrod,Goldenrod,HOLD,FAIL,HOLD,True,,,,,,,,,,,"No critical duplicate, clipping, or gross growth-family error found. Broad growth form is usable; species-level botanical specificity may still be simplified. Match the named plant’s actual growth habit, leaf arrangement, flower/seed structure and scale; many currently use one vertical leaf-ladder or color-only herb template.",Goldenrod.png,440,440,RGBA,e4f9d0d1f1af04e4f79769d110237aeba2190ef4b1575483696fae4b27ce0ed2,8b22975372135b6e1736fff6a4e0dfbe8298ded9456ff2a686ba4d3867d874e2,10. Flowering Herbs and Wildflowers,PASS,POLISH,POLISH,POLISH,POLISH,POLISH,,,,,,,,,,,,,,,,
flora,Gooseberry,Gooseberry,HOLD,FAIL,HOLD,True,,,,,,,,,,,"No critical duplicate, clipping, or gross growth-family error found. Broad growth form is usable; species-level botanical specificity may still be simplified. Gooseberry needs a species-specific growth-form check: roots/attachment, stem or trunk, leaf/frond arrangement, flower/fruit/spore organ and overall scale.",Gooseberry.png,440,440,RGBA,81271f3991175293e10e17fa8cedadd1fc593e5a3556acefbc92319b0082b026,f296360a87169f7c427fb6c534fc85e464048c08f3c6405a29d3e8728ba23cd1,5. Shrubs and Bushes,PASS,POLISH,POLISH,POLISH,POLISH,POLISH,,,,,,,,,,,,,,,,
flora,Grape,Grape,HOLD,FAIL,HOLD,True,,,,,,,,,,,"No critical duplicate, clipping, or gross growth-family error found. Broad growth form is usable; species-level botanical specificity may still be simplified. Grape needs a species-specific growth-form check: roots/attachment, stem or trunk, leaf/frond arrangement, flower/fruit/spore organ and overall scale.",Grape.png,440,440,RGBA,b083ef120ea0dd220a9876ba87f3c1156340657e5b16a83024a4bb32208ff5dd,ebed75c2952313163f7a3a86beffa75e32c43b2806f216b4d99b3f9fa5afcca3,Other plant or harvest type,PASS,POLISH,POLISH,POLISH,POLISH,POLISH,,,,,,,,,,,,,,,,
flora,Green_Algae,Green Algae,HOLD,FAIL,BLOCKER,True,,,,,,,,,,,"The broad single blade is a plausible macroalga, but the name is extremely broad. Clarify whether this asset represents a sheet alga, filament mat or microscopic colony and match that morphology.",Green_Algae.png,440,440,RGBA,ef9eefa89dae0f2259ba88eb5e3134e2405f193258ea3e1845a9df81c810de68,67c8f932802d71c1965925e4ed9efb9b8dbf43a29f3bcc4a6882c5df22fb2072,Algae,POLISH,PASS,PASS,PASS,PASS,POLISH,,,,,,,,,,,,,,,,
flora,Guava,Guava,HOLD,FAIL,HOLD,True,,,,,,,,,,,"No critical duplicate, clipping, or gross growth-family error found. Broad growth form is usable; species-level botanical specificity may still be simplified. The catalog overuses a round canopy on a straight trunk. Match the species’ trunk habit, branching architecture, crown shape, leaf masses, bark and fruit/flower attachment.",Guava.png,440,440,RGBA,85b64a8ee6174eb8537070f40598df09bbbe4931a12edcd35355a929f6c7934a,672f762e92b92b85961e5896db450bed9fda1e8171f4d6cd5bc3e80169cd8b8b,4. Fruit and Nut Trees,PASS,POLISH,POLISH,POLISH,POLISH,POLISH,,,,,,,,,,,,,,,,
flora,Hardy_Fern,Hardy Fern,HOLD,FAIL,HOLD,True,,,,,,,,,,,"No critical duplicate, clipping, or gross growth-family error found. Broad growth form is usable; species-level botanical specificity may still be simplified. Hardy Fern needs a species-specific growth-form check: roots/attachment, stem or trunk, leaf/frond arrangement, flower/fruit/spore organ and overall scale.",Hardy_Fern.png,440,440,RGBA,7285c51e463541b81ce381c65b3f7f84a3b781baa03c5f8ffb998574b9e75107,5d3f963b9a50ccddd3e1a0f79bf388de419381c35ec1c74ea780db4458f12cbe,Other plant or harvest type,PASS,POLISH,POLISH,POLISH,POLISH,POLISH,,,,,,,,,,,,,,,,
flora,Hazelnut,Hazelnut,HOLD,FAIL,HOLD,True,,,,,,,,,,,"No critical duplicate, clipping, or gross growth-family error found. Broad growth form is usable; species-level botanical specificity may still be simplified. The catalog overuses a round canopy on a straight trunk. Match the species’ trunk habit, branching architecture, crown shape, leaf masses, bark and fruit/flower attachment.",Hazelnut.png,440,440,RGBA,4d904b5ad538d235b6ec93b53e3c42c6bfdb690ebc63c429746f42b66020fb75,f8ca68e64d234d5c2436e88636b5acd5a382478cfffaad31cca3a5f888869539,4. Fruit and Nut Trees,PASS,POLISH,POLISH,POLISH,POLISH,POLISH,,,,,,,,,,,,,,,,
flora,Heather,Heather,HOLD,FAIL,HOLD,True,,,,,,,,,,,"No critical duplicate, clipping, or gross growth-family error found. Broad growth form is usable; species-level botanical specificity may still be simplified. Heather needs a species-specific growth-form check: roots/attachment, stem or trunk, leaf/frond arrangement, flower/fruit/spore organ and overall scale.",Heather.png,440,440,RGBA,1d5f8046321c2047c4157cc8b3d9b3a9c6eebee6d2ed1ea7858d600b14b616b8,39deb37cea8a1ddd70cffb3e021fe236801a549078f8ad3d750008fe79a16240,5. Shrubs and Bushes,PASS,POLISH,POLISH,POLISH,POLISH,POLISH,,,,,,,,,,,,,,,,
flora,Holy_Basil,Holy Basil,HOLD,FAIL,HOLD,True,,,,,,,,,,,"No critical duplicate, clipping, or gross growth-family error found. Broad growth form is usable; species-level botanical specificity may still be simplified. Holy Basil needs a species-specific growth-form check: roots/attachment, stem or trunk, leaf/frond arrangement, flower/fruit/spore organ and overall scale.",Holy_Basil.png,440,440,RGBA,22dbaa320642adaa71f7a66487569a50534dd3830955f88606932bc38d91f394,d101092443510c8d843162046ff4c2ac0932f95364636ec67116691361c2aa63,Other plant or harvest type,PASS,POLISH,POLISH,POLISH,POLISH,POLISH,,,,,,,,,,,,,,,,
flora,Huckleberry,Huckleberry,HOLD,FAIL,HOLD,True,,,,,,,,,,,"No critical duplicate, clipping, or gross growth-family error found. Broad growth form is usable; species-level botanical specificity may still be simplified. Huckleberry needs a species-specific growth-form check: roots/attachment, stem or trunk, leaf/frond arrangement, flower/fruit/spore organ and overall scale.",Huckleberry.png,440,440,RGBA,67856fb76a2628ce4b7f19f1bd40ee6cc7e866f012e8c03b42caf2b3c6b71c83,29fea3e6e33eb33b8e8a46f0bcab91a83d3cd24d3a69d63079cfc29eb8b7f80e,Other plant or harvest type,PASS,POLISH,POLISH,POLISH,POLISH,POLISH,,,,,,,,,,,,,,,,
flora,Ice_Algae,Ice Algae,HOLD,FAIL,HOLD,True,,,,,,,,,,,"Surface colony on ice is now represented; clarify whether this is a microalga and align ownership with the microbe taxonomy model. Ice Algae needs a species-specific growth-form check: roots/attachment, stem or trunk, leaf/frond arrangement, flower/fruit/spore organ and overall scale.",Ice_Algae.png,440,440,RGBA,3e6d7e27dbf1cd13425e1d8e715999aaf56a00391814c55dcbbf2ab7006e574c,fcc762acdd2791209b6d1cbe57d3e845248d70f2c0cef43226a2160fab9ee3d1,Other plant or harvest type,PASS,POLISH,POLISH,POLISH,POLISH,POLISH,,,,,,,,,,,,,,,,
flora,Indian_Gooseberry,Indian Gooseberry,HOLD,FAIL,HOLD,True,,,,,,,,,,,"No critical duplicate, clipping, or gross growth-family error found. Broad growth form is usable; species-level botanical specificity may still be simplified. Indian Gooseberry needs a species-specific growth-form check: roots/attachment, stem or trunk, leaf/frond arrangement, flower/fruit/spore organ and overall scale.",Indian_Gooseberry.png,440,440,RGBA,f8d95d5c2f8ac5a37bc53dd8a5f481816d856dd03c89fa905daa73edffdfa576,a64200deb2a7e50a2178c102bef27ba76d7b90782a2a2e6ea150a7d6834af798,Other plant or harvest type,PASS,POLISH,POLISH,POLISH,POLISH,POLISH,,,,,,,,,,,,,,,,
flora,Jackfruit,Jackfruit,HOLD,FAIL,HOLD,True,,,,,,,,,,,"No critical duplicate, clipping, or gross growth-family error found. Broad growth form is usable; species-level botanical specificity may still be simplified. The catalog overuses a round canopy on a straight trunk. Match the species’ trunk habit, branching architecture, crown shape, leaf masses, bark and fruit/flower attachment.",Jackfruit.png,440,440,RGBA,870aeed915a90899cd36e090b6f59d654f4a770e3919ec8e397f3e070de3c67c,39abada2565e7a4d17b37dcf924b172fadb2fb0118f12c9df05b35df1217f6b2,4. Fruit and Nut Trees,PASS,POLISH,POLISH,POLISH,POLISH,POLISH,,,,,,,,,,,,,,,,
flora,Jujube,Jujube,HOLD,FAIL,HOLD,True,,,,,,,,,,,"No critical duplicate, clipping, or gross growth-family error found. Broad growth form is usable; species-level botanical specificity may still be simplified. The catalog overuses a round canopy on a straight trunk. Match the species’ trunk habit, branching architecture, crown shape, leaf masses, bark and fruit/flower attachment.",Jujube.png,440,440,RGBA,5157a69dcb4e0800cb3c83854097113cb84d593258ab2a8754790cbe4e917840,cb7496d1c1b88a5f625f8ee32b0cd0a6946c62963fa951ec1d1cf4eaa5fc8a15,4. Fruit and Nut Trees,PASS,POLISH,POLISH,POLISH,POLISH,POLISH,,,,,,,,,,,,,,,,
flora,Juniper,Juniper,HOLD,FAIL,HOLD,True,,,,,,,,,,,"No critical duplicate, clipping, or gross growth-family error found. Broad growth form is usable; species-level botanical specificity may still be simplified. Juniper needs a species-specific growth-form check: roots/attachment, stem or trunk, leaf/frond arrangement, flower/fruit/spore organ and overall scale.",Juniper.png,440,440,RGBA,9274a3c6707178ffd1b9cb16614647ca1f5ccc55165626f0bdd072f7a7afc56a,a68791e0e36bec2ff00b80d20c9316ea6f5022afeb57915d33f87e9f527ff100,2. Conifers and Other Seed Plants,PASS,POLISH,POLISH,POLISH,POLISH,POLISH,,,,,,,,,,,,,,,,
flora,Juniper_Berries,Juniper Berries,HOLD,FAIL,HOLD,True,,,,,,,,,,,"No critical duplicate, clipping, or gross growth-family error found. Broad growth form is usable; species-level botanical specificity may still be simplified. Juniper Berries needs a species-specific growth-form check: roots/attachment, stem or trunk, leaf/frond arrangement, flower/fruit/spore organ and overall scale.",Juniper_Berries.png,440,440,RGBA,e45176872e4e2ab81c17924b342327754211fe93ddf76a11f93b3ad16d196f0d,91fea528e9a32a25001419b85980b3d5126af7e23aaaa2a03b36374b5eb2629e,Other plant or harvest type,PASS,POLISH,POLISH,POLISH,POLISH,POLISH,,,,,,,,,,,,,,,,
flora,Kelp,Kelp,HOLD,FAIL,HOLD,True,,,,,,,,,,,"Add broad blades and a holdfast; current narrow vertical ribbon is too minimal. Use the correct holdfast/rooting, blade/frond form, branching, air bladders and water-growth habit instead of a single generic ribbon or blob.",Kelp.png,440,440,RGBA,ca4c3bd026a4230ee6fb0f6655cc80f192077452108c0d4f3e697f9f6d91d472,4d536854165d2530926df2ddfc805148119e7e2cb58354f91981ace9e28ff8e1,Algae,PASS,POLISH,POLISH,POLISH,POLISH,POLISH,,,,,,,,,,,,,,,,
flora,Labrador_Tea,Labrador Tea,HOLD,FAIL,HOLD,True,,,,,,,,,,,"No critical duplicate, clipping, or gross growth-family error found. Broad growth form is usable; species-level botanical specificity may still be simplified. Labrador Tea needs a species-specific growth-form check: roots/attachment, stem or trunk, leaf/frond arrangement, flower/fruit/spore organ and overall scale.",Labrador_Tea.png,440,440,RGBA,2c3b91260d3a470febffc1c976931f746bb849d6eb7c3f1d12464847be312fca,aa90e5a628b5a9d22e0bed75dbcd07fbf1dcba6fbf60137a7ad72d6af948bf74,Other plant or harvest type,PASS,POLISH,POLISH,POLISH,POLISH,POLISH,,,,,,,,,,,,,,,,
flora,Lavender,Lavender,HOLD,FAIL,HOLD,True,,,,,,,,,,,"No critical duplicate, clipping, or gross growth-family error found. Broad growth form is usable; species-level botanical specificity may still be simplified. Match the named plant’s actual growth habit, leaf arrangement, flower/seed structure and scale; many currently use one vertical leaf-ladder or color-only herb template.",Lavender.png,440,440,RGBA,ae557a5ce75e8c5b27fc739207a5d25b94348175e9132ff7f69e6d34111b9b25,c48db16a7029da462feb71f41c84d0016751c19a74bcabe59aafc2dbef7a3e1c,9. Herbs and Spices,PASS,POLISH,POLISH,POLISH,POLISH,POLISH,,,,,,,,,,,,,,,,
flora,Lemon,Lemon,HOLD,FAIL,HOLD,True,,,,,,,,,,,"No critical duplicate, clipping, or gross growth-family error found. Broad growth form is usable; species-level botanical specificity may still be simplified. The catalog overuses a round canopy on a straight trunk. Match the species’ trunk habit, branching architecture, crown shape, leaf masses, bark and fruit/flower attachment.",Lemon.png,440,440,RGBA,03442f1676ebe1429e5eea701986e0b5ba181d78c0a6e9504ac5645a364c6592,b53a3e4a4e4babfbed1f8cc71d682e6ae0bc49041462692aecd3aa10c7f4e611,4. Fruit and Nut Trees,PASS,POLISH,POLISH,POLISH,POLISH,POLISH,,,,,,,,,,,,,,,,
flora,Lichen,Lichen,HOLD,FAIL,HOLD,True,,,,,,,,,,,"Clarify crustose/foliose lichen mat rather than a generic spiky rosette. Lichen needs a species-specific growth-form check: roots/attachment, stem or trunk, leaf/frond arrangement, flower/fruit/spore organ and overall scale.",Lichen.png,440,440,RGBA,cf8cb91df85508c6ccb83adf2be312ade03850f29fa23f079a01508039d06282,ed61dcf6beb87f788ec7da6b09f7e892b7551659f35a14a2a47497dcc4a3211c,Other plant or harvest type,PASS,POLISH,POLISH,POLISH,POLISH,POLISH,,,,,,,,,,,,,,,,
flora,Licorice_Fern,Licorice Fern,HOLD,FAIL,HOLD,True,,,,,,,,,,,"No critical duplicate, clipping, or gross growth-family error found. Broad growth form is usable; species-level botanical specificity may still be simplified. Licorice Fern needs a species-specific growth-form check: roots/attachment, stem or trunk, leaf/frond arrangement, flower/fruit/spore organ and overall scale.",Licorice_Fern.png,440,440,RGBA,8fbb27785efa799fbeb27b782d119e19dc15f5b9293d52c318b9eacc2b22d230,e5fc07a144d3164d4fcd7d1cbb203cb046bc697129ed5350614db735598f3be6,Other plant or harvest type,PASS,POLISH,POLISH,POLISH,POLISH,POLISH,,,,,,,,,,,,,,,,
flora,Lime,Lime,HOLD,FAIL,HOLD,True,,,,,,,,,,,"No critical duplicate, clipping, or gross growth-family error found. Broad growth form is usable; species-level botanical specificity may still be simplified. The catalog overuses a round canopy on a straight trunk. Match the species’ trunk habit, branching architecture, crown shape, leaf masses, bark and fruit/flower attachment.",Lime.png,440,440,RGBA,826207318565bc45958a7d9c97d707700d1469cd871efc17aa8ce1438bd5a982,c84e37959bdadf6a04892cf9fc2feb5cafd725b65bd5d594fd3785931181f060,4. Fruit and Nut Trees,PASS,POLISH,POLISH,POLISH,POLISH,POLISH,,,,,,,,,,,,,,,,
flora,Lingonberry,Lingonberry,HOLD,FAIL,HOLD,True,,,,,,,,,,,"No critical duplicate, clipping, or gross growth-family error found. Broad growth form is usable; species-level botanical specificity may still be simplified. Lingonberry needs a species-specific growth-form check: roots/attachment, stem or trunk, leaf/frond arrangement, flower/fruit/spore organ and overall scale.",Lingonberry.png,440,440,RGBA,31f4de8aaea2a19ca5cf36a267cb80a07bd7a10d514b9a991be20d4197773089,c5f72b88e86c789705dc50510cbf18dd7fd8a8cb6ea4c5280e74f04c759b9b2d,Other plant or harvest type,PASS,POLISH,POLISH,POLISH,POLISH,POLISH,,,,,,,,,,,,,,,,
flora,Lychee,Lychee,HOLD,FAIL,HOLD,True,,,,,,,,,,,"No critical duplicate, clipping, or gross growth-family error found. Broad growth form is usable; species-level botanical specificity may still be simplified. The catalog overuses a round canopy on a straight trunk. Match the species’ trunk habit, branching architecture, crown shape, leaf masses, bark and fruit/flower attachment.",Lychee.png,440,440,RGBA,1205ea437b254586cb56de7b4a35bec7bf16b6bdd54edb6d827aea4f5eaeb697,463b5230924ed66bb01386e9b68555f6632b91f8066e49572ae35c03f8c5ce4c,4. Fruit and Nut Trees,PASS,POLISH,POLISH,POLISH,POLISH,POLISH,,,,,,,,,,,,,,,,
flora,Maidenhair_Fern,Maidenhair Fern,HOLD,FAIL,HOLD,True,,,,,,,,,,,"No critical duplicate, clipping, or gross growth-family error found. Broad growth form is usable; species-level botanical specificity may still be simplified. Use the correct frond or mat structure, branching/pinnae pattern, growth habit and attachment; avoid recoloring one fan-fern.",Maidenhair_Fern.png,440,440,RGBA,8f74c51a648c62b3760e08e865abe5035d5f091036061e3f9fce9786fc2d1c24,119e8a3d2ef319e69ca9638d5ccc333ab6fdbbc257cc907e85b984e44f736b18,15. Ferns and Fern Allies,PASS,POLISH,POLISH,POLISH,POLISH,POLISH,,,,,,,,,,,,,,,,
flora,Mango,Mango,HOLD,FAIL,HOLD,True,,,,,,,,,,,"No critical duplicate, clipping, or gross growth-family error found. Broad growth form is usable; species-level botanical specificity may still be simplified. The catalog overuses a round canopy on a straight trunk. Match the species’ trunk habit, branching architecture, crown shape, leaf masses, bark and fruit/flower attachment.",Mango.png,440,440,RGBA,87999191b67afe5e41aad8d06c938332a33a5a3e9f4f054a2c894f85563e6531,1ca707a363e32aeb2798f0cbb7bd440400b11dc82f3fd857b7df41cc9cf76db2,4. Fruit and Nut Trees,PASS,POLISH,POLISH,POLISH,POLISH,POLISH,,,,,,,,,,,,,,,,
flora,Mangosteen,Mangosteen,HOLD,FAIL,HOLD,True,,,,,,,,,,,"No critical duplicate, clipping, or gross growth-family error found. Broad growth form is usable; species-level botanical specificity may still be simplified. Mangosteen needs a species-specific growth-form check: roots/attachment, stem or trunk, leaf/frond arrangement, flower/fruit/spore organ and overall scale.",Mangosteen.png,440,440,RGBA,e322eacbc7c37ee50fb3e8b7bbbaf8600b36ac7829b09455f76e4a68b95b0c4f,65eb95376575c82a1c4abbdf349667592a379a3632805423dc7c813f435395d7,Other plant or harvest type,PASS,POLISH,POLISH,POLISH,POLISH,POLISH,,,,,,,,,,,,,,,,
flora,Maple_Sap,Maple Sap,HOLD,FAIL,HOLD,True,,,,,,,,,,,"No critical duplicate, clipping, or gross growth-family error found. Broad growth form is usable; species-level botanical specificity may still be simplified. Maple Sap needs a species-specific growth-form check: roots/attachment, stem or trunk, leaf/frond arrangement, flower/fruit/spore organ and overall scale.",Maple_Sap.png,440,440,RGBA,24e02e13cd51271f12580fdcfb1dc69f49d3f1b9662a3e7cf6b24d1a7ad97d76,26f10ca82f66d8c7b88fd96c6563492fb4964e29ab17982843773fcc3179c99a,Other plant or harvest type,PASS,POLISH,POLISH,POLISH,POLISH,POLISH,,,,,,,,,,,,,,,,
flora,Marsh_Rosemary,Marsh Rosemary,HOLD,FAIL,HOLD,True,,,,,,,,,,,"No critical duplicate, clipping, or gross growth-family error found. Broad growth form is usable; species-level botanical specificity may still be simplified. Marsh Rosemary needs a species-specific growth-form check: roots/attachment, stem or trunk, leaf/frond arrangement, flower/fruit/spore organ and overall scale.",Marsh_Rosemary.png,440,440,RGBA,1849c51298987e9d021fd344948425d4f078bace7ee88f196c46b75456070dd4,b310617e502e0f3707cc3d1302885093356d60418c6b5607ac0d4b1379a21cf0,Other plant or harvest type,PASS,POLISH,POLISH,POLISH,POLISH,POLISH,,,,,,,,,,,,,,,,
flora,Marula,Marula,HOLD,FAIL,HOLD,True,,,,,,,,,,,"No critical duplicate, clipping, or gross growth-family error found. Broad growth form is usable; species-level botanical specificity may still be simplified. Marula needs a species-specific growth-form check: roots/attachment, stem or trunk, leaf/frond arrangement, flower/fruit/spore organ and overall scale.",Marula.png,440,440,RGBA,dd8f430384b7b34964047ed770448e0a81bcbdb0710d53462c2553f829fd5079,8161f71dd70a9e260b9db2b5dbda0a83a4361e3b66c41cfaac2d5e2b88c1a0ab,Other plant or harvest type,PASS,POLISH,POLISH,POLISH,POLISH,POLISH,,,,,,,,,,,,,,,,
flora,Meadow_Grass,Meadow Grass,HOLD,FAIL,HOLD,True,,,,,,,,,,,"No critical duplicate, clipping, or gross growth-family error found. Broad growth form is usable; species-level botanical specificity may still be simplified. Correct the culm, leaf arrangement and species-specific seed head/inflorescence; many grains currently share one generic spike or grass tuft.",Meadow_Grass.png,440,440,RGBA,b730c45d91a5d4cf65db3625f55e4461fe3dd1772f472603805e228775b7e033,d951f60e85bbd0c940011588bf2ca2f3ba5be1b5da80158a0204e06cc219c6f0,6. Grasses and Grass-Like Plants,PASS,POLISH,POLISH,POLISH,POLISH,POLISH,,,,,,,,,,,,,,,,
flora,Melon,Melon,HOLD,FAIL,HOLD,True,,,,,,,,,,,"No critical duplicate, clipping, or gross growth-family error found. Broad growth form is usable; species-level botanical specificity may still be simplified. Melon needs a species-specific growth-form check: roots/attachment, stem or trunk, leaf/frond arrangement, flower/fruit/spore organ and overall scale.",Melon.png,440,440,RGBA,3fa9158da56626b17fbaec757277e0fda07b05837aae87b6728b4028e2809e88,37286646cbf59a30aad574bf6c32a8a35f2872dc0f09a0f18ac98ab34c6a65ae,Other plant or harvest type,PASS,POLISH,POLISH,POLISH,POLISH,POLISH,,,,,,,,,,,,,,,,
flora,Mesquite,Mesquite,HOLD,FAIL,HOLD,True,,,,,,,,,,,"No critical duplicate, clipping, or gross growth-family error found. Broad growth form is usable; species-level botanical specificity may still be simplified. Mesquite needs a species-specific growth-form check: roots/attachment, stem or trunk, leaf/frond arrangement, flower/fruit/spore organ and overall scale.",Mesquite.png,440,440,RGBA,6ffe1cae2fa50e3d26ec360c2e8a0d77b1b123b66f77b4e660f6cf4e12b175e5,334ccf7c392ef3b46322064eb8c33a6a8311198bfc4607f1c4fdb33ab2390e1b,5. Shrubs and Bushes,PASS,POLISH,POLISH,POLISH,POLISH,POLISH,,,,,,,,,,,,,,,,
flora,Millet,Millet,HOLD,FAIL,HOLD,True,,,,,,,,,,,"Add dense clustered panicles. Correct the culm, leaf arrangement and species-specific seed head/inflorescence; many grains currently share one generic spike or grass tuft.",Millet.png,440,440,RGBA,9731564b44931eb87d6c0d8873d7af290df2832f682ea6f9958c6ef1c1b11e4c,61ec048d822bba35db86505782207846c5da2d40bff5c260034ab401ea12a0b9,7. Grain and Staple Crops,PASS,POLISH,POLISH,POLISH,POLISH,POLISH,,,,,,,,,,,,,,,,
flora,Mint,Mint,HOLD,FAIL,HOLD,True,,,,,,,,,,,"No critical duplicate, clipping, or gross growth-family error found. Broad growth form is usable; species-level botanical specificity may still be simplified. Match the named plant’s actual growth habit, leaf arrangement, flower/seed structure and scale; many currently use one vertical leaf-ladder or color-only herb template.",Mint.png,440,440,RGBA,602af941aaeaf88ff89c0030520e2af2ae8425ec1adce611fe375be67d2c7cc8,7492040d6594f154da654fa8e499a33a3129f432006a493ee832bdb20f294228,9. Herbs and Spices,PASS,POLISH,POLISH,POLISH,POLISH,POLISH,,,,,,,,,,,,,,,,
flora,Mormon_Tea,Mormon Tea,HOLD,FAIL,HOLD,True,,,,,,,,,,,"No critical duplicate, clipping, or gross growth-family error found. Broad growth form is usable; species-level botanical specificity may still be simplified. Mormon Tea needs a species-specific growth-form check: roots/attachment, stem or trunk, leaf/frond arrangement, flower/fruit/spore organ and overall scale.",Mormon_Tea.png,440,440,RGBA,c295be384f35ed4bd4d40bb9d205e93888fbfcca99d8c3d3b927dcadbe349674,b206b44906a58b95be3919ca32b46c62a75fe9d92315212ce167b89a07b60cdf,Other plant or harvest type,PASS,POLISH,POLISH,POLISH,POLISH,POLISH,,,,,,,,,,,,,,,,
flora,Mountain_Blueberry,Mountain Blueberry,HOLD,FAIL,HOLD,True,,,,,,,,,,,"No critical duplicate, clipping, or gross growth-family error found. Broad growth form is usable; species-level botanical specificity may still be simplified. Mountain Blueberry needs a species-specific growth-form check: roots/attachment, stem or trunk, leaf/frond arrangement, flower/fruit/spore organ and overall scale.",Mountain_Blueberry.png,440,440,RGBA,59025cda65cb46812048388948cc53c9f709865632c620c61332323b89804fdf,95dc65d57142eafb3a645ea109c8ac5ab87449f36516402ed32c12a18826942f,Other plant or harvest type,PASS,POLISH,POLISH,POLISH,POLISH,POLISH,,,,,,,,,,,,,,,,
flora,Mountain_Cranberry,Mountain Cranberry,HOLD,FAIL,HOLD,True,,,,,,,,,,,"No critical duplicate, clipping, or gross growth-family error found. Broad growth form is usable; species-level botanical specificity may still be simplified. Mountain Cranberry needs a species-specific growth-form check: roots/attachment, stem or trunk, leaf/frond arrangement, flower/fruit/spore organ and overall scale.",Mountain_Cranberry.png,440,440,RGBA,4278ee4e43116b9ad0bd2a35361c6ab746e41d11c62c99f4cccddc55e8fc743a,84b54d0f275b2708dd3437f00745229e166cd263276e2db890ec6285c1b3f088,Other plant or harvest type,PASS,POLISH,POLISH,POLISH,POLISH,POLISH,,,,,,,,,,,,,,,,
flora,Mountain_Mint,Mountain Mint,HOLD,FAIL,HOLD,True,,,,,,,,,,,"No critical duplicate, clipping, or gross growth-family error found. Broad growth form is usable; species-level botanical specificity may still be simplified. Mountain Mint needs a species-specific growth-form check: roots/attachment, stem or trunk, leaf/frond arrangement, flower/fruit/spore organ and overall scale.",Mountain_Mint.png,440,440,RGBA,0fe71eae6229721fef262c649ad0521c12f75ed68de009e4b3860e65333611e0,89c2cba42d65afd7febbfabcf498210e706797509616299ff407485a4cb5848a,Other plant or harvest type,PASS,POLISH,POLISH,POLISH,POLISH,POLISH,,,,,,,,,,,,,,,,
flora,Mountain_Papaya,Mountain Papaya,HOLD,FAIL,HOLD,True,,,,,,,,,,,"No critical duplicate, clipping, or gross growth-family error found. Broad growth form is usable; species-level botanical specificity may still be simplified. Mountain Papaya needs a species-specific growth-form check: roots/attachment, stem or trunk, leaf/frond arrangement, flower/fruit/spore organ and overall scale.",Mountain_Papaya.png,440,440,RGBA,6c6ed58120a98596dec0e584ac11199bd8ddef38851a0f97e727c45fba8ca41b,13a4108efa762ea1fb7862e7f49c6cbb5775142df70632962803048562f75bbb,Other plant or harvest type,PASS,POLISH,POLISH,POLISH,POLISH,POLISH,,,,,,,,,,,,,,,,
flora,Mountain_Sorrel,Mountain Sorrel,HOLD,FAIL,HOLD,True,,,,,,,,,,,"No critical duplicate, clipping, or gross growth-family error found. Broad growth form is usable; species-level botanical specificity may still be simplified. Mountain Sorrel needs a species-specific growth-form check: roots/attachment, stem or trunk, leaf/frond arrangement, flower/fruit/spore organ and overall scale.",Mountain_Sorrel.png,440,440,RGBA,f56209f9561065b9ecb708ea426910301cafcfb287618a513af18800a8ef3309,7f6ecb7c6c7e5f432ffb3fbe5eb7e42ce55170152e322b66016bd4f5f4c0e8d5,Other plant or harvest type,PASS,POLISH,POLISH,POLISH,POLISH,POLISH,,,,,,,,,,,,,,,,
flora,Mountain_Thyme,Mountain Thyme,HOLD,FAIL,HOLD,True,,,,,,,,,,,"No critical duplicate, clipping, or gross growth-family error found. Broad growth form is usable; species-level botanical specificity may still be simplified. Mountain Thyme needs a species-specific growth-form check: roots/attachment, stem or trunk, leaf/frond arrangement, flower/fruit/spore organ and overall scale.",Mountain_Thyme.png,440,440,RGBA,6c7aea486b9c219efbea081409c4765c7b0c9c5721e5c2aff94b84c8e728699c,ce2beda6e6b268ee3431d431097448536392ee42b7a87df10cce21ebebf1a1df,Other plant or harvest type,PASS,POLISH,POLISH,POLISH,POLISH,POLISH,,,,,,,,,,,,,,,,
flora,Mulberry,Mulberry,HOLD,FAIL,HOLD,True,,,,,,,,,,,"No critical duplicate, clipping, or gross growth-family error found. Broad growth form is usable; species-level botanical specificity may still be simplified. The catalog overuses a round canopy on a straight trunk. Match the species’ trunk habit, branching architecture, crown shape, leaf masses, bark and fruit/flower attachment.",Mulberry.png,440,440,RGBA,3b77a74207328179ff523bb6dfa11108d0e722f2681b1ad47b679d70cb9b203b,639240ab20cebe50737e62d4256954025175fe4c767d502b8dbc59727d199d2b,4. Fruit and Nut Trees,PASS,POLISH,POLISH,POLISH,POLISH,POLISH,,,,,,,,,,,,,,,,
flora,Neem,Neem,HOLD,FAIL,HOLD,True,,,,,,,,,,,"No critical duplicate, clipping, or gross growth-family error found. Broad growth form is usable; species-level botanical specificity may still be simplified. Neem needs a species-specific growth-form check: roots/attachment, stem or trunk, leaf/frond arrangement, flower/fruit/spore organ and overall scale.",Neem.png,440,440,RGBA,b2091ef008b2dad6c87acee89c155b48e4bc6b31dd0a5034177535b6663f8fd3,601c0cd6fc6990eada1067da88d9cdfe0613a965b147b3e6c10ee312ca2108e5,Other plant or harvest type,PASS,POLISH,POLISH,POLISH,POLISH,POLISH,,,,,,,,,,,,,,,,
flora,Nettle,Nettle,HOLD,FAIL,HOLD,True,,,,,,,,,,,"No critical duplicate, clipping, or gross growth-family error found. Broad growth form is usable; species-level botanical specificity may still be simplified. Nettle needs a species-specific growth-form check: roots/attachment, stem or trunk, leaf/frond arrangement, flower/fruit/spore organ and overall scale.",Nettle.png,440,440,RGBA,eed1a91e67a43bdfe924a0aaeee1afc0c686e5a9056c558bfe97010df3c89faf,73f50c0afd0e576113f11c7d2135adc541938760162e0ea4c6c2b86c83089759,Other plant or harvest type,PASS,POLISH,POLISH,POLISH,POLISH,POLISH,,,,,,,,,,,,,,,,
flora,Nipa_Palm_Fruit,Nipa Palm Fruit,HOLD,FAIL,HOLD,True,,,,,,,,,,,"No critical duplicate, clipping, or gross growth-family error found. Broad growth form is usable; species-level botanical specificity may still be simplified. Nipa Palm Fruit needs a species-specific growth-form check: roots/attachment, stem or trunk, leaf/frond arrangement, flower/fruit/spore organ and overall scale.",Nipa_Palm_Fruit.png,440,440,RGBA,e5679163bd4ee092739072b531a840ae89b494dabec8102c2043f64ec06c2ba3,e2147654131ad8e1300e5e16fbe2c8e57b61ea504446b4d95959859fab452e88,Other plant or harvest type,PASS,POLISH,POLISH,POLISH,POLISH,POLISH,,,,,,,,,,,,,,,,
flora,Nutmeg,Nutmeg,HOLD,FAIL,HOLD,True,,,,,,,,,,,"No critical duplicate, clipping, or gross growth-family error found. Broad growth form is usable; species-level botanical specificity may still be simplified. Match the named plant’s actual growth habit, leaf arrangement, flower/seed structure and scale; many currently use one vertical leaf-ladder or color-only herb template.",Nutmeg.png,440,440,RGBA,851315738f3b5d389a73fdc0fa5d69528e840e1006d8dc0f8875d029d627541e,b6acfba044396337e74c4ee102844ae659c34f8bef0a942b96f90c4bb4068236,9. Herbs and Spices,PASS,POLISH,POLISH,POLISH,POLISH,POLISH,,,,,,,,,,,,,,,,
flora,Oak,Oak,HOLD,FAIL,HOLD,True,,,,,,,,,,,"No critical duplicate, clipping, or gross growth-family error found. Broad growth form is usable; species-level botanical specificity may still be simplified. The catalog overuses a round canopy on a straight trunk. Match the species’ trunk habit, branching architecture, crown shape, leaf masses, bark and fruit/flower attachment.",Oak.png,440,440,RGBA,4ca288ff20de7f361a7113b28d3d6c34f42c3b244e4d47741449b4fa26fe88ce,79f2695f5abaac53924e91042bc53ac1c380e37c6df2b9f9ea221a20f196513d,Temperate broadleaf trees,PASS,POLISH,POLISH,POLISH,POLISH,POLISH,,,,,,,,,,,,,,,,
flora,Oats,Oats,HOLD,FAIL,HOLD,True,,,,,,,,,,,"Add loose hanging panicles. Correct the culm, leaf arrangement and species-specific seed head/inflorescence; many grains currently share one generic spike or grass tuft.",Oats.png,440,440,RGBA,7b593ecf42847958811528f1a38045c5f22318c272f6fd60199aeec49aab747b,2b59819e950b27cc6ad6059cda930f3e2fe813b1d7528bd32fe74d5f9fc9a9e3,7. Grain and Staple Crops,PASS,POLISH,POLISH,POLISH,POLISH,POLISH,,,,,,,,,,,,,,,,
flora,Oleander,Oleander,HOLD,FAIL,HOLD,True,,,,,,,,,,,"No critical duplicate, clipping, or gross growth-family error found. Broad growth form is usable; species-level botanical specificity may still be simplified. Oleander needs a species-specific growth-form check: roots/attachment, stem or trunk, leaf/frond arrangement, flower/fruit/spore organ and overall scale.",Oleander.png,440,440,RGBA,518af3453c83c7cf6ae9448987c625781ded3039d3bbbceb19b4882425c44c8d,5c0db3095d3fc1fe82224921bae2138d22b49dbefd5a6035b356c805c9947fe3,5. Shrubs and Bushes,PASS,POLISH,POLISH,POLISH,POLISH,POLISH,,,,,,,,,,,,,,,,
flora,Olive,Olive,HOLD,FAIL,HOLD,True,,,,,,,,,,,"No critical duplicate, clipping, or gross growth-family error found. Broad growth form is usable; species-level botanical specificity may still be simplified. The catalog overuses a round canopy on a straight trunk. Match the species’ trunk habit, branching architecture, crown shape, leaf masses, bark and fruit/flower attachment.",Olive.png,440,440,RGBA,56727bc6d590516b83b82dc7f6583a16bba7fbbd2c067d0c3969c3569fea074b,f5e44e0f87817947539e1eaff28867362cc8c8bbb379e1e3922b871e37c87884,4. Fruit and Nut Trees,PASS,POLISH,POLISH,POLISH,POLISH,POLISH,,,,,,,,,,,,,,,,
flora,Onion,Onion,HOLD,FAIL,HOLD,True,,,,,,,,,,,"No critical duplicate, clipping, or gross growth-family error found. Broad growth form is usable; species-level botanical specificity may still be simplified. Show the source plant and the correct underground storage organ, leaf top and harvest relationship rather than an isolated generic bulb.",Onion.png,440,440,RGBA,980bc8aff19dc9c2c0138072bfef065267ddb2361570d87e955a33ed4fe06083,a51537ac05aaa66258fdf9272e6dd7bfd40b91bfdd643b9542bb676bb5171834,Bulb and stem vegetables,PASS,POLISH,POLISH,POLISH,POLISH,POLISH,,,,,,,,,,,,,,,,
flora,Orange,Orange,HOLD,FAIL,HOLD,True,,,,,,,,,,,"No critical duplicate, clipping, or gross growth-family error found. Broad growth form is usable; species-level botanical specificity may still be simplified. The catalog overuses a round canopy on a straight trunk. Match the species’ trunk habit, branching architecture, crown shape, leaf masses, bark and fruit/flower attachment.",Orange.png,440,440,RGBA,0231ec415bb2b89dfc9daa3bb6efc88f1061c155fdbb4d5959a47b0fa4afbda3,63bc9b8a5ef4a5c6b7500861e80668d30db650203d8459d46c013f6bd891bb98,4. Fruit and Nut Trees,PASS,POLISH,POLISH,POLISH,POLISH,POLISH,,,,,,,,,,,,,,,,
flora,Oregano,Oregano,HOLD,FAIL,HOLD,True,,,,,,,,,,,"No critical duplicate, clipping, or gross growth-family error found. Broad growth form is usable; species-level botanical specificity may still be simplified. Match the named plant’s actual growth habit, leaf arrangement, flower/seed structure and scale; many currently use one vertical leaf-ladder or color-only herb template.",Oregano.png,440,440,RGBA,6a47be643bbb0deafb5bb159b38446bcaea0b1ee70c370a938a1d52c90b1cdfe,971379a2436a4c41ce78d955d68f77fb9274a03040aa0cd94cc980313291b0b4,9. Herbs and Spices,PASS,POLISH,POLISH,POLISH,POLISH,POLISH,,,,,,,,,,,,,,,,
flora,Pampas_Herb,Pampas Herb,HOLD,FAIL,HOLD,True,,,,,,,,,,,"No critical duplicate, clipping, or gross growth-family error found. Broad growth form is usable; species-level botanical specificity may still be simplified. Pampas Herb needs a species-specific growth-form check: roots/attachment, stem or trunk, leaf/frond arrangement, flower/fruit/spore organ and overall scale.",Pampas_Herb.png,440,440,RGBA,7f2090a94fb8e16823e88ac425cdb0eadbeedb50bf64b5dc6dd91c9140f2ea51,7c8632228d1363681a37ed6fc565a27a101676cab6252a0ea70c0ce32a0ad303,Other plant or harvest type,PASS,POLISH,POLISH,POLISH,POLISH,POLISH,,,,,,,,,,,,,,,,
flora,Pandanus_Fruit,Pandanus Fruit,HOLD,FAIL,HOLD,True,,,,,,,,,,,"No critical duplicate, clipping, or gross growth-family error found. Broad growth form is usable; species-level botanical specificity may still be simplified. Pandanus Fruit needs a species-specific growth-form check: roots/attachment, stem or trunk, leaf/frond arrangement, flower/fruit/spore organ and overall scale.",Pandanus_Fruit.png,440,440,RGBA,b1603dcb775a08447f8eb7ade67353eca1b7335ceae03a194c9db3976eb49ae4,07d6ce45875a3c26ff6809a3f13e6414e5a0fcf15016e3814d600f0bb06ca560,Other plant or harvest type,PASS,POLISH,POLISH,POLISH,POLISH,POLISH,,,,,,,,,,,,,,,,
flora,Papaya,Papaya,HOLD,FAIL,HOLD,True,,,,,,,,,,,"No critical duplicate, clipping, or gross growth-family error found. Broad growth form is usable; species-level botanical specificity may still be simplified. The catalog overuses a round canopy on a straight trunk. Match the species’ trunk habit, branching architecture, crown shape, leaf masses, bark and fruit/flower attachment.",Papaya.png,440,440,RGBA,da4a2efb6869dbef7c4af23ae64f88a4221603e37ca6527b78bf3e02cdbfd244,f663bbfd596009f4f07872bbd2d5fa79ab25135a01c21b703f602d6135554eb2,4. Fruit and Nut Trees,PASS,POLISH,POLISH,POLISH,POLISH,POLISH,,,,,,,,,,,,,,,,
flora,Papyrus,Papyrus,HOLD,FAIL,HOLD,True,,,,,,,,,,,"No critical duplicate, clipping, or gross growth-family error found. Broad growth form is usable; species-level botanical specificity may still be simplified. Use the correct holdfast/rooting, blade/frond form, branching, air bladders and water-growth habit instead of a single generic ribbon or blob.",Papyrus.png,440,440,RGBA,eab8b2184c08ee79f15537a013d7a6fb67613bd8b443f7dca598ce33e5c427e7,d661a5f406875285b5d055e2a0c6811421cecdd484c589f9a3275748fd4ababd,14. Aquatic and Wetland Plants,PASS,POLISH,POLISH,POLISH,POLISH,POLISH,,,,,,,,,,,,,,,,
flora,Papyrus_Shoots,Papyrus Shoots,HOLD,FAIL,HOLD,True,,,,,,,,,,,"No critical duplicate, clipping, or gross growth-family error found. Broad growth form is usable; species-level botanical specificity may still be simplified. Papyrus Shoots needs a species-specific growth-form check: roots/attachment, stem or trunk, leaf/frond arrangement, flower/fruit/spore organ and overall scale.",Papyrus_Shoots.png,440,440,RGBA,b5fe86c0940e825c0cff05901c172e60d7b48f20b0a111962ea2e75930c377cf,041785326652158b607e33ca8b25925d65644f17654f2fac902b60b05d2c4e6f,Other plant or harvest type,PASS,POLISH,POLISH,POLISH,POLISH,POLISH,,,,,,,,,,,,,,,,
flora,Passionflower,Passionflower,HOLD,FAIL,HOLD,True,,,,,,,,,,,"No critical duplicate, clipping, or gross growth-family error found. Broad growth form is usable; species-level botanical specificity may still be simplified. Show the correct climbing/twining habit, support attachment, tendrils, leaf arrangement and attached flowers/fruit rather than floating clusters or an upright shrub.",Passionflower.png,440,440,RGBA,511f47ff0c8b39314960687258ed245b9e7601fc9a6c14f2b3c5576542d09b21,141ba5cf74fa1c0f7aa11744fa569cc785014c7ff980604bb7ae10e4051fbb6c,11. Vines and Climbing Plants,PASS,POLISH,POLISH,POLISH,POLISH,POLISH,,,,,,,,,,,,,,,,
flora,Passionfruit,Passionfruit,HOLD,FAIL,HOLD,True,,,,,,,,,,,"No critical duplicate, clipping, or gross growth-family error found. Broad growth form is usable; species-level botanical specificity may still be simplified. Passionfruit needs a species-specific growth-form check: roots/attachment, stem or trunk, leaf/frond arrangement, flower/fruit/spore organ and overall scale.",Passionfruit.png,440,440,RGBA,b685cdd69437e13b9f533024ce45ded25d702d5d05c4c42a69e10d4a264b3ee5,d2912564af9f757108cc24f6090c66f070ad720010f15d3690e5bf3b05ba402e,Other plant or harvest type,PASS,POLISH,POLISH,POLISH,POLISH,POLISH,,,,,,,,,,,,,,,,
flora,Peach,Peach,HOLD,FAIL,HOLD,True,,,,,,,,,,,"No critical duplicate, clipping, or gross growth-family error found. Broad growth form is usable; species-level botanical specificity may still be simplified. The catalog overuses a round canopy on a straight trunk. Match the species’ trunk habit, branching architecture, crown shape, leaf masses, bark and fruit/flower attachment.",Peach.png,440,440,RGBA,64abb7c67ca673740dd4a948723b3bf47fa3db909a7d77c90cefafcc3263f616,2defcc5ae6a9a7a0d2cb03d54f4711fb67ee074f63a382103d366cec2cf1ce34,4. Fruit and Nut Trees,PASS,POLISH,POLISH,POLISH,POLISH,POLISH,,,,,,,,,,,,,,,,
flora,Pear,Pear,HOLD,FAIL,HOLD,True,,,,,,,,,,,"No critical duplicate, clipping, or gross growth-family error found. Broad growth form is usable; species-level botanical specificity may still be simplified. The catalog overuses a round canopy on a straight trunk. Match the species’ trunk habit, branching architecture, crown shape, leaf masses, bark and fruit/flower attachment.",Pear.png,440,440,RGBA,029ca16f259ed99c1beefd6f1c1c51f625fe4308e057084aaf96df874538d297,3ff5a84297001f9ad0d960437c7a241f7a96960552e8d7c5a3725660f78e0cfc,4. Fruit and Nut Trees,PASS,POLISH,POLISH,POLISH,POLISH,POLISH,,,,,,,,,,,,,,,,
flora,Persimmon,Persimmon,HOLD,FAIL,HOLD,True,,,,,,,,,,,"No critical duplicate, clipping, or gross growth-family error found. Broad growth form is usable; species-level botanical specificity may still be simplified. The catalog overuses a round canopy on a straight trunk. Match the species’ trunk habit, branching architecture, crown shape, leaf masses, bark and fruit/flower attachment.",Persimmon.png,440,440,RGBA,2704241fac2686adba8188dae227e530729f5a3f0a65d57f950fdb7db6219097,d7c6b17188bda22674bf03c5817697b6316399a565e2a41f147604ade9be3c77,4. Fruit and Nut Trees,PASS,POLISH,POLISH,POLISH,POLISH,POLISH,,,,,,,,,,,,,,,,
flora,Pigeon_Pea,Pigeon Pea,HOLD,FAIL,HOLD,True,,,,,,,,,,,"No critical duplicate, clipping, or gross growth-family error found. Broad growth form is usable; species-level botanical specificity may still be simplified. Pigeon Pea needs a species-specific growth-form check: roots/attachment, stem or trunk, leaf/frond arrangement, flower/fruit/spore organ and overall scale.",Pigeon_Pea.png,440,440,RGBA,3eb4ed65768a5a21f4faecdf76fa8cab8091d9c552f9b32c7cbf0c3e28ba122e,7ed0b545a2d0c6228b034863e0bd69877f3072ffa0cbccfbdf84cf4a94456107,Other plant or harvest type,PASS,POLISH,POLISH,POLISH,POLISH,POLISH,,,,,,,,,,,,,,,,
flora,Pine_Nuts,Pine Nuts,HOLD,FAIL,HOLD,True,,,,,,,,,,,"The current generic tree does not show a pine cone or harvested seeds. Use a true conifer crown plus cones, or show the shelled nuts separately.",Pine_Nuts.png,440,440,RGBA,a85ef24082ad88493f1a02beebbedd153b971caaa3eff479a85cc226fcca1a56,3088ea976c2133a1cf94687729c4ef3f03cb091ea94260e0315be330ce6fc98b,Other plant or harvest type,PASS,POLISH,POLISH,POLISH,POLISH,POLISH,,,,,,,,,,,,,,,,
flora,Pitcher_Plant,Pitcher Plant,HOLD,FAIL,HOLD,True,,,,,,,,,,,"No critical duplicate, clipping, or gross growth-family error found. Broad growth form is usable; species-level botanical specificity may still be simplified. Pitcher Plant needs a species-specific growth-form check: roots/attachment, stem or trunk, leaf/frond arrangement, flower/fruit/spore organ and overall scale.",Pitcher_Plant.png,440,440,RGBA,5e11b805f64a11068098b265fb11f262086005df4669a8d83aac9e3b32536342,89dfeeec863a07c809e41770222b71a594f460b53d1fa0b30c4a5ed6ed3ab305,13. Carnivorous Plants,PASS,POLISH,POLISH,POLISH,POLISH,POLISH,,,,,,,,,,,,,,,,
flora,Plantain,Plantain,HOLD,FAIL,HOLD,True,,,,,,,,,,,"The fan/palm form suggests a banana relative, but use a giant herb pseudostem, broad torn leaves and a hanging plantain bunch rather than a woody trunk.",Plantain.png,440,440,RGBA,ee99dee7716ad71ad8643caa29b7ac0c911729a03da78e1aa2c539db7f5bf761,22fb6e2cdf62beff501ce75f353f61458f3f44198b0d788f68f483d509243736,4. Fruit and Nut Trees,PASS,POLISH,POLISH,POLISH,POLISH,POLISH,,,,,,,,,,,,,,,,
flora,Plantain_Herb,Plantain Herb,HOLD,FAIL,HOLD,True,,,,,,,,,,,"No critical duplicate, clipping, or gross growth-family error found. Broad growth form is usable; species-level botanical specificity may still be simplified. Plantain Herb needs a species-specific growth-form check: roots/attachment, stem or trunk, leaf/frond arrangement, flower/fruit/spore organ and overall scale.",Plantain_Herb.png,440,440,RGBA,6175494724a38d4cdbfe4fa8eea3da10c0127ad973d7b04500fdb86035866ab3,2fa1e680f17d8ad7b6c148caa4863c874452e8af35967d4fede4a6f7848393bd,Other plant or harvest type,PASS,POLISH,POLISH,POLISH,POLISH,POLISH,,,,,,,,,,,,,,,,
flora,Plum,Plum,HOLD,FAIL,HOLD,True,,,,,,,,,,,"No critical duplicate, clipping, or gross growth-family error found. Broad growth form is usable; species-level botanical specificity may still be simplified. The catalog overuses a round canopy on a straight trunk. Match the species’ trunk habit, branching architecture, crown shape, leaf masses, bark and fruit/flower attachment.",Plum.png,440,440,RGBA,cd2827853e50d650ef9fcb681d26b7bff62468e954f79f3c202a8b039a94889a,ad53a65580b13ef62bc4e79f5647cddc4abbe752794f7496c6b1430d556cb285,4. Fruit and Nut Trees,PASS,POLISH,POLISH,POLISH,POLISH,POLISH,,,,,,,,,,,,,,,,
flora,Pomegranate,Pomegranate,HOLD,FAIL,HOLD,True,,,,,,,,,,,"No critical duplicate, clipping, or gross growth-family error found. Broad growth form is usable; species-level botanical specificity may still be simplified. The catalog overuses a round canopy on a straight trunk. Match the species’ trunk habit, branching architecture, crown shape, leaf masses, bark and fruit/flower attachment.",Pomegranate.png,440,440,RGBA,ce03145123f41b1b844ec5e7b53ee0790e1d583e937ba4033a31b8e2b90ec95a,a306c09ed77c5ea9ca237523b1379ed0a7eee0525be5612c80a2316e5954699d,4. Fruit and Nut Trees,PASS,POLISH,POLISH,POLISH,POLISH,POLISH,,,,,,,,,,,,,,,,
flora,Prairie_Turnip,Prairie Turnip,HOLD,FAIL,HOLD,True,,,,,,,,,,,"No critical duplicate, clipping, or gross growth-family error found. Broad growth form is usable; species-level botanical specificity may still be simplified. Prairie Turnip needs a species-specific growth-form check: roots/attachment, stem or trunk, leaf/frond arrangement, flower/fruit/spore organ and overall scale.",Prairie_Turnip.png,440,440,RGBA,9b546ed5466e05ddd678a23454dc0c46bef38e17632a36bbdbbe3a256d19127a,4d23b4b3144bf207f5bc55f23f5597317238a894c50f393504a4653197f4e4fe,Other plant or harvest type,PASS,POLISH,POLISH,POLISH,POLISH,POLISH,,,,,,,,,,,,,,,,
flora,Purple_Saxifrage,Purple Saxifrage,HOLD,FAIL,HOLD,True,,,,,,,,,,,"No critical duplicate, clipping, or gross growth-family error found. Broad growth form is usable; species-level botanical specificity may still be simplified. Purple Saxifrage needs a species-specific growth-form check: roots/attachment, stem or trunk, leaf/frond arrangement, flower/fruit/spore organ and overall scale.",Purple_Saxifrage.png,440,440,RGBA,d3dcc5d4292689dff52fc3bf4fdac448f56edc45d995eb0f9c29d50a7d58a834,e9b60b9139310853245978caaefc8b10e34694f4c2d48f5d0742981b9e96efc1,Other plant or harvest type,PASS,POLISH,POLISH,POLISH,POLISH,POLISH,,,,,,,,,,,,,,,,
flora,Rabbitbrush,Rabbitbrush,HOLD,FAIL,HOLD,True,,,,,,,,,,,"No critical duplicate, clipping, or gross growth-family error found. Broad growth form is usable; species-level botanical specificity may still be simplified. Rabbitbrush needs a species-specific growth-form check: roots/attachment, stem or trunk, leaf/frond arrangement, flower/fruit/spore organ and overall scale.",Rabbitbrush.png,440,440,RGBA,a9bc50146a22065723dd8698333db21cdcd82a8519162b2f6c19cb2285e5cde2,1967da013e045be24bb14a0f60327f35644a37f5e5897f0726c0b9ffe83b5fa0,Other plant or harvest type,PASS,POLISH,POLISH,POLISH,POLISH,POLISH,,,,,,,,,,,,,,,,
flora,Rainforest_Nettle,Rainforest Nettle,HOLD,FAIL,HOLD,True,,,,,,,,,,,"No critical duplicate, clipping, or gross growth-family error found. Broad growth form is usable; species-level botanical specificity may still be simplified. Rainforest Nettle needs a species-specific growth-form check: roots/attachment, stem or trunk, leaf/frond arrangement, flower/fruit/spore organ and overall scale.",Rainforest_Nettle.png,440,440,RGBA,5bbc3cdae299cac1ac76c59c6569d0c1b93a583b5edc61b756eb2cff0d62636a,085a38166e2077d302a620e2861b996714ceb82e0a0aeff69d7945cfe6261cde,Other plant or harvest type,PASS,POLISH,POLISH,POLISH,POLISH,POLISH,,,,,,,,,,,,,,,,
flora,Rambutan,Rambutan,HOLD,FAIL,HOLD,True,,,,,,,,,,,"No critical duplicate, clipping, or gross growth-family error found. Broad growth form is usable; species-level botanical specificity may still be simplified. The catalog overuses a round canopy on a straight trunk. Match the species’ trunk habit, branching architecture, crown shape, leaf masses, bark and fruit/flower attachment.",Rambutan.png,440,440,RGBA,6a5758601bd4ea57c138b4a5fa0f39f326a7e1d331290ac4bb70c3548fdab889,f1096a2c65aa8c7830a48f023cb046d4e6e6040ac4ef2c9b1b271e340bbb6588,4. Fruit and Nut Trees,PASS,POLISH,POLISH,POLISH,POLISH,POLISH,,,,,,,,,,,,,,,,
flora,Raspberry,Raspberry,HOLD,FAIL,HOLD,True,,,,,,,,,,,"No critical duplicate, clipping, or gross growth-family error found. Broad growth form is usable; species-level botanical specificity may still be simplified. Raspberry needs a species-specific growth-form check: roots/attachment, stem or trunk, leaf/frond arrangement, flower/fruit/spore organ and overall scale.",Raspberry.png,440,440,RGBA,1b81b7a035779b5c534aad282b1cccd65048ad52516a7deaef0c55bbeae41f97,7dd19f47e0a2d4c01aa976b14fad86a55d36016c0c5a10755ce1c6f0b2e41301,5. Shrubs and Bushes,PASS,POLISH,POLISH,POLISH,POLISH,POLISH,,,,,,,,,,,,,,,,
flora,Rattan,Rattan,HOLD,FAIL,HOLD,True,,,,,,,,,,,"No critical duplicate, clipping, or gross growth-family error found. Broad growth form is usable; species-level botanical specificity may still be simplified. Show the correct climbing/twining habit, support attachment, tendrils, leaf arrangement and attached flowers/fruit rather than floating clusters or an upright shrub.",Rattan.png,440,440,RGBA,2f034cb73e43e45fe6906d9dcf326b7e82e9fd18194247813b8a9840e2b81b18,95b5163e5659718f2f8a0501b86326009a4b24eebf0f5b79f5cd86f84a332574,11. Vines and Climbing Plants,PASS,POLISH,POLISH,POLISH,POLISH,POLISH,,,,,,,,,,,,,,,,
flora,Red_Algae,Red Algae,HOLD,FAIL,HOLD,True,,,,,,,,,,,"No critical duplicate, clipping, or gross growth-family error found. Broad growth form is usable; species-level botanical specificity may still be simplified. Use the correct holdfast/rooting, blade/frond form, branching, air bladders and water-growth habit instead of a single generic ribbon or blob.",Red_Algae.png,440,440,RGBA,d41118fd37a49f351359ef061810aeb71924faa9d6809b65629c8267b3900779,0fb87143643f01998e19802e42de18d494a45372760cc2022303dede89a3418e,Algae,PASS,POLISH,POLISH,POLISH,POLISH,POLISH,,,,,,,,,,,,,,,,
flora,Red_Grape,Red Grape,HOLD,FAIL,HOLD,True,,,,,,,,,,,"No critical duplicate, clipping, or gross growth-family error found. Broad growth form is usable; species-level botanical specificity may still be simplified. Red Grape needs a species-specific growth-form check: roots/attachment, stem or trunk, leaf/frond arrangement, flower/fruit/spore organ and overall scale.",Red_Grape.png,440,440,RGBA,2624254d773764a8bcfdaf011fdd868c49466684b6037e59e49d01ec1b79261a,95ccdae0478ffaffbee25aae4f6a9ec8168850d61366413928d69c4780a2e1d9,Other plant or harvest type,PASS,POLISH,POLISH,POLISH,POLISH,POLISH,,,,,,,,,,,,,,,,
flora,Rice,Rice,HOLD,FAIL,HOLD,True,,,,,,,,,,,"Add drooping branched panicles and wetland/rice-stalk identity. Correct the culm, leaf arrangement and species-specific seed head/inflorescence; many grains currently share one generic spike or grass tuft.",Rice.png,440,440,RGBA,5e0fd48281c8cf9dcafa11e80b723ee5b41f175a1245e7506e05e7c2a1ac2583,9461f64d92138bb105534da1ffb049741e3fa3526228a01d88f432774e475e4e,7. Grain and Staple Crops,PASS,POLISH,POLISH,POLISH,POLISH,POLISH,,,,,,,,,,,,,,,,
flora,Riverbank_Nettle,Riverbank Nettle,HOLD,FAIL,HOLD,True,,,,,,,,,,,"No critical duplicate, clipping, or gross growth-family error found. Broad growth form is usable; species-level botanical specificity may still be simplified. Riverbank Nettle needs a species-specific growth-form check: roots/attachment, stem or trunk, leaf/frond arrangement, flower/fruit/spore organ and overall scale.",Riverbank_Nettle.png,440,440,RGBA,8ddb47de0c6ec3d18c0ba052a7fadd2b4ea93997f038035a38f6443f847fcaf7,5c439d893063fc9ef4898b8efe493a78f6a115b599ee9e42f35c9abc66a7f078,Other plant or harvest type,PASS,POLISH,POLISH,POLISH,POLISH,POLISH,,,,,,,,,,,,,,,,
flora,Rose_Hip,Rose Hip,HOLD,FAIL,HOLD,True,,,,,,,,,,,"No critical duplicate, clipping, or gross growth-family error found. Broad growth form is usable; species-level botanical specificity may still be simplified. Rose Hip needs a species-specific growth-form check: roots/attachment, stem or trunk, leaf/frond arrangement, flower/fruit/spore organ and overall scale.",Rose_Hip.png,440,440,RGBA,5636ca27432c4809607f5256f0795b3a2a551230c9360f58f84d2cf7592cc8a2,3b63c0ee3edb67c65b59ee8db2b2c4431dde1632caa5f0816f39c9b8c826a6c1,Other plant or harvest type,PASS,POLISH,POLISH,POLISH,POLISH,POLISH,,,,,,,,,,,,,,,,
flora,Roselle,Roselle,HOLD,FAIL,HOLD,True,,,,,,,,,,,"No critical duplicate, clipping, or gross growth-family error found. Broad growth form is usable; species-level botanical specificity may still be simplified. Roselle needs a species-specific growth-form check: roots/attachment, stem or trunk, leaf/frond arrangement, flower/fruit/spore organ and overall scale.",Roselle.png,440,440,RGBA,da1bbfbfe635f18ddac0dc261c5a4bf6c75b9ef4618fe456bef6453909797165,a0974f7d5cbba70b296085b85825ebba9177aa75ca40e73b8b190c119ef87e2e,Other plant or harvest type,PASS,POLISH,POLISH,POLISH,POLISH,POLISH,,,,,,,,,,,,,,,,
flora,Rosemary,Rosemary,HOLD,FAIL,HOLD,True,,,,,,,,,,,"No critical duplicate, clipping, or gross growth-family error found. Broad growth form is usable; species-level botanical specificity may still be simplified. Match the named plant’s actual growth habit, leaf arrangement, flower/seed structure and scale; many currently use one vertical leaf-ladder or color-only herb template.",Rosemary.png,440,440,RGBA,49eff61e74c80c499dd99f7bc792727c8c4a9cd5b61f9b400d961e4437c9693f,2551c7f26d69c20017fa90feb2a3cd83634c3c9a48c928ea2e7f8b47ff264ae6,9. Herbs and Spices,PASS,POLISH,POLISH,POLISH,POLISH,POLISH,,,,,,,,,,,,,,,,
flora,Rush_Shoots,Rush Shoots,HOLD,FAIL,HOLD,True,,,,,,,,,,,"No critical duplicate, clipping, or gross growth-family error found. Broad growth form is usable; species-level botanical specificity may still be simplified. Rush Shoots needs a species-specific growth-form check: roots/attachment, stem or trunk, leaf/frond arrangement, flower/fruit/spore organ and overall scale.",Rush_Shoots.png,440,440,RGBA,1b7e0a99fdaa83f255ffde21b65e0060cf2cb437369392c2d9c6357d73b3d374,bc33ab611d547531a6896bc32fc993863231ef442c41ebe264f4b0d7cc3286ba,Other plant or harvest type,PASS,POLISH,POLISH,POLISH,POLISH,POLISH,,,,,,,,,,,,,,,,
flora,Rye,Rye,HOLD,FAIL,HOLD,True,,,,,,,,,,,"Add a slender elongated spike. Correct the culm, leaf arrangement and species-specific seed head/inflorescence; many grains currently share one generic spike or grass tuft.",Rye.png,440,440,RGBA,3996203c2ee665bf3b9f9796e4c7e8b32c33176d6690d2155ebb3bacff4bfe7a,78d2f6e0a9bf5baed8b0d4ec632f1270bc42c8328fbea1c658639f8b1fce2825,7. Grain and Staple Crops,PASS,POLISH,POLISH,POLISH,POLISH,POLISH,,,,,,,,,,,,,,,,
flora,Sage,Sage,HOLD,FAIL,HOLD,True,,,,,,,,,,,"No critical duplicate, clipping, or gross growth-family error found. Broad growth form is usable; species-level botanical specificity may still be simplified. Match the named plant’s actual growth habit, leaf arrangement, flower/seed structure and scale; many currently use one vertical leaf-ladder or color-only herb template.",Sage.png,440,440,RGBA,8323475658ed8e0dcb45d8ae8024b3f5fd02d608471b149e4ed2600c156be0ce,b5f423b022062dbc2de8d89c2091ecfa0e90e562ac6ac75dfded02cc6514c21c,9. Herbs and Spices,PASS,POLISH,POLISH,POLISH,POLISH,POLISH,,,,,,,,,,,,,,,,
flora,Sagebrush,Sagebrush,HOLD,FAIL,HOLD,True,,,,,,,,,,,"No critical duplicate, clipping, or gross growth-family error found. Broad growth form is usable; species-level botanical specificity may still be simplified. Sagebrush needs a species-specific growth-form check: roots/attachment, stem or trunk, leaf/frond arrangement, flower/fruit/spore organ and overall scale.",Sagebrush.png,440,440,RGBA,85c1974ca9b0e22b52e4d901549d7154993d1395b4a88ff11baa79844cca54ce,6ea16d380a80d4126c9affb07d5712d6a87d5934189916e237269a58c1ce0caa,5. Shrubs and Bushes,PASS,POLISH,POLISH,POLISH,POLISH,POLISH,,,,,,,,,,,,,,,,
flora,Salmonberry,Salmonberry,HOLD,FAIL,HOLD,False,,,,,,,,,,,"No critical duplicate, clipping, or gross growth-family error found. Broad growth form is usable; species-level botanical specificity may still be simplified. Salmonberry needs a species-specific growth-form check: roots/attachment, stem or trunk, leaf/frond arrangement, flower/fruit/spore organ and overall scale.",Salmonberry.png,440,440,RGBA,9dee4f7a87ac64a91edaf6dcefc29ce494eac400ca6c2a83722d84e3c88f26da,9dee4f7a87ac64a91edaf6dcefc29ce494eac400ca6c2a83722d84e3c88f26da,Other plant or harvest type,PASS,POLISH,POLISH,POLISH,POLISH,POLISH,,,,,,,,,,,,,,,,
flora,Saltbush,Saltbush,HOLD,FAIL,HOLD,True,,,,,,,,,,,"No critical duplicate, clipping, or gross growth-family error found. Broad growth form is usable; species-level botanical specificity may still be simplified. Saltbush needs a species-specific growth-form check: roots/attachment, stem or trunk, leaf/frond arrangement, flower/fruit/spore organ and overall scale.",Saltbush.png,440,440,RGBA,6e178423ab7ea6d3b9d2d7f2091484928f83db36389c06d2e82274dd0f9ac191,b81407ca4c3a9e2d8500c2afe4c617c0001903d89615089c151341534ecf0ef0,5. Shrubs and Bushes,PASS,POLISH,POLISH,POLISH,POLISH,POLISH,,,,,,,,,,,,,,,,
flora,Saltgrass,Saltgrass,HOLD,FAIL,HOLD,True,,,,,,,,,,,"No critical duplicate, clipping, or gross growth-family error found. Broad growth form is usable; species-level botanical specificity may still be simplified. Saltgrass needs a species-specific growth-form check: roots/attachment, stem or trunk, leaf/frond arrangement, flower/fruit/spore organ and overall scale.",Saltgrass.png,440,440,RGBA,c61613d9e01e324e23e49073b43dbeae788991defc00b66e7469656786741bfa,31eeb349b31a8ddb72f1441cb31700910703d3e3e281a1b4b2430531bd1bdb5f,Other plant or harvest type,PASS,POLISH,POLISH,POLISH,POLISH,POLISH,,,,,,,,,,,,,,,,
flora,Samphire,Samphire,HOLD,FAIL,HOLD,True,,,,,,,,,,,"No critical duplicate, clipping, or gross growth-family error found. Broad growth form is usable; species-level botanical specificity may still be simplified. Samphire needs a species-specific growth-form check: roots/attachment, stem or trunk, leaf/frond arrangement, flower/fruit/spore organ and overall scale.",Samphire.png,440,440,RGBA,67d2daf536621bf301b2e3fff0cf0c5ecfc73e584300eb8d4196155137751817,07f5b8dbd16e706228d5c9cca64354839e6ca3a8ee9929797bfe93e739fe8386,Other plant or harvest type,PASS,POLISH,POLISH,POLISH,POLISH,POLISH,,,,,,,,,,,,,,,,
flora,Scurvy_Grass,Scurvy Grass,HOLD,FAIL,HOLD,True,,,,,,,,,,,"No critical duplicate, clipping, or gross growth-family error found. Broad growth form is usable; species-level botanical specificity may still be simplified. Scurvy Grass needs a species-specific growth-form check: roots/attachment, stem or trunk, leaf/frond arrangement, flower/fruit/spore organ and overall scale.",Scurvy_Grass.png,440,440,RGBA,ff8b6dea34b8732750437a37e724f0a1a16f99666a8663325886fcb25a53f9ac,2009ec97827702c3e228cd22b026ae1eb9b9030c7971717558780c99533128bf,Other plant or harvest type,PASS,POLISH,POLISH,POLISH,POLISH,POLISH,,,,,,,,,,,,,,,,
flora,Sea_Beet,Sea Beet,HOLD,FAIL,HOLD,True,,,,,,,,,,,"No critical duplicate, clipping, or gross growth-family error found. Broad growth form is usable; species-level botanical specificity may still be simplified. Sea Beet needs a species-specific growth-form check: roots/attachment, stem or trunk, leaf/frond arrangement, flower/fruit/spore organ and overall scale.",Sea_Beet.png,440,440,RGBA,4e17da8a7afd04ec82bc77e66dbb9a61a3c0f56663b8f9ceaa5a85bff2f00734,ad565b1866fd52e9ddc8342bd19ca73d74ebb76baff04e0bc19bab9119f8d19b,Other plant or harvest type,PASS,POLISH,POLISH,POLISH,POLISH,POLISH,,,,,,,,,,,,,,,,
flora,Sea_Buckthorn,Sea Buckthorn,HOLD,FAIL,HOLD,True,,,,,,,,,,,"No critical duplicate, clipping, or gross growth-family error found. Broad growth form is usable; species-level botanical specificity may still be simplified. Sea Buckthorn needs a species-specific growth-form check: roots/attachment, stem or trunk, leaf/frond arrangement, flower/fruit/spore organ and overall scale.",Sea_Buckthorn.png,440,440,RGBA,fa472591a53fd4d4d51c41f430ff0cb53fc949751f4db876dfb8cd660256b357,495113eaa700eea1e58f3e633b5267126206152915128611a9c0a75fc935e4e2,Other plant or harvest type,PASS,POLISH,POLISH,POLISH,POLISH,POLISH,,,,,,,,,,,,,,,,
flora,Sea_Fennel,Sea Fennel,HOLD,FAIL,HOLD,True,,,,,,,,,,,"No critical duplicate, clipping, or gross growth-family error found. Broad growth form is usable; species-level botanical specificity may still be simplified. Sea Fennel needs a species-specific growth-form check: roots/attachment, stem or trunk, leaf/frond arrangement, flower/fruit/spore organ and overall scale.",Sea_Fennel.png,440,440,RGBA,16821047def9f7d21ba32c5884363ad87d51fe2f91cd73065fd51c3ab961cde7,85fbb9d90d7be7d92321751e47d019d2f37bfdc2f284d60d6112f7b15e1da076,Other plant or harvest type,PASS,POLISH,POLISH,POLISH,POLISH,POLISH,,,,,,,,,,,,,,,,
flora,Sea_Grape,Sea Grape,HOLD,FAIL,HOLD,True,,,,,,,,,,,"No critical duplicate, clipping, or gross growth-family error found. Broad growth form is usable; species-level botanical specificity may still be simplified. The catalog overuses a round canopy on a straight trunk. Match the species’ trunk habit, branching architecture, crown shape, leaf masses, bark and fruit/flower attachment.",Sea_Grape.png,440,440,RGBA,88447a8d4d1342a6cbcbd19da3ee30308be990341796b125bcd1fedccf306427,9917ceff66ad40deaac155653ffb9aa3ea0d92245a8a43c0895f2824069f5c7a,Coastal trees,PASS,POLISH,POLISH,POLISH,POLISH,POLISH,,,,,,,,,,,,,,,,
flora,Sea_Grapes_Algae,Sea Grapes Algae,HOLD,FAIL,HOLD,True,,,,,,,,,,,"No critical duplicate, clipping, or gross growth-family error found. Broad growth form is usable; species-level botanical specificity may still be simplified. Sea Grapes Algae needs a species-specific growth-form check: roots/attachment, stem or trunk, leaf/frond arrangement, flower/fruit/spore organ and overall scale.",Sea_Grapes_Algae.png,440,440,RGBA,1470e296a104f8e9814e0fd4da3b3f442999287682afd7f09dab2cc8c1ad1f14,5d3a519fb004112cac02e77278e3a2a2f43810873ddbb74dc774b939c3dcf05d,Other plant or harvest type,PASS,POLISH,POLISH,POLISH,POLISH,POLISH,,,,,,,,,,,,,,,,
flora,Sea_Kale,Sea Kale,HOLD,FAIL,HOLD,True,,,,,,,,,,,"No critical duplicate, clipping, or gross growth-family error found. Broad growth form is usable; species-level botanical specificity may still be simplified. Sea Kale needs a species-specific growth-form check: roots/attachment, stem or trunk, leaf/frond arrangement, flower/fruit/spore organ and overall scale.",Sea_Kale.png,440,440,RGBA,c9d5be48ee8c85f49ab2ffc06d1198db773b2a2a6946a245b8af71afb365e993,4707fe99c162ddd07c494545a001d104ea56a1ba784512a5dea2426b622aa88d,Other plant or harvest type,PASS,POLISH,POLISH,POLISH,POLISH,POLISH,,,,,,,,,,,,,,,,
flora,Sea_Lavender,Sea Lavender,HOLD,FAIL,HOLD,True,,,,,,,,,,,"No critical duplicate, clipping, or gross growth-family error found. Broad growth form is usable; species-level botanical specificity may still be simplified. Sea Lavender needs a species-specific growth-form check: roots/attachment, stem or trunk, leaf/frond arrangement, flower/fruit/spore organ and overall scale.",Sea_Lavender.png,440,440,RGBA,cac68210f59e5548a7af13df38617f36ee9af87d62166e56523953984b27828a,b13b20007dbef95d881649df3df4033cdea2538402286b9c30253b4f5f8c119f,Other plant or harvest type,PASS,POLISH,POLISH,POLISH,POLISH,POLISH,,,,,,,,,,,,,,,,
flora,Sea_Purslane,Sea Purslane,HOLD,FAIL,HOLD,True,,,,,,,,,,,"No critical duplicate, clipping, or gross growth-family error found. Broad growth form is usable; species-level botanical specificity may still be simplified. Sea Purslane needs a species-specific growth-form check: roots/attachment, stem or trunk, leaf/frond arrangement, flower/fruit/spore organ and overall scale.",Sea_Purslane.png,440,440,RGBA,53c80c95ae1494364225be60adf3d02ebcf5f1c15ff329883a18048ee56cadd5,a9a31a2fde3ee1e17a4c5fa3e79c631ed9d95eb6d63a60f0b462395127c090c0,Other plant or harvest type,PASS,POLISH,POLISH,POLISH,POLISH,POLISH,,,,,,,,,,,,,,,,
flora,Sea_Rocket,Sea Rocket,HOLD,FAIL,HOLD,True,,,,,,,,,,,"No critical duplicate, clipping, or gross growth-family error found. Broad growth form is usable; species-level botanical specificity may still be simplified. Sea Rocket needs a species-specific growth-form check: roots/attachment, stem or trunk, leaf/frond arrangement, flower/fruit/spore organ and overall scale.",Sea_Rocket.png,440,440,RGBA,abb93eb9b0396afb89c10224d3142aac53a33029d41254d34bff3eb533ee8387,c9cff13ecc97ada56d763d5f75a65e5f3e58a870e595301bc9347de7d2def89c,Other plant or harvest type,PASS,POLISH,POLISH,POLISH,POLISH,POLISH,,,,,,,,,,,,,,,,
flora,Seagrass,Seagrass,HOLD,FAIL,HOLD,True,,,,,,,,,,,"Use a denser underwater meadow of narrow blades and rhizome/holdfast context. Use the correct holdfast/rooting, blade/frond form, branching, air bladders and water-growth habit instead of a single generic ribbon or blob.",Seagrass.png,440,440,RGBA,57aaea156ecc958f2ea7784cd9647e4348deedf3b56c5c391ac333164fe320de,d04d21850db2d6171570e067c8ca4ae8cb9b415e3d60ab07ac4527d1e6fdfc27,14. Aquatic and Wetland Plants,PASS,POLISH,POLISH,POLISH,POLISH,POLISH,,,,,,,,,,,,,,,,
flora,Serviceberry,Serviceberry,HOLD,FAIL,HOLD,True,,,,,,,,,,,"No critical duplicate, clipping, or gross growth-family error found. Broad growth form is usable; species-level botanical specificity may still be simplified. Serviceberry needs a species-specific growth-form check: roots/attachment, stem or trunk, leaf/frond arrangement, flower/fruit/spore organ and overall scale.",Serviceberry.png,440,440,RGBA,ede79329c2c4222b991f46f9100fe657ed15b2d21c34b019fd40794d22dd3152,7595c4e3089758935f2bcec1e0480b9fbd6b4543523eeb1bdd8cc75af33f4b66,Other plant or harvest type,PASS,POLISH,POLISH,POLISH,POLISH,POLISH,,,,,,,,,,,,,,,,
flora,Sorghum,Sorghum,HOLD,FAIL,HOLD,True,,,,,,,,,,,"Add broad branching seed clusters. Correct the culm, leaf arrangement and species-specific seed head/inflorescence; many grains currently share one generic spike or grass tuft.",Sorghum.png,440,440,RGBA,92e85a4a2cfed49b22a735f3c391001a8cce769afc753dcf30e6e4aa49e074b8,f2f36e02e68f4d1c82f6a3e1a7bebeaed77ad947cb5fc2ef52a2df149e429a8f,7. Grain and Staple Crops,PASS,POLISH,POLISH,POLISH,POLISH,POLISH,,,,,,,,,,,,,,,,
flora,Sorrel,Sorrel,HOLD,FAIL,HOLD,True,,,,,,,,,,,"No critical duplicate, clipping, or gross growth-family error found. Broad growth form is usable; species-level botanical specificity may still be simplified. Sorrel needs a species-specific growth-form check: roots/attachment, stem or trunk, leaf/frond arrangement, flower/fruit/spore organ and overall scale.",Sorrel.png,440,440,RGBA,d06dcabd27af8ed9ada8a10e1c10b0ec08f330a31e505562eeb396a3eb5adf2b,85bd24d3d78b44dd2ddf2442dcb299b12cf9d8dcb28aaffc66556d377a754982,Other plant or harvest type,PASS,POLISH,POLISH,POLISH,POLISH,POLISH,,,,,,,,,,,,,,,,
flora,Soursop,Soursop,HOLD,FAIL,HOLD,True,,,,,,,,,,,"No critical duplicate, clipping, or gross growth-family error found. Broad growth form is usable; species-level botanical specificity may still be simplified. The catalog overuses a round canopy on a straight trunk. Match the species’ trunk habit, branching architecture, crown shape, leaf masses, bark and fruit/flower attachment.",Soursop.png,440,440,RGBA,b11cbf0d255fdc21411f1cf1744ce66a747082b51c6877426615212f839c8782,ad3bafec6072ac356031de1fdc813d033743c27d3d513ede1ecfe892bf8d177e,4. Fruit and Nut Trees,PASS,POLISH,POLISH,POLISH,POLISH,POLISH,,,,,,,,,,,,,,,,
flora,Starfruit,Starfruit,HOLD,FAIL,HOLD,True,,,,,,,,,,,"No critical duplicate, clipping, or gross growth-family error found. Broad growth form is usable; species-level botanical specificity may still be simplified. The catalog overuses a round canopy on a straight trunk. Match the species’ trunk habit, branching architecture, crown shape, leaf masses, bark and fruit/flower attachment.",Starfruit.png,440,440,RGBA,0efb33a890fbd206cd8b265668a47fd939547cbc57f8ed0be6be43d527c34aa8,e9e02d5f3dd02b7a18320ea2d91c091c03be0de3c38b54d0bf8bff811a5a524d,4. Fruit and Nut Trees,PASS,POLISH,POLISH,POLISH,POLISH,POLISH,,,,,,,,,,,,,,,,
flora,Sugar_Kelp,Sugar Kelp,HOLD,FAIL,HOLD,True,,,,,,,,,,,"Add broad undulating blade and holdfast. Sugar Kelp needs a species-specific growth-form check: roots/attachment, stem or trunk, leaf/frond arrangement, flower/fruit/spore organ and overall scale.",Sugar_Kelp.png,440,440,RGBA,61fc76f66e4b6b53bea6d9c407d33d86448c27398594844151206b002d37beb3,aad87f2760813d136d59ce64e9c62f986fed7dbd5173bf30bb8de418d78be24a,Other plant or harvest type,PASS,POLISH,POLISH,POLISH,POLISH,POLISH,,,,,,,,,,,,,,,,
flora,Sundew,Sundew,HOLD,FAIL,HOLD,True,,,,,,,,,,,"No critical duplicate, clipping, or gross growth-family error found. Broad growth form is usable; species-level botanical specificity may still be simplified. Sundew needs a species-specific growth-form check: roots/attachment, stem or trunk, leaf/frond arrangement, flower/fruit/spore organ and overall scale.",Sundew.png,440,440,RGBA,ca75382c7afc32a68827b47d108ab01337eed39145002d854f4a4bd9475d08d2,ab9990f62431a3ad1f46170a0c128b966bb2e373df72b00488a171ec559edfe8,13. Carnivorous Plants,PASS,POLISH,POLISH,POLISH,POLISH,POLISH,,,,,,,,,,,,,,,,
flora,Swamp_Mint,Swamp Mint,HOLD,FAIL,HOLD,True,,,,,,,,,,,"No critical duplicate, clipping, or gross growth-family error found. Broad growth form is usable; species-level botanical specificity may still be simplified. Swamp Mint needs a species-specific growth-form check: roots/attachment, stem or trunk, leaf/frond arrangement, flower/fruit/spore organ and overall scale.",Swamp_Mint.png,440,440,RGBA,75098dddbfd02d37dd96cf144cc2ba54484018ab6b95d9558f7b45b829e0902c,47df99a972acce001e46b2ce745e6d6ccb8083365dab7b76ce9ce5b59179477e,Other plant or harvest type,PASS,POLISH,POLISH,POLISH,POLISH,POLISH,,,,,,,,,,,,,,,,
flora,Sweet_Flag,Sweet Flag,HOLD,FAIL,HOLD,True,,,,,,,,,,,"No critical duplicate, clipping, or gross growth-family error found. Broad growth form is usable; species-level botanical specificity may still be simplified. Sweet Flag needs a species-specific growth-form check: roots/attachment, stem or trunk, leaf/frond arrangement, flower/fruit/spore organ and overall scale.",Sweet_Flag.png,440,440,RGBA,8522ac33728ab9cbdfc2824c8d522ce4510d332d6fd37c398c1001e75ef8a72c,d0d69d02d3d33620d1aad759e238fbd3e230e67aa70553f13219957bcb5fdea0,Other plant or harvest type,PASS,POLISH,POLISH,POLISH,POLISH,POLISH,,,,,,,,,,,,,,,,
flora,Sweet_Potato,Sweet Potato,HOLD,FAIL,HOLD,True,,,,,,,,,,,"No critical duplicate, clipping, or gross growth-family error found. Broad growth form is usable; species-level botanical specificity may still be simplified. Correct the culm, leaf arrangement and species-specific seed head/inflorescence; many grains currently share one generic spike or grass tuft.",Sweet_Potato.png,440,440,RGBA,2f8c54f6b33d2c3d85bdeae594c5c0ab9e5c0a7176debfbbcf8d571e2e4c0a70,bb53a5f20f0fd2c3421cb077b276fa6b17bf1050a0f950933e76e30a8c467d2a,7. Grain and Staple Crops,PASS,POLISH,POLISH,POLISH,POLISH,POLISH,,,,,,,,,,,,,,,,
flora,Sword_Fern,Sword Fern,HOLD,FAIL,HOLD,True,,,,,,,,,,,"No critical duplicate, clipping, or gross growth-family error found. Broad growth form is usable; species-level botanical specificity may still be simplified. Use the correct frond or mat structure, branching/pinnae pattern, growth habit and attachment; avoid recoloring one fan-fern.",Sword_Fern.png,440,440,RGBA,40da95d8b5ac219ad7e9c2bdc51d3f9a5e07b3cf7b8615518ee0ddeb01e38fdb,e438b189fe193165710ca2d9d84c4b60e8251a01c5039c71b6b53a5b5e8871d1,15. Ferns and Fern Allies,PASS,POLISH,POLISH,POLISH,POLISH,POLISH,,,,,,,,,,,,,,,,
flora,Tamarind,Tamarind,HOLD,FAIL,HOLD,True,,,,,,,,,,,"No critical duplicate, clipping, or gross growth-family error found. Broad growth form is usable; species-level botanical specificity may still be simplified. The catalog overuses a round canopy on a straight trunk. Match the species’ trunk habit, branching architecture, crown shape, leaf masses, bark and fruit/flower attachment.",Tamarind.png,440,440,RGBA,0cf4d6c820572310e72fa9bcd88db01015afc5281ecfacaa107089d37061d910,ad1eb9786bbe6847550c9fc3badbce98b343f2c1f1192001ba78600ea88f7a77,Tropical trees,PASS,POLISH,POLISH,POLISH,POLISH,POLISH,,,,,,,,,,,,,,,,
flora,Tamarisk,Tamarisk,HOLD,FAIL,HOLD,True,,,,,,,,,,,"No critical duplicate, clipping, or gross growth-family error found. Broad growth form is usable; species-level botanical specificity may still be simplified. Tamarisk needs a species-specific growth-form check: roots/attachment, stem or trunk, leaf/frond arrangement, flower/fruit/spore organ and overall scale.",Tamarisk.png,440,440,RGBA,1c92cf00cec63aa578aaf42fe9dae99b67a2af2e2ad60f7b354059125ba924f4,f7f353a65218a8217b4ee853bff1772133a4d1862176ce4cec82277c11cf6584,Other plant or harvest type,PASS,POLISH,POLISH,POLISH,POLISH,POLISH,,,,,,,,,,,,,,,,
flora,Taro,Taro,HOLD,FAIL,HOLD,True,,,,,,,,,,,"No critical duplicate, clipping, or gross growth-family error found. Broad growth form is usable; species-level botanical specificity may still be simplified. Correct the culm, leaf arrangement and species-specific seed head/inflorescence; many grains currently share one generic spike or grass tuft.",Taro.png,440,440,RGBA,5716ef35707a9194149217e89be72b1bd271d8bef95eca1c801962aae1ccc3ea,2a0a6675d3d8206d7c85fe840001cea4a8834c7d6e44d711ce9315e79f7c08d0,7. Grain and Staple Crops,PASS,POLISH,POLISH,POLISH,POLISH,POLISH,,,,,,,,,,,,,,,,
flora,Tea,Tea,HOLD,FAIL,HOLD,True,,,,,,,,,,,"No critical duplicate, clipping, or gross growth-family error found. Broad growth form is usable; species-level botanical specificity may still be simplified. Tea needs a species-specific growth-form check: roots/attachment, stem or trunk, leaf/frond arrangement, flower/fruit/spore organ and overall scale.",Tea.png,440,440,RGBA,b8911445e8ccf6137dd37d38f5286956696c534bb0454b7698065377ba7942e8,2e3802c0b40c6240b7e6eedf080fa66bcfa4de3d22deb12cbdad2d8fc975d8d8,Other plant or harvest type,PASS,POLISH,POLISH,POLISH,POLISH,POLISH,,,,,,,,,,,,,,,,
flora,Tea_Tree,Tea Tree,HOLD,FAIL,FAIL,True,,,,,,,,,,,"The woody flowering shrub is acceptable, but distinguish the narrow leaves, peeling bark and small five-petaled flowers more clearly.",Tea_Tree.png,440,440,RGBA,c878a262c7ddf49db746952d5a404550e9681c343f33fecf765a9522f4db8502,b3579f714fbc7b536dcf24403bd6aa274a110e6ca83786a56154108abceb16b3,Other plant or harvest type,POLISH,PASS,POLISH,POLISH,POLISH,POLISH,,,,,,,,,,,,,,,,
flora,Thyme,Thyme,HOLD,FAIL,HOLD,True,,,,,,,,,,,The current upright ladder should be replaced by a low woody mat or cushion with many tiny leaves and flowers.,Thyme.png,440,440,RGBA,14e38e5cae84b65bda9d41f18976eef35677d6942df4b63bf050c338c28c8579,ba62d181fe2566295fe6bb39eb25ecf8d5b7c4a2fa5c0b40149d4a69c6e2e3de,9. Herbs and Spices,PASS,POLISH,POLISH,POLISH,POLISH,POLISH,,,,,,,,,,,,,,,,
flora,Tree_Fern_Shoots,Tree Fern Shoots,HOLD,FAIL,HOLD,True,,,,,,,,,,,"No critical duplicate, clipping, or gross growth-family error found. Broad growth form is usable; species-level botanical specificity may still be simplified. Tree Fern Shoots needs a species-specific growth-form check: roots/attachment, stem or trunk, leaf/frond arrangement, flower/fruit/spore organ and overall scale.",Tree_Fern_Shoots.png,440,440,RGBA,959cc3c6ad5279662937108672a7313f094748e899768fdb53665c568494f93e,45ef1629115258eeb1c34eb66de94b9451670029d987a372ed8d1fe5ed949c46,Other plant or harvest type,PASS,POLISH,POLISH,POLISH,POLISH,POLISH,,,,,,,,,,,,,,,,
flora,Tree_Tomato,Tree Tomato,HOLD,FAIL,HOLD,True,,,,,,,,,,,"No critical duplicate, clipping, or gross growth-family error found. Broad growth form is usable; species-level botanical specificity may still be simplified. Tree Tomato needs a species-specific growth-form check: roots/attachment, stem or trunk, leaf/frond arrangement, flower/fruit/spore organ and overall scale.",Tree_Tomato.png,440,440,RGBA,e2557c2becb090400ef5b44bd678db03181cb6eee8aaef93c9849b0086028b3d,d7caceca1b3aead35638e735c19e2144eb0781186acde0fe758bf07f3c949afe,Other plant or harvest type,PASS,POLISH,POLISH,POLISH,POLISH,POLISH,,,,,,,,,,,,,,,,
flora,Turmeric,Turmeric,HOLD,FAIL,HOLD,True,,,,,,,,,,,"No critical duplicate, clipping, or gross growth-family error found. Broad growth form is usable; species-level botanical specificity may still be simplified. Match the named plant’s actual growth habit, leaf arrangement, flower/seed structure and scale; many currently use one vertical leaf-ladder or color-only herb template.",Turmeric.png,440,440,RGBA,68f11e3dbd861f07851b4be95f150a7f9547827b9ffe9aa37fbd9a9f465d153d,672dba01fd718f1eb1ab618278e216678e9e2acef71a908b8c87f8e2aa287ae2,9. Herbs and Spices,PASS,POLISH,POLISH,POLISH,POLISH,POLISH,,,,,,,,,,,,,,,,
flora,Tussock_Grass,Tussock Grass,HOLD,FAIL,HOLD,True,,,,,,,,,,,"No critical duplicate, clipping, or gross growth-family error found. Broad growth form is usable; species-level botanical specificity may still be simplified. Tussock Grass needs a species-specific growth-form check: roots/attachment, stem or trunk, leaf/frond arrangement, flower/fruit/spore organ and overall scale.",Tussock_Grass.png,440,440,RGBA,37c7702c38baa7914aaf2d29fc2a4c34490642caa3ee3ddaa7689a2f71a8638e,c29f00a4f9ce309b88260c6568256ead4ba646dc2ab4c8d76b92ffadd6b12c45,Other plant or harvest type,PASS,POLISH,POLISH,POLISH,POLISH,POLISH,,,,,,,,,,,,,,,,
flora,Valerian,Valerian,HOLD,FAIL,HOLD,True,,,,,,,,,,,The current generic ladder should show divided/pinnate leaves and an airy terminal cluster of many tiny pale flowers.,Valerian.png,440,440,RGBA,50441196e3fa251e5ccf17f641545514d96ff4be642d98837681a0e4f6ae100f,2639d2d3b611506a15588ef9c7da4805f7b574380bd0e74d282879ab342d3457,9. Herbs and Spices,PASS,POLISH,POLISH,POLISH,POLISH,POLISH,,,,,,,,,,,,,,,,
flora,Vanilla_Orchid,Vanilla Orchid,HOLD,FAIL,HOLD,True,,,,,,,,,,,"Vine identity reads; add more orchid flower/pod specificity. Vanilla Orchid needs a species-specific growth-form check: roots/attachment, stem or trunk, leaf/frond arrangement, flower/fruit/spore organ and overall scale.",Vanilla_Orchid.png,440,440,RGBA,2511abd11510dc833ae2ead15a91d6857059948cbd6b5424c83fbf4f4f345213,02f5e367eb7b8adf41f36c085979e6e47f718b4f6d4492269651a9f33d78c540,Other plant or harvest type,PASS,POLISH,POLISH,POLISH,POLISH,POLISH,,,,,,,,,,,,,,,,
flora,Venus_Flytrap,Venus Flytrap,HOLD,FAIL,HOLD,True,,,,,,,,,,,"No critical duplicate, clipping, or gross growth-family error found. Broad growth form is usable; species-level botanical specificity may still be simplified. Venus Flytrap needs a species-specific growth-form check: roots/attachment, stem or trunk, leaf/frond arrangement, flower/fruit/spore organ and overall scale.",Venus_Flytrap.png,440,440,RGBA,eb0dcc0affe9576d7f107bddb5927d6da9753194c32740aec63013476c9a53ef,6fcb798ce3b226bcc590571458a72b09396f9172bc78d1f5c79495153c36943f,13. Carnivorous Plants,PASS,POLISH,POLISH,POLISH,POLISH,POLISH,,,,,,,,,,,,,,,,
flora,Violet,Violet,HOLD,FAIL,HOLD,True,,,,,,,,,,,"The basal rounded leaves are plausible, but enlarge and shape the five-petaled violet flower and reduce the oversized paired-leaf simplification.",Violet.png,440,440,RGBA,13169a401c745a76432ad309981060238620dde892d0ac1a965583c76580c946,90c9f062f6c2273355a58c749723f12a1882aa539e2a4f1099788747ce05f3c5,10. Flowering Herbs and Wildflowers,PASS,POLISH,POLISH,POLISH,POLISH,POLISH,,,,,,,,,,,,,,,,
flora,Wakame,Wakame,HOLD,FAIL,HOLD,True,,,,,,,,,,,"No critical duplicate, clipping, or gross growth-family error found. Broad growth form is usable; species-level botanical specificity may still be simplified. Wakame needs a species-specific growth-form check: roots/attachment, stem or trunk, leaf/frond arrangement, flower/fruit/spore organ and overall scale.",Wakame.png,440,440,RGBA,314b1d4a35899b808229065ad00c5f88e20a7c6d67300abb5e61b8ac2e1ae63a,11367d5fce9a06c21bee63b0dae5584f800c72afb40e7b0e5686a3aa6aded1e9,Other plant or harvest type,PASS,POLISH,POLISH,POLISH,POLISH,POLISH,,,,,,,,,,,,,,,,
flora,Walnut,Walnut,HOLD,FAIL,HOLD,True,,,,,,,,,,,"No critical duplicate, clipping, or gross growth-family error found. Broad growth form is usable; species-level botanical specificity may still be simplified. The catalog overuses a round canopy on a straight trunk. Match the species’ trunk habit, branching architecture, crown shape, leaf masses, bark and fruit/flower attachment.",Walnut.png,440,440,RGBA,5e831e14790e9b51418ff7cb01c6eb2e7d5fe8d2f4cbcbbb23fb3e6cbd3b26f5,654ff32222bc5ea21ecf4243b3210b6018cc7e25cbfd40c3c148d3ab466332b6,4. Fruit and Nut Trees,PASS,POLISH,POLISH,POLISH,POLISH,POLISH,,,,,,,,,,,,,,,,
flora,Water_Hemlock,Water Hemlock,HOLD,FAIL,HOLD,True,,,,,,,,,,,"Use branching stems, compound leaves and white umbrella-shaped flower clusters; the current vertical fern ladder is too generic.",Water_Hemlock.png,440,440,RGBA,216ee2ab85c8091a9ffece1151a9ebc7cc71403db1f31b6c0b51c19010252183,049730fd6081bd19149f9e120c3606a009a160b605c4fe399871d146b9ec745b,Other plant or harvest type,PASS,POLISH,POLISH,POLISH,POLISH,POLISH,,,,,,,,,,,,,,,,
flora,Water_Lily,Water Lily,HOLD,FAIL,HOLD,True,,,,,,,,,,,"No critical duplicate, clipping, or gross growth-family error found. Broad growth form is usable; species-level botanical specificity may still be simplified. Use the correct holdfast/rooting, blade/frond form, branching, air bladders and water-growth habit instead of a single generic ribbon or blob.",Water_Lily.png,440,440,RGBA,ec2c196ef04705c07da103e593606b7fc6fb74f8ee4d770110263b6fd4cbfe7b,9364ce924670b725a56d13241fd8a1b7c578a901e851de336f2bd9b29d1b7192,14. Aquatic and Wetland Plants,PASS,POLISH,POLISH,POLISH,POLISH,POLISH,,,,,,,,,,,,,,,,
flora,Water_Mint,Water Mint,HOLD,FAIL,HOLD,True,,,,,,,,,,,"No critical duplicate, clipping, or gross growth-family error found. Broad growth form is usable; species-level botanical specificity may still be simplified. Water Mint needs a species-specific growth-form check: roots/attachment, stem or trunk, leaf/frond arrangement, flower/fruit/spore organ and overall scale.",Water_Mint.png,440,440,RGBA,d6544314aa94a1f17255917b37837cc5ef9077807459358426a77f0e137fb626,1f38607eed33dfa27c1d0e44e6cd6c2c5fb00b4c7c1aee513da609423527f6a6,Other plant or harvest type,PASS,POLISH,POLISH,POLISH,POLISH,POLISH,,,,,,,,,,,,,,,,
flora,Water_Spinach,Water Spinach,HOLD,FAIL,HOLD,True,,,,,,,,,,,"No critical duplicate, clipping, or gross growth-family error found. Broad growth form is usable; species-level botanical specificity may still be simplified. Water Spinach needs a species-specific growth-form check: roots/attachment, stem or trunk, leaf/frond arrangement, flower/fruit/spore organ and overall scale.",Water_Spinach.png,440,440,RGBA,90c387a4624fa0c5975a906ec48de50f0a4e116c4bd83766554b0af920b2d9e7,41b54c218adc3bdb4e228a868ab27c5d75a2d15efd95d94e2dda083ecbf50222,Other plant or harvest type,PASS,POLISH,POLISH,POLISH,POLISH,POLISH,,,,,,,,,,,,,,,,
flora,Watercress,Watercress,HOLD,FAIL,HOLD,True,,,,,,,,,,,"No critical duplicate, clipping, or gross growth-family error found. Broad growth form is usable; species-level botanical specificity may still be simplified. Match the source plant, leaf habit and attached fruit/harvest organ. Fruit should be connected to stems/branches and not carry identity by label alone.",Watercress.png,440,440,RGBA,9d3971c0e8fc9829206747757a2a783288b57709d63a4f36bdecf566b4dfb4e6,db388345374f04eb72fac6ec0cbefb825669734dc84332714df6a926b197acb0,Leaf vegetables,PASS,POLISH,POLISH,POLISH,POLISH,POLISH,,,,,,,,,,,,,,,,
flora,Wheat,Wheat,HOLD,FAIL,HOLD,True,,,,,,,,,,,"Add compact grain spikes with awns; current grass tuft is too generic. Correct the culm, leaf arrangement and species-specific seed head/inflorescence; many grains currently share one generic spike or grass tuft.",Wheat.png,440,440,RGBA,04d470f1fd09289477b437dd1369181de19e32291e8afcc94beead5e39799b18,b425c4fe3190b9c9df25d60a69a6d51f0c2f67161181b296cbcd753ab54c5e2e,7. Grain and Staple Crops,PASS,POLISH,POLISH,POLISH,POLISH,POLISH,,,,,,,,,,,,,,,,
flora,White_Grape,White Grape,HOLD,FAIL,HOLD,True,,,,,,,,,,,"No critical duplicate, clipping, or gross growth-family error found. Broad growth form is usable; species-level botanical specificity may still be simplified. White Grape needs a species-specific growth-form check: roots/attachment, stem or trunk, leaf/frond arrangement, flower/fruit/spore organ and overall scale.",White_Grape.png,440,440,RGBA,e621fe9fb0f64ed1e9bf26213c30bd7b65401d249895a847e908bd944a086990,42feeb9e6a2e0b95f63a95a695a8b61eaefc009fc7722a275b25185faaf2b299,Other plant or harvest type,PASS,POLISH,POLISH,POLISH,POLISH,POLISH,,,,,,,,,,,,,,,,
flora,Wild_Blueberry,Wild Blueberry,HOLD,FAIL,HOLD,True,,,,,,,,,,,"No critical duplicate, clipping, or gross growth-family error found. Broad growth form is usable; species-level botanical specificity may still be simplified. Wild Blueberry needs a species-specific growth-form check: roots/attachment, stem or trunk, leaf/frond arrangement, flower/fruit/spore organ and overall scale.",Wild_Blueberry.png,440,440,RGBA,011f10caab41d06f39b19935851a99417a3c409ed4f11b003454da6c14da7686,62e5a12b45b54c413dbee634094af234a1a0f1bc605a2b5c6f3c04aa3197f0f9,Other plant or harvest type,PASS,POLISH,POLISH,POLISH,POLISH,POLISH,,,,,,,,,,,,,,,,
flora,Wild_Cherry,Wild Cherry,HOLD,FAIL,HOLD,True,,,,,,,,,,,"No critical duplicate, clipping, or gross growth-family error found. Broad growth form is usable; species-level botanical specificity may still be simplified. Wild Cherry needs a species-specific growth-form check: roots/attachment, stem or trunk, leaf/frond arrangement, flower/fruit/spore organ and overall scale.",Wild_Cherry.png,440,440,RGBA,415efb5f488441b879a8bb52a0d8a86526122ce7bd268c88e3e4bb8b471fdaa7,c06ff3c6e2d2753f9472ce5b4f7aa471b89a5e7135ac87b00ae510f515b823a8,Other plant or harvest type,PASS,POLISH,POLISH,POLISH,POLISH,POLISH,,,,,,,,,,,,,,,,
flora,Wild_Chili,Wild Chili,HOLD,FAIL,HOLD,True,,,,,,,,,,,"No critical duplicate, clipping, or gross growth-family error found. Broad growth form is usable; species-level botanical specificity may still be simplified. Wild Chili needs a species-specific growth-form check: roots/attachment, stem or trunk, leaf/frond arrangement, flower/fruit/spore organ and overall scale.",Wild_Chili.png,440,440,RGBA,b7651589ccddbcd51f224d99d42c3713f44808bde2a297201b4da8978f00d7d1,d5d35fca6a5abc4a0599a834cf453f2e4f814d9e4b03208e1c83d88b8cc8cd58,Other plant or harvest type,PASS,POLISH,POLISH,POLISH,POLISH,POLISH,,,,,,,,,,,,,,,,
flora,Wild_Chive,Wild Chive,HOLD,FAIL,HOLD,True,,,,,,,,,,,"No critical duplicate, clipping, or gross growth-family error found. Broad growth form is usable; species-level botanical specificity may still be simplified. Wild Chive needs a species-specific growth-form check: roots/attachment, stem or trunk, leaf/frond arrangement, flower/fruit/spore organ and overall scale.",Wild_Chive.png,440,440,RGBA,9d0bcdce48a1d764ef3da22ab8750d52ace3bd3ab256d4c60b110934d26229d6,40af17dce22b96501e2ec26add9523fc66fd24575f67b05c1cac4d316c314b6d,Other plant or harvest type,PASS,POLISH,POLISH,POLISH,POLISH,POLISH,,,,,,,,,,,,,,,,
flora,Wild_Fig,Wild Fig,HOLD,FAIL,HOLD,True,,,,,,,,,,,"No critical duplicate, clipping, or gross growth-family error found. Broad growth form is usable; species-level botanical specificity may still be simplified. Wild Fig needs a species-specific growth-form check: roots/attachment, stem or trunk, leaf/frond arrangement, flower/fruit/spore organ and overall scale.",Wild_Fig.png,440,440,RGBA,87398973ef374b08c3d7b1846a5561d8850601b4f81748bd28fdf2e7fa903a83,871d3cd29352072d0eea20ecb367ffa6e491a3634320dd6d2c0bea6b1924249c,Other plant or harvest type,PASS,POLISH,POLISH,POLISH,POLISH,POLISH,,,,,,,,,,,,,,,,
flora,Wild_Garlic,Wild Garlic,HOLD,FAIL,HOLD,True,,,,,,,,,,,"No critical duplicate, clipping, or gross growth-family error found. Broad growth form is usable; species-level botanical specificity may still be simplified. Wild Garlic needs a species-specific growth-form check: roots/attachment, stem or trunk, leaf/frond arrangement, flower/fruit/spore organ and overall scale.",Wild_Garlic.png,440,440,RGBA,fc3ef699392f98480663993c66bed92a41c889016ff701e38a2614f77896cc02,82dbf638a8b0b793c0cc86eaefedaa2a1eb2c1bd023dcd49350ce86b6aeb91c3,Other plant or harvest type,PASS,POLISH,POLISH,POLISH,POLISH,POLISH,,,,,,,,,,,,,,,,
flora,Wild_Ginger,Wild Ginger,HOLD,FAIL,HOLD,True,,,,,,,,,,,"No critical duplicate, clipping, or gross growth-family error found. Broad growth form is usable; species-level botanical specificity may still be simplified. Wild Ginger needs a species-specific growth-form check: roots/attachment, stem or trunk, leaf/frond arrangement, flower/fruit/spore organ and overall scale.",Wild_Ginger.png,440,440,RGBA,e0f0e5dad75e77b1aae0ee1274aa93076b3ea9d9d417ae30afd089ef3e6ca3db,a615868ddbbd785bab04bcb42ce76ac5f11e22614519730878243249faef03e0,Other plant or harvest type,PASS,POLISH,POLISH,POLISH,POLISH,POLISH,,,,,,,,,,,,,,,,
flora,Wild_Guava,Wild Guava,HOLD,FAIL,HOLD,True,,,,,,,,,,,"No critical duplicate, clipping, or gross growth-family error found. Broad growth form is usable; species-level botanical specificity may still be simplified. Wild Guava needs a species-specific growth-form check: roots/attachment, stem or trunk, leaf/frond arrangement, flower/fruit/spore organ and overall scale.",Wild_Guava.png,440,440,RGBA,b0057d8d2fdd70aae0398d9619bbff560df64b242e78fb855e007a7bafafc22a,36f765baaa37c27cfd5028426cbd14fe2d6498bc360b4de6e4ada0243e48b08e,Other plant or harvest type,PASS,POLISH,POLISH,POLISH,POLISH,POLISH,,,,,,,,,,,,,,,,
flora,Wild_Mango,Wild Mango,HOLD,FAIL,HOLD,True,,,,,,,,,,,"No critical duplicate, clipping, or gross growth-family error found. Broad growth form is usable; species-level botanical specificity may still be simplified. Wild Mango needs a species-specific growth-form check: roots/attachment, stem or trunk, leaf/frond arrangement, flower/fruit/spore organ and overall scale.",Wild_Mango.png,440,440,RGBA,551bcee5c88173c4b098671dac7529a771aaf9e6b8edb12916345886875079e0,e2e22fdac5b321695528bda1c25e48934b038389647251632251758bc53462a0,Other plant or harvest type,PASS,POLISH,POLISH,POLISH,POLISH,POLISH,,,,,,,,,,,,,,,,
flora,Wild_Melon,Wild Melon,HOLD,FAIL,HOLD,True,,,,,,,,,,,"No critical duplicate, clipping, or gross growth-family error found. Broad growth form is usable; species-level botanical specificity may still be simplified. Wild Melon needs a species-specific growth-form check: roots/attachment, stem or trunk, leaf/frond arrangement, flower/fruit/spore organ and overall scale.",Wild_Melon.png,440,440,RGBA,99c41294dcb3190297bd6cc8b1846d892a15eef417d06bf7425a5d2753051e14,85b6d8b8284586bd0a1ff6ee4f0b6541a32e65e652e3f0811f787604a6916a3b,Other plant or harvest type,PASS,POLISH,POLISH,POLISH,POLISH,POLISH,,,,,,,,,,,,,,,,
flora,Wild_Mint,Wild Mint,HOLD,FAIL,HOLD,True,,,,,,,,,,,"No critical duplicate, clipping, or gross growth-family error found. Broad growth form is usable; species-level botanical specificity may still be simplified. Wild Mint needs a species-specific growth-form check: roots/attachment, stem or trunk, leaf/frond arrangement, flower/fruit/spore organ and overall scale.",Wild_Mint.png,440,440,RGBA,a81291b0151713617b19b3c75887e21488fb2f9c300a3139f411ecd67d845ce6,eb0b101871e04f7a1be2f0b163e98b6b6d6b65abf148de087269f3d5b11a82f8,Other plant or harvest type,PASS,POLISH,POLISH,POLISH,POLISH,POLISH,,,,,,,,,,,,,,,,
flora,Wild_Onion,Wild Onion,HOLD,FAIL,HOLD,True,,,,,,,,,,,"No critical duplicate, clipping, or gross growth-family error found. Broad growth form is usable; species-level botanical specificity may still be simplified. Wild Onion needs a species-specific growth-form check: roots/attachment, stem or trunk, leaf/frond arrangement, flower/fruit/spore organ and overall scale.",Wild_Onion.png,440,440,RGBA,c6ec3c8ec1fc0690508ddd1a7eeed3ada25cf0eb92ccfd36e4af80335830a04f,f8ac557c0ef20979205d676a003a7bd494bc0d21b99b1d1888841b2c56eb53db,Other plant or harvest type,PASS,POLISH,POLISH,POLISH,POLISH,POLISH,,,,,,,,,,,,,,,,
flora,Wild_Rhubarb,Wild Rhubarb,HOLD,FAIL,HOLD,True,,,,,,,,,,,"No critical duplicate, clipping, or gross growth-family error found. Broad growth form is usable; species-level botanical specificity may still be simplified. Wild Rhubarb needs a species-specific growth-form check: roots/attachment, stem or trunk, leaf/frond arrangement, flower/fruit/spore organ and overall scale.",Wild_Rhubarb.png,440,440,RGBA,5b152b749b069bb8ed7b702643631905197b3ab25ff02cd39eff75ec99b05a4b,2537cbed82b7769d79501fe405a6b48bd0f67032efce0079cc86a2032d22806a,Other plant or harvest type,PASS,POLISH,POLISH,POLISH,POLISH,POLISH,,,,,,,,,,,,,,,,
flora,Wild_Rice,Wild Rice,HOLD,FAIL,HOLD,True,,,,,,,,,,,"No critical duplicate, clipping, or gross growth-family error found. Broad growth form is usable; species-level botanical specificity may still be simplified. Use the correct holdfast/rooting, blade/frond form, branching, air bladders and water-growth habit instead of a single generic ribbon or blob.",Wild_Rice.png,440,440,RGBA,a88dadd7e3404376c6ef96c02d2bea587809685c5591741ffaacd5fa0a9cebb0,1d3467e1462140b71948695d6a60ad6e05c630b04d1234fa2d61df7a1477559a,14. Aquatic and Wetland Plants,PASS,POLISH,POLISH,POLISH,POLISH,POLISH,,,,,,,,,,,,,,,,
flora,Wild_Rye,Wild Rye,HOLD,FAIL,HOLD,True,,,,,,,,,,,"No critical duplicate, clipping, or gross growth-family error found. Broad growth form is usable; species-level botanical specificity may still be simplified. Wild Rye needs a species-specific growth-form check: roots/attachment, stem or trunk, leaf/frond arrangement, flower/fruit/spore organ and overall scale.",Wild_Rye.png,440,440,RGBA,e9ef403f8857b67a319289416941b6666aa1928a89fe119d5f5e5c890f01c5cb,16e425591f416d5459e27955010063ceaa56df54e29e9775889335d39f56800e,Other plant or harvest type,PASS,POLISH,POLISH,POLISH,POLISH,POLISH,,,,,,,,,,,,,,,,
flora,Wild_Taro,Wild Taro,HOLD,FAIL,HOLD,True,,,,,,,,,,,"Current tuber form reads as a harvest item; source plant should show large heart-shaped leaves. Wild Taro needs a species-specific growth-form check: roots/attachment, stem or trunk, leaf/frond arrangement, flower/fruit/spore organ and overall scale.",Wild_Taro.png,440,440,RGBA,2679eff4f0984d84a7002aa3cd77067c9dc5d4fb616315476645da24b4f35458,f410d25e76e683ff35679cdbf636f5dcccf98cb0a4eda7af3d1c4fc4b15af7da,Other plant or harvest type,PASS,POLISH,POLISH,POLISH,POLISH,POLISH,,,,,,,,,,,,,,,,
flora,Wild_Thyme,Wild Thyme,HOLD,FAIL,HOLD,True,,,,,,,,,,,"No critical duplicate, clipping, or gross growth-family error found. Broad growth form is usable; species-level botanical specificity may still be simplified. Wild Thyme needs a species-specific growth-form check: roots/attachment, stem or trunk, leaf/frond arrangement, flower/fruit/spore organ and overall scale.",Wild_Thyme.png,440,440,RGBA,375e9854f274014aaead6b977f2a6fc432c3cd65ce31901bb3251b9f9c65dfdf,beb84f0fd0ecda5c205985542ebefba07a583efd99c377edfbbbd82a33f28924,Other plant or harvest type,PASS,POLISH,POLISH,POLISH,POLISH,POLISH,,,,,,,,,,,,,,,,
flora,Wild_Yam,Wild Yam,HOLD,FAIL,HOLD,True,,,,,,,,,,,"No critical duplicate, clipping, or gross growth-family error found. Broad growth form is usable; species-level botanical specificity may still be simplified. Wild Yam needs a species-specific growth-form check: roots/attachment, stem or trunk, leaf/frond arrangement, flower/fruit/spore organ and overall scale.",Wild_Yam.png,440,440,RGBA,0d2620f74bdaed99356246b8fe30c21054305157cddca3327d431e5435c8a07e,c0090aa9c49a0377f7aa0a7d079916351de68ac597727bf7868a05d29e77c028,Other plant or harvest type,PASS,POLISH,POLISH,POLISH,POLISH,POLISH,,,,,,,,,,,,,,,,
flora,Willow,Willow,HOLD,FAIL,HOLD,True,,,,,,,,,,,"The tree category reads, but use more slender flexible branches and narrow leaves; a weeping or shrubby willow architecture would be more recognizable.",Willow.png,440,440,RGBA,2ea9d5c330f8770722c79f98796a09e7080470afe10397bcffbe58730a072f6a,dfc45a49d3bfe176519caa5f16ee36b22bdfa29fe5eb97e8b19b6d6ad5039630,Temperate broadleaf trees,PASS,POLISH,POLISH,POLISH,POLISH,POLISH,,,,,,,,,,,,,,,,
flora,Wood_Sorrel,Wood Sorrel,HOLD,FAIL,HOLD,True,,,,,,,,,,,"No critical duplicate, clipping, or gross growth-family error found. Broad growth form is usable; species-level botanical specificity may still be simplified. Wood Sorrel needs a species-specific growth-form check: roots/attachment, stem or trunk, leaf/frond arrangement, flower/fruit/spore organ and overall scale.",Wood_Sorrel.png,440,440,RGBA,06698384208f5671608aab351549a35fad6a8417ab84a96dcd595f40934c5522,c2c1e7925184460104a050963d6ef0e3ff08ae9133d4c7954756a6cc5fe7587e,Other plant or harvest type,PASS,POLISH,POLISH,POLISH,POLISH,POLISH,,,,,,,,,,,,,,,,
flora,Wormwood,Wormwood,HOLD,FAIL,HOLD,True,,,,,,,,,,,The current ladder is generic. Use a branching gray-silver herb with deeply divided aromatic foliage.,Wormwood.png,440,440,RGBA,648b2cb6439644afa6ad1267825c8ea01f5abcb2e5031e00699f599b7ba6da25,2cc626533e894a1e9d01337a154f5fed60b8de03c0a11106efe7b85a027be755,Other plant or harvest type,PASS,POLISH,POLISH,POLISH,POLISH,POLISH,,,,,,,,,,,,,,,,
flora,Yarrow,Yarrow,HOLD,FAIL,HOLD,True,,,,,,,,,,,Use finely divided fernlike leaves and a flat-topped cluster of many small white flowers; the current ladder depends on the label.,Yarrow.png,440,440,RGBA,6371577f90d72a5df94abb0a745ae5d34921dfc4c968173f18fa5adeddbf9c2d,09b4da1824bb9a1ed38ca069a28310bea93c4e609ef3365cc46d27c71175f281,9. Herbs and Spices,PASS,POLISH,POLISH,POLISH,POLISH,POLISH,,,,,,,,,,,,,,,,
flora,Yerba_Mate,Yerba Mate,HOLD,FAIL,HOLD,True,,,,,,,,,,,"No critical duplicate, clipping, or gross growth-family error found. Broad growth form is usable; species-level botanical specificity may still be simplified. Yerba Mate needs a species-specific growth-form check: roots/attachment, stem or trunk, leaf/frond arrangement, flower/fruit/spore organ and overall scale.",Yerba_Mate.png,440,440,RGBA,d9467ec1df6a7ebbc792e85b51d7abe9f09f72b2780e22fe4fd98baf1f97ba1e,cd139aabe509f3112b36dc7c80bdbc0248bf6d442d82ee56d550d05a90aff256,Other plant or harvest type,PASS,POLISH,POLISH,POLISH,POLISH,POLISH,,,,,,,,,,,,,,,,
fungi,Lion’s_Mane,Lion’s Mane,HOLD,FAIL,,False,,,,,,,,,,,,Lion’s_Mane.png,440,440,RGBA,4e0243f996a69ab5b1be7f62b1106dc9f6b9364453073693531f795d5c077592,4e0243f996a69ab5b1be7f62b1106dc9f6b9364453073693531f795d5c077592,,,,,,,,POLISH,POLISH,POLISH,POLISH,,,,,,,,,,,,
fungi,Mildew,Mildew,HOLD,FAIL,HOLD,False,,,,,,,,,,,"The spreading surface patch reads, but make it flatter/fuzzier and more clearly attached to a leaf or substrate.",Mildew.png,440,440,RGBA,2075ad0009ca5e1a6104c5498d097a68b3e605b9a82b14b05aadf7d22a0ba6ec,2075ad0009ca5e1a6104c5498d097a68b3e605b9a82b14b05aadf7d22a0ba6ec,,,,,,,,PASS,POLISH,POLISH,POLISH,,,,,,,,,,,,
fungi,Mold,Mold,HOLD,FAIL,HOLD,True,,,,,,,,,,,The fuzzy colony concept reads; add clearer filament/hypha texture and substrate context.,Mold.png,440,440,RGBA,aa2fcede79a7a79143da63c1064930e61cd4ee62b5b47fb38ca34a6c68723c3e,ff29d3e820f13766cbc56bbadf77176bbd8746b019aa377d6bb6629d8d6b67e9,,,,,,,,PASS,POLISH,POLISH,POLISH,,,,,,,,,,,,
microbe,Acidophile,Acidophile,HOLD,FAIL,HOLD,True,,,,,,,,,,,"The rod morphology is plausible, but “acidophile” is an ecology label rather than a body type. Pair it with a defined bacterial/archaeal morphology and acid-adaptation material cues.",Acidophile.png,440,440,RGBA,cf493a74dc3ae5524a6dc9fc5351484cf74162b5683cfa9901cc1ec05bae64ee,582685f3a471bd8ea19042a7155d7bd7c97d9d98ad0c6a3ff97b7892993b6957,,,,,,,,,,,,PASS,POLISH,POLISH,POLISH,POLISH,,,,,,,
microbe,Cryophile,Cryophile,HOLD,FAIL,HOLD,True,,,,,,,,,,,"The rods are plausible, but add a specified cell type and cold-adaptation cues such as membrane/sheath or colony structure.",Cryophile.png,440,440,RGBA,e527303cf05cb9c17af2e8e88cf0fe4603e40a7ddacb0ab0abe9fa6bcba33b42,8f919f0fb611985f5e583db86667531b0e81ba72d91f6a66dad64aee183e360f,,,,,,,,,,,,PASS,POLISH,POLISH,POLISH,POLISH,,,,,,,
microbe,Dinoflagellate,Dinoflagellate,HOLD,FAIL,HOLD,False,,,,,,,,,,,"The armored radial cell reads as plankton, but add the transverse groove and two flagella that define dinoflagellates.",Dinoflagellate.png,440,440,RGBA,c986a1b4a33558c664cea171b353870cb9dfa2727fa5cfe2cbdfc887e322e170,c986a1b4a33558c664cea171b353870cb9dfa2727fa5cfe2cbdfc887e322e170,,,,,,,,,,,,PASS,POLISH,POLISH,POLISH,POLISH,,,,,,,
microbe,Euglena,Euglena,HOLD,FAIL,PASS,False,,,,,,,,,,,"The green elongated cell and internal structures read, but add a clear flagellum, eyespot and more spindle-shaped body.",Euglena.png,440,440,RGBA,9474917b42f60210f17d0edb67e7569d895d18b36439d8b3ffbde166f4187e02,9474917b42f60210f17d0edb67e7569d895d18b36439d8b3ffbde166f4187e02,,,,,,,,,,,,PASS,PASS,PASS,PASS,PASS,,,,,,,
microbe,Halophile,Halophile,HOLD,FAIL,HOLD,True,,,,,,,,,,,"The rod cells are plausible, but the ecology label needs a defined base morphology plus salt-adaptation surface/colony cues.",Halophile.png,440,440,RGBA,595e3fc0a595b35eab68fe0ee3c4fab644efe2a688009ea9961314676ab3be80,1140b177925d4e17409b3991a3788a7c995bdc3d58053a16ebd3ee7f474c1129,,,,,,,,,,,,PASS,POLISH,POLISH,POLISH,POLISH,,,,,,,
microbe,Iron-Oxidizing_Bacteria,Iron Oxidizing Bacteria,HOLD,FAIL,HOLD,True,,,,,,,,,,,Colony is readable but generic; add filament/stalk or mineral-associated growth.,Iron-Oxidizing_Bacteria.png,440,440,RGBA,12fa8354d1232cad2d3e37c75602512a26c2b26dc2af387cf5f2c306a22d25a6,d6e345b0eabd1af14e8ec2547349ccd5eddbd23ef8a6b820accbccf56f54c4e9,,,,,,,,,,,,PASS,POLISH,POLISH,POLISH,POLISH,,,,,,,
microbe,Methanogen,Methanogen,HOLD,FAIL,HOLD,True,,,,,,,,,,,The rods are plausible but generic; specify coccoid/rod/filament type and add archaeal colony or gas-associated cues.,Methanogen.png,440,440,RGBA,9cb45b20528868af234d25776bb1dab2e5658bfda69eaf63cee3683233db73a9,a3d4e181913cf8849c9555aa68b5f6ef841a88f127df81bc065fd562e465cd6a,,,,,,,,,,,,PASS,POLISH,POLISH,POLISH,POLISH,,,,,,,
microbe,Nitrogen-Fixing_Bacteria,Nitrogen Fixing Bacteria,HOLD,FAIL,HOLD,True,,,,,,,,,,,Colony is readable but generic; add rods/chains and optional root-nodule context.,Nitrogen-Fixing_Bacteria.png,440,440,RGBA,3458440a24fea1b48d12bc4cb691cda7f3e1ae52179a7cb2047f8338b4300a3d,b8987903186a804531ecb5b68d576b48e202e42cf4770658d1ea58a7104a93ce,,,,,,,,,,,,PASS,POLISH,POLISH,POLISH,POLISH,,,,,,,
microbe,Radiation-Resistant_Microbe,Radiation Resistant Microbe,HOLD,FAIL,HOLD,True,,,,,,,,,,,Colony is readable but generic; add tetrad/cluster morphology and stronger radiation-shielding cues.,Radiation-Resistant_Microbe.png,440,440,RGBA,1d1f07097d3d7f83e68b8ea48741072cadf19f869f2c29a377f4a1b214a02a1a,4cec0716a605fe9bc3acbc5d5b4202d07bd672262bf704b2e7edce549ce6f011,,,,,,,,,,,,PASS,POLISH,POLISH,POLISH,POLISH,,,,,,,
microbe,Red-Tide_Algae,Red Tide Algae,HOLD,FAIL,HOLD,True,,,,,,,,,,,Pigmented colony reads; add dinoflagellate or algal cell morphology rather than only colored spheres.,Red-Tide_Algae.png,440,440,RGBA,26c80c0ea16429d5d0d1aba7773b17d87af398da05171b0ee8e5ecf08c3cfaf9,5545d9153b4afc22b140e1488e4ca3538138deb6590c9c409610472e324ef604,,,,,,,,,,,,PASS,POLISH,POLISH,POLISH,POLISH,,,,,,,
microbe,Snow_Algae,Snow Algae,HOLD,FAIL,BLOCKER,False,,,,,,,,,,,"The red cells on an icy/snowy field communicate the phenomenon, but this is an environmental colony view rather than a distinct cell morphology.",Snow_Algae.png,440,440,RGBA,89db76c871752a545b25109a700432b5531033389c3b006407621d971ba43e00,89db76c871752a545b25109a700432b5531033389c3b006407621d971ba43e00,,,,,,,,,,,,POLISH,POLISH,POLISH,POLISH,POLISH,,,,,,,
microbe,Sulfur-Oxidizing_Bacteria,Sulfur Oxidizing Bacteria,HOLD,FAIL,HOLD,True,,,,,,,,,,,Colony is readable but generic; add filament/mat morphology and sulfur granules.,Sulfur-Oxidizing_Bacteria.png,440,440,RGBA,f42fa7d9c87db65da71fd2a7cd8a553de14dcedee651dca3eac59eb26b233ce1,cf4233b3e6a63c4e23016f7855737d97d463236b0511a5505c270d4415875af1,,,,,,,,,,,,PASS,POLISH,POLISH,POLISH,POLISH,,,,,,,
microbe,Thermophile,Thermophile,HOLD,FAIL,HOLD,True,,,,,,,,,,,"The rods are plausible, but define the base organism and add heat-adaptation or mat/colony cues instead of relying only on color.",Thermophile.png,440,440,RGBA,b33cc8109c75a6a8b3a95a6beb2ef0a20e6b43aad9dbefc9f6bc14896138ab56,cb6fb425d41f9e6262cc35b4c868b8989d937c848a3eb55734e2d3e1528057ca,,,,,,,,,,,,PASS,POLISH,POLISH,POLISH,POLISH,,,,,,,
procedural,fauna-h0-s15,fauna-h0-s15,HOLD,FAIL,PASS,False,,,,,,,,,,,"The trait blend is structurally coherent, but the organism is so dark that the head, body segmentation and appendage attachment are difficult to read. Raise local contrast around the sensory region and limb roots without changing the phenotype.",fauna-h0-s15.png,440,440,RGBA,ebd572f70e01016046e34ab4ce6b3ab218cda1c7df81a3f4daec379b13f0d0c1,ebd572f70e01016046e34ab4ce6b3ab218cda1c7df81a3f4daec379b13f0d0c1,,,,,,,,,,,,,,,,,fauna,PASS,PASS,POLISH,PASS,PASS,PASS_WITH_POLISH
procedural,fungi-h0-s10,fungi-h0-s10,HOLD,FAIL,PASS,False,,,,,,,,,,,"The procedural fungal concept is plausible, but the dark cloud-like fruiting mass nearly disappears into the background. Define the substrate attachment and edge silhouette, and increase internal value separation.",fungi-h0-s10.png,440,440,RGBA,176e3565da06acde7ebd902b86ff3eb138e57af3c9252807e64bfda75a7dd3b3,176e3565da06acde7ebd902b86ff3eb138e57af3c9252807e64bfda75a7dd3b3,,,,,,,,,,,,,,,,,fungi,PASS,POLISH,POLISH,POLISH,PASS,PASS_WITH_POLISH
fauna,Abalone,Abalone,PASS,PASS,PASS,True,Gastropods,LOW,,PASS,PASS,PASS,PASS,PASS,PASS,PASS,PASS — Leave alone at the current stylized resolution. Major body regions and defining silhouette are sufficiently represented.,Abalone.png,440,440,RGBA,090323a519a8409b61444defe221193bced4d988a90c526be10bf82829f3f5d2,1ff811aca9ae33b2dbee083ce93e531543e5cc5fb28ff21a2fe3f7be2b40e622,,,,,,,,,,,,,,,,,,,,,,,
fauna,Alpaca,Alpaca,PASS,PASS,FAIL,True,Camels,HIGH,,PASS,PASS,PASS,PASS,PASS,PASS,PASS,"The current long-necked, woolly camelid silhouette, small head, upright ears and compact legs are sufficiently recognizable at this stylized scale.",Alpaca.png,440,440,RGBA,c03abde175b913ed686746c6405439441032295273abe929d34b0f79e7071206,76238edbee977e9722c4080cee7018bc23504463fc75cf284325ca68faf52b2a,,,,,,,,,,,,,,,,,,,,,,,
fauna,Alpine_Salamander,Alpine Salamander,PASS,PASS,FAIL,True,Salamanders,HIGH,,PASS,PASS,PASS,PASS,PASS,PASS,PASS,"The low salamander body, four splayed limbs and dark coloration are sufficiently readable; leave the current stylized form alone.",Alpine_Salamander.png,440,440,RGBA,c1212554b185c82cfd88285abd907dfe21d461c1a4a955e316d1f87e4f576f62,de7c54054dd24fc10d99a46214a8ac373cb2442f1f1da445c8138e9a7c08d5fe,,,,,,,,,,,,,,,,,,,,,,,
fauna,Angelfish,Angelfish,PASS,PASS,HOLD,True,Reef fish,MEDIUM,,PASS,PASS,PASS,PASS,PASS,PASS,PASS,"The deep laterally compressed body, tall dorsal/anal fins and trailing rays now clearly read as an angelfish.",Angelfish.png,440,440,RGBA,ff5e5b9da2fa4a183f3144f73166802fdaa44c3e428634af2c34a831a37b9ad5,ef2db5927387819acb45fecf8eecb0aa5c0b807e48d19f1bc8ce87aec5a98ca3,,,,,,,,,,,,,,,,,,,,,,,
fauna,Armadillo,Armadillo,PASS,PASS,PASS,True,Armadillos and relatives,LOW,,PASS,PASS,PASS,PASS,PASS,PASS,PASS,PASS — Leave alone at the current stylized resolution. Major body regions and defining silhouette are sufficiently represented.,Armadillo.png,440,440,RGBA,33cd5b904f7b6cce4b9ffd88b7fd7024ace137cb67d8ce54ffbd5d0fe43c3b70,82cb6c346f40c005ac0dfe20c7df8d85a1c48bc77b571f81f11bbad5126b2c23,,,,,,,,,,,,,,,,,,,,,,,
fauna,Barreleye,Barreleye,PASS,PASS,PASS,True,Strange deep-sea fish,LOW,,PASS,PASS,PASS,PASS,PASS,PASS,PASS,PASS — Leave alone at the current stylized resolution. Major body regions and defining silhouette are sufficiently represented.,Barreleye.png,440,440,RGBA,9c035ebe58dc9a6757b8095d3838e54669fff02615e3cd76309c61ccab625e1e,200370d1d11c33076d9a7c3bb77262a990d7dc8de25d73b56c3ce11fadc756f5,,,,,,,,,,,,,,,,,,,,,,,
fauna,Basking_Shark,Basking Shark,PASS,PASS,PASS,True,Sharks,LOW,,PASS,PASS,PASS,PASS,PASS,PASS,PASS,PASS — Leave alone at the current stylized resolution. Major body regions and defining silhouette are sufficiently represented.,Basking_Shark.png,440,440,RGBA,1134ed987036ea1a9d784895a221d14d7156f9ace27e35ac357bfcf716cd2761,a20a353b277ae280b760fdac912144dc451515ae80debee9bc7709db0d5eb550,,,,,,,,,,,,,,,,,,,,,,,
fauna,Bull,Bull,PASS,PASS,FAIL,True,Cattle and bovids,HIGH,,PASS,PASS,PASS,PASS,PASS,PASS,PASS,"The current bovine torso, horns, head and stance are sufficiently recognizable as a bull at the project’s stylized scale.",Bull.png,440,440,RGBA,211e9ac47f6754381cc72ab05abd83eb7c1b064d46d59a34adb57f17d791ac46,1a0bea2ee8820686d4ba4f255c92fa68dfbd14952472d4f1b57f447876f1b861,,,,,,,,,,,,,,,,,,,,,,,
fauna,Bumblebee,Bumblebee,PASS,PASS,FAIL,True,Bees,HIGH,,PASS,PASS,PASS,PASS,PASS,PASS,PASS,"The round striped body, wings and insect segmentation are readable; leave alone.",Bumblebee.png,440,440,RGBA,2a13d885841019053fb5c98465abe13887345b691b85c7303e104c6fe86d29a8,c2a54c03668df104b2a01b5754dbdf37f78d06c9eb9b66076f9ce13ceaf13a1c,,,,,,,,,,,,,,,,,,,,,,,
fauna,Butterfly,Butterfly,PASS,PASS,PASS,True,Insects,LOW,,PASS,PASS,PASS,PASS,PASS,PASS,PASS,PASS — Leave alone at the current stylized resolution. Major body regions and defining silhouette are sufficiently represented.,Butterfly.png,440,440,RGBA,20437108a2c9f3c9c2b4681f7e915b7211a17045463ca68c6ef75c7bebd4e7f5,7d20c738ae3c0f6cb2237eee3c117ae0e30cc9efd765e2edd4bd6cd0d133ee54,,,,,,,,,,,,,,,,,,,,,,,
fauna,Butterflyfish,Butterflyfish,PASS,PASS,FAIL,True,Reef fish,LOW,,PASS,PASS,PASS,PASS,PASS,PASS,PASS,"The deep reef-fish body, dorsal spines and eye-marking treatment are recognizable enough for the stylized catalog.",Butterflyfish.png,440,440,RGBA,83fadaa5c6ed5ebb21699337809c5e3a80b999d2fd419f410c9de85e6288c53c,d1b78f1b6445b05cd1c90ebf3c2c3e945d1beed1eb3686bcb3530e617a6f5f46,,,,,,,,,,,,,,,,,,,,,,,
fauna,Cattle,Cattle,PASS,PASS,FAIL,True,Other or uncertain,HIGH,,PASS,PASS,PASS,PASS,PASS,PASS,PASS,"The bovine head, torso, horns and stance are coherent enough; leave alone.",Cattle.png,440,440,RGBA,28b1588955b09c45b9d41fa54a9eb83c994dceef5f73506c0a28c5fd71fa722f,5da405ab7458590f86d50a192381b2e659d5194980d0b36a5e1919914fa30ef6,,,,,,,,,,,,,,,,,,,,,,,
fauna,Dragonfly,Dragonfly,PASS,PASS,PASS,True,Dragonflies,LOW,,PASS,PASS,PASS,PASS,PASS,PASS,PASS,The adult now has a long segmented abdomen and two wing pairs; the silhouette is sufficiently recognizable.,Dragonfly.png,440,440,RGBA,fc9a9f790489288be17577be5a137f596241e3501c28aa44ec6da17a23ff5a38,80bc0b1a3282d3f0a36d7eeadda6fb42a435a2cbb7456ea9e8e34046339723bf,,,,,,,,,,,,,,,,,,,,,,,
fauna,Fangtooth,Fangtooth,PASS,PASS,PASS,True,Strange deep-sea fish,LOW,,PASS,PASS,PASS,PASS,PASS,PASS,PASS,PASS — Leave alone at the current stylized resolution. Major body regions and defining silhouette are sufficiently represented.,Fangtooth.png,440,440,RGBA,e3d711faacaece03607162ee6fd533c11d4e23ab10d78dc8979364464302fa28,c964f51f91cd79c57b9f317bc81a75f6df173d9bd281cb7539837631d5988dce,,,,,,,,,,,,,,,,,,,,,,,
fauna,Fiddler_Crab,Fiddler Crab,PASS,PASS,PASS,True,Ice and cave insects,LOW,,PASS,PASS,PASS,PASS,PASS,PASS,PASS,PASS — Leave alone at the current stylized resolution. Major body regions and defining silhouette are sufficiently represented.,Fiddler_Crab.png,440,440,RGBA,17fbe2e9c8954c661e32e05a6aa68f5bccd9dc5412ad480369ef9bdd2a896f23,4a712a5a9f33a32eb2e9675ac42c4d4bb342b8558a15d86e90e0fa411b04cba4,,,,,,,,,,,,,,,,,,,,,,,
fauna,Fly_Larvae,Fly Larvae,PASS,PASS,PASS,True,Insects,LOW,,PASS,PASS,PASS,PASS,PASS,PASS,PASS,PASS — Leave alone at the current stylized resolution. Major body regions and defining silhouette are sufficiently represented.,Fly_Larvae.png,440,440,RGBA,f93b92cdd225d9aaa6e0057a8e997250708636cb7b6809555e10c502cd5cdfd2,0bff8ad7f377b08ca61e3501b969137f259111816fb380a224bf53b09c313c05,,,,,,,,,,,,,,,,,,,,,,,
fauna,Flying_Fish,Flying Fish,PASS,PASS,PASS,True,Flying and climbing fish,LOW,,PASS,PASS,PASS,PASS,PASS,PASS,PASS,PASS — Leave alone at the current stylized resolution. Major body regions and defining silhouette are sufficiently represented.,Flying_Fish.png,440,440,RGBA,3c6d3464cd1cceaa2acc8260bfca735d4dc3b64c125ea8bf61a6ae8c710cb0fa,c38ff7e15c193f93007ff3ece64aec0016f80a863807f1e4bea8899d981a1ea7,,,,,,,,,,,,,,,,,,,,,,,
fauna,Flying_Gurnard,Flying Gurnard,PASS,PASS,PASS,True,Other or uncertain,LOW,,PASS,PASS,PASS,PASS,PASS,PASS,PASS,PASS — Leave alone at the current stylized resolution. Major body regions and defining silhouette are sufficiently represented.,Flying_Gurnard.png,440,440,RGBA,273c65fe9ad70f9fdf7ef56162f8325ad4d1523388fbc67172a81a3f49983a9c,8f84d4a7619982da69ce094980bba87ca91120a89b7081dba549452849dcebff,,,,,,,,,,,,,,,,,,,,,,,
fauna,Gerenuk,Gerenuk,PASS,PASS,PASS,True,Other or uncertain,LOW,,PASS,PASS,PASS,PASS,PASS,PASS,PASS,PASS — Leave alone at the current stylized resolution. Major body regions and defining silhouette are sufficiently represented.,Gerenuk.png,440,440,RGBA,8531ac24b352fa977bc5b2e8db70340f89ec25ca74400937ccc7edc89c85086d,34ac0d17e8fac29fa6b0ea2028ab11436d32000233118251b64a0195468374ae,,,,,,,,,,,,,,,,,,,,,,,
fauna,Giant_Isopod,Giant Isopod,PASS,PASS,FAIL,True,Crustaceans,HIGH,,PASS,PASS,PASS,PASS,PASS,PASS,PASS,"The segmented plated body, many legs and deep-sea isopod silhouette are recognizable.",Giant_Isopod.png,440,440,RGBA,d2e1c6625cbeb95b5bbcc7f115bb4a2c9a0ba8af2a4c029326382dd69308ea45,53dc8206682d715186ec2bbcbc40caec8f7be8180e92df6fae39e242c94b1ad3,,,,,,,,,,,,,,,,,,,,,,,
fauna,Giant_Water_Bug,Giant Water Bug,PASS,PASS,FAIL,True,True bugs,HIGH,,PASS,PASS,PASS,PASS,PASS,PASS,PASS,The broad flattened bug body and enlarged grasping forelegs now read sufficiently well.,Giant_Water_Bug.png,440,440,RGBA,2a128d348402190dd894837fa62c86ed73e26e896e99c31225aa5e8ba1ce530c,ad792580026bb0c3186eb820c26b40e73204707993ffe0a70efd716be576829d,,,,,,,,,,,,,,,,,,,,,,,
fauna,Goat,Goat,PASS,PASS,FAIL,True,Sheep and goats,HIGH,,PASS,PASS,PASS,PASS,PASS,PASS,PASS,"The current caprine body, head, horns and hooves are sufficiently recognizable.",Goat.png,440,440,RGBA,485aa5e0a0551a13f492e39d4d41cb481dc0ba88b21dda2d420e6cf338e5f3c8,3d0082c0dae3a71c48c53c420561f3438cdef11c752ad2a27953169b1a0b8fb6,,,,,,,,,,,,,,,,,,,,,,,
fauna,Hammerhead_Shark,Hammerhead Shark,PASS,PASS,FAIL,True,Sharks,HIGH,,PASS,PASS,PASS,PASS,PASS,PASS,PASS,"The lateral hammer-shaped head, shark body and fins are readable; leave alone.",Hammerhead_Shark.png,440,440,RGBA,300c274b5a2ded9dd5df9bfaa27396d80b443123ea294a8162315237aade9c24,cc15d0f0187399afad8da4062892639dccc40b440ae36f7f9694c555f3727ea2,,,,,,,,,,,,,,,,,,,,,,,
fauna,Honeybee,Honeybee,PASS,PASS,FAIL,True,Bees,HIGH,,PASS,PASS,PASS,PASS,PASS,PASS,PASS,"Striped abdomen, wings and insect structure are readable enough.",Honeybee.png,440,440,RGBA,2aa16b83b1f350a113281ea9f6d1a7b5365af2a9702cfd2bffc3eb2a3ff1aef5,00b511bd96cf3da8189147b19887dfb0a9081cee1d16903fe5995ee6a37f6dec,,,,,,,,,,,,,,,,,,,,,,,
fauna,Horned_Lizard,Horned Lizard,PASS,PASS,FAIL,True,Specialized lizards,HIGH,,PASS,PASS,PASS,PASS,PASS,PASS,PASS,"The broad flattened lizard body, cranial horns and spiny texture are recognizable.",Horned_Lizard.png,440,440,RGBA,b77cb28e83daaf2528890c7936937530b4aecdd2464f171b18d1f08909717ed0,9b7aac3d282ba0209c497ca7fecbf8ea6dec91a54b13bd799cd8a7b704e07b17,,,,,,,,,,,,,,,,,,,,,,,
fauna,Horseshoe_Crab,Horseshoe Crab,PASS,PASS,PASS,False,Ice and cave insects,LOW,,PASS,PASS,PASS,PASS,PASS,PASS,PASS,The broad horseshoe carapace and long rigid tail spine now clearly distinguish it from true crabs.,Horseshoe_Crab.png,440,440,RGBA,fd0267b89bae554df3152acd163c1e039adcafa60cebd9deacd9ac26adf21be2,fd0267b89bae554df3152acd163c1e039adcafa60cebd9deacd9ac26adf21be2,,,,,,,,,,,,,,,,,,,,,,,
fauna,Insect-Eating_Bat,Insect Eating Bat,PASS,PASS,BLOCKER,True,Flying mammals,LOW,,PASS,PASS,PASS,PASS,PASS,PASS,PASS,"The current version is correctly a bat, with wing membranes, ears and mammalian body; the prior classification error is resolved.",Insect-Eating_Bat.png,440,440,RGBA,3af8875159e4c0f0dc475f88f11b0269ddfdf68b3922c311043d3e4c81f69834,99b65fa8142a5dda78df1cb452f4b9380bc116e8c4097a2bea40d2ecf08a744d,,,,,,,,,,,,,,,,,,,,,,,
fauna,Kiwi,Kiwi,PASS,PASS,PASS,False,Flightless birds,LOW,,PASS,PASS,PASS,PASS,PASS,PASS,PASS,"The current fuzzy round flightless body, long slender bill and short legs are clearly recognizable as a kiwi.",Kiwi.png,440,440,RGBA,12df003186d02718a86ee93a28acd93757558bb92f7be25e1a4c0d523d305e20,12df003186d02718a86ee93a28acd93757558bb92f7be25e1a4c0d523d305e20,,,,,,,,,,,,,,,,,,,,,,,
fauna,Koala,Koala,PASS,PASS,PASS,False,Marsupials,LOW,,PASS,PASS,PASS,PASS,PASS,PASS,PASS,"The round ears, large dark nose, compact climbing body and tree attachment are recognizable.",Koala.png,440,440,RGBA,2812501392072134455b731343181bb81de82fce079da09abcf2e6270d01e8f5,2812501392072134455b731343181bb81de82fce079da09abcf2e6270d01e8f5,,,,,,,,,,,,,,,,,,,,,,,
fauna,Lamprey,Lamprey,PASS,PASS,PASS,False,Primitive fish,LOW,,PASS,PASS,PASS,PASS,PASS,PASS,PASS,PASS — Leave alone at the current stylized resolution. Major body regions and defining silhouette are sufficiently represented.,Lamprey.png,440,440,RGBA,a731ab8398a0cd91cbc480b52aadb19cea3796cdc2c04ae421c26701cc88e7f5,a731ab8398a0cd91cbc480b52aadb19cea3796cdc2c04ae421c26701cc88e7f5,,,,,,,,,,,,,,,,,,,,,,,
fauna,Locust,Locust,PASS,PASS,FAIL,True,Grasshoppers and relatives,HIGH,,PASS,PASS,PASS,PASS,PASS,PASS,PASS,"The enlarged hind legs, wings and segmented insect body are sufficiently readable.",Locust.png,440,440,RGBA,357bb70d6636d686893a87c40a804195e1235adb7ad4f2c1c747754ea240a567,7a81b122fd01df368c2d927f24adaf0395a284fd2207fa6416d35395204d1aa6,,,,,,,,,,,,,,,,,,,,,,,
fauna,Macaw,Macaw,PASS,PASS,FAIL,True,Parrots,HIGH,,PASS,PASS,PASS,PASS,PASS,PASS,PASS,"The bright parrot body, hooked-bill direction and long tail are sufficiently recognizable.",Macaw.png,440,440,RGBA,785623ce7587c7c2ab00eae8b89064f008687af04e5865136ec262efed74d8e4,ff4397d5fb9ecabe5248442f825b82780dc774ca2d16b6bfdb1b8f2b33b97c6e,,,,,,,,,,,,,,,,,,,,,,,
fauna,Manatee,Manatee,PASS,PASS,PASS,False,Marine mammals,LOW,,PASS,PASS,PASS,PASS,PASS,PASS,PASS,PASS — Leave alone at the current stylized resolution. Major body regions and defining silhouette are sufficiently represented.,Manatee.png,440,440,RGBA,8cd6213ccc1d2841fa8b32d884d6299451f92eb30653809efe02b8f3cdd7d64b,8cd6213ccc1d2841fa8b32d884d6299451f92eb30653809efe02b8f3cdd7d64b,,,,,,,,,,,,,,,,,,,,,,,
fauna,Mantis,Mantis,PASS,PASS,FAIL,True,Insects,HIGH,,PASS,PASS,PASS,PASS,PASS,PASS,PASS,"The triangular head, elongated thorax, wings and grasping forelegs read as a mantis.",Mantis.png,440,440,RGBA,a02cdc4adc7966cde205f91c3c4973439d5cbab5d96952abeca945b2210c962f,0188bdca4a0e6df79557ab69791928fbc5455286f99f0a773525801d7095b6f1,,,,,,,,,,,,,,,,,,,,,,,
fauna,Meerkat,Meerkat,PASS,PASS,FAIL,True,Civets and mongooses,HIGH,,PASS,PASS,PASS,PASS,PASS,PASS,PASS,"The upright sentry posture, small head, long tail and slender body are recognizable.",Meerkat.png,440,440,RGBA,0332d1b91948e76818274a9e4063775267ff371c63ad322380b468b950b02083,29854e969d2855c6be1dd5147e05630d2b4144776c1bb5289edf00c41040f300,,,,,,,,,,,,,,,,,,,,,,,
fauna,Mudskipper,Mudskipper,PASS,PASS,PASS,False,Flying and climbing fish,LOW,,PASS,PASS,PASS,PASS,PASS,PASS,PASS,"The raised eyes, mud-supported posture and enlarged pectoral fins now communicate an amphibious mudskipper.",Mudskipper.png,440,440,RGBA,a2e34e8a4ac5dc58d23e9af74ce0cd2643fd880a3eb5ea0407cb7c5d15056269,a2e34e8a4ac5dc58d23e9af74ce0cd2643fd880a3eb5ea0407cb7c5d15056269,,,,,,,,,,,,,,,,,,,,,,,
fauna,Narwhal,Narwhal,PASS,PASS,FAIL,True,Marine mammals,HIGH,Beluga | Right_Whale | Sperm_Whale,PASS,PASS,PASS,PASS,PASS,PASS,PASS,The whale body and single long tusk are clear.,Narwhal.png,440,440,RGBA,ceb8a4cc07f891f53e6c5e0a073be836ea70519bb148dbfe0cc69e9ae4997b3f,6eb3e0cb5d514e767d01caf5caa64d6d5ae5353c98930f4280419555bb4074bd,,,,,,,,,,,,,,,,,,,,,,,
fauna,Nilgai,Nilgai,PASS,PASS,FAIL,True,Other or uncertain,HIGH,,PASS,PASS,PASS,PASS,PASS,PASS,PASS,"The antelope body, short horns and bovine/antelope proportions are sufficiently recognizable.",Nilgai.png,440,440,RGBA,2d0aacd7c998f3fc2e568c1c73554d0d62b35fa0d5a54e1aaff03ef896491e9e,6229fb624a8e0d887c482d04e7f587343d688a74f627db92de3dd098e771b42e,,,,,,,,,,,,,,,,,,,,,,,
fauna,Orchid_Bee,Orchid Bee,PASS,PASS,FAIL,True,Bees,HIGH,Aphid | Black_Fly | Cicada | Cold-Adapted_Insect | Termite | Thrips,PASS,PASS,PASS,PASS,PASS,PASS,PASS,"The metallic bee body, wings and insect form are readable.",Orchid_Bee.png,440,440,RGBA,b6ed2f3cbf619d1601b3262183f0b477eedbe53e51f5508e5de6bb48f0e1e86e,cd083c191c3c593e39b1c250adc5e1f006ad8bc8e27b5f54fa2d759cdd24e428,,,,,,,,,,,,,,,,,,,,,,,
fauna,Ostrich,Ostrich,PASS,PASS,FAIL,True,Flightless birds,HIGH,,PASS,PASS,PASS,PASS,PASS,PASS,PASS,"The long neck and legs, large flightless torso and reduced wings are sufficiently recognizable.",Ostrich.png,440,440,RGBA,7ecd83ef40dba376a29fe879a985c4df7a184b18295ff8c092623dbd52c70b9b,a9602117ca72d7a70a9b2a72a79dec4da8e03d22a514de215c10d2946bcb04c2,,,,,,,,,,,,,,,,,,,,,,,
fauna,Paddlefish,Paddlefish,PASS,PASS,PASS,True,Primitive fish,LOW,,PASS,PASS,PASS,PASS,PASS,PASS,PASS,PASS — Leave alone at the current stylized resolution. Major body regions and defining silhouette are sufficiently represented.,Paddlefish.png,440,440,RGBA,03b68469dfea237d7246ae483fc455b3e3880b507db440bebc837b63514cd92b,ec28f145ef76bee804261c6bd2a3d904b56fa417655c48fde7413d5ef739f290,,,,,,,,,,,,,,,,,,,,,,,
fauna,Parrot,Parrot,PASS,PASS,FAIL,True,Parrots,HIGH,,PASS,PASS,PASS,PASS,PASS,PASS,PASS,The colored parrot body and long tail are recognizable; leave alone at this scale.,Parrot.png,440,440,RGBA,2766532bf30d7fb2111f15c86893f6bef3341089f3ba0184aa277c0bb152b088,de4088c7a7a286cb0945b9c36432cd6f97015497c8ae627807b21e267ab55442,,,,,,,,,,,,,,,,,,,,,,,
fauna,Poison_Dart_Frog,Poison Dart Frog,PASS,PASS,FAIL,True,Frogs,HIGH,,PASS,PASS,PASS,PASS,PASS,PASS,PASS,The compact frog body and high-contrast aposematic pattern remain distinct and readable.,Poison_Dart_Frog.png,440,440,RGBA,f700bbd49c114faf448a8fbfe157dc0c4801941c5271074adead8b828b31800f,d72790147beb88c42fe6c599d4ebecc4cbb7f71f3858de09bbde3efc1d53fa37,,,,,,,,,,,,,,,,,,,,,,,
fauna,Pyrosome,Pyrosome,PASS,PASS,PASS,False,Gelatinous or colonial marine life,LOW,,PASS,PASS,PASS,PASS,PASS,PASS,PASS,The hollow tubular colonial body and dotted zooid texture now clearly distinguish a pyrosome from a jellyfish.,Pyrosome.png,440,440,RGBA,553be7c87bcd42ecbe00ccf6e09f1c6b2a9d6674bc75ab40a87251afdbfcda73,553be7c87bcd42ecbe00ccf6e09f1c6b2a9d6674bc75ab40a87251afdbfcda73,,,,,,,,,,,,,,,,,,,,,,,
fauna,Rhea,Rhea,PASS,PASS,FAIL,True,Flightless birds,HIGH,,PASS,PASS,PASS,PASS,PASS,PASS,PASS,"The long-legged, long-necked flightless-bird silhouette is recognizable.",Rhea.png,440,440,RGBA,8b042960b9016312bdb2499f9ef3d3685b7263732d2bad118f295d7b559267de,bed72c3189ef524a56654d4e9d952fde25f6de2d592328b76b908845ba968245,,,,,,,,,,,,,,,,,,,,,,,
fauna,Rhinoceros,Rhinoceros,PASS,PASS,HOLD,True,Horses and relatives,MEDIUM,,PASS,PASS,PASS,PASS,PASS,PASS,PASS,"The thick body, short legs and nasal horns now clearly read as a rhinoceros.",Rhinoceros.png,440,440,RGBA,f66eed8a7156721028e777664b8b69e6312827c4646034d8047dc41d68097b26,276b265f4dcd1a6cf205628b84bf967a71485e471dfe0e1ee5582435c7f819a0,,,,,,,,,,,,,,,,,,,,,,,
fauna,Rooster,Rooster,PASS,PASS,FAIL,True,Gamebirds,HIGH,,PASS,PASS,PASS,PASS,PASS,PASS,PASS,"The comb, upright bird body and long tail feathers are readable as a rooster.",Rooster.png,440,440,RGBA,f13b864d309d887080e6454d85da3bc32484d727aaa0d5c5a79a4459a6d42512,e97f4c486227fdf0f0c64e7aae81be4b12daec6c16a02602a6faa081d48af207,,,,,,,,,,,,,,,,,,,,,,,
fauna,Salp,Salp,PASS,PASS,PASS,False,Gelatinous or colonial marine life,LOW,,PASS,PASS,PASS,PASS,PASS,PASS,PASS,The linked translucent barrel-like colony now reads correctly as a salp chain.,Salp.png,440,440,RGBA,eb430f89bc0262eeb54b76debce29786ac0b5be2a12b9d23d46a44b3131ae47a,eb430f89bc0262eeb54b76debce29786ac0b5be2a12b9d23d46a44b3131ae47a,,,,,,,,,,,,,,,,,,,,,,,
fauna,Sea_Squirt,Sea Squirt,PASS,PASS,PASS,False,Gelatinous or colonial marine life,LOW,,PASS,PASS,PASS,PASS,PASS,PASS,PASS,PASS — Leave alone at the current stylized resolution. Major body regions and defining silhouette are sufficiently represented.,Sea_Squirt.png,440,440,RGBA,0d7f38bc64cc9e113731efbd710fc8278ad0c20926c9011058e6c10157a89285,0d7f38bc64cc9e113731efbd710fc8278ad0c20926c9011058e6c10157a89285,,,,,,,,,,,,,,,,,,,,,,,
fauna,Softshell_Turtle,Softshell Turtle,PASS,PASS,FAIL,True,Turtles and tortoises,HIGH,,PASS,PASS,PASS,PASS,PASS,PASS,PASS,The flattened flexible shell and long snout are sufficiently distinct from the hard-shelled turtles.,Softshell_Turtle.png,440,440,RGBA,de83cb2915a8261b874bb1536dac15eecf89ec73c8a97244f9dc2f2f7e4bbb72,07128c55d6a031509578752b84690ad0aeeaa3e8635a4f663304bb1f98cc0938,,,,,,,,,,,,,,,,,,,,,,,
fauna,Spoonbill,Spoonbill,PASS,PASS,PASS,True,Herons and wetland birds,LOW,,PASS,PASS,PASS,PASS,PASS,PASS,PASS,PASS — Leave alone at the current stylized resolution. Major body regions and defining silhouette are sufficiently represented.,Spoonbill.png,440,440,RGBA,add0ead21d8027fe067345cc64be3c2d8bc0808762d9467d815d2380d34dcfef,f176ac5fb76d6fc41a7845fdb05f1e227c6ac646b3d31bc92a2e6716f5186704,,,,,,,,,,,,,,,,,,,,,,,
fauna,Springtail,Springtail,PASS,PASS,PASS,True,Insects,LOW,,PASS,PASS,PASS,PASS,PASS,PASS,PASS,PASS — Leave alone at the current stylized resolution. Major body regions and defining silhouette are sufficiently represented.,Springtail.png,440,440,RGBA,c76531721a9c63ebcd4351e3c08277d89fe280a0e8e18204468147b3c0fb3c98,ca064fc88f9e53806fc6d90c7f53b3fe0a964b3eec6881204fe97cd7e6634a2e,,,,,,,,,,,,,,,,,,,,,,,
fauna,Tardigrade,Tardigrade,PASS,PASS,BLOCKER,True,Other or uncertain,LOW,,PASS,PASS,PASS,PASS,PASS,PASS,PASS,The segmented microscopic body and eight short clawed legs are clearly readable; canonical ownership is now correctly limited to fauna.,Tardigrade.png,440,440,RGBA,5e499a38088f0772720755d507fcd698172c10a69fed06f6b2c624cd692f0106,bee9e87e9aaa8b1acdbe987037674ddbd20e827cdaeaecbeeb507b12d9bfdad1,,,,,,,,,,,,,,,,,,,,,,,
fauna,Tripod_Fish,Tripod Fish,PASS,PASS,PASS,False,Strange deep-sea fish,LOW,,PASS,PASS,PASS,PASS,PASS,PASS,PASS,The elongated support rays now create the defining tripod stance and the fish body remains readable.,Tripod_Fish.png,440,440,RGBA,922c2c55bbd5ace7ef1a777100eb453dcd0fae92de5e09dd646f406d2f25eb5e,922c2c55bbd5ace7ef1a777100eb453dcd0fae92de5e09dd646f406d2f25eb5e,,,,,,,,,,,,,,,,,,,,,,,
fauna,Viperfish,Viperfish,PASS,PASS,FAIL,True,Strange deep-sea fish,LOW,,PASS,PASS,PASS,PASS,PASS,PASS,PASS,"The long deep-sea body, photophores and oversized teeth are readable.",Viperfish.png,440,440,RGBA,1e759c010718c6305339b8e5995e118948360416767bee227d76e6bb3f6d433e,42be9ffb2c2aa9cfa842d7dbf094a3da9ea05d188f805a80c110d49e8666417e,,,,,,,,,,,,,,,,,,,,,,,
fauna,Wasp,Wasp,PASS,PASS,PASS,True,Insects,LOW,,PASS,PASS,PASS,PASS,PASS,PASS,PASS,PASS — Leave alone at the current stylized resolution. Major body regions and defining silhouette are sufficiently represented.,Wasp.png,440,440,RGBA,603a5024dc97c6aee6b455f5f9e62ebb667b0eb9a43e8b14aa2f81b432156ab4,29c76af030ea0e72f2aff654a34061421e3facf1d451f1c604fec6d895a49808,,,,,,,,,,,,,,,,,,,,,,,
fauna,Water_Strider,Water Strider,PASS,PASS,FAIL,True,True bugs,HIGH,Chiton,PASS,PASS,PASS,PASS,PASS,PASS,PASS,The very long surface-spanning legs and narrow body now clearly read as a water strider.,Water_Strider.png,440,440,RGBA,f3bc64d1c57611d2f8ce7d38e9b07c60392467904128a0100546add702c265a5,22f958617b85210789b968587fa3e184dfeae7c28d78137d1155dedac06200c9,,,,,,,,,,,,,,,,,,,,,,,
fauna,Woodpecker,Woodpecker,PASS,PASS,FAIL,True,Woodpeckers,HIGH,,PASS,PASS,PASS,PASS,PASS,PASS,PASS,"The climbing posture on a trunk, pointed bill and bird silhouette are recognizable.",Woodpecker.png,440,440,RGBA,faf2b7ed995b5d87c6fed210995a34221a78cae6b4a56496e8a2e82aade80f7d,4e45df27b611e6b4a523d5f2e599d312e6bd6ee8e08dfbc24719f62d17bdaee9,,,,,,,,,,,,,,,,,,,,,,,
flora,African_Ginger,African Ginger,PASS,PASS,HOLD,True,,,,,,,,,,,The basal leaves and upright flower spike are sufficiently recognizable.,African_Ginger.png,440,440,RGBA,a07329c1dabd2af35e960ec08ad0742ea950aed1b1c84cc3338bcf728ca1de18,a83f47425b172927831887e89ecaaf01a214e6a5909f3202bdc887bed541b3eb,Other plant or harvest type,PASS,PASS,PASS,PASS,PASS,PASS,,,,,,,,,,,,,,,,
flora,Agave,Agave,PASS,PASS,HOLD,True,,,,,,,,,,,The dense basal rosette of thick pointed succulent leaves and flower stalk read correctly.,Agave.png,440,440,RGBA,6e697872d0aceb7b48a8773fb75ff6cba9b50b7bf3a4f7347d952b5472c7aaee,32d3f9dcfa0cb917d5de7a44104bde5a89f4daa9f9eb9b0ae5ffd136b722132f,12. Succulents and Desert Plants,PASS,PASS,PASS,PASS,PASS,PASS,,,,,,,,,,,,,,,,
flora,Air_Plant,Air Plant,PASS,PASS,HOLD,True,,,,,,,,,,,The epiphytic rosette and central bloom are recognizable at this scale.,Air_Plant.png,440,440,RGBA,4bb6ba6569ed37417541672573d812d3a8580e3eec4048b1f67d67fba9fa269d,f1850b0118bfba73615f0aa4b697c8c80dd7b8cd95b4c3faa019925d6b927a9b,17. Parasitic and Unusual Plants,PASS,PASS,PASS,PASS,PASS,PASS,,,,,,,,,,,,,,,,
flora,Beach_Morning_Glory,Beach Morning Glory,PASS,PASS,FAIL,True,,,,,,,,,,,"The creeping vine, rounded leaves and purple flowers are recognizable.",Beach_Morning_Glory.png,440,440,RGBA,2b86e65bf5ea26de801fe03d3c814306cf39a375f9efd3e5cd0c449eaa1b1071,e16587b0f6c1ae6fd8ed2f891267804495aa28903dfac43f0ecf8c70bfc5a029,Other plant or harvest type,PASS,PASS,PASS,PASS,PASS,PASS,,,,,,,,,,,,,,,,
flora,Bladderwrack,Bladderwrack,PASS,PASS,FAIL,True,,,,,,,,,,,The strap-like brown fronds and visible air bladders are recognizable.,Bladderwrack.png,440,440,RGBA,47f779dc31c47f19ae45648e5a371236e32aa999ce7f87c45e72aa0a3455c649,76a4dadba14275f247039a00f842946b714e92415bc02895804ffc81cbd1c237,Other plant or harvest type,PASS,PASS,PASS,PASS,PASS,PASS,,,,,,,,,,,,,,,,
flora,Bromeliad,Bromeliad,PASS,PASS,HOLD,True,,,,,,,,,,,The basal rosette and central flower spike read correctly.,Bromeliad.png,440,440,RGBA,1387fdd43316abf3ee356c44ec149b8b73731c962e8a84403f26fb6e497ecbc2,cab93746f4d53002229677cce3ea250192c32016905cedc743800ffda2fad352,10. Flowering Herbs and Wildflowers,PASS,PASS,PASS,PASS,PASS,PASS,,,,,,,,,,,,,,,,
flora,Cabbage,Cabbage,PASS,PASS,PASS,True,,,,,,,,,,,The current compact layered leafy head reads clearly as cabbage.,Cabbage.png,440,440,RGBA,4ff7e7594ebb09fbd1cf30e8e5b82c00a240dcc3f7765fe848455dae5c5c758f,451dec5103e8bddbfb38389c3a38b2336ad0483409bb1810d83e3aee851df636,Leaf vegetables,PASS,PASS,PASS,PASS,PASS,PASS,,,,,,,,,,,,,,,,
flora,Carrot,Carrot,PASS,PASS,PASS,True,,,,,,,,,,,The orange tapering root and feathery green top are now clearly recognizable.,Carrot.png,440,440,RGBA,8e8022c64d8abb98f2978746b731635ffa90fb0a0246a87aad81918ca160db7b,7741584014980677bc3249ccec22f785b058098519ed5e18f4157e686a5e7ce7,Root vegetables,PASS,PASS,PASS,PASS,PASS,PASS,,,,,,,,,,,,,,,,
flora,Cattail,Cattail,PASS,PASS,HOLD,True,,,,,,,,,,,The grasslike wetland leaves and brown cylindrical flower spikes are recognizable.,Cattail.png,440,440,RGBA,140a0861d938a1305d8f2557b159e155869fc9e5be065e5223ebb75f02868638,0691dffc4df3b1d0adc314956bd8d07f37b05c52dc4aafc79b9d397c227c2bd8,14. Aquatic and Wetland Plants,PASS,PASS,PASS,PASS,PASS,PASS,,,,,,,,,,,,,,,,
flora,Coconut,Coconut,PASS,PASS,PASS,True,,,,,,,,,,,PASS — Leave alone. The source plant or harvest organ has an appropriate growth form and recognizable silhouette.,Coconut.png,440,440,RGBA,ffb20e5464d2657614e2bb241b0279a3eef49860d053f1aa86f2721ce917909d,8a6133f4682e32a1e9ec93be568e206afbc422cb87c028aad811818d306c009a,4. Fruit and Nut Trees,PASS,PASS,PASS,PASS,PASS,PASS,,,,,,,,,,,,,,,,
flora,Corn,Corn,PASS,PASS,PASS,True,,,,,,,,,,,"The tall grass stalk, broad leaves and visible ear now read clearly as corn/maize.",Corn.png,440,440,RGBA,40a8e27e9d190563445e330887a51b26c617e254255c00d4940e8b97546112dd,735ed4e4a83cdab55420c9e004dd2fdd4c3f28069333cf3b68258aa714687476,7. Grain and Staple Crops,PASS,PASS,PASS,PASS,PASS,PASS,,,,,,,,,,,,,,,,
flora,Duckweed,Duckweed,PASS,PASS,HOLD,True,,,,,,,,,,,"The floating leaf cluster on water is recognizable, though scale can remain stylized.",Duckweed.png,440,440,RGBA,0d87525e70289fbd8df18009ec0fcd08f42cd94db54adb792476bb3a580ac31a,eea9ba70ee09365308c07c633cf286436a95d077d784d12a39e48ab5a1d0d054,14. Aquatic and Wetland Plants,PASS,PASS,PASS,PASS,PASS,PASS,,,,,,,,,,,,,,,,
flora,Hemp,Hemp,PASS,PASS,PASS,True,,,,,,,,,,,The palmate serrated leaves and upright herb form now clearly distinguish hemp.,Hemp.png,440,440,RGBA,dd45016b12c2e8907caea15670cf02b86a5eed453af7c0ac5831815452e02ff5,fbd57180e21fe465b10dc3517ebf933edd3d7b4a9a9ab504c848594cd81379e0,Other plant or harvest type,PASS,PASS,PASS,PASS,PASS,PASS,,,,,,,,,,,,,,,,
flora,Joshua_Tree,Joshua Tree,PASS,PASS,HOLD,True,,,,,,,,,,,The branching woody trunk with spiky terminal rosettes now reads correctly as a Joshua tree.,Joshua_Tree.png,440,440,RGBA,1e2c3bc0319ba2837e594187b4ed8bc10dd43138354abc3f432694d9012aa877,3d5f5c8b468a823eb3eadf231f20b3919f0bdff1ddc1b7498384c19bada75b91,Other plant or harvest type,PASS,PASS,PASS,PASS,PASS,PASS,,,,,,,,,,,,,,,,
flora,Kiwi_Fruit,Kiwi Fruit,PASS,PASS,PASS,True,,,,,,,,,,,The climbing vine and attached fuzzy fruits are recognizable.,Kiwi_Fruit.png,440,440,RGBA,417abe00dc5f0a9a5cd9530bf8a207a1b766396d73311a924183f1031282abcc,df1b5c547a96da054e902eea13d7dcedc05df013116063e36b64ebf6439a6364,Other plant or harvest type,PASS,PASS,PASS,PASS,PASS,PASS,,,,,,,,,,,,,,,,
flora,Lotus,Lotus,PASS,PASS,PASS,True,,,,,,,,,,,PASS — Leave alone. The source plant or harvest organ has an appropriate growth form and recognizable silhouette.,Lotus.png,440,440,RGBA,1bd5d667f93e7a7babf8ea51ba93804d183636803ada95cfa2a4e1293354d2b3,baac5b7fc010cbecd118109e380061da059fbf9e3c8529b9b218b3a7793d6a2b,14. Aquatic and Wetland Plants,PASS,PASS,PASS,PASS,PASS,PASS,,,,,,,,,,,,,,,,
flora,Pineapple,Pineapple,PASS,PASS,PASS,False,,,,,,,,,,,"The basal spiny rosette, central pineapple fruit and leafy crown are now clearly recognizable.",Pineapple.png,440,440,RGBA,9b88274f7391ea6d613c4e49bfef31084b01cc53dce20e44cc309630c79ca970,9b88274f7391ea6d613c4e49bfef31084b01cc53dce20e44cc309630c79ca970,Other plant or harvest type,PASS,PASS,PASS,PASS,PASS,PASS,,,,,,,,,,,,,,,,
flora,Rafflesia,Rafflesia,PASS,PASS,PASS,False,,,,,,,,,,,The current ground-level five-lobed fleshy bloom with spotted petals and central opening is recognizable.,Rafflesia.png,440,440,RGBA,eff3eba959e4d1dad44618933d8284d48e31adcf08bf959c0f409100c5b78981,eff3eba959e4d1dad44618933d8284d48e31adcf08bf959c0f409100c5b78981,17. Parasitic and Unusual Plants,PASS,PASS,PASS,PASS,PASS,PASS,,,,,,,,,,,,,,,,
flora,Rhubarb,Rhubarb,PASS,PASS,HOLD,True,,,,,,,,,,,The basal cluster of large leaves on thick red petioles now reads clearly as rhubarb.,Rhubarb.png,440,440,RGBA,1806ea9b4c66b8483b65da7ba940401372955f7f99862eb9269e924834ae8e69,56d9456a200f917ce238cd29042be9bf367258a16d435c147faebec51370d1c9,Other plant or harvest type,PASS,PASS,PASS,PASS,PASS,PASS,,,,,,,,,,,,,,,,
flora,Sea_Lettuce,Sea Lettuce,PASS,PASS,PASS,True,,,,,,,,,,,The broad thin green sheet-like blade now reads correctly as sea lettuce.,Sea_Lettuce.png,440,440,RGBA,57e9fca206a641afbfb44d0b9d3df7bb548797ec345ff0f070847fa58fe6df4d,3dfa47f8322b5947bc927421b7c543bfd216cdd12150fe933c637a51db6268c1,Other plant or harvest type,PASS,PASS,PASS,PASS,PASS,PASS,,,,,,,,,,,,,,,,
flora,Tobacco,Tobacco,PASS,PASS,PASS,False,,,,,,,,,,,The tall broad-leaved herb and terminal pink flower cluster now read clearly as tobacco.,Tobacco.png,440,440,RGBA,ab9b19730cb85e5d7f5a86e4cd6a2a8a6b01858712df28f7a4d75c226adc1eff,ab9b19730cb85e5d7f5a86e4cd6a2a8a6b01858712df28f7a4d75c226adc1eff,Other plant or harvest type,PASS,PASS,PASS,PASS,PASS,PASS,,,,,,,,,,,,,,,,
flora,Watermelon,Watermelon,PASS,PASS,PASS,True,,,,,,,,,,,The creeping vine and attached round fruit are recognizable.,Watermelon.png,440,440,RGBA,03fef2a558647e28dddebcfccde2b843c4873fef9a1a23c23e9eeda8a7660dc9,399ed989fd3c41570cd8e9c1d5ccddcd56bc6702df0e482d340465485cc15945,Other plant or harvest type,PASS,PASS,PASS,PASS,PASS,PASS,,,,,,,,,,,,,,,,
flora,Wild_Strawberry,Wild Strawberry,PASS,PASS,PASS,False,,,,,,,,,,,"The creeping runner, trifoliate leaves, white flowers and red fruit now clearly read as wild strawberry.",Wild_Strawberry.png,440,440,RGBA,0d4ec70731fe72c9cf35778f12a64435280229695caff1713e50dd13fd5d5544,0d4ec70731fe72c9cf35778f12a64435280229695caff1713e50dd13fd5d5544,Other plant or harvest type,PASS,PASS,PASS,PASS,PASS,PASS,,,,,,,,,,,,,,,,
flora,Yucca,Yucca,PASS,PASS,HOLD,True,,,,,,,,,,,The basal sword-leaf rosette and tall white flower stalk are recognizable.,Yucca.png,440,440,RGBA,b70264afadacadca51666a71b98dc8743a231fcfe8dd12a7f79619c29878ae54,85f8f8de83127c6cac4be92d4cd14e289077e58f250b1b915c6425e9dbe0c915,12. Succulents and Desert Plants,PASS,PASS,PASS,PASS,PASS,PASS,,,,,,,,,,,,,,,,
fungi,Bioluminescent_Mushroom,Bioluminescent Mushroom,PASS,PASS,PASS,True,,,,,,,,,,,The cap-and-stem cluster and localized glow are clear.,Bioluminescent_Mushroom.png,440,440,RGBA,b3e25013204b48dc76fb7f7f3929dc7c503a2de4b8afe6fbff5085a059d3b2c6,a277f69e2d28219dc9e0c0a0c9a3f94ef9c295df4ebec7ae0765fa519df85157,,,,,,,,PASS,PASS,PASS,PASS,,,,,,,,,,,,
fungi,Black_Truffle,Black Truffle,PASS,PASS,PASS,True,,,,,,,,,,,The irregular underground fruiting body and cut interior are recognizable.,Black_Truffle.png,440,440,RGBA,2d437a221a9dafafbbbd8f618f192069341f1b3302704a5121abdc84e1793999,403d81d2ddc1ce5056a3313ee55541a86fcec3923302c2758b20d911ddf3120e,,,,,,,,PASS,PASS,PASS,PASS,,,,,,,,,,,,
fungi,Bracket_Fungus,Bracket Fungus,PASS,PASS,PASS,False,,,,,,,,,,,The lateral shelf growth on wood is clear; optional polish is to vary shelf thickness and edge shape.,Bracket_Fungus.png,440,440,RGBA,b3f5e6a614f9160a4517b1e3f542f8ebe4054ce0d20764fe47ce5e597407f426,b3f5e6a614f9160a4517b1e3f542f8ebe4054ce0d20764fe47ce5e597407f426,,,,,,,,PASS,PASS,PASS,PASS,,,,,,,,,,,,
fungi,Coral_Fungus,Coral Fungus,PASS,PASS,PASS,True,,,,,,,,,,,The branching coral-like fruiting body is recognizable.,Coral_Fungus.png,440,440,RGBA,953bbba045110e5dd1be00bb8c19da52ae0d89e325dc01b532fbebbe594a27b7,b936ba0fd7462ea223b8c6ef18696336376ce884b7c864ab7c140402b8b37370,,,,,,,,PASS,PASS,PASS,PASS,,,,,,,,,,,,
fungi,Cordyceps,Cordyceps,PASS,PASS,HOLD,True,,,,,,,,,,,The upright parasitic club-like fruiting bodies on a substrate now read as cordyceps.,Cordyceps.png,440,440,RGBA,c375269fa0d75c7f05b146d0076efc8df6c82229fad5b4fdb2b88e624599230a,cd8eb2ae7583931cb181a9c6211420b06457f3f9dd8b12729ec1248ae68e4c34,,,,,,,,PASS,PASS,PASS,PASS,,,,,,,,,,,,
fungi,Death_Cap,Death Cap,PASS,PASS,FAIL,True,,,,,,,,,,,"The greenish cap, pale stem and basal structure are sufficiently recognizable.",Death_Cap.png,440,440,RGBA,8729d826830e609c946172d9d8fd1b9482c6292dc2557c7a74f6b58ae471ab5a,dce61aecc53f7d74a5b2b6a6e4852ddde25054c881931be254bde9a1c7ad3669,,,,,,,,PASS,PASS,PASS,PASS,,,,,,,,,,,,
fungi,Destroying_Angel,Destroying Angel,PASS,PASS,FAIL,True,,,,,,,,,,,The white cap-and-stem amanita form is recognizable.,Destroying_Angel.png,440,440,RGBA,abea43cb5466560790065da5f606814673ddadc0ce440e6e5a2cab489546936f,810c0ecbdc6a60d3a28a8636b70be66479cf0a1a56e888f1f0df3f1ab31dec83,,,,,,,,PASS,PASS,PASS,PASS,,,,,,,,,,,,
fungi,Enoki,Enoki,PASS,PASS,PASS,True,,,,,,,,,,,The dense cluster of long thin white stems and tiny caps is clear.,Enoki.png,440,440,RGBA,06b52cc7668d26d01b5e3b1763670d045e124f687bcca9a30a08d36c8e750d03,71f98bddff033b20f40551ce29cd9725e5d5f62d5ee4b19de1bf8dcccb45b2b3,,,,,,,,PASS,PASS,PASS,PASS,,,,,,,,,,,,
fungi,Fly_Agaric,Fly Agaric,PASS,PASS,PASS,False,,,,,,,,,,,Red caps with white spots and pale stems are unmistakable.,Fly_Agaric.png,440,440,RGBA,f6b79d2afd93981d1a42335fe5d397feaefd6dd7dbb82ff033f35724ba42a106,f6b79d2afd93981d1a42335fe5d397feaefd6dd7dbb82ff033f35724ba42a106,,,,,,,,PASS,PASS,PASS,PASS,,,,,,,,,,,,
fungi,Giant_Puffball,Giant Puffball,PASS,PASS,PASS,True,,,,,,,,,,,The large round white fruiting bodies read correctly.,Giant_Puffball.png,440,440,RGBA,410229f45a565d0b4fb0c633b41fd8ee571489eda4281a159dc83de090d45a48,57984858f876e2d29e6bb399e749a4a1fd80f6700504858675b71c400022aec5,,,,,,,,PASS,PASS,PASS,PASS,,,,,,,,,,,,
fungi,Jelly_Fungus,Jelly Fungus,PASS,PASS,FAIL,True,,,,,,,,,,,The irregular gelatinous orange lobe is recognizable.,Jelly_Fungus.png,440,440,RGBA,26d51f2820a7bef7d3baf7cfc819b5eae58c90b856579efd51e5ef0e0a5d16e4,9d6e6acb119b00d64eb6414b60d95f779f4c086883469b12b5780aa5dde79765,,,,,,,,PASS,PASS,PASS,PASS,,,,,,,,,,,,
fungi,Maitake,Maitake,PASS,PASS,HOLD,False,,,,,,,,,,,The layered brown rosette of many overlapping fronds is recognizable.,Maitake.png,440,440,RGBA,90816922a0a85eb55b091b54143b601593ee1fee24c24f5c6601819272212e19,90816922a0a85eb55b091b54143b601593ee1fee24c24f5c6601819272212e19,,,,,,,,PASS,PASS,PASS,PASS,,,,,,,,,,,,
fungi,Morel,Morel,PASS,PASS,FAIL,True,,,,,,,,,,,The tall pitted honeycomb cap and pale stem are recognizable.,Morel.png,440,440,RGBA,cef48b19a0a3038212d7c798840ca2c220b5a16ed81b525fcdff9682196a8888,e68360e5aa09d75ad165f25a3e756d1ae80f99638f6e14dc0a72bc27b794318b,,,,,,,,PASS,PASS,PASS,PASS,,,,,,,,,,,,
fungi,Oyster_Mushroom,Oyster Mushroom,PASS,PASS,PASS,False,,,,,,,,,,,The overlapping lateral fan-shaped shelves attached to wood read correctly.,Oyster_Mushroom.png,440,440,RGBA,5524b11980735eac416673d40a5aff4573cf9ed32e6032bdb2ec6e637cf80456,5524b11980735eac416673d40a5aff4573cf9ed32e6032bdb2ec6e637cf80456,,,,,,,,PASS,PASS,PASS,PASS,,,,,,,,,,,,
fungi,Porcini,Porcini,PASS,PASS,HOLD,True,,,,,,,,,,,The stout bolete body with thick stem and rounded brown cap is recognizable.,Porcini.png,440,440,RGBA,e4f38b53a0d3d3f93d30421a9ed29d1eff3eaac87ec7674619622f9a23df56c4,33ee130caa923c14920b292fd978415187ceaf1c9461548083fa2105313f9f86,,,,,,,,PASS,PASS,PASS,PASS,,,,,,,,,,,,
fungi,Reindeer_Lichen,Reindeer Lichen,PASS,PASS,BLOCKER,False,,,,,,,,,,,The pale branching cushion/mat now reads correctly and canonical ownership is confined to fungi.,Reindeer_Lichen.png,440,440,RGBA,215a932e0f3ed38325bd21bdb2598feb6fe0c433543dfd4b115f6244f24b2c4d,215a932e0f3ed38325bd21bdb2598feb6fe0c433543dfd4b115f6244f24b2c4d,,,,,,,,PASS,PASS,PASS,PASS,,,,,,,,,,,,
fungi,Shelf_Fungus,Shelf Fungus,PASS,PASS,PASS,False,,,,,,,,,,,The repeated lateral shelves on wood are clear.,Shelf_Fungus.png,440,440,RGBA,0b6a8a30f590a4923ed585701e6289ca6bded5cfd82f5dca661fa8e4a47a4fc7,0b6a8a30f590a4923ed585701e6289ca6bded5cfd82f5dca661fa8e4a47a4fc7,,,,,,,,PASS,PASS,PASS,PASS,,,,,,,,,,,,
fungi,Shiitake,Shiitake,PASS,PASS,FAIL,True,,,,,,,,,,,The brown cap-and-stem mushrooms are acceptable; optional polish is a broader darker cap and textured surface.,Shiitake.png,440,440,RGBA,2f8e60a17757557a8bc58f8c8d0eee1e2365186f2e40e44f26fb44878afdc047,e2c3d97f563debe253df9ea64fe72d495537e88a779d36e8b99046b832ed0711,,,,,,,,PASS,PASS,PASS,PASS,,,,,,,,,,,,
fungi,Stinkhorn,Stinkhorn,PASS,PASS,HOLD,False,,,,,,,,,,,The tall pale stalks and dark slimy caps are recognizable.,Stinkhorn.png,440,440,RGBA,381cf4e9d0d264a981e03033cdd9386031da867ea1fd6315991308f225e9e198,381cf4e9d0d264a981e03033cdd9386031da867ea1fd6315991308f225e9e198,,,,,,,,PASS,PASS,PASS,PASS,,,,,,,,,,,,
fungi,Turkey_Tail,Turkey Tail,PASS,PASS,HOLD,True,,,,,,,,,,,The layered fan shelves attached to wood are recognizable.,Turkey_Tail.png,440,440,RGBA,0af5396adeb0f8a81c98cbff5a29231d42523459323c77417227255b15dcbb12,fbc43c055e46c4dfa2a9002e2158d9fdcd6ac22b8d63bf90d6411ee32d8dd887,,,,,,,,PASS,PASS,PASS,PASS,,,,,,,,,,,,
microbe,Amoeba,Amoeba,PASS,PASS,PASS,True,,,,,,,,,,,"The irregular cell outline, pseudopod-like lobe, nucleus and vacuoles are recognizable.",Amoeba.png,440,440,RGBA,6598feb6937535ae7f0b897ca0abfcef09d7bfe4cfbb2508fbae70dcff7d4b22,00f1d1a5fb2095c765230df82c08db7e30a451361ff84767c520db0276a8659f,,,,,,,,,,,,PASS,PASS,PASS,PASS,PASS,,,,,,,
microbe,Bioluminescent_Plankton,Bioluminescent Plankton,PASS,PASS,HOLD,True,,,,,,,,,,,The flagellated glowing plankton cells are coherent and readable.,Bioluminescent_Plankton.png,440,440,RGBA,67794fb6dabb70c0470a8280ed67b7456e0fe31ba4b2700987feab7aac6356d1,9e0571913a9a1781da883a1ab9dad5baa9843a18113c50e2097ab89f83a4a963,,,,,,,,,,,,PASS,PASS,PASS,PASS,PASS,,,,,,,
microbe,Cyanobacteria,Cyanobacteria,PASS,PASS,PASS,True,,,,,,,,,,,The long filamentous chains with specialized cells are recognizable.,Cyanobacteria.png,440,440,RGBA,9afbd9438774232757d0e560a080419044b919596cd93b71b5073557ad44bba8,3a57262608d0eb9e353e7f84eeec77cfb89702ac104251be6e7fedfc8b9a0bf9,,,,,,,,,,,,PASS,PASS,PASS,PASS,PASS,,,,,,,
microbe,Diatom,Diatom,PASS,PASS,PASS,True,,,,,,,,,,,The rigid symmetric silica frustule is clear.,Diatom.png,440,440,RGBA,eaa6e3cf523adf71372a83546a8ae835d4d850b4131a982613d7304ac102bbef,04b4479a67a34297c2688a3fcd27c103b2264e92a8a8c6ec0773a804a28df6b5,,,,,,,,,,,,PASS,PASS,PASS,PASS,PASS,,,,,,,
microbe,Foraminiferan,Foraminiferan,PASS,PASS,FAIL,False,,,,,,,,,,,The chambered cluster and radiating pseudopodia now clearly read as a foraminiferan.,Foraminiferan.png,440,440,RGBA,4efe712a8a2877b575b5d9866be35f178c3eed8e9638e19be0b6a2447c94e3a7,4efe712a8a2877b575b5d9866be35f178c3eed8e9638e19be0b6a2447c94e3a7,,,,,,,,,,,,PASS,PASS,PASS,PASS,PASS,,,,,,,
microbe,Paramecium,Paramecium,PASS,PASS,PASS,True,,,,,,,,,,,"The slipper-shaped ciliate body, surface cilia and internal structures are recognizable.",Paramecium.png,440,440,RGBA,7304a4e56767398720450ff82b4e67b831c69626cc766ab743a66e4a6adaa6d0,be74acb3e3308be33c1e0a7819b3ca1f484e3e603ddc1ee082a05177b16974fd,,,,,,,,,,,,PASS,PASS,PASS,PASS,PASS,,,,,,,
microbe,Radiolarian,Radiolarian,PASS,PASS,HOLD,False,,,,,,,,,,,The radial mineral shell and internal geometry are recognizable.,Radiolarian.png,440,440,RGBA,7e957b0a5e7025c495e093a10d0b5a9d223252685c4f308144d9bc4f698935cf,7e957b0a5e7025c495e093a10d0b5a9d223252685c4f308144d9bc4f698935cf,,,,,,,,,,,,PASS,PASS,PASS,PASS,PASS,,,,,,,
procedural,fauna-h0-s0,fauna-h0-s0,PASS,PASS,PASS,True,,,,,,,,,,,"The generated phenotype shows a coherent blend of body/growth plan, appendages, terminal structures and surface material. Earth-species accuracy is not required; leave this combination alone unless runtime animation reveals attachment problems.",fauna-h0-s0.png,440,440,RGBA,2ffb4efd528804bf9045547f84f3b216b9f2941b144b3c2ff4c4d346ed18d345,37be5335faa208955c8468783f3a86debb9290e89ad63c4189174fa3e0c48a03,,,,,,,,,,,,,,,,,fauna,PASS,PASS,PASS,PASS,PASS,PASS
procedural,fauna-h0-s1,fauna-h0-s1,PASS,PASS,PASS,True,,,,,,,,,,,"The generated phenotype shows a coherent blend of body/growth plan, appendages, terminal structures and surface material. Earth-species accuracy is not required; leave this combination alone unless runtime animation reveals attachment problems.",fauna-h0-s1.png,440,440,RGBA,fec5de91ce882bfa6c477228b6d8a8f386d714fa1ada2462a9c1b74b79c192f4,0f26ad5dc48549dc59c56f7e0c97e375672e5315ea9daa1573a4a11cbdfeb1f2,,,,,,,,,,,,,,,,,fauna,PASS,PASS,PASS,PASS,PASS,PASS
procedural,fauna-h0-s10,fauna-h0-s10,PASS,PASS,PASS,True,,,,,,,,,,,"The generated phenotype shows a coherent blend of body/growth plan, appendages, terminal structures and surface material. Earth-species accuracy is not required; leave this combination alone unless runtime animation reveals attachment problems.",fauna-h0-s10.png,440,440,RGBA,9b29c21db362af0c8b3ee34e1433515076160cd14fab185f1195ac3df05c9f69,aaba5e1b59db109a1a5d41d70ff010e299c68996bcffc363dca5bea92b9960c5,,,,,,,,,,,,,,,,,fauna,PASS,PASS,PASS,PASS,PASS,PASS
procedural,fauna-h0-s11,fauna-h0-s11,PASS,PASS,PASS,False,,,,,,,,,,,"The generated phenotype shows a coherent blend of body/growth plan, appendages, terminal structures and surface material. Earth-species accuracy is not required; leave this combination alone unless runtime animation reveals attachment problems.",fauna-h0-s11.png,440,440,RGBA,46fa93407af6c152169e1d9e8aa04f3df221f7eb3211ce151500b1c969947e2c,46fa93407af6c152169e1d9e8aa04f3df221f7eb3211ce151500b1c969947e2c,,,,,,,,,,,,,,,,,fauna,PASS,PASS,PASS,PASS,PASS,PASS
procedural,fauna-h0-s12,fauna-h0-s12,PASS,PASS,PASS,True,,,,,,,,,,,"The generated phenotype shows a coherent blend of body/growth plan, appendages, terminal structures and surface material. Earth-species accuracy is not required; leave this combination alone unless runtime animation reveals attachment problems.",fauna-h0-s12.png,440,440,RGBA,6fe0d6bf847b2f9551fb4ce27148ca74070b6c7bd879c5f52dde25e32ae6a5df,b50a27dc348992de5c6189c919eea5352e2e52ae67f536325b980a3773c7ac31,,,,,,,,,,,,,,,,,fauna,PASS,PASS,PASS,PASS,PASS,PASS
procedural,fauna-h0-s13,fauna-h0-s13,PASS,PASS,PASS,True,,,,,,,,,,,"The generated phenotype shows a coherent blend of body/growth plan, appendages, terminal structures and surface material. Earth-species accuracy is not required; leave this combination alone unless runtime animation reveals attachment problems.",fauna-h0-s13.png,440,440,RGBA,918e2a8b016e9888494d4342796c3d69390dc76677231dff463267dd759bdf3e,d8877c61ef57524a3bf03fc6c516e210250e7b91d47da49c4339d44e250ca52a,,,,,,,,,,,,,,,,,fauna,PASS,PASS,PASS,PASS,PASS,PASS
procedural,fauna-h0-s14,fauna-h0-s14,PASS,PASS,PASS,True,,,,,,,,,,,"The generated phenotype shows a coherent blend of body/growth plan, appendages, terminal structures and surface material. Earth-species accuracy is not required; leave this combination alone unless runtime animation reveals attachment problems.",fauna-h0-s14.png,440,440,RGBA,1c17e363605893468855b3c1bee932312d3a00a95b5a507a4f4d9d28470eead7,d304f6ebfd46b7902e27a5aa067e6f5848083f78d528d2a388ce1008fdfd4411,,,,,,,,,,,,,,,,,fauna,PASS,PASS,PASS,PASS,PASS,PASS
procedural,fauna-h0-s16,fauna-h0-s16,PASS,PASS,PASS,False,,,,,,,,,,,"The generated phenotype shows a coherent blend of body/growth plan, appendages, terminal structures and surface material. Earth-species accuracy is not required; leave this combination alone unless runtime animation reveals attachment problems.",fauna-h0-s16.png,440,440,RGBA,6e3cdbbed7f5958212a7a60acee2495f42708e2d253807e07459d378044352df,6e3cdbbed7f5958212a7a60acee2495f42708e2d253807e07459d378044352df,,,,,,,,,,,,,,,,,fauna,PASS,PASS,PASS,PASS,PASS,PASS
procedural,fauna-h0-s17,fauna-h0-s17,PASS,PASS,PASS,True,,,,,,,,,,,"The generated phenotype shows a coherent blend of body/growth plan, appendages, terminal structures and surface material. Earth-species accuracy is not required; leave this combination alone unless runtime animation reveals attachment problems.",fauna-h0-s17.png,440,440,RGBA,b87c47dba9a115c2eff3c5827d5bbb3d28e9ae65dfb9d35997e4fc8d6716a6ad,8d81e46c27370d42e90a10e4a36894d43377122dc78cc8267d6fec2292100dcb,,,,,,,,,,,,,,,,,fauna,PASS,PASS,PASS,PASS,PASS,PASS
procedural,fauna-h0-s18,fauna-h0-s18,PASS,PASS,PASS,True,,,,,,,,,,,"The generated phenotype shows a coherent blend of body/growth plan, appendages, terminal structures and surface material. Earth-species accuracy is not required; leave this combination alone unless runtime animation reveals attachment problems.",fauna-h0-s18.png,440,440,RGBA,b4a5b118c63831f0b24c640c2fd3e04d952d380852932cdf4a5e4786117054a6,234293bc75dbb3b8c88548eca3b91efd837c93d2a281625c78ad1badcfbc7ca1,,,,,,,,,,,,,,,,,fauna,PASS,PASS,PASS,PASS,PASS,PASS
procedural,fauna-h0-s19,fauna-h0-s19,PASS,PASS,PASS,True,,,,,,,,,,,"The generated phenotype shows a coherent blend of body/growth plan, appendages, terminal structures and surface material. Earth-species accuracy is not required; leave this combination alone unless runtime animation reveals attachment problems.",fauna-h0-s19.png,440,440,RGBA,65c31d8a9657399f68e9271f0582bf386eac5f1252feb71eede8092ea949a4f4,0683f1752560080c7140a81aae0864cd86d4a472bf31be92be98e6028b13a354,,,,,,,,,,,,,,,,,fauna,PASS,PASS,PASS,PASS,PASS,PASS
procedural,fauna-h0-s2,fauna-h0-s2,PASS,PASS,PASS,True,,,,,,,,,,,"The generated phenotype shows a coherent blend of body/growth plan, appendages, terminal structures and surface material. Earth-species accuracy is not required; leave this combination alone unless runtime animation reveals attachment problems.",fauna-h0-s2.png,440,440,RGBA,a73aa995f6be532a71a3cff3f29cf13d6537a812de89beb3330b85913f149118,fbb3e502d201e23fb1dbbd4edcd2ba2ba89e3741b5193ab74b74f720f1cc5163,,,,,,,,,,,,,,,,,fauna,PASS,PASS,PASS,PASS,PASS,PASS
procedural,fauna-h0-s3,fauna-h0-s3,PASS,PASS,PASS,True,,,,,,,,,,,"The generated phenotype shows a coherent blend of body/growth plan, appendages, terminal structures and surface material. Earth-species accuracy is not required; leave this combination alone unless runtime animation reveals attachment problems.",fauna-h0-s3.png,440,440,RGBA,e92fe8a72720015c8ffe37b72482b10e3fbffc985f4505b8e8c21dff9d04c071,701dd1c6e9d2a2df00df7f2fba341600a56d7a1b4e34bd8d0d84b94ce3441801,,,,,,,,,,,,,,,,,fauna,PASS,PASS,PASS,PASS,PASS,PASS
procedural,fauna-h0-s4,fauna-h0-s4,PASS,PASS,PASS,True,,,,,,,,,,,"The generated phenotype shows a coherent blend of body/growth plan, appendages, terminal structures and surface material. Earth-species accuracy is not required; leave this combination alone unless runtime animation reveals attachment problems.",fauna-h0-s4.png,440,440,RGBA,dfc5f0c770aa1e3474803cd3466f88ed2b007b11621d0f9510649343a15cea51,2f0fcee8f38ceb99a98acb7b7a244d96e75977f71bfae10cfc512809173c03dc,,,,,,,,,,,,,,,,,fauna,PASS,PASS,PASS,PASS,PASS,PASS
procedural,fauna-h0-s5,fauna-h0-s5,PASS,PASS,PASS,True,,,,,,,,,,,"The generated phenotype shows a coherent blend of body/growth plan, appendages, terminal structures and surface material. Earth-species accuracy is not required; leave this combination alone unless runtime animation reveals attachment problems.",fauna-h0-s5.png,440,440,RGBA,8674ebd1cd125140dffc2d385611e0ab60f89dbd81b4c63ebf86862db7c951c6,8c3ed0d9e30a6aea9f6c0f0592a169e6caf663c4869cc528da289f28c65ea062,,,,,,,,,,,,,,,,,fauna,PASS,PASS,PASS,PASS,PASS,PASS
procedural,fauna-h0-s6,fauna-h0-s6,PASS,PASS,PASS,True,,,,,,,,,,,"The generated phenotype shows a coherent blend of body/growth plan, appendages, terminal structures and surface material. Earth-species accuracy is not required; leave this combination alone unless runtime animation reveals attachment problems.",fauna-h0-s6.png,440,440,RGBA,07df780e6a01bb6771916a5c189b17fd60635a5fbf405aeac69031dfe0b8d413,b9134f2881e3cdb9898a658983c461bb0abffb970fd92aace47c1e3939e94b0e,,,,,,,,,,,,,,,,,fauna,PASS,PASS,PASS,PASS,PASS,PASS
procedural,fauna-h0-s7,fauna-h0-s7,PASS,PASS,PASS,False,,,,,,,,,,,"The generated phenotype shows a coherent blend of body/growth plan, appendages, terminal structures and surface material. Earth-species accuracy is not required; leave this combination alone unless runtime animation reveals attachment problems.",fauna-h0-s7.png,440,440,RGBA,1b197e5d32611619b4ba08b27b328a0a478a76e51ea87ecb6b8d75350b61e528,1b197e5d32611619b4ba08b27b328a0a478a76e51ea87ecb6b8d75350b61e528,,,,,,,,,,,,,,,,,fauna,PASS,PASS,PASS,PASS,PASS,PASS
procedural,fauna-h0-s8,fauna-h0-s8,PASS,PASS,PASS,True,,,,,,,,,,,"The generated phenotype shows a coherent blend of body/growth plan, appendages, terminal structures and surface material. Earth-species accuracy is not required; leave this combination alone unless runtime animation reveals attachment problems.",fauna-h0-s8.png,440,440,RGBA,8921441f24653f9e08109d052b538c1184a07fa0b01c305832da7faf852e5d86,ef1fdd8bb7849d996b8013f94fe929a1550a2ff1b6250340f39c2786c0349929,,,,,,,,,,,,,,,,,fauna,PASS,PASS,PASS,PASS,PASS,PASS
procedural,fauna-h0-s9,fauna-h0-s9,PASS,PASS,PASS,True,,,,,,,,,,,"The generated phenotype shows a coherent blend of body/growth plan, appendages, terminal structures and surface material. Earth-species accuracy is not required; leave this combination alone unless runtime animation reveals attachment problems.",fauna-h0-s9.png,440,440,RGBA,0e8e9e019dff980a5782950518ff931f8733bd236bc98a99f1dbb14ae2dd6c58,d7fb68da9966c959db40780832592dbfeedb478cd7a5badf3a2fddaa4cc49737,,,,,,,,,,,,,,,,,fauna,PASS,PASS,PASS,PASS,PASS,PASS
procedural,fauna-h1-s0,fauna-h1-s0,PASS,PASS,PASS,True,,,,,,,,,,,"The generated phenotype shows a coherent blend of body/growth plan, appendages, terminal structures and surface material. Earth-species accuracy is not required; leave this combination alone unless runtime animation reveals attachment problems.",fauna-h1-s0.png,440,440,RGBA,494d4fae8128db7a6258e9076eb66837d103d7a51f43c0ec883a217ba5d61950,78889e2d1ba4a02c52c76fdbe5342b457f368c70603aa236688542e231327121,,,,,,,,,,,,,,,,,fauna,PASS,PASS,PASS,PASS,PASS,PASS
procedural,fauna-h1-s1,fauna-h1-s1,PASS,PASS,PASS,True,,,,,,,,,,,"The generated phenotype shows a coherent blend of body/growth plan, appendages, terminal structures and surface material. Earth-species accuracy is not required; leave this combination alone unless runtime animation reveals attachment problems.",fauna-h1-s1.png,440,440,RGBA,447b88b5f74ceee9c7bc391501d4b484ed268809ca0b1a1fb352e6d28c3caff9,8043e7633242df3c41ec18017c378bb777c16e7b2e99bb3e458b877ede223098,,,,,,,,,,,,,,,,,fauna,PASS,PASS,PASS,PASS,PASS,PASS
procedural,fauna-h1-s10,fauna-h1-s10,PASS,PASS,PASS,True,,,,,,,,,,,"The generated phenotype shows a coherent blend of body/growth plan, appendages, terminal structures and surface material. Earth-species accuracy is not required; leave this combination alone unless runtime animation reveals attachment problems.",fauna-h1-s10.png,440,440,RGBA,5e20d0236d02dd01096dfde03cdbbbcffb6005d73396cc97dcf8194315b38faa,10d8596f78f519b22d8bbf9463c5e5d4c292cc482447106727f7c8b5e086c38a,,,,,,,,,,,,,,,,,fauna,PASS,PASS,PASS,PASS,PASS,PASS
procedural,fauna-h1-s11,fauna-h1-s11,PASS,PASS,PASS,True,,,,,,,,,,,"The generated phenotype shows a coherent blend of body/growth plan, appendages, terminal structures and surface material. Earth-species accuracy is not required; leave this combination alone unless runtime animation reveals attachment problems.",fauna-h1-s11.png,440,440,RGBA,8becbe53fc4cb99968d84822f116ce6c6195f1033bdbaf651c315bf605e5d1b7,36afc01011c5c615cae9799b64f73f871551bdabdc9b298c6dcb7a3baf3fdff7,,,,,,,,,,,,,,,,,fauna,PASS,PASS,PASS,PASS,PASS,PASS
procedural,fauna-h1-s12,fauna-h1-s12,PASS,PASS,PASS,False,,,,,,,,,,,"The generated phenotype shows a coherent blend of body/growth plan, appendages, terminal structures and surface material. Earth-species accuracy is not required; leave this combination alone unless runtime animation reveals attachment problems.",fauna-h1-s12.png,440,440,RGBA,f599a66bf30d01c92ad088c6108a1dfa5c0f1998d118547583db2e9fed200e8b,f599a66bf30d01c92ad088c6108a1dfa5c0f1998d118547583db2e9fed200e8b,,,,,,,,,,,,,,,,,fauna,PASS,PASS,PASS,PASS,PASS,PASS
procedural,fauna-h1-s13,fauna-h1-s13,PASS,PASS,PASS,True,,,,,,,,,,,"The generated phenotype shows a coherent blend of body/growth plan, appendages, terminal structures and surface material. Earth-species accuracy is not required; leave this combination alone unless runtime animation reveals attachment problems.",fauna-h1-s13.png,440,440,RGBA,9e85429bb505214a3d22007c3a593e77beafa0470a2a29fb3b6d605ddca8bfa6,5c5bf57234e168f95d60dd3ad384de3b97a3ae9de5ce69939fc5da9bf18a360d,,,,,,,,,,,,,,,,,fauna,PASS,PASS,PASS,PASS,PASS,PASS
procedural,fauna-h1-s14,fauna-h1-s14,PASS,PASS,PASS,True,,,,,,,,,,,"The generated phenotype shows a coherent blend of body/growth plan, appendages, terminal structures and surface material. Earth-species accuracy is not required; leave this combination alone unless runtime animation reveals attachment problems.",fauna-h1-s14.png,440,440,RGBA,1c74a22ec17643ae020299006cb3d344afdb82733356ba2bf70941ce11b6f625,9ec8186b79b687a44b8133745689a4bc6a3040aeb1f7f08a7f154e9a53ef2fd1,,,,,,,,,,,,,,,,,fauna,PASS,PASS,PASS,PASS,PASS,PASS
procedural,fauna-h1-s15,fauna-h1-s15,PASS,PASS,PASS,True,,,,,,,,,,,"The generated phenotype shows a coherent blend of body/growth plan, appendages, terminal structures and surface material. Earth-species accuracy is not required; leave this combination alone unless runtime animation reveals attachment problems.",fauna-h1-s15.png,440,440,RGBA,1c5ce66f24242e6fed9ac6830c3f837e1fa5a02c8829268fb716ce05be9f6e1b,dafd22c09e236ca7ce0ae2676222dba0e743acc857a7c012e641804dca9cfb5d,,,,,,,,,,,,,,,,,fauna,PASS,PASS,PASS,PASS,PASS,PASS
procedural,fauna-h1-s16,fauna-h1-s16,PASS,PASS,PASS,True,,,,,,,,,,,"The generated phenotype shows a coherent blend of body/growth plan, appendages, terminal structures and surface material. Earth-species accuracy is not required; leave this combination alone unless runtime animation reveals attachment problems.",fauna-h1-s16.png,440,440,RGBA,8c5a3d86fb9247bbc6669f62b785b6b262f82aae56ead0e620b0afbfa1ad42d2,6b4a1626cfb59bcda49127c02794d4efac17210062c1bfd24c92cc5ac9bcd248,,,,,,,,,,,,,,,,,fauna,PASS,PASS,PASS,PASS,PASS,PASS
procedural,fauna-h1-s17,fauna-h1-s17,PASS,PASS,PASS,False,,,,,,,,,,,"The generated phenotype shows a coherent blend of body/growth plan, appendages, terminal structures and surface material. Earth-species accuracy is not required; leave this combination alone unless runtime animation reveals attachment problems.",fauna-h1-s17.png,440,440,RGBA,4f8a445c71ef493df67aa8ded7eba90f3f550893a9c280dcc5b2de93218d54e2,4f8a445c71ef493df67aa8ded7eba90f3f550893a9c280dcc5b2de93218d54e2,,,,,,,,,,,,,,,,,fauna,PASS,PASS,PASS,PASS,PASS,PASS
procedural,fauna-h1-s18,fauna-h1-s18,PASS,PASS,PASS,True,,,,,,,,,,,"The generated phenotype shows a coherent blend of body/growth plan, appendages, terminal structures and surface material. Earth-species accuracy is not required; leave this combination alone unless runtime animation reveals attachment problems.",fauna-h1-s18.png,440,440,RGBA,d79ca53747db02b9acef4e85a066389c0f7f232418b7f784b8062b671906254e,f5b90e20905f2746b1fbf7707e419b501ac95356ed8865667be9529d599a024f,,,,,,,,,,,,,,,,,fauna,PASS,PASS,PASS,PASS,PASS,PASS
procedural,fauna-h1-s19,fauna-h1-s19,PASS,PASS,PASS,False,,,,,,,,,,,"The generated phenotype shows a coherent blend of body/growth plan, appendages, terminal structures and surface material. Earth-species accuracy is not required; leave this combination alone unless runtime animation reveals attachment problems.",fauna-h1-s19.png,440,440,RGBA,865be18f4f788999d00be4199e7a236d18a87dc4f7db3da58d04a191123b21c3,865be18f4f788999d00be4199e7a236d18a87dc4f7db3da58d04a191123b21c3,,,,,,,,,,,,,,,,,fauna,PASS,PASS,PASS,PASS,PASS,PASS
procedural,fauna-h1-s2,fauna-h1-s2,PASS,PASS,PASS,False,,,,,,,,,,,"The generated phenotype shows a coherent blend of body/growth plan, appendages, terminal structures and surface material. Earth-species accuracy is not required; leave this combination alone unless runtime animation reveals attachment problems.",fauna-h1-s2.png,440,440,RGBA,99627b4e7d01cee98f00d0879bdcbd72cad46ab96faf58fc5a21030034c1c607,99627b4e7d01cee98f00d0879bdcbd72cad46ab96faf58fc5a21030034c1c607,,,,,,,,,,,,,,,,,fauna,PASS,PASS,PASS,PASS,PASS,PASS
procedural,fauna-h1-s3,fauna-h1-s3,PASS,PASS,PASS,False,,,,,,,,,,,"The generated phenotype shows a coherent blend of body/growth plan, appendages, terminal structures and surface material. Earth-species accuracy is not required; leave this combination alone unless runtime animation reveals attachment problems.",fauna-h1-s3.png,440,440,RGBA,391f66431551ea32c1b5fd76c2f3e3a18f37562193b08fc7b2f5987e81bce552,391f66431551ea32c1b5fd76c2f3e3a18f37562193b08fc7b2f5987e81bce552,,,,,,,,,,,,,,,,,fauna,PASS,PASS,PASS,PASS,PASS,PASS
procedural,fauna-h1-s4,fauna-h1-s4,PASS,PASS,PASS,True,,,,,,,,,,,"The generated phenotype shows a coherent blend of body/growth plan, appendages, terminal structures and surface material. Earth-species accuracy is not required; leave this combination alone unless runtime animation reveals attachment problems.",fauna-h1-s4.png,440,440,RGBA,4bf9d7ed517c564eea5b88b17afb75ee877a7dba3fa16b7a0bd132fad164b434,d1715e126907ac9d48ee863506acebea93784930a46ae62fe44798f2aede77e6,,,,,,,,,,,,,,,,,fauna,PASS,PASS,PASS,PASS,PASS,PASS
procedural,fauna-h1-s5,fauna-h1-s5,PASS,PASS,PASS,False,,,,,,,,,,,"The generated phenotype shows a coherent blend of body/growth plan, appendages, terminal structures and surface material. Earth-species accuracy is not required; leave this combination alone unless runtime animation reveals attachment problems.",fauna-h1-s5.png,440,440,RGBA,2f4eadb0fc98e72acf62bc39aa1dc2a7ab65997e38103db8654fe86351dc9f1b,2f4eadb0fc98e72acf62bc39aa1dc2a7ab65997e38103db8654fe86351dc9f1b,,,,,,,,,,,,,,,,,fauna,PASS,PASS,PASS,PASS,PASS,PASS
procedural,fauna-h1-s6,fauna-h1-s6,PASS,PASS,PASS,True,,,,,,,,,,,"The generated phenotype shows a coherent blend of body/growth plan, appendages, terminal structures and surface material. Earth-species accuracy is not required; leave this combination alone unless runtime animation reveals attachment problems.",fauna-h1-s6.png,440,440,RGBA,e9b2ab6e8f7fba14ae3068404ca3ba5246860132f343d179dd5109fd05105449,1f31e69c3067395e4b4c8ff3f8789dca850dba2e9c5944a28eb8fddcc9c9f175,,,,,,,,,,,,,,,,,fauna,PASS,PASS,PASS,PASS,PASS,PASS
procedural,fauna-h1-s7,fauna-h1-s7,PASS,PASS,PASS,True,,,,,,,,,,,"The generated phenotype shows a coherent blend of body/growth plan, appendages, terminal structures and surface material. Earth-species accuracy is not required; leave this combination alone unless runtime animation reveals attachment problems.",fauna-h1-s7.png,440,440,RGBA,8cdf99b8b4c1c36d55b3360b39f543648161e52ead1888edf74142bf040de08d,fa52b1eb31e63746a3b98fe4e497b136ee8eecf78837e54861763597764731be,,,,,,,,,,,,,,,,,fauna,PASS,PASS,PASS,PASS,PASS,PASS
procedural,fauna-h1-s8,fauna-h1-s8,PASS,PASS,PASS,False,,,,,,,,,,,"The generated phenotype shows a coherent blend of body/growth plan, appendages, terminal structures and surface material. Earth-species accuracy is not required; leave this combination alone unless runtime animation reveals attachment problems.",fauna-h1-s8.png,440,440,RGBA,5e7c2c0e97875d013058b148959a7d4becc7fcc755a69066dae97e8e86ef0455,5e7c2c0e97875d013058b148959a7d4becc7fcc755a69066dae97e8e86ef0455,,,,,,,,,,,,,,,,,fauna,PASS,PASS,PASS,PASS,PASS,PASS
procedural,fauna-h1-s9,fauna-h1-s9,PASS,PASS,PASS,False,,,,,,,,,,,"The generated phenotype shows a coherent blend of body/growth plan, appendages, terminal structures and surface material. Earth-species accuracy is not required; leave this combination alone unless runtime animation reveals attachment problems.",fauna-h1-s9.png,440,440,RGBA,b5e7e4a1eb5da12807178e05cfc4a7a49b70c5da8a080b4f42572740f53976be,b5e7e4a1eb5da12807178e05cfc4a7a49b70c5da8a080b4f42572740f53976be,,,,,,,,,,,,,,,,,fauna,PASS,PASS,PASS,PASS,PASS,PASS
procedural,fauna-h2-s0,fauna-h2-s0,PASS,PASS,PASS,False,,,,,,,,,,,"The generated phenotype shows a coherent blend of body/growth plan, appendages, terminal structures and surface material. Earth-species accuracy is not required; leave this combination alone unless runtime animation reveals attachment problems.",fauna-h2-s0.png,440,440,RGBA,a891270ee3840da4004adaebe26e6c804696a26700c75ae956f8a5edd34c87e4,a891270ee3840da4004adaebe26e6c804696a26700c75ae956f8a5edd34c87e4,,,,,,,,,,,,,,,,,fauna,PASS,PASS,PASS,PASS,PASS,PASS
procedural,fauna-h2-s1,fauna-h2-s1,PASS,PASS,PASS,True,,,,,,,,,,,"The generated phenotype shows a coherent blend of body/growth plan, appendages, terminal structures and surface material. Earth-species accuracy is not required; leave this combination alone unless runtime animation reveals attachment problems.",fauna-h2-s1.png,440,440,RGBA,ea279d7766fcda3dcf93b40ae00d0a5f49c2580256e14da34bfe728cd4a2e759,ba9f44944a8325255f9ee71860e936d3fee9e7c5973c671b7f08ce9a4ca35a97,,,,,,,,,,,,,,,,,fauna,PASS,PASS,PASS,PASS,PASS,PASS
procedural,fauna-h2-s10,fauna-h2-s10,PASS,PASS,PASS,True,,,,,,,,,,,"The generated phenotype shows a coherent blend of body/growth plan, appendages, terminal structures and surface material. Earth-species accuracy is not required; leave this combination alone unless runtime animation reveals attachment problems.",fauna-h2-s10.png,440,440,RGBA,9511e05d4c2a11d1d8d8a136f7b803d5d4294955b59e060d4edcb9695eee850a,d018cda42fe7c3c7c9293129f9720b9a96b972c45820311476e26729025f3625,,,,,,,,,,,,,,,,,fauna,PASS,PASS,PASS,PASS,PASS,PASS
procedural,fauna-h2-s11,fauna-h2-s11,PASS,PASS,PASS,False,,,,,,,,,,,"The generated phenotype shows a coherent blend of body/growth plan, appendages, terminal structures and surface material. Earth-species accuracy is not required; leave this combination alone unless runtime animation reveals attachment problems.",fauna-h2-s11.png,440,440,RGBA,49d6967b689b4ae67c962b71bb0152ed8d9314f92a21bf411f955bb719a3a669,49d6967b689b4ae67c962b71bb0152ed8d9314f92a21bf411f955bb719a3a669,,,,,,,,,,,,,,,,,fauna,PASS,PASS,PASS,PASS,PASS,PASS
procedural,fauna-h2-s12,fauna-h2-s12,PASS,PASS,PASS,True,,,,,,,,,,,"The generated phenotype shows a coherent blend of body/growth plan, appendages, terminal structures and surface material. Earth-species accuracy is not required; leave this combination alone unless runtime animation reveals attachment problems.",fauna-h2-s12.png,440,440,RGBA,cc7dd108953854a9ba7175e3ac793cf7cee1b0d0f660ec7d0966c76231f00b87,6b7c5825515b63eaf4947152e11185cc3060bdc680ecfe8f279a2f4ca35816c7,,,,,,,,,,,,,,,,,fauna,PASS,PASS,PASS,PASS,PASS,PASS
procedural,fauna-h2-s13,fauna-h2-s13,PASS,PASS,PASS,True,,,,,,,,,,,"The generated phenotype shows a coherent blend of body/growth plan, appendages, terminal structures and surface material. Earth-species accuracy is not required; leave this combination alone unless runtime animation reveals attachment problems.",fauna-h2-s13.png,440,440,RGBA,670e3905b3379a34cee9b60a6045dbbd61fe5290a6f5a48f92f3e32d36d187e2,1d134595b27f16c8974155dd054baac2d2fd12fa60228bc9602ca16136a74dc2,,,,,,,,,,,,,,,,,fauna,PASS,PASS,PASS,PASS,PASS,PASS
procedural,fauna-h2-s14,fauna-h2-s14,PASS,PASS,PASS,False,,,,,,,,,,,"The generated phenotype shows a coherent blend of body/growth plan, appendages, terminal structures and surface material. Earth-species accuracy is not required; leave this combination alone unless runtime animation reveals attachment problems.",fauna-h2-s14.png,440,440,RGBA,63de5636a2ac379af53986898aa0e9396d3ed132720b51256161bbe6eeab4088,63de5636a2ac379af53986898aa0e9396d3ed132720b51256161bbe6eeab4088,,,,,,,,,,,,,,,,,fauna,PASS,PASS,PASS,PASS,PASS,PASS
procedural,fauna-h2-s15,fauna-h2-s15,PASS,PASS,PASS,False,,,,,,,,,,,"The generated phenotype shows a coherent blend of body/growth plan, appendages, terminal structures and surface material. Earth-species accuracy is not required; leave this combination alone unless runtime animation reveals attachment problems.",fauna-h2-s15.png,440,440,RGBA,25ef7a2175da21847bb90959df48c620d953668dcf55c77ae06955e37dfcfc48,25ef7a2175da21847bb90959df48c620d953668dcf55c77ae06955e37dfcfc48,,,,,,,,,,,,,,,,,fauna,PASS,PASS,PASS,PASS,PASS,PASS
procedural,fauna-h2-s16,fauna-h2-s16,PASS,PASS,PASS,True,,,,,,,,,,,"The generated phenotype shows a coherent blend of body/growth plan, appendages, terminal structures and surface material. Earth-species accuracy is not required; leave this combination alone unless runtime animation reveals attachment problems.",fauna-h2-s16.png,440,440,RGBA,a0aceb511ae2ce79332faca725f8356ba902e2df204cc7aeb89fe9f50846b468,8f2c5fdced179b737ff81e4a8f5b14cb1e6f78691007637775f44e0a88a9ef58,,,,,,,,,,,,,,,,,fauna,PASS,PASS,PASS,PASS,PASS,PASS
procedural,fauna-h2-s17,fauna-h2-s17,PASS,PASS,PASS,True,,,,,,,,,,,"The generated phenotype shows a coherent blend of body/growth plan, appendages, terminal structures and surface material. Earth-species accuracy is not required; leave this combination alone unless runtime animation reveals attachment problems.",fauna-h2-s17.png,440,440,RGBA,0ca23979675f3c3a8cc59f0ff8a37bbada9df1fba25f8d88bc50214ae34b0293,039f64fb4585d65ba83275685195efead1d6a45bb07b3ec052be3befed6a3c61,,,,,,,,,,,,,,,,,fauna,PASS,PASS,PASS,PASS,PASS,PASS
procedural,fauna-h2-s18,fauna-h2-s18,PASS,PASS,PASS,True,,,,,,,,,,,"The generated phenotype shows a coherent blend of body/growth plan, appendages, terminal structures and surface material. Earth-species accuracy is not required; leave this combination alone unless runtime animation reveals attachment problems.",fauna-h2-s18.png,440,440,RGBA,8a17424de3264b8643f3016d03e0561263018e812104cedcd76dc21bfd3139e5,34594b0df7485d0ebfd8eb159d90bc90c68f68eedc525ecfc43c70e734042795,,,,,,,,,,,,,,,,,fauna,PASS,PASS,PASS,PASS,PASS,PASS
procedural,fauna-h2-s19,fauna-h2-s19,PASS,PASS,PASS,False,,,,,,,,,,,"The generated phenotype shows a coherent blend of body/growth plan, appendages, terminal structures and surface material. Earth-species accuracy is not required; leave this combination alone unless runtime animation reveals attachment problems.",fauna-h2-s19.png,440,440,RGBA,f32943af7009a6289440e0dece670e06a93f057c46134ee8750ed3d9679a1e93,f32943af7009a6289440e0dece670e06a93f057c46134ee8750ed3d9679a1e93,,,,,,,,,,,,,,,,,fauna,PASS,PASS,PASS,PASS,PASS,PASS
procedural,fauna-h2-s2,fauna-h2-s2,PASS,PASS,PASS,True,,,,,,,,,,,"The generated phenotype shows a coherent blend of body/growth plan, appendages, terminal structures and surface material. Earth-species accuracy is not required; leave this combination alone unless runtime animation reveals attachment problems.",fauna-h2-s2.png,440,440,RGBA,f7645dbebc9d6282f3832957d225b89f2a81177232e59de3a5ecb50557223b04,8901893b24df08f0cb7b8bac13cbcd96219b1c93a2ff99e296346c701e2a2f47,,,,,,,,,,,,,,,,,fauna,PASS,PASS,PASS,PASS,PASS,PASS
procedural,fauna-h2-s3,fauna-h2-s3,PASS,PASS,PASS,True,,,,,,,,,,,"The generated phenotype shows a coherent blend of body/growth plan, appendages, terminal structures and surface material. Earth-species accuracy is not required; leave this combination alone unless runtime animation reveals attachment problems.",fauna-h2-s3.png,440,440,RGBA,7538b1dd3313be1d13b5110e34bdb7f834b788347273e0aae729d29d72caaff5,9c9428e7da350c8cb26c80e923f63e7c063653ad089325515c87358f7f7b7ffc,,,,,,,,,,,,,,,,,fauna,PASS,PASS,PASS,PASS,PASS,PASS
procedural,fauna-h2-s4,fauna-h2-s4,PASS,PASS,PASS,True,,,,,,,,,,,"The generated phenotype shows a coherent blend of body/growth plan, appendages, terminal structures and surface material. Earth-species accuracy is not required; leave this combination alone unless runtime animation reveals attachment problems.",fauna-h2-s4.png,440,440,RGBA,53e4399ce792861b4a0be3667c241c8277394ce2e3a0b37b220aaeee0eee9658,7c6765679432f19509155b79a3ba0b5ea18308486db1d97ac91f51213d7cb8e1,,,,,,,,,,,,,,,,,fauna,PASS,PASS,PASS,PASS,PASS,PASS
procedural,fauna-h2-s5,fauna-h2-s5,PASS,PASS,PASS,True,,,,,,,,,,,"The generated phenotype shows a coherent blend of body/growth plan, appendages, terminal structures and surface material. Earth-species accuracy is not required; leave this combination alone unless runtime animation reveals attachment problems.",fauna-h2-s5.png,440,440,RGBA,27a8a17abf434c3449ed7e21d74b416b459eb1c08ca3d8692f2d2ae6a45c287f,4ace157f842f63c1723176fbbcc2a67870012c725df89c6d4ce0b1e0c20ca294,,,,,,,,,,,,,,,,,fauna,PASS,PASS,PASS,PASS,PASS,PASS
procedural,fauna-h2-s6,fauna-h2-s6,PASS,PASS,PASS,False,,,,,,,,,,,"The generated phenotype shows a coherent blend of body/growth plan, appendages, terminal structures and surface material. Earth-species accuracy is not required; leave this combination alone unless runtime animation reveals attachment problems.",fauna-h2-s6.png,440,440,RGBA,4e749bf03b3d7f58a7cb67937bcdb56d3e19d5ba6294cc25640cc824295e9568,4e749bf03b3d7f58a7cb67937bcdb56d3e19d5ba6294cc25640cc824295e9568,,,,,,,,,,,,,,,,,fauna,PASS,PASS,PASS,PASS,PASS,PASS
procedural,fauna-h2-s7,fauna-h2-s7,PASS,PASS,PASS,True,,,,,,,,,,,"The generated phenotype shows a coherent blend of body/growth plan, appendages, terminal structures and surface material. Earth-species accuracy is not required; leave this combination alone unless runtime animation reveals attachment problems.",fauna-h2-s7.png,440,440,RGBA,90499258713d6f426d496b4195fd8884b473a591eaa681cd7b050eb926671f9d,fa46fe461afe8f3f59905d7009611401ca442f9fc3231bf5e126bf8b3d66c27b,,,,,,,,,,,,,,,,,fauna,PASS,PASS,PASS,PASS,PASS,PASS
procedural,fauna-h2-s8,fauna-h2-s8,PASS,PASS,PASS,False,,,,,,,,,,,"The generated phenotype shows a coherent blend of body/growth plan, appendages, terminal structures and surface material. Earth-species accuracy is not required; leave this combination alone unless runtime animation reveals attachment problems.",fauna-h2-s8.png,440,440,RGBA,3aed950ceb1f32e8f70a3838ec2d33b59feac752b10716d704b2f29e6133c7e8,3aed950ceb1f32e8f70a3838ec2d33b59feac752b10716d704b2f29e6133c7e8,,,,,,,,,,,,,,,,,fauna,PASS,PASS,PASS,PASS,PASS,PASS
procedural,fauna-h2-s9,fauna-h2-s9,PASS,PASS,PASS,False,,,,,,,,,,,"The generated phenotype shows a coherent blend of body/growth plan, appendages, terminal structures and surface material. Earth-species accuracy is not required; leave this combination alone unless runtime animation reveals attachment problems.",fauna-h2-s9.png,440,440,RGBA,f867e6f6a11d92e5e666f5e7751e2bb25c25d1d9ce21cbdd4b8aa7c7c1caf206,f867e6f6a11d92e5e666f5e7751e2bb25c25d1d9ce21cbdd4b8aa7c7c1caf206,,,,,,,,,,,,,,,,,fauna,PASS,PASS,PASS,PASS,PASS,PASS
procedural,flora-h0-s0,flora-h0-s0,PASS,PASS,PASS,True,,,,,,,,,,,"The generated phenotype shows a coherent blend of body/growth plan, appendages, terminal structures and surface material. Earth-species accuracy is not required; leave this combination alone unless runtime animation reveals attachment problems.",flora-h0-s0.png,440,440,RGBA,d294d36a5f0dc06e15e871955fbea9f9442e373d6867acee5c7c68e0cd42c6f9,a0693c12d8f9374e685f349436b7160269bd338396a1bd57a93cf1018cee94b8,,,,,,,,,,,,,,,,,flora,PASS,PASS,PASS,PASS,PASS,PASS
procedural,flora-h0-s1,flora-h0-s1,PASS,PASS,PASS,False,,,,,,,,,,,"The generated phenotype shows a coherent blend of body/growth plan, appendages, terminal structures and surface material. Earth-species accuracy is not required; leave this combination alone unless runtime animation reveals attachment problems.",flora-h0-s1.png,440,440,RGBA,776bc6d40b486070425a1ba67073a6b959d6fef00e7ac23d2512e5686442f644,776bc6d40b486070425a1ba67073a6b959d6fef00e7ac23d2512e5686442f644,,,,,,,,,,,,,,,,,flora,PASS,PASS,PASS,PASS,PASS,PASS
procedural,flora-h0-s10,flora-h0-s10,PASS,PASS,PASS,False,,,,,,,,,,,"The generated phenotype shows a coherent blend of body/growth plan, appendages, terminal structures and surface material. Earth-species accuracy is not required; leave this combination alone unless runtime animation reveals attachment problems.",flora-h0-s10.png,440,440,RGBA,cc91d57c141a7a375d3469adac27bfd159fe150dae81b3e0163e24779bb3639a,cc91d57c141a7a375d3469adac27bfd159fe150dae81b3e0163e24779bb3639a,,,,,,,,,,,,,,,,,flora,PASS,PASS,PASS,PASS,PASS,PASS
procedural,flora-h0-s11,flora-h0-s11,PASS,PASS,PASS,True,,,,,,,,,,,"The generated phenotype shows a coherent blend of body/growth plan, appendages, terminal structures and surface material. Earth-species accuracy is not required; leave this combination alone unless runtime animation reveals attachment problems.",flora-h0-s11.png,440,440,RGBA,c884b631ce061d4cb2c3a56c02184dd75bc055bdb63b69c383740d523f6982ce,df1bff704dcdef7f12a126fd4846a4ad91ac88e62913643797f559fb28531922,,,,,,,,,,,,,,,,,flora,PASS,PASS,PASS,PASS,PASS,PASS
procedural,flora-h0-s12,flora-h0-s12,PASS,PASS,PASS,False,,,,,,,,,,,"The generated phenotype shows a coherent blend of body/growth plan, appendages, terminal structures and surface material. Earth-species accuracy is not required; leave this combination alone unless runtime animation reveals attachment problems.",flora-h0-s12.png,440,440,RGBA,0d4f7f5d06a0178e8aab86d299571a0ebfc691284d2ff80c7a03c26f10418a97,0d4f7f5d06a0178e8aab86d299571a0ebfc691284d2ff80c7a03c26f10418a97,,,,,,,,,,,,,,,,,flora,PASS,PASS,PASS,PASS,PASS,PASS
procedural,flora-h0-s13,flora-h0-s13,PASS,PASS,PASS,False,,,,,,,,,,,"The generated phenotype shows a coherent blend of body/growth plan, appendages, terminal structures and surface material. Earth-species accuracy is not required; leave this combination alone unless runtime animation reveals attachment problems.",flora-h0-s13.png,440,440,RGBA,b99649a963fa6988e668f69b1adbc536fb7da09d39e1a629ff88267ebbd63478,b99649a963fa6988e668f69b1adbc536fb7da09d39e1a629ff88267ebbd63478,,,,,,,,,,,,,,,,,flora,PASS,PASS,PASS,PASS,PASS,PASS
procedural,flora-h0-s14,flora-h0-s14,PASS,PASS,PASS,True,,,,,,,,,,,"The generated phenotype shows a coherent blend of body/growth plan, appendages, terminal structures and surface material. Earth-species accuracy is not required; leave this combination alone unless runtime animation reveals attachment problems.",flora-h0-s14.png,440,440,RGBA,b5d0b6649b95e48e637400ccb07f3a3b8c8ee383b2427994e07f9a32e007ce6b,d61397f7ff711b28da8413243dd63ffd11ef7e7f709616d2fad2209a693dbc3f,,,,,,,,,,,,,,,,,flora,PASS,PASS,PASS,PASS,PASS,PASS
procedural,flora-h0-s15,flora-h0-s15,PASS,PASS,PASS,False,,,,,,,,,,,"The generated phenotype shows a coherent blend of body/growth plan, appendages, terminal structures and surface material. Earth-species accuracy is not required; leave this combination alone unless runtime animation reveals attachment problems.",flora-h0-s15.png,440,440,RGBA,23f4ce7d43482aa72c5aa1920ba0ae1ea7ca59e6c7dd7045722bd561e273e611,23f4ce7d43482aa72c5aa1920ba0ae1ea7ca59e6c7dd7045722bd561e273e611,,,,,,,,,,,,,,,,,flora,PASS,PASS,PASS,PASS,PASS,PASS
procedural,flora-h0-s16,flora-h0-s16,PASS,PASS,PASS,True,,,,,,,,,,,"The generated phenotype shows a coherent blend of body/growth plan, appendages, terminal structures and surface material. Earth-species accuracy is not required; leave this combination alone unless runtime animation reveals attachment problems.",flora-h0-s16.png,440,440,RGBA,f71489ffd396ed0001f2e8ecf4fb806387ea87c40fdcfed5e1d5341782d0a8a4,82f1f60e581bd7f0b25b45aaae0673e6e7c8b487e5b992d2b34679509bb62a60,,,,,,,,,,,,,,,,,flora,PASS,PASS,PASS,PASS,PASS,PASS
procedural,flora-h0-s17,flora-h0-s17,PASS,PASS,PASS,False,,,,,,,,,,,"The generated phenotype shows a coherent blend of body/growth plan, appendages, terminal structures and surface material. Earth-species accuracy is not required; leave this combination alone unless runtime animation reveals attachment problems.",flora-h0-s17.png,440,440,RGBA,18f8a98c6503288c1ac6d0ce023901e575382fc160ef910b734886897dff1a7f,18f8a98c6503288c1ac6d0ce023901e575382fc160ef910b734886897dff1a7f,,,,,,,,,,,,,,,,,flora,PASS,PASS,PASS,PASS,PASS,PASS
procedural,flora-h0-s18,flora-h0-s18,PASS,PASS,PASS,False,,,,,,,,,,,"The generated phenotype shows a coherent blend of body/growth plan, appendages, terminal structures and surface material. Earth-species accuracy is not required; leave this combination alone unless runtime animation reveals attachment problems.",flora-h0-s18.png,440,440,RGBA,19f8f5644ad3df4cf758145877695e291f0d153f401211aa7028d8a289376583,19f8f5644ad3df4cf758145877695e291f0d153f401211aa7028d8a289376583,,,,,,,,,,,,,,,,,flora,PASS,PASS,PASS,PASS,PASS,PASS
procedural,flora-h0-s19,flora-h0-s19,PASS,PASS,PASS,True,,,,,,,,,,,"The generated phenotype shows a coherent blend of body/growth plan, appendages, terminal structures and surface material. Earth-species accuracy is not required; leave this combination alone unless runtime animation reveals attachment problems.",flora-h0-s19.png,440,440,RGBA,d74bc79c20a6cd452c21f38e630e2a0df24f83cbabb7041c38e9dcd00da60477,d2d6daafbff6ad54db78d347ccca66146a2b274d95bd1a2fbdd77efbf34d6f2a,,,,,,,,,,,,,,,,,flora,PASS,PASS,PASS,PASS,PASS,PASS
procedural,flora-h0-s2,flora-h0-s2,PASS,PASS,PASS,False,,,,,,,,,,,"The generated phenotype shows a coherent blend of body/growth plan, appendages, terminal structures and surface material. Earth-species accuracy is not required; leave this combination alone unless runtime animation reveals attachment problems.",flora-h0-s2.png,440,440,RGBA,77ebc0f8ca069a5e926ba75a464a8cf5ea3ccfc1b03b48241c257b121d5542e5,77ebc0f8ca069a5e926ba75a464a8cf5ea3ccfc1b03b48241c257b121d5542e5,,,,,,,,,,,,,,,,,flora,PASS,PASS,PASS,PASS,PASS,PASS
procedural,flora-h0-s3,flora-h0-s3,PASS,PASS,PASS,False,,,,,,,,,,,"The generated phenotype shows a coherent blend of body/growth plan, appendages, terminal structures and surface material. Earth-species accuracy is not required; leave this combination alone unless runtime animation reveals attachment problems.",flora-h0-s3.png,440,440,RGBA,c34fe1533e62e4c85c79ed0ebca8ace3e94a167986cc5e6da2b8b85f30d7e143,c34fe1533e62e4c85c79ed0ebca8ace3e94a167986cc5e6da2b8b85f30d7e143,,,,,,,,,,,,,,,,,flora,PASS,PASS,PASS,PASS,PASS,PASS
procedural,flora-h0-s4,flora-h0-s4,PASS,PASS,PASS,False,,,,,,,,,,,"The generated phenotype shows a coherent blend of body/growth plan, appendages, terminal structures and surface material. Earth-species accuracy is not required; leave this combination alone unless runtime animation reveals attachment problems.",flora-h0-s4.png,440,440,RGBA,5c532f3627022c5aa64c91b5113107177ae8dc32e1ffc0b13d87bf6aff30d0ba,5c532f3627022c5aa64c91b5113107177ae8dc32e1ffc0b13d87bf6aff30d0ba,,,,,,,,,,,,,,,,,flora,PASS,PASS,PASS,PASS,PASS,PASS
procedural,flora-h0-s5,flora-h0-s5,PASS,PASS,PASS,False,,,,,,,,,,,"The generated phenotype shows a coherent blend of body/growth plan, appendages, terminal structures and surface material. Earth-species accuracy is not required; leave this combination alone unless runtime animation reveals attachment problems.",flora-h0-s5.png,440,440,RGBA,f302971e4e010c166840191a3681acd8349be8e23be7ed6896e8160aaecc1ac0,f302971e4e010c166840191a3681acd8349be8e23be7ed6896e8160aaecc1ac0,,,,,,,,,,,,,,,,,flora,PASS,PASS,PASS,PASS,PASS,PASS
procedural,flora-h0-s6,flora-h0-s6,PASS,PASS,PASS,True,,,,,,,,,,,"The generated phenotype shows a coherent blend of body/growth plan, appendages, terminal structures and surface material. Earth-species accuracy is not required; leave this combination alone unless runtime animation reveals attachment problems.",flora-h0-s6.png,440,440,RGBA,445990088d58f66f2db6469c4a32382cdab383131f73d9f944758df5dff6cdac,8da0f4f984421da466e9b8398b5616da60b6ec2a8a703abe9b3fe5a6e3110f50,,,,,,,,,,,,,,,,,flora,PASS,PASS,PASS,PASS,PASS,PASS
procedural,flora-h0-s7,flora-h0-s7,PASS,PASS,PASS,False,,,,,,,,,,,"The generated phenotype shows a coherent blend of body/growth plan, appendages, terminal structures and surface material. Earth-species accuracy is not required; leave this combination alone unless runtime animation reveals attachment problems.",flora-h0-s7.png,440,440,RGBA,92efdac3b302eee9d64d47228dc6f83802441820b004ce8eddc8c1e87f860240,92efdac3b302eee9d64d47228dc6f83802441820b004ce8eddc8c1e87f860240,,,,,,,,,,,,,,,,,flora,PASS,PASS,PASS,PASS,PASS,PASS
procedural,flora-h0-s8,flora-h0-s8,PASS,PASS,PASS,True,,,,,,,,,,,"The generated phenotype shows a coherent blend of body/growth plan, appendages, terminal structures and surface material. Earth-species accuracy is not required; leave this combination alone unless runtime animation reveals attachment problems.",flora-h0-s8.png,440,440,RGBA,113855b00bec4e49b3ab3387453044a157eb02133e05a258da26858881afb6c0,0b8ebf75e7d04e8e1fd2a82940e28994e27c3ea9871da8f2641b02a7c17067f2,,,,,,,,,,,,,,,,,flora,PASS,PASS,PASS,PASS,PASS,PASS
procedural,flora-h0-s9,flora-h0-s9,PASS,PASS,PASS,False,,,,,,,,,,,"The generated phenotype shows a coherent blend of body/growth plan, appendages, terminal structures and surface material. Earth-species accuracy is not required; leave this combination alone unless runtime animation reveals attachment problems.",flora-h0-s9.png,440,440,RGBA,e24b2f47edaf0afa666ee4d3fe00604ca020355a5725a3c767c5b6d4f74a8f7b,e24b2f47edaf0afa666ee4d3fe00604ca020355a5725a3c767c5b6d4f74a8f7b,,,,,,,,,,,,,,,,,flora,PASS,PASS,PASS,PASS,PASS,PASS
procedural,flora-h1-s0,flora-h1-s0,PASS,PASS,PASS,False,,,,,,,,,,,"The generated phenotype shows a coherent blend of body/growth plan, appendages, terminal structures and surface material. Earth-species accuracy is not required; leave this combination alone unless runtime animation reveals attachment problems.",flora-h1-s0.png,440,440,RGBA,07c13bcecf101d19b862bc211d2a2e32d92e846b32d8f8b681ca2b6f2e2d4ff0,07c13bcecf101d19b862bc211d2a2e32d92e846b32d8f8b681ca2b6f2e2d4ff0,,,,,,,,,,,,,,,,,flora,PASS,PASS,PASS,PASS,PASS,PASS
procedural,flora-h1-s1,flora-h1-s1,PASS,PASS,PASS,False,,,,,,,,,,,"The generated phenotype shows a coherent blend of body/growth plan, appendages, terminal structures and surface material. Earth-species accuracy is not required; leave this combination alone unless runtime animation reveals attachment problems.",flora-h1-s1.png,440,440,RGBA,fc46e5ea53fe9abff5e1cd469b345d2ce337d98ede315ce7df4915b0ea497ba8,fc46e5ea53fe9abff5e1cd469b345d2ce337d98ede315ce7df4915b0ea497ba8,,,,,,,,,,,,,,,,,flora,PASS,PASS,PASS,PASS,PASS,PASS
procedural,flora-h1-s10,flora-h1-s10,PASS,PASS,PASS,False,,,,,,,,,,,"The generated phenotype shows a coherent blend of body/growth plan, appendages, terminal structures and surface material. Earth-species accuracy is not required; leave this combination alone unless runtime animation reveals attachment problems.",flora-h1-s10.png,440,440,RGBA,d24b8a940c5d4e731612176866d11c6e027b42dfa06a41291a55bf288cfbb76f,d24b8a940c5d4e731612176866d11c6e027b42dfa06a41291a55bf288cfbb76f,,,,,,,,,,,,,,,,,flora,PASS,PASS,PASS,PASS,PASS,PASS
procedural,flora-h1-s11,flora-h1-s11,PASS,PASS,PASS,False,,,,,,,,,,,"The generated phenotype shows a coherent blend of body/growth plan, appendages, terminal structures and surface material. Earth-species accuracy is not required; leave this combination alone unless runtime animation reveals attachment problems.",flora-h1-s11.png,440,440,RGBA,4d66b449af5d0be6134288fb6dbd40ac2073d224cf544dccd4dd470aec29ee5a,4d66b449af5d0be6134288fb6dbd40ac2073d224cf544dccd4dd470aec29ee5a,,,,,,,,,,,,,,,,,flora,PASS,PASS,PASS,PASS,PASS,PASS
procedural,flora-h1-s12,flora-h1-s12,PASS,PASS,PASS,False,,,,,,,,,,,"The generated phenotype shows a coherent blend of body/growth plan, appendages, terminal structures and surface material. Earth-species accuracy is not required; leave this combination alone unless runtime animation reveals attachment problems.",flora-h1-s12.png,440,440,RGBA,0847bf023c03a5c55c8ce3f87e509f2f8019ba9bc5f8946883c3c7d3da5a9d53,0847bf023c03a5c55c8ce3f87e509f2f8019ba9bc5f8946883c3c7d3da5a9d53,,,,,,,,,,,,,,,,,flora,PASS,PASS,PASS,PASS,PASS,PASS
procedural,flora-h1-s13,flora-h1-s13,PASS,PASS,PASS,False,,,,,,,,,,,"The generated phenotype shows a coherent blend of body/growth plan, appendages, terminal structures and surface material. Earth-species accuracy is not required; leave this combination alone unless runtime animation reveals attachment problems.",flora-h1-s13.png,440,440,RGBA,87bbee398fc6419267fad5fd4ad137f2bf63d4393bd576ba8f637b86aadb07ae,87bbee398fc6419267fad5fd4ad137f2bf63d4393bd576ba8f637b86aadb07ae,,,,,,,,,,,,,,,,,flora,PASS,PASS,PASS,PASS,PASS,PASS
procedural,flora-h1-s14,flora-h1-s14,PASS,PASS,PASS,False,,,,,,,,,,,"The generated phenotype shows a coherent blend of body/growth plan, appendages, terminal structures and surface material. Earth-species accuracy is not required; leave this combination alone unless runtime animation reveals attachment problems.",flora-h1-s14.png,440,440,RGBA,7a7edf2e9d2d48ce1bfd1c078a2ad57b7730f0b2c4c0de5d698e9ff8ea380bf3,7a7edf2e9d2d48ce1bfd1c078a2ad57b7730f0b2c4c0de5d698e9ff8ea380bf3,,,,,,,,,,,,,,,,,flora,PASS,PASS,PASS,PASS,PASS,PASS
procedural,flora-h1-s15,flora-h1-s15,PASS,PASS,PASS,True,,,,,,,,,,,"The generated phenotype shows a coherent blend of body/growth plan, appendages, terminal structures and surface material. Earth-species accuracy is not required; leave this combination alone unless runtime animation reveals attachment problems.",flora-h1-s15.png,440,440,RGBA,032fa954a0dd9703045ce57a2c8023cf3532fd231beafa8d2bc6159697ccc1d8,0bcc84575bf6ef3394041c5eb5df064503fb681d1d5a37815f2e0d35d953b4d0,,,,,,,,,,,,,,,,,flora,PASS,PASS,PASS,PASS,PASS,PASS
procedural,flora-h1-s16,flora-h1-s16,PASS,PASS,PASS,False,,,,,,,,,,,"The generated phenotype shows a coherent blend of body/growth plan, appendages, terminal structures and surface material. Earth-species accuracy is not required; leave this combination alone unless runtime animation reveals attachment problems.",flora-h1-s16.png,440,440,RGBA,978dc939ed4c9829608582afa5070202c99cf7206fbdec1423927f82781e6e1c,978dc939ed4c9829608582afa5070202c99cf7206fbdec1423927f82781e6e1c,,,,,,,,,,,,,,,,,flora,PASS,PASS,PASS,PASS,PASS,PASS
procedural,flora-h1-s17,flora-h1-s17,PASS,PASS,PASS,False,,,,,,,,,,,"The generated phenotype shows a coherent blend of body/growth plan, appendages, terminal structures and surface material. Earth-species accuracy is not required; leave this combination alone unless runtime animation reveals attachment problems.",flora-h1-s17.png,440,440,RGBA,2f92b1e72b7d108829708bec4a63a1a2392dd4fc17679ea4aeba0f9ace3d09f7,2f92b1e72b7d108829708bec4a63a1a2392dd4fc17679ea4aeba0f9ace3d09f7,,,,,,,,,,,,,,,,,flora,PASS,PASS,PASS,PASS,PASS,PASS
procedural,flora-h1-s18,flora-h1-s18,PASS,PASS,PASS,True,,,,,,,,,,,"The generated phenotype shows a coherent blend of body/growth plan, appendages, terminal structures and surface material. Earth-species accuracy is not required; leave this combination alone unless runtime animation reveals attachment problems.",flora-h1-s18.png,440,440,RGBA,0365396678aa148a16a9e76e58fa1494f9526a4efce347f261cdd29f29d80d4d,6335d08d26b7944c9dfc10b1c01eec5c16a1fc4a51a6d581371ebe39c1ff7fcb,,,,,,,,,,,,,,,,,flora,PASS,PASS,PASS,PASS,PASS,PASS
procedural,flora-h1-s19,flora-h1-s19,PASS,PASS,PASS,True,,,,,,,,,,,"The generated phenotype shows a coherent blend of body/growth plan, appendages, terminal structures and surface material. Earth-species accuracy is not required; leave this combination alone unless runtime animation reveals attachment problems.",flora-h1-s19.png,440,440,RGBA,172ff54733c9230dddaa2742612772d2fc8270c4a9fd1c898906324aba56d24a,7acecdbc89737397b8041b7581dd2c9b4ea7acf10b3df834df85d94367994585,,,,,,,,,,,,,,,,,flora,PASS,PASS,PASS,PASS,PASS,PASS
procedural,flora-h1-s2,flora-h1-s2,PASS,PASS,PASS,False,,,,,,,,,,,"The generated phenotype shows a coherent blend of body/growth plan, appendages, terminal structures and surface material. Earth-species accuracy is not required; leave this combination alone unless runtime animation reveals attachment problems.",flora-h1-s2.png,440,440,RGBA,48c29a1da297f4920b52c2b0a75be31c6a14ce09866332f5cd1774b2dd92c848,48c29a1da297f4920b52c2b0a75be31c6a14ce09866332f5cd1774b2dd92c848,,,,,,,,,,,,,,,,,flora,PASS,PASS,PASS,PASS,PASS,PASS
procedural,flora-h1-s3,flora-h1-s3,PASS,PASS,PASS,False,,,,,,,,,,,"The generated phenotype shows a coherent blend of body/growth plan, appendages, terminal structures and surface material. Earth-species accuracy is not required; leave this combination alone unless runtime animation reveals attachment problems.",flora-h1-s3.png,440,440,RGBA,2af1ee9d8977b2898d6c19be54e26a8bfbdccc916478353be4926d14f1a1fccc,2af1ee9d8977b2898d6c19be54e26a8bfbdccc916478353be4926d14f1a1fccc,,,,,,,,,,,,,,,,,flora,PASS,PASS,PASS,PASS,PASS,PASS
procedural,flora-h1-s4,flora-h1-s4,PASS,PASS,PASS,False,,,,,,,,,,,"The generated phenotype shows a coherent blend of body/growth plan, appendages, terminal structures and surface material. Earth-species accuracy is not required; leave this combination alone unless runtime animation reveals attachment problems.",flora-h1-s4.png,440,440,RGBA,770a75c47facb3f54d906fce80c34045a87bf90853810d35d4134fb9580608d0,770a75c47facb3f54d906fce80c34045a87bf90853810d35d4134fb9580608d0,,,,,,,,,,,,,,,,,flora,PASS,PASS,PASS,PASS,PASS,PASS
procedural,flora-h1-s5,flora-h1-s5,PASS,PASS,PASS,False,,,,,,,,,,,"The generated phenotype shows a coherent blend of body/growth plan, appendages, terminal structures and surface material. Earth-species accuracy is not required; leave this combination alone unless runtime animation reveals attachment problems.",flora-h1-s5.png,440,440,RGBA,0b75923866127a74a8449711b46a2b30501d73124dc2372c0e15d1d1f78ff9c0,0b75923866127a74a8449711b46a2b30501d73124dc2372c0e15d1d1f78ff9c0,,,,,,,,,,,,,,,,,flora,PASS,PASS,PASS,PASS,PASS,PASS
procedural,flora-h1-s6,flora-h1-s6,PASS,PASS,PASS,False,,,,,,,,,,,"The generated phenotype shows a coherent blend of body/growth plan, appendages, terminal structures and surface material. Earth-species accuracy is not required; leave this combination alone unless runtime animation reveals attachment problems.",flora-h1-s6.png,440,440,RGBA,6022cb327f4c0b1476c171835e3c5090ae1a0580d0d806e9f715ce4f28911089,6022cb327f4c0b1476c171835e3c5090ae1a0580d0d806e9f715ce4f28911089,,,,,,,,,,,,,,,,,flora,PASS,PASS,PASS,PASS,PASS,PASS
procedural,flora-h1-s7,flora-h1-s7,PASS,PASS,PASS,True,,,,,,,,,,,"The generated phenotype shows a coherent blend of body/growth plan, appendages, terminal structures and surface material. Earth-species accuracy is not required; leave this combination alone unless runtime animation reveals attachment problems.",flora-h1-s7.png,440,440,RGBA,cdba5be4c99caae6903f8c8ba0bb99e2591eacdfd33b5762673b4e88063d024d,4fd4e326ecf0e2dd4b811ebc13292363d31926b74e2cce1a2475f4bc347c5ae1,,,,,,,,,,,,,,,,,flora,PASS,PASS,PASS,PASS,PASS,PASS
procedural,flora-h1-s8,flora-h1-s8,PASS,PASS,PASS,False,,,,,,,,,,,"The generated phenotype shows a coherent blend of body/growth plan, appendages, terminal structures and surface material. Earth-species accuracy is not required; leave this combination alone unless runtime animation reveals attachment problems.",flora-h1-s8.png,440,440,RGBA,0c91c48c75cbe4613de653991a65e11b6d0efefdd2234aa0aacfb79ee599a621,0c91c48c75cbe4613de653991a65e11b6d0efefdd2234aa0aacfb79ee599a621,,,,,,,,,,,,,,,,,flora,PASS,PASS,PASS,PASS,PASS,PASS
procedural,flora-h1-s9,flora-h1-s9,PASS,PASS,PASS,True,,,,,,,,,,,"The generated phenotype shows a coherent blend of body/growth plan, appendages, terminal structures and surface material. Earth-species accuracy is not required; leave this combination alone unless runtime animation reveals attachment problems.",flora-h1-s9.png,440,440,RGBA,8f3483abdefcccc515aa895d31ac0e07da162159ff958f761002ed0f966b81bb,f193af0a7f04208ead8f106e00b00e0ac914ba81bb89de61049a6c36781dcf35,,,,,,,,,,,,,,,,,flora,PASS,PASS,PASS,PASS,PASS,PASS
procedural,flora-h2-s0,flora-h2-s0,PASS,PASS,PASS,False,,,,,,,,,,,"The generated phenotype shows a coherent blend of body/growth plan, appendages, terminal structures and surface material. Earth-species accuracy is not required; leave this combination alone unless runtime animation reveals attachment problems.",flora-h2-s0.png,440,440,RGBA,abdc5b86296f357061b912c03216404dc907a9bced34d94b68ee6ea052057402,abdc5b86296f357061b912c03216404dc907a9bced34d94b68ee6ea052057402,,,,,,,,,,,,,,,,,flora,PASS,PASS,PASS,PASS,PASS,PASS
procedural,flora-h2-s1,flora-h2-s1,PASS,PASS,PASS,False,,,,,,,,,,,"The generated phenotype shows a coherent blend of body/growth plan, appendages, terminal structures and surface material. Earth-species accuracy is not required; leave this combination alone unless runtime animation reveals attachment problems.",flora-h2-s1.png,440,440,RGBA,02859e27c07c6184af0cd7918299d842aa37e6b572b9bdbbb3ec475ca8127850,02859e27c07c6184af0cd7918299d842aa37e6b572b9bdbbb3ec475ca8127850,,,,,,,,,,,,,,,,,flora,PASS,PASS,PASS,PASS,PASS,PASS
procedural,flora-h2-s10,flora-h2-s10,PASS,PASS,PASS,False,,,,,,,,,,,"The generated phenotype shows a coherent blend of body/growth plan, appendages, terminal structures and surface material. Earth-species accuracy is not required; leave this combination alone unless runtime animation reveals attachment problems.",flora-h2-s10.png,440,440,RGBA,c084e3681a99e08006ae21c6a5e2e10262f1783427d6c06ff9f970080d482866,c084e3681a99e08006ae21c6a5e2e10262f1783427d6c06ff9f970080d482866,,,,,,,,,,,,,,,,,flora,PASS,PASS,PASS,PASS,PASS,PASS
procedural,flora-h2-s11,flora-h2-s11,PASS,PASS,PASS,False,,,,,,,,,,,"The generated phenotype shows a coherent blend of body/growth plan, appendages, terminal structures and surface material. Earth-species accuracy is not required; leave this combination alone unless runtime animation reveals attachment problems.",flora-h2-s11.png,440,440,RGBA,0ad0037dff7b207382234c5a49c6a6dfe5b4d2543eb2249288a21bded38b8ce2,0ad0037dff7b207382234c5a49c6a6dfe5b4d2543eb2249288a21bded38b8ce2,,,,,,,,,,,,,,,,,flora,PASS,PASS,PASS,PASS,PASS,PASS
procedural,flora-h2-s12,flora-h2-s12,PASS,PASS,PASS,False,,,,,,,,,,,"The generated phenotype shows a coherent blend of body/growth plan, appendages, terminal structures and surface material. Earth-species accuracy is not required; leave this combination alone unless runtime animation reveals attachment problems.",flora-h2-s12.png,440,440,RGBA,4fffb9616681dd3f233301da91ad8923015c133ad8c4b8dfb5e221b9248f66b1,4fffb9616681dd3f233301da91ad8923015c133ad8c4b8dfb5e221b9248f66b1,,,,,,,,,,,,,,,,,flora,PASS,PASS,PASS,PASS,PASS,PASS
procedural,flora-h2-s13,flora-h2-s13,PASS,PASS,PASS,False,,,,,,,,,,,"The generated phenotype shows a coherent blend of body/growth plan, appendages, terminal structures and surface material. Earth-species accuracy is not required; leave this combination alone unless runtime animation reveals attachment problems.",flora-h2-s13.png,440,440,RGBA,ace0e65ce72c0321f1292d018c54a3dfacbdd59cb1e45b58589ee817725f802d,ace0e65ce72c0321f1292d018c54a3dfacbdd59cb1e45b58589ee817725f802d,,,,,,,,,,,,,,,,,flora,PASS,PASS,PASS,PASS,PASS,PASS
procedural,flora-h2-s14,flora-h2-s14,PASS,PASS,PASS,False,,,,,,,,,,,"The generated phenotype shows a coherent blend of body/growth plan, appendages, terminal structures and surface material. Earth-species accuracy is not required; leave this combination alone unless runtime animation reveals attachment problems.",flora-h2-s14.png,440,440,RGBA,9672560e2bd76ff055b51458655b658ea9c53b4b509072cbec80a195238d9c13,9672560e2bd76ff055b51458655b658ea9c53b4b509072cbec80a195238d9c13,,,,,,,,,,,,,,,,,flora,PASS,PASS,PASS,PASS,PASS,PASS
procedural,flora-h2-s15,flora-h2-s15,PASS,PASS,PASS,False,,,,,,,,,,,"The generated phenotype shows a coherent blend of body/growth plan, appendages, terminal structures and surface material. Earth-species accuracy is not required; leave this combination alone unless runtime animation reveals attachment problems.",flora-h2-s15.png,440,440,RGBA,29b59d3d7f28d9c13091fd0c198565a192690b294699e2e59b8b56aba61a0467,29b59d3d7f28d9c13091fd0c198565a192690b294699e2e59b8b56aba61a0467,,,,,,,,,,,,,,,,,flora,PASS,PASS,PASS,PASS,PASS,PASS
procedural,flora-h2-s16,flora-h2-s16,PASS,PASS,PASS,False,,,,,,,,,,,"The generated phenotype shows a coherent blend of body/growth plan, appendages, terminal structures and surface material. Earth-species accuracy is not required; leave this combination alone unless runtime animation reveals attachment problems.",flora-h2-s16.png,440,440,RGBA,60899e400eba8c11329801c29a2ca344bf4fccfba9791dcab77d191c30f85c3e,60899e400eba8c11329801c29a2ca344bf4fccfba9791dcab77d191c30f85c3e,,,,,,,,,,,,,,,,,flora,PASS,PASS,PASS,PASS,PASS,PASS
procedural,flora-h2-s17,flora-h2-s17,PASS,PASS,PASS,False,,,,,,,,,,,"The generated phenotype shows a coherent blend of body/growth plan, appendages, terminal structures and surface material. Earth-species accuracy is not required; leave this combination alone unless runtime animation reveals attachment problems.",flora-h2-s17.png,440,440,RGBA,6e325b1ef57aeb79610976ef1f36bb99bf069b2adcc2f27c8afe352c655d283d,6e325b1ef57aeb79610976ef1f36bb99bf069b2adcc2f27c8afe352c655d283d,,,,,,,,,,,,,,,,,flora,PASS,PASS,PASS,PASS,PASS,PASS
procedural,flora-h2-s18,flora-h2-s18,PASS,PASS,PASS,False,,,,,,,,,,,"The generated phenotype shows a coherent blend of body/growth plan, appendages, terminal structures and surface material. Earth-species accuracy is not required; leave this combination alone unless runtime animation reveals attachment problems.",flora-h2-s18.png,440,440,RGBA,b884e82685930dff1f1ff51d2fb5ed71af888aa6cef23f0ddf0fffafc40af8c3,b884e82685930dff1f1ff51d2fb5ed71af888aa6cef23f0ddf0fffafc40af8c3,,,,,,,,,,,,,,,,,flora,PASS,PASS,PASS,PASS,PASS,PASS
procedural,flora-h2-s19,flora-h2-s19,PASS,PASS,PASS,False,,,,,,,,,,,"The generated phenotype shows a coherent blend of body/growth plan, appendages, terminal structures and surface material. Earth-species accuracy is not required; leave this combination alone unless runtime animation reveals attachment problems.",flora-h2-s19.png,440,440,RGBA,36e46c51a33a03266b3cc9eecd8c646aa6b4761287e82defeb631fa862f50803,36e46c51a33a03266b3cc9eecd8c646aa6b4761287e82defeb631fa862f50803,,,,,,,,,,,,,,,,,flora,PASS,PASS,PASS,PASS,PASS,PASS
procedural,flora-h2-s2,flora-h2-s2,PASS,PASS,PASS,False,,,,,,,,,,,"The generated phenotype shows a coherent blend of body/growth plan, appendages, terminal structures and surface material. Earth-species accuracy is not required; leave this combination alone unless runtime animation reveals attachment problems.",flora-h2-s2.png,440,440,RGBA,8744be4141f3917890d79c03152834329fbf785ea045e9cfd72aa56401a4d186,8744be4141f3917890d79c03152834329fbf785ea045e9cfd72aa56401a4d186,,,,,,,,,,,,,,,,,flora,PASS,PASS,PASS,PASS,PASS,PASS
procedural,flora-h2-s3,flora-h2-s3,PASS,PASS,PASS,False,,,,,,,,,,,"The generated phenotype shows a coherent blend of body/growth plan, appendages, terminal structures and surface material. Earth-species accuracy is not required; leave this combination alone unless runtime animation reveals attachment problems.",flora-h2-s3.png,440,440,RGBA,0fa406353e7a8af9c045cd2fa08651bc5858268a625c4e24597951f444beb64b,0fa406353e7a8af9c045cd2fa08651bc5858268a625c4e24597951f444beb64b,,,,,,,,,,,,,,,,,flora,PASS,PASS,PASS,PASS,PASS,PASS
procedural,flora-h2-s4,flora-h2-s4,PASS,PASS,PASS,False,,,,,,,,,,,"The generated phenotype shows a coherent blend of body/growth plan, appendages, terminal structures and surface material. Earth-species accuracy is not required; leave this combination alone unless runtime animation reveals attachment problems.",flora-h2-s4.png,440,440,RGBA,cc4192e5b3fdaa0050224e4b0e71ef56d9a5380f9e9bea8391894568f4e2a6bf,cc4192e5b3fdaa0050224e4b0e71ef56d9a5380f9e9bea8391894568f4e2a6bf,,,,,,,,,,,,,,,,,flora,PASS,PASS,PASS,PASS,PASS,PASS
procedural,flora-h2-s5,flora-h2-s5,PASS,PASS,PASS,False,,,,,,,,,,,"The generated phenotype shows a coherent blend of body/growth plan, appendages, terminal structures and surface material. Earth-species accuracy is not required; leave this combination alone unless runtime animation reveals attachment problems.",flora-h2-s5.png,440,440,RGBA,3592338a920ecea98bb63e80a8bc6cb29d46539fd7723b963068800c8838e261,3592338a920ecea98bb63e80a8bc6cb29d46539fd7723b963068800c8838e261,,,,,,,,,,,,,,,,,flora,PASS,PASS,PASS,PASS,PASS,PASS
procedural,flora-h2-s6,flora-h2-s6,PASS,PASS,PASS,True,,,,,,,,,,,"The generated phenotype shows a coherent blend of body/growth plan, appendages, terminal structures and surface material. Earth-species accuracy is not required; leave this combination alone unless runtime animation reveals attachment problems.",flora-h2-s6.png,440,440,RGBA,ec83aeed64c072a6588a8fd0657af834a4b7cc369ec8dd77d975f77e415a9dc7,d1f94bbba1668b2034fc93679337d26bb9f738e4dcdbd2218dc36e6402cb3174,,,,,,,,,,,,,,,,,flora,PASS,PASS,PASS,PASS,PASS,PASS
procedural,flora-h2-s7,flora-h2-s7,PASS,PASS,PASS,True,,,,,,,,,,,"The generated phenotype shows a coherent blend of body/growth plan, appendages, terminal structures and surface material. Earth-species accuracy is not required; leave this combination alone unless runtime animation reveals attachment problems.",flora-h2-s7.png,440,440,RGBA,4d1d13db8fa7add96b17bac9453b62b3afa1a994dfb02f8da37c0b380704abd6,aad06105df3980c3dd44701c3fcea91ddc333d1ff8132e6fb82a2e7239d7db14,,,,,,,,,,,,,,,,,flora,PASS,PASS,PASS,PASS,PASS,PASS
procedural,flora-h2-s8,flora-h2-s8,PASS,PASS,PASS,False,,,,,,,,,,,"The generated phenotype shows a coherent blend of body/growth plan, appendages, terminal structures and surface material. Earth-species accuracy is not required; leave this combination alone unless runtime animation reveals attachment problems.",flora-h2-s8.png,440,440,RGBA,23f6657fd3e291e16efbf66c5e5c5a41ef31c1d6e7bdfec02bc769197994cf2c,23f6657fd3e291e16efbf66c5e5c5a41ef31c1d6e7bdfec02bc769197994cf2c,,,,,,,,,,,,,,,,,flora,PASS,PASS,PASS,PASS,PASS,PASS
procedural,flora-h2-s9,flora-h2-s9,PASS,PASS,PASS,True,,,,,,,,,,,"The generated phenotype shows a coherent blend of body/growth plan, appendages, terminal structures and surface material. Earth-species accuracy is not required; leave this combination alone unless runtime animation reveals attachment problems.",flora-h2-s9.png,440,440,RGBA,8fa1a99e44007ae362505140965f51914769be465d4b0f4207b798e1958379df,3bcd65890b674862fced894821f439bad63ab974f353e9147433c3dd051f78ef,,,,,,,,,,,,,,,,,flora,PASS,PASS,PASS,PASS,PASS,PASS
procedural,fungi-h0-s0,fungi-h0-s0,PASS,PASS,PASS,False,,,,,,,,,,,"The generated phenotype shows a coherent blend of body/growth plan, appendages, terminal structures and surface material. Earth-species accuracy is not required; leave this combination alone unless runtime animation reveals attachment problems.",fungi-h0-s0.png,440,440,RGBA,5d5936627efabc07b4e98b28be155b744ecaf590b007d18a4d1646c8b94e1747,5d5936627efabc07b4e98b28be155b744ecaf590b007d18a4d1646c8b94e1747,,,,,,,,,,,,,,,,,fungi,PASS,PASS,PASS,PASS,PASS,PASS
procedural,fungi-h0-s1,fungi-h0-s1,PASS,PASS,PASS,True,,,,,,,,,,,"The generated phenotype shows a coherent blend of body/growth plan, appendages, terminal structures and surface material. Earth-species accuracy is not required; leave this combination alone unless runtime animation reveals attachment problems.",fungi-h0-s1.png,440,440,RGBA,57d80e5603e984e15fb5f370672af11bf7910c36e948a7263a0ef1492c368e6e,c75ef5c18319c4fa3d87c360ece251eebc142c9dcd4c52bf1ae6ff7cc547a755,,,,,,,,,,,,,,,,,fungi,PASS,PASS,PASS,PASS,PASS,PASS
procedural,fungi-h0-s11,fungi-h0-s11,PASS,PASS,PASS,False,,,,,,,,,,,"The generated phenotype shows a coherent blend of body/growth plan, appendages, terminal structures and surface material. Earth-species accuracy is not required; leave this combination alone unless runtime animation reveals attachment problems.",fungi-h0-s11.png,440,440,RGBA,0aa4d22a92a1b279af9ce00e771977dcd1b02ca8e8d1c7f24708081bf984305b,0aa4d22a92a1b279af9ce00e771977dcd1b02ca8e8d1c7f24708081bf984305b,,,,,,,,,,,,,,,,,fungi,PASS,PASS,PASS,PASS,PASS,PASS
procedural,fungi-h0-s12,fungi-h0-s12,PASS,PASS,PASS,True,,,,,,,,,,,"The generated phenotype shows a coherent blend of body/growth plan, appendages, terminal structures and surface material. Earth-species accuracy is not required; leave this combination alone unless runtime animation reveals attachment problems.",fungi-h0-s12.png,440,440,RGBA,52f62ddbefcdff6ef843089d00971695db56ba87ed9637a7eac70ef78fb4eff6,11e6417b750cb5f6f4a66ac319bdf9be88724c9d5824e2fc423f4cdb5a598532,,,,,,,,,,,,,,,,,fungi,PASS,PASS,PASS,PASS,PASS,PASS
procedural,fungi-h0-s13,fungi-h0-s13,PASS,PASS,PASS,False,,,,,,,,,,,"The generated phenotype shows a coherent blend of body/growth plan, appendages, terminal structures and surface material. Earth-species accuracy is not required; leave this combination alone unless runtime animation reveals attachment problems.",fungi-h0-s13.png,440,440,RGBA,d9f6619443f9faa31c9241e816e1232bf9d4e1022e9145238e806619fb511849,d9f6619443f9faa31c9241e816e1232bf9d4e1022e9145238e806619fb511849,,,,,,,,,,,,,,,,,fungi,PASS,PASS,PASS,PASS,PASS,PASS
procedural,fungi-h0-s14,fungi-h0-s14,PASS,PASS,PASS,True,,,,,,,,,,,"The generated phenotype shows a coherent blend of body/growth plan, appendages, terminal structures and surface material. Earth-species accuracy is not required; leave this combination alone unless runtime animation reveals attachment problems.",fungi-h0-s14.png,440,440,RGBA,c248ce400efd0c5c378107f11a3e41e7d19326d5014c0e383523c694c2863f37,e498468947e6167a38c5bff6494fcfb61c7b8ea9fff8b9630d8beae343973f2f,,,,,,,,,,,,,,,,,fungi,PASS,PASS,PASS,PASS,PASS,PASS
procedural,fungi-h0-s15,fungi-h0-s15,PASS,PASS,PASS,True,,,,,,,,,,,"The generated phenotype shows a coherent blend of body/growth plan, appendages, terminal structures and surface material. Earth-species accuracy is not required; leave this combination alone unless runtime animation reveals attachment problems.",fungi-h0-s15.png,440,440,RGBA,e0a513c2684cfb81d9dde7456247a7523ca5635047edeeb43aba127382602455,5ec53bbd669df367c64f464c1a1989f177a8fec3d37b2e82a5f35109507a8236,,,,,,,,,,,,,,,,,fungi,PASS,PASS,PASS,PASS,PASS,PASS
procedural,fungi-h0-s16,fungi-h0-s16,PASS,PASS,PASS,False,,,,,,,,,,,"The generated phenotype shows a coherent blend of body/growth plan, appendages, terminal structures and surface material. Earth-species accuracy is not required; leave this combination alone unless runtime animation reveals attachment problems.",fungi-h0-s16.png,440,440,RGBA,87c1368b3a5a9d18968d9b6292cae762c13f4394e1826ae3fb491e230be4c55c,87c1368b3a5a9d18968d9b6292cae762c13f4394e1826ae3fb491e230be4c55c,,,,,,,,,,,,,,,,,fungi,PASS,PASS,PASS,PASS,PASS,PASS
procedural,fungi-h0-s17,fungi-h0-s17,PASS,PASS,PASS,False,,,,,,,,,,,"The generated phenotype shows a coherent blend of body/growth plan, appendages, terminal structures and surface material. Earth-species accuracy is not required; leave this combination alone unless runtime animation reveals attachment problems.",fungi-h0-s17.png,440,440,RGBA,69417dce67a3a92fed9c5fed510c247cd7b70b88c415733bf5125502b4aaf173,69417dce67a3a92fed9c5fed510c247cd7b70b88c415733bf5125502b4aaf173,,,,,,,,,,,,,,,,,fungi,PASS,PASS,PASS,PASS,PASS,PASS
procedural,fungi-h0-s18,fungi-h0-s18,PASS,PASS,PASS,False,,,,,,,,,,,"The generated phenotype shows a coherent blend of body/growth plan, appendages, terminal structures and surface material. Earth-species accuracy is not required; leave this combination alone unless runtime animation reveals attachment problems.",fungi-h0-s18.png,440,440,RGBA,621663e369960b02842606ef726681d648287c9b1c04f5d1857819a6d00cd815,621663e369960b02842606ef726681d648287c9b1c04f5d1857819a6d00cd815,,,,,,,,,,,,,,,,,fungi,PASS,PASS,PASS,PASS,PASS,PASS
procedural,fungi-h0-s19,fungi-h0-s19,PASS,PASS,PASS,False,,,,,,,,,,,"The generated phenotype shows a coherent blend of body/growth plan, appendages, terminal structures and surface material. Earth-species accuracy is not required; leave this combination alone unless runtime animation reveals attachment problems.",fungi-h0-s19.png,440,440,RGBA,e96b7d8b456471b13ebe187fc18f4b39a686c8dd0af8f97e9901b0c541a1e18d,e96b7d8b456471b13ebe187fc18f4b39a686c8dd0af8f97e9901b0c541a1e18d,,,,,,,,,,,,,,,,,fungi,PASS,PASS,PASS,PASS,PASS,PASS
procedural,fungi-h0-s2,fungi-h0-s2,PASS,PASS,PASS,False,,,,,,,,,,,"The generated phenotype shows a coherent blend of body/growth plan, appendages, terminal structures and surface material. Earth-species accuracy is not required; leave this combination alone unless runtime animation reveals attachment problems.",fungi-h0-s2.png,440,440,RGBA,8327cc68bbb275f8a93bc62ee83d89a0e74742a838a77d065f469d67580df9a1,8327cc68bbb275f8a93bc62ee83d89a0e74742a838a77d065f469d67580df9a1,,,,,,,,,,,,,,,,,fungi,PASS,PASS,PASS,PASS,PASS,PASS
procedural,fungi-h0-s3,fungi-h0-s3,PASS,PASS,PASS,False,,,,,,,,,,,"The generated phenotype shows a coherent blend of body/growth plan, appendages, terminal structures and surface material. Earth-species accuracy is not required; leave this combination alone unless runtime animation reveals attachment problems.",fungi-h0-s3.png,440,440,RGBA,cdeb95c4fb09ecc3c239c4362b6662e0cff0d742e2743bae547b8f1642ceb238,cdeb95c4fb09ecc3c239c4362b6662e0cff0d742e2743bae547b8f1642ceb238,,,,,,,,,,,,,,,,,fungi,PASS,PASS,PASS,PASS,PASS,PASS
procedural,fungi-h0-s4,fungi-h0-s4,PASS,PASS,PASS,False,,,,,,,,,,,"The generated phenotype shows a coherent blend of body/growth plan, appendages, terminal structures and surface material. Earth-species accuracy is not required; leave this combination alone unless runtime animation reveals attachment problems.",fungi-h0-s4.png,440,440,RGBA,984215438fa326243642a36883ec3fed79210408fddd3460e6e44bd534786273,984215438fa326243642a36883ec3fed79210408fddd3460e6e44bd534786273,,,,,,,,,,,,,,,,,fungi,PASS,PASS,PASS,PASS,PASS,PASS
procedural,fungi-h0-s5,fungi-h0-s5,PASS,PASS,PASS,False,,,,,,,,,,,"The generated phenotype shows a coherent blend of body/growth plan, appendages, terminal structures and surface material. Earth-species accuracy is not required; leave this combination alone unless runtime animation reveals attachment problems.",fungi-h0-s5.png,440,440,RGBA,e54764dd9e2d4fa0e9f167385588c596830adcfd607dc9f32c885304d127ef22,e54764dd9e2d4fa0e9f167385588c596830adcfd607dc9f32c885304d127ef22,,,,,,,,,,,,,,,,,fungi,PASS,PASS,PASS,PASS,PASS,PASS
procedural,fungi-h0-s6,fungi-h0-s6,PASS,PASS,PASS,True,,,,,,,,,,,"The generated phenotype shows a coherent blend of body/growth plan, appendages, terminal structures and surface material. Earth-species accuracy is not required; leave this combination alone unless runtime animation reveals attachment problems.",fungi-h0-s6.png,440,440,RGBA,96dba37995d8aaff50f62e321c561ac3818e9d13c2f21bd678b38d5e13c8fb2d,32c39021c15e53ef73bc6e9e65701123ecd8dd73a8540b969257d35e3190ddb7,,,,,,,,,,,,,,,,,fungi,PASS,PASS,PASS,PASS,PASS,PASS
procedural,fungi-h0-s7,fungi-h0-s7,PASS,PASS,PASS,False,,,,,,,,,,,"The generated phenotype shows a coherent blend of body/growth plan, appendages, terminal structures and surface material. Earth-species accuracy is not required; leave this combination alone unless runtime animation reveals attachment problems.",fungi-h0-s7.png,440,440,RGBA,4544c9612f22abe177f28afaa94ce1ccfe341150aea49b27cb7d7cc488e33d77,4544c9612f22abe177f28afaa94ce1ccfe341150aea49b27cb7d7cc488e33d77,,,,,,,,,,,,,,,,,fungi,PASS,PASS,PASS,PASS,PASS,PASS
procedural,fungi-h0-s8,fungi-h0-s8,PASS,PASS,PASS,False,,,,,,,,,,,"The generated phenotype shows a coherent blend of body/growth plan, appendages, terminal structures and surface material. Earth-species accuracy is not required; leave this combination alone unless runtime animation reveals attachment problems.",fungi-h0-s8.png,440,440,RGBA,88cf65213d77158bd88ebc300eca13d33ce6d97a5597f8084ad0309c228924b6,88cf65213d77158bd88ebc300eca13d33ce6d97a5597f8084ad0309c228924b6,,,,,,,,,,,,,,,,,fungi,PASS,PASS,PASS,PASS,PASS,PASS
procedural,fungi-h0-s9,fungi-h0-s9,PASS,PASS,PASS,False,,,,,,,,,,,"The generated phenotype shows a coherent blend of body/growth plan, appendages, terminal structures and surface material. Earth-species accuracy is not required; leave this combination alone unless runtime animation reveals attachment problems.",fungi-h0-s9.png,440,440,RGBA,bf484c64a79e9796db84ca2b175ff0fbd7b9ab239f5982e5619aae13a825026e,bf484c64a79e9796db84ca2b175ff0fbd7b9ab239f5982e5619aae13a825026e,,,,,,,,,,,,,,,,,fungi,PASS,PASS,PASS,PASS,PASS,PASS
procedural,fungi-h1-s0,fungi-h1-s0,PASS,PASS,FAIL,True,,,,,,,,,,,"The generated phenotype shows a coherent blend of body/growth plan, appendages, terminal structures and surface material. Earth-species accuracy is not required; leave this combination alone unless runtime animation reveals attachment problems.",fungi-h1-s0.png,440,440,RGBA,8eed62811686114c631cbd601a1f41425ac5f4eb944ca6db2998a6adb9cc2282,65de863f68fcf1ef10019547add9325f17e52cf6c4f9666ffa1c0fa49dc940a1,,,,,,,,,,,,,,,,,fungi,PASS,PASS,PASS,PASS,PASS,PASS
procedural,fungi-h1-s1,fungi-h1-s1,PASS,PASS,PASS,False,,,,,,,,,,,"The generated phenotype shows a coherent blend of body/growth plan, appendages, terminal structures and surface material. Earth-species accuracy is not required; leave this combination alone unless runtime animation reveals attachment problems.",fungi-h1-s1.png,440,440,RGBA,cc50b0db510b9e36d7d14939c9c1d7085eead7560e23c9561a68b72c7f001ad4,cc50b0db510b9e36d7d14939c9c1d7085eead7560e23c9561a68b72c7f001ad4,,,,,,,,,,,,,,,,,fungi,PASS,PASS,PASS,PASS,PASS,PASS
procedural,fungi-h1-s10,fungi-h1-s10,PASS,PASS,PASS,False,,,,,,,,,,,"The generated phenotype shows a coherent blend of body/growth plan, appendages, terminal structures and surface material. Earth-species accuracy is not required; leave this combination alone unless runtime animation reveals attachment problems.",fungi-h1-s10.png,440,440,RGBA,3f74704a6490ee7d76dd853adda4ea94bb12fd416d57080408cfff92335e3c4c,3f74704a6490ee7d76dd853adda4ea94bb12fd416d57080408cfff92335e3c4c,,,,,,,,,,,,,,,,,fungi,PASS,PASS,PASS,PASS,PASS,PASS
procedural,fungi-h1-s11,fungi-h1-s11,PASS,PASS,PASS,False,,,,,,,,,,,"The generated phenotype shows a coherent blend of body/growth plan, appendages, terminal structures and surface material. Earth-species accuracy is not required; leave this combination alone unless runtime animation reveals attachment problems.",fungi-h1-s11.png,440,440,RGBA,604daa0a36945bd5da0627d5e767074bbd9e767ce440c5c951ad01bf2d94a36a,604daa0a36945bd5da0627d5e767074bbd9e767ce440c5c951ad01bf2d94a36a,,,,,,,,,,,,,,,,,fungi,PASS,PASS,PASS,PASS,PASS,PASS
procedural,fungi-h1-s12,fungi-h1-s12,PASS,PASS,PASS,True,,,,,,,,,,,"The generated phenotype shows a coherent blend of body/growth plan, appendages, terminal structures and surface material. Earth-species accuracy is not required; leave this combination alone unless runtime animation reveals attachment problems.",fungi-h1-s12.png,440,440,RGBA,581f5657793eea8f9933c51525f51ebd881307f0d20885d0775c88ee227fd12f,48fd7267cdc56d6f07d1ef5e98d25334352fe5c9314bebffab8746a105afeace,,,,,,,,,,,,,,,,,fungi,PASS,PASS,PASS,PASS,PASS,PASS
procedural,fungi-h1-s13,fungi-h1-s13,PASS,PASS,PASS,False,,,,,,,,,,,"The generated phenotype shows a coherent blend of body/growth plan, appendages, terminal structures and surface material. Earth-species accuracy is not required; leave this combination alone unless runtime animation reveals attachment problems.",fungi-h1-s13.png,440,440,RGBA,4e1dcff8a77bb3dad46a1fc1bd5d5f83c9dee29c7bc4cbabd94745cc41315ad6,4e1dcff8a77bb3dad46a1fc1bd5d5f83c9dee29c7bc4cbabd94745cc41315ad6,,,,,,,,,,,,,,,,,fungi,PASS,PASS,PASS,PASS,PASS,PASS
procedural,fungi-h1-s14,fungi-h1-s14,PASS,PASS,FAIL,True,,,,,,,,,,,"The generated phenotype shows a coherent blend of body/growth plan, appendages, terminal structures and surface material. Earth-species accuracy is not required; leave this combination alone unless runtime animation reveals attachment problems.",fungi-h1-s14.png,440,440,RGBA,d830eec6d95a5a4db2eff918d12858c441db04accbbaea81380e195973d56059,65de863f68fcf1ef10019547add9325f17e52cf6c4f9666ffa1c0fa49dc940a1,,,,,,,,,,,,,,,,,fungi,PASS,PASS,PASS,PASS,PASS,PASS
procedural,fungi-h1-s15,fungi-h1-s15,PASS,PASS,PASS,False,,,,,,,,,,,"The generated phenotype shows a coherent blend of body/growth plan, appendages, terminal structures and surface material. Earth-species accuracy is not required; leave this combination alone unless runtime animation reveals attachment problems.",fungi-h1-s15.png,440,440,RGBA,21bdaeced7ba291784350f96469ae068efe7e3ab1f6ad2eb66812274eb32fe33,21bdaeced7ba291784350f96469ae068efe7e3ab1f6ad2eb66812274eb32fe33,,,,,,,,,,,,,,,,,fungi,PASS,PASS,PASS,PASS,PASS,PASS
procedural,fungi-h1-s16,fungi-h1-s16,PASS,PASS,PASS,False,,,,,,,,,,,"The generated phenotype shows a coherent blend of body/growth plan, appendages, terminal structures and surface material. Earth-species accuracy is not required; leave this combination alone unless runtime animation reveals attachment problems.",fungi-h1-s16.png,440,440,RGBA,39411468d30f4ee67d9d7a80bee9fd0ebeed63f5f4614fec54913b85a2b58f21,39411468d30f4ee67d9d7a80bee9fd0ebeed63f5f4614fec54913b85a2b58f21,,,,,,,,,,,,,,,,,fungi,PASS,PASS,PASS,PASS,PASS,PASS
procedural,fungi-h1-s17,fungi-h1-s17,PASS,PASS,PASS,False,,,,,,,,,,,"The generated phenotype shows a coherent blend of body/growth plan, appendages, terminal structures and surface material. Earth-species accuracy is not required; leave this combination alone unless runtime animation reveals attachment problems.",fungi-h1-s17.png,440,440,RGBA,7cf13426ae5e4fcf18595ee6ffe88902c2d3d1c050a1ec349cbf4b752a770155,7cf13426ae5e4fcf18595ee6ffe88902c2d3d1c050a1ec349cbf4b752a770155,,,,,,,,,,,,,,,,,fungi,PASS,PASS,PASS,PASS,PASS,PASS
procedural,fungi-h1-s18,fungi-h1-s18,PASS,PASS,PASS,False,,,,,,,,,,,"The generated phenotype shows a coherent blend of body/growth plan, appendages, terminal structures and surface material. Earth-species accuracy is not required; leave this combination alone unless runtime animation reveals attachment problems.",fungi-h1-s18.png,440,440,RGBA,77b2b0f585efbe608641cdab11062f6ec88857e4569f243f6e71b1527f5fa3b8,77b2b0f585efbe608641cdab11062f6ec88857e4569f243f6e71b1527f5fa3b8,,,,,,,,,,,,,,,,,fungi,PASS,PASS,PASS,PASS,PASS,PASS
procedural,fungi-h1-s19,fungi-h1-s19,PASS,PASS,PASS,False,,,,,,,,,,,"The generated phenotype shows a coherent blend of body/growth plan, appendages, terminal structures and surface material. Earth-species accuracy is not required; leave this combination alone unless runtime animation reveals attachment problems.",fungi-h1-s19.png,440,440,RGBA,4132022ac3a827c99fa484354e4521e9f7525b800c0ec9570254aab30412314b,4132022ac3a827c99fa484354e4521e9f7525b800c0ec9570254aab30412314b,,,,,,,,,,,,,,,,,fungi,PASS,PASS,PASS,PASS,PASS,PASS
procedural,fungi-h1-s2,fungi-h1-s2,PASS,PASS,PASS,False,,,,,,,,,,,"The generated phenotype shows a coherent blend of body/growth plan, appendages, terminal structures and surface material. Earth-species accuracy is not required; leave this combination alone unless runtime animation reveals attachment problems.",fungi-h1-s2.png,440,440,RGBA,5cf7aa799db5ad04e028967abaddf5ee7871bc510b8bc593da1ff9e1387c605b,5cf7aa799db5ad04e028967abaddf5ee7871bc510b8bc593da1ff9e1387c605b,,,,,,,,,,,,,,,,,fungi,PASS,PASS,PASS,PASS,PASS,PASS
procedural,fungi-h1-s3,fungi-h1-s3,PASS,PASS,PASS,False,,,,,,,,,,,"The generated phenotype shows a coherent blend of body/growth plan, appendages, terminal structures and surface material. Earth-species accuracy is not required; leave this combination alone unless runtime animation reveals attachment problems.",fungi-h1-s3.png,440,440,RGBA,d1fe3bded47a32a26e979da809e9aba25862600ee0f22f32328a83021548f89e,d1fe3bded47a32a26e979da809e9aba25862600ee0f22f32328a83021548f89e,,,,,,,,,,,,,,,,,fungi,PASS,PASS,PASS,PASS,PASS,PASS
procedural,fungi-h1-s4,fungi-h1-s4,PASS,PASS,PASS,False,,,,,,,,,,,"The generated phenotype shows a coherent blend of body/growth plan, appendages, terminal structures and surface material. Earth-species accuracy is not required; leave this combination alone unless runtime animation reveals attachment problems.",fungi-h1-s4.png,440,440,RGBA,7fcad7a22c7ab82020bcedaa58338b8d5d33d88b7a1de95f2ab102937bb323b4,7fcad7a22c7ab82020bcedaa58338b8d5d33d88b7a1de95f2ab102937bb323b4,,,,,,,,,,,,,,,,,fungi,PASS,PASS,PASS,PASS,PASS,PASS
procedural,fungi-h1-s5,fungi-h1-s5,PASS,PASS,PASS,False,,,,,,,,,,,"The generated phenotype shows a coherent blend of body/growth plan, appendages, terminal structures and surface material. Earth-species accuracy is not required; leave this combination alone unless runtime animation reveals attachment problems.",fungi-h1-s5.png,440,440,RGBA,69eca847c514949ae4d20663545a932e2b9ab3dbfd8ea98851b7841992d419a8,69eca847c514949ae4d20663545a932e2b9ab3dbfd8ea98851b7841992d419a8,,,,,,,,,,,,,,,,,fungi,PASS,PASS,PASS,PASS,PASS,PASS
procedural,fungi-h1-s6,fungi-h1-s6,PASS,PASS,PASS,False,,,,,,,,,,,"The generated phenotype shows a coherent blend of body/growth plan, appendages, terminal structures and surface material. Earth-species accuracy is not required; leave this combination alone unless runtime animation reveals attachment problems.",fungi-h1-s6.png,440,440,RGBA,685be2bc8ef436d6cafb475ad858150b205fbee169d0c306abf6363cbff63efa,685be2bc8ef436d6cafb475ad858150b205fbee169d0c306abf6363cbff63efa,,,,,,,,,,,,,,,,,fungi,PASS,PASS,PASS,PASS,PASS,PASS
procedural,fungi-h1-s7,fungi-h1-s7,PASS,PASS,PASS,False,,,,,,,,,,,"The generated phenotype shows a coherent blend of body/growth plan, appendages, terminal structures and surface material. Earth-species accuracy is not required; leave this combination alone unless runtime animation reveals attachment problems.",fungi-h1-s7.png,440,440,RGBA,b06ad0a12477eb2ba47d54ac02b6663bd15429581c9e3cf2a5db93fc7e14cdc2,b06ad0a12477eb2ba47d54ac02b6663bd15429581c9e3cf2a5db93fc7e14cdc2,,,,,,,,,,,,,,,,,fungi,PASS,PASS,PASS,PASS,PASS,PASS
procedural,fungi-h1-s8,fungi-h1-s8,PASS,PASS,PASS,False,,,,,,,,,,,"The generated phenotype shows a coherent blend of body/growth plan, appendages, terminal structures and surface material. Earth-species accuracy is not required; leave this combination alone unless runtime animation reveals attachment problems.",fungi-h1-s8.png,440,440,RGBA,193293293a0f704dd84d078e2982bd1c39511065e4e3f3437991c2d54ab5aaa2,193293293a0f704dd84d078e2982bd1c39511065e4e3f3437991c2d54ab5aaa2,,,,,,,,,,,,,,,,,fungi,PASS,PASS,PASS,PASS,PASS,PASS
procedural,fungi-h1-s9,fungi-h1-s9,PASS,PASS,PASS,False,,,,,,,,,,,"The generated phenotype shows a coherent blend of body/growth plan, appendages, terminal structures and surface material. Earth-species accuracy is not required; leave this combination alone unless runtime animation reveals attachment problems.",fungi-h1-s9.png,440,440,RGBA,5f9103fad039bec2f916b60ffb2006e89ac48d7f99929b8b67d7815607cd50a5,5f9103fad039bec2f916b60ffb2006e89ac48d7f99929b8b67d7815607cd50a5,,,,,,,,,,,,,,,,,fungi,PASS,PASS,PASS,PASS,PASS,PASS
procedural,fungi-h2-s0,fungi-h2-s0,PASS,PASS,PASS,False,,,,,,,,,,,"The generated phenotype shows a coherent blend of body/growth plan, appendages, terminal structures and surface material. Earth-species accuracy is not required; leave this combination alone unless runtime animation reveals attachment problems.",fungi-h2-s0.png,440,440,RGBA,2d3e3343fb85f843212117f8f67bc50a04ccc8d4f391526d124657adecd49789,2d3e3343fb85f843212117f8f67bc50a04ccc8d4f391526d124657adecd49789,,,,,,,,,,,,,,,,,fungi,PASS,PASS,PASS,PASS,PASS,PASS
procedural,fungi-h2-s1,fungi-h2-s1,PASS,PASS,PASS,True,,,,,,,,,,,"The generated phenotype shows a coherent blend of body/growth plan, appendages, terminal structures and surface material. Earth-species accuracy is not required; leave this combination alone unless runtime animation reveals attachment problems.",fungi-h2-s1.png,440,440,RGBA,a050acf7cb4f6abc637887c8e9ce8434607e3900258c17ecd73c175be702139f,47bfeb4910afff06274135d97603c420920e5dbab49aeb328dfcf1fa31fcb6d7,,,,,,,,,,,,,,,,,fungi,PASS,PASS,PASS,PASS,PASS,PASS
procedural,fungi-h2-s10,fungi-h2-s10,PASS,PASS,PASS,False,,,,,,,,,,,"The generated phenotype shows a coherent blend of body/growth plan, appendages, terminal structures and surface material. Earth-species accuracy is not required; leave this combination alone unless runtime animation reveals attachment problems.",fungi-h2-s10.png,440,440,RGBA,12302834ba15dd71b12350544fd34e089f9b97023c57e9bcb7ea42da5274707b,12302834ba15dd71b12350544fd34e089f9b97023c57e9bcb7ea42da5274707b,,,,,,,,,,,,,,,,,fungi,PASS,PASS,PASS,PASS,PASS,PASS
procedural,fungi-h2-s11,fungi-h2-s11,PASS,PASS,PASS,False,,,,,,,,,,,"The generated phenotype shows a coherent blend of body/growth plan, appendages, terminal structures and surface material. Earth-species accuracy is not required; leave this combination alone unless runtime animation reveals attachment problems.",fungi-h2-s11.png,440,440,RGBA,71af732c052fe1c943aa3de8a446397f008d203ad69b7888bfb78ff19743ca6b,71af732c052fe1c943aa3de8a446397f008d203ad69b7888bfb78ff19743ca6b,,,,,,,,,,,,,,,,,fungi,PASS,PASS,PASS,PASS,PASS,PASS
procedural,fungi-h2-s12,fungi-h2-s12,PASS,PASS,PASS,False,,,,,,,,,,,"The generated phenotype shows a coherent blend of body/growth plan, appendages, terminal structures and surface material. Earth-species accuracy is not required; leave this combination alone unless runtime animation reveals attachment problems.",fungi-h2-s12.png,440,440,RGBA,71666c581e60613bbaa8983f5fdb334d0f89072825a3894085d69345334e90a7,71666c581e60613bbaa8983f5fdb334d0f89072825a3894085d69345334e90a7,,,,,,,,,,,,,,,,,fungi,PASS,PASS,PASS,PASS,PASS,PASS
procedural,fungi-h2-s13,fungi-h2-s13,PASS,PASS,PASS,False,,,,,,,,,,,"The generated phenotype shows a coherent blend of body/growth plan, appendages, terminal structures and surface material. Earth-species accuracy is not required; leave this combination alone unless runtime animation reveals attachment problems.",fungi-h2-s13.png,440,440,RGBA,268e41b6cc0513cc20df1880a12529cb3c4897817b6091d74f2516949703eeb1,268e41b6cc0513cc20df1880a12529cb3c4897817b6091d74f2516949703eeb1,,,,,,,,,,,,,,,,,fungi,PASS,PASS,PASS,PASS,PASS,PASS
procedural,fungi-h2-s14,fungi-h2-s14,PASS,PASS,PASS,False,,,,,,,,,,,"The generated phenotype shows a coherent blend of body/growth plan, appendages, terminal structures and surface material. Earth-species accuracy is not required; leave this combination alone unless runtime animation reveals attachment problems.",fungi-h2-s14.png,440,440,RGBA,436810ee45a6035a24db3e40436bdeca18625fe91bcc253d2eb2283a428a8ed2,436810ee45a6035a24db3e40436bdeca18625fe91bcc253d2eb2283a428a8ed2,,,,,,,,,,,,,,,,,fungi,PASS,PASS,PASS,PASS,PASS,PASS
procedural,fungi-h2-s15,fungi-h2-s15,PASS,PASS,PASS,False,,,,,,,,,,,"The generated phenotype shows a coherent blend of body/growth plan, appendages, terminal structures and surface material. Earth-species accuracy is not required; leave this combination alone unless runtime animation reveals attachment problems.",fungi-h2-s15.png,440,440,RGBA,c2349dc3ecef882f7aece680d63091483c1be07b8e18eddeae91f179c833b0da,c2349dc3ecef882f7aece680d63091483c1be07b8e18eddeae91f179c833b0da,,,,,,,,,,,,,,,,,fungi,PASS,PASS,PASS,PASS,PASS,PASS
procedural,fungi-h2-s16,fungi-h2-s16,PASS,PASS,PASS,False,,,,,,,,,,,"The generated phenotype shows a coherent blend of body/growth plan, appendages, terminal structures and surface material. Earth-species accuracy is not required; leave this combination alone unless runtime animation reveals attachment problems.",fungi-h2-s16.png,440,440,RGBA,24f766a5699556121c59f0f343ad0f8155e0c09622fdc9dc9fb51669d893959f,24f766a5699556121c59f0f343ad0f8155e0c09622fdc9dc9fb51669d893959f,,,,,,,,,,,,,,,,,fungi,PASS,PASS,PASS,PASS,PASS,PASS
procedural,fungi-h2-s17,fungi-h2-s17,PASS,PASS,PASS,False,,,,,,,,,,,"The generated phenotype shows a coherent blend of body/growth plan, appendages, terminal structures and surface material. Earth-species accuracy is not required; leave this combination alone unless runtime animation reveals attachment problems.",fungi-h2-s17.png,440,440,RGBA,2935d9aeae92d20bf15c77132df7052764282029124f05d08e8e8ef86d5285d2,2935d9aeae92d20bf15c77132df7052764282029124f05d08e8e8ef86d5285d2,,,,,,,,,,,,,,,,,fungi,PASS,PASS,PASS,PASS,PASS,PASS
procedural,fungi-h2-s18,fungi-h2-s18,PASS,PASS,PASS,False,,,,,,,,,,,"The generated phenotype shows a coherent blend of body/growth plan, appendages, terminal structures and surface material. Earth-species accuracy is not required; leave this combination alone unless runtime animation reveals attachment problems.",fungi-h2-s18.png,440,440,RGBA,b83973a53d98423f92f3df8ce39cb65ab2674ba080336da314ef6efd77c9c5f6,b83973a53d98423f92f3df8ce39cb65ab2674ba080336da314ef6efd77c9c5f6,,,,,,,,,,,,,,,,,fungi,PASS,PASS,PASS,PASS,PASS,PASS
procedural,fungi-h2-s19,fungi-h2-s19,PASS,PASS,PASS,False,,,,,,,,,,,"The generated phenotype shows a coherent blend of body/growth plan, appendages, terminal structures and surface material. Earth-species accuracy is not required; leave this combination alone unless runtime animation reveals attachment problems.",fungi-h2-s19.png,440,440,RGBA,96347c2c81a99827940929e9e0404ef020c885eb2a8d00791f4cae174d598c99,96347c2c81a99827940929e9e0404ef020c885eb2a8d00791f4cae174d598c99,,,,,,,,,,,,,,,,,fungi,PASS,PASS,PASS,PASS,PASS,PASS
procedural,fungi-h2-s2,fungi-h2-s2,PASS,PASS,PASS,True,,,,,,,,,,,"The generated phenotype shows a coherent blend of body/growth plan, appendages, terminal structures and surface material. Earth-species accuracy is not required; leave this combination alone unless runtime animation reveals attachment problems.",fungi-h2-s2.png,440,440,RGBA,9e78afb82a4e05f6b875a2f6c2b5f2b70c156468de6efe653d6140b2a7be692b,5d0c4cf431e6eeda5cb6623cfcc855c649b61bff32b54062932693239ec5e44a,,,,,,,,,,,,,,,,,fungi,PASS,PASS,PASS,PASS,PASS,PASS
procedural,fungi-h2-s3,fungi-h2-s3,PASS,PASS,PASS,False,,,,,,,,,,,"The generated phenotype shows a coherent blend of body/growth plan, appendages, terminal structures and surface material. Earth-species accuracy is not required; leave this combination alone unless runtime animation reveals attachment problems.",fungi-h2-s3.png,440,440,RGBA,872ed364ea08bc0bb1dfc5c429bc4856dc0943ea67b661d0dc1bfcba64b1cf7c,872ed364ea08bc0bb1dfc5c429bc4856dc0943ea67b661d0dc1bfcba64b1cf7c,,,,,,,,,,,,,,,,,fungi,PASS,PASS,PASS,PASS,PASS,PASS
procedural,fungi-h2-s4,fungi-h2-s4,PASS,PASS,PASS,False,,,,,,,,,,,"The generated phenotype shows a coherent blend of body/growth plan, appendages, terminal structures and surface material. Earth-species accuracy is not required; leave this combination alone unless runtime animation reveals attachment problems.",fungi-h2-s4.png,440,440,RGBA,0bb8572e26c8a83ddc5425c5936e1232af33281f73be47c5fb7e57682dda1979,0bb8572e26c8a83ddc5425c5936e1232af33281f73be47c5fb7e57682dda1979,,,,,,,,,,,,,,,,,fungi,PASS,PASS,PASS,PASS,PASS,PASS
procedural,fungi-h2-s5,fungi-h2-s5,PASS,PASS,PASS,False,,,,,,,,,,,"The generated phenotype shows a coherent blend of body/growth plan, appendages, terminal structures and surface material. Earth-species accuracy is not required; leave this combination alone unless runtime animation reveals attachment problems.",fungi-h2-s5.png,440,440,RGBA,23fdec2fd34d90089a1f7bae189251e79b352843cfa6c5a396aa55fcc30235e3,23fdec2fd34d90089a1f7bae189251e79b352843cfa6c5a396aa55fcc30235e3,,,,,,,,,,,,,,,,,fungi,PASS,PASS,PASS,PASS,PASS,PASS
procedural,fungi-h2-s6,fungi-h2-s6,PASS,PASS,PASS,False,,,,,,,,,,,"The generated phenotype shows a coherent blend of body/growth plan, appendages, terminal structures and surface material. Earth-species accuracy is not required; leave this combination alone unless runtime animation reveals attachment problems.",fungi-h2-s6.png,440,440,RGBA,58b8f6b4287799a6770152aa2864ba0b8a10c877f0970ca54b9dc4454b214df1,58b8f6b4287799a6770152aa2864ba0b8a10c877f0970ca54b9dc4454b214df1,,,,,,,,,,,,,,,,,fungi,PASS,PASS,PASS,PASS,PASS,PASS
procedural,fungi-h2-s7,fungi-h2-s7,PASS,PASS,PASS,False,,,,,,,,,,,"The generated phenotype shows a coherent blend of body/growth plan, appendages, terminal structures and surface material. Earth-species accuracy is not required; leave this combination alone unless runtime animation reveals attachment problems.",fungi-h2-s7.png,440,440,RGBA,664532754c5729c3b64f67e234e55fe0923e16f3e707865723bb9293678c143a,664532754c5729c3b64f67e234e55fe0923e16f3e707865723bb9293678c143a,,,,,,,,,,,,,,,,,fungi,PASS,PASS,PASS,PASS,PASS,PASS
procedural,fungi-h2-s8,fungi-h2-s8,PASS,PASS,PASS,False,,,,,,,,,,,"The generated phenotype shows a coherent blend of body/growth plan, appendages, terminal structures and surface material. Earth-species accuracy is not required; leave this combination alone unless runtime animation reveals attachment problems.",fungi-h2-s8.png,440,440,RGBA,544df9d967087d0b81397f3fd78b38ed1da66b118eed5bdc11e6f72993b5fdfb,544df9d967087d0b81397f3fd78b38ed1da66b118eed5bdc11e6f72993b5fdfb,,,,,,,,,,,,,,,,,fungi,PASS,PASS,PASS,PASS,PASS,PASS
procedural,fungi-h2-s9,fungi-h2-s9,PASS,PASS,PASS,False,,,,,,,,,,,"The generated phenotype shows a coherent blend of body/growth plan, appendages, terminal structures and surface material. Earth-species accuracy is not required; leave this combination alone unless runtime animation reveals attachment problems.",fungi-h2-s9.png,440,440,RGBA,e30140cf6fe0416865e9fbca2b49512b89090afb5212076707a9b088bb083c52,e30140cf6fe0416865e9fbca2b49512b89090afb5212076707a9b088bb083c52,,,,,,,,,,,,,,,,,fungi,PASS,PASS,PASS,PASS,PASS,PASS
procedural,microbe-h0-s0,microbe-h0-s0,PASS,PASS,PASS,False,,,,,,,,,,,"The generated phenotype shows a coherent blend of body/growth plan, appendages, terminal structures and surface material. Earth-species accuracy is not required; leave this combination alone unless runtime animation reveals attachment problems.",microbe-h0-s0.png,440,440,RGBA,86bc4463a22e48cc39c9220ed1f962c7be9e212bae00ac5d0656be18ebce7daf,86bc4463a22e48cc39c9220ed1f962c7be9e212bae00ac5d0656be18ebce7daf,,,,,,,,,,,,,,,,,microbe,PASS,PASS,PASS,PASS,PASS,PASS
procedural,microbe-h0-s1,microbe-h0-s1,PASS,PASS,PASS,False,,,,,,,,,,,"The generated phenotype shows a coherent blend of body/growth plan, appendages, terminal structures and surface material. Earth-species accuracy is not required; leave this combination alone unless runtime animation reveals attachment problems.",microbe-h0-s1.png,440,440,RGBA,c07255bbbc36ccfa73c9ae1e9435d4e5ebde027561c171961c3723dc2b700764,c07255bbbc36ccfa73c9ae1e9435d4e5ebde027561c171961c3723dc2b700764,,,,,,,,,,,,,,,,,microbe,PASS,PASS,PASS,PASS,PASS,PASS
procedural,microbe-h0-s10,microbe-h0-s10,PASS,PASS,PASS,False,,,,,,,,,,,"The generated phenotype shows a coherent blend of body/growth plan, appendages, terminal structures and surface material. Earth-species accuracy is not required; leave this combination alone unless runtime animation reveals attachment problems.",microbe-h0-s10.png,440,440,RGBA,1b64dc7f7f4eba8f131d35b56adad3e783e753dc4bae06b4968d4d2623968893,1b64dc7f7f4eba8f131d35b56adad3e783e753dc4bae06b4968d4d2623968893,,,,,,,,,,,,,,,,,microbe,PASS,PASS,PASS,PASS,PASS,PASS
procedural,microbe-h0-s11,microbe-h0-s11,PASS,PASS,PASS,False,,,,,,,,,,,"The generated phenotype shows a coherent blend of body/growth plan, appendages, terminal structures and surface material. Earth-species accuracy is not required; leave this combination alone unless runtime animation reveals attachment problems.",microbe-h0-s11.png,440,440,RGBA,07c41f50ee300ee0463f5cc151fd633a398b8511b9d1004ab05b374330d61970,07c41f50ee300ee0463f5cc151fd633a398b8511b9d1004ab05b374330d61970,,,,,,,,,,,,,,,,,microbe,PASS,PASS,PASS,PASS,PASS,PASS
procedural,microbe-h0-s12,microbe-h0-s12,PASS,PASS,PASS,True,,,,,,,,,,,"The generated phenotype shows a coherent blend of body/growth plan, appendages, terminal structures and surface material. Earth-species accuracy is not required; leave this combination alone unless runtime animation reveals attachment problems.",microbe-h0-s12.png,440,440,RGBA,7c10b8daa85667922a3ec4ec68272ca6ffb613efb7fc06583e5732c3b22c6367,918aed172bd4e75aa78beee9ef70689d6d0e82d185c221e6fb52c7f14a60354a,,,,,,,,,,,,,,,,,microbe,PASS,PASS,PASS,PASS,PASS,PASS
procedural,microbe-h0-s13,microbe-h0-s13,PASS,PASS,PASS,False,,,,,,,,,,,"The generated phenotype shows a coherent blend of body/growth plan, appendages, terminal structures and surface material. Earth-species accuracy is not required; leave this combination alone unless runtime animation reveals attachment problems.",microbe-h0-s13.png,440,440,RGBA,cb9f16d26cd0f88aa780a7c00f63a1e55b686d483fe10b5dfed7c777c3603c48,cb9f16d26cd0f88aa780a7c00f63a1e55b686d483fe10b5dfed7c777c3603c48,,,,,,,,,,,,,,,,,microbe,PASS,PASS,PASS,PASS,PASS,PASS
procedural,microbe-h0-s14,microbe-h0-s14,PASS,PASS,PASS,False,,,,,,,,,,,"The generated phenotype shows a coherent blend of body/growth plan, appendages, terminal structures and surface material. Earth-species accuracy is not required; leave this combination alone unless runtime animation reveals attachment problems.",microbe-h0-s14.png,440,440,RGBA,c3cc4ee51e0e8f81942791a18652a65a0008ffdc20fcbe39ed38d08cf60b3568,c3cc4ee51e0e8f81942791a18652a65a0008ffdc20fcbe39ed38d08cf60b3568,,,,,,,,,,,,,,,,,microbe,PASS,PASS,PASS,PASS,PASS,PASS
procedural,microbe-h0-s15,microbe-h0-s15,PASS,PASS,PASS,False,,,,,,,,,,,"The generated phenotype shows a coherent blend of body/growth plan, appendages, terminal structures and surface material. Earth-species accuracy is not required; leave this combination alone unless runtime animation reveals attachment problems.",microbe-h0-s15.png,440,440,RGBA,99f01e42c0477f3d10ebadafa53aab68b918990a5acfd88e3211579e024a211a,99f01e42c0477f3d10ebadafa53aab68b918990a5acfd88e3211579e024a211a,,,,,,,,,,,,,,,,,microbe,PASS,PASS,PASS,PASS,PASS,PASS
procedural,microbe-h0-s16,microbe-h0-s16,PASS,PASS,PASS,False,,,,,,,,,,,"The generated phenotype shows a coherent blend of body/growth plan, appendages, terminal structures and surface material. Earth-species accuracy is not required; leave this combination alone unless runtime animation reveals attachment problems.",microbe-h0-s16.png,440,440,RGBA,ef81d5a701b7bed56339d643254de624682ff361f205019d39f3b4f4ada2c2b9,ef81d5a701b7bed56339d643254de624682ff361f205019d39f3b4f4ada2c2b9,,,,,,,,,,,,,,,,,microbe,PASS,PASS,PASS,PASS,PASS,PASS
procedural,microbe-h0-s17,microbe-h0-s17,PASS,PASS,PASS,False,,,,,,,,,,,"The generated phenotype shows a coherent blend of body/growth plan, appendages, terminal structures and surface material. Earth-species accuracy is not required; leave this combination alone unless runtime animation reveals attachment problems.",microbe-h0-s17.png,440,440,RGBA,fe89eb91716321c1172dd16c1e8f08a3b3b499263bd456295fbb43a972066fa7,fe89eb91716321c1172dd16c1e8f08a3b3b499263bd456295fbb43a972066fa7,,,,,,,,,,,,,,,,,microbe,PASS,PASS,PASS,PASS,PASS,PASS
procedural,microbe-h0-s18,microbe-h0-s18,PASS,PASS,PASS,False,,,,,,,,,,,"The generated phenotype shows a coherent blend of body/growth plan, appendages, terminal structures and surface material. Earth-species accuracy is not required; leave this combination alone unless runtime animation reveals attachment problems.",microbe-h0-s18.png,440,440,RGBA,71a8ae1af9910a44e4a59f5a3547c138385c5265bfef3dbe75cebb8a403851be,71a8ae1af9910a44e4a59f5a3547c138385c5265bfef3dbe75cebb8a403851be,,,,,,,,,,,,,,,,,microbe,PASS,PASS,PASS,PASS,PASS,PASS
procedural,microbe-h0-s19,microbe-h0-s19,PASS,PASS,PASS,False,,,,,,,,,,,"The generated phenotype shows a coherent blend of body/growth plan, appendages, terminal structures and surface material. Earth-species accuracy is not required; leave this combination alone unless runtime animation reveals attachment problems.",microbe-h0-s19.png,440,440,RGBA,2c5ad3cc00bc023c0a1b27f527545cc7211b2d8a0ccde55423461802dc657918,2c5ad3cc00bc023c0a1b27f527545cc7211b2d8a0ccde55423461802dc657918,,,,,,,,,,,,,,,,,microbe,PASS,PASS,PASS,PASS,PASS,PASS
procedural,microbe-h0-s2,microbe-h0-s2,PASS,PASS,PASS,False,,,,,,,,,,,"The generated phenotype shows a coherent blend of body/growth plan, appendages, terminal structures and surface material. Earth-species accuracy is not required; leave this combination alone unless runtime animation reveals attachment problems.",microbe-h0-s2.png,440,440,RGBA,3d0743617d3f058cf35a8cb238e3cde5e0bf7a2dd6f113e4002816673c00aacc,3d0743617d3f058cf35a8cb238e3cde5e0bf7a2dd6f113e4002816673c00aacc,,,,,,,,,,,,,,,,,microbe,PASS,PASS,PASS,PASS,PASS,PASS
procedural,microbe-h0-s3,microbe-h0-s3,PASS,PASS,PASS,False,,,,,,,,,,,"The generated phenotype shows a coherent blend of body/growth plan, appendages, terminal structures and surface material. Earth-species accuracy is not required; leave this combination alone unless runtime animation reveals attachment problems.",microbe-h0-s3.png,440,440,RGBA,a0f07d6b8f62814c7452d2988372a146de0182f88ef0a2d4c948d1f02f4cea77,a0f07d6b8f62814c7452d2988372a146de0182f88ef0a2d4c948d1f02f4cea77,,,,,,,,,,,,,,,,,microbe,PASS,PASS,PASS,PASS,PASS,PASS
procedural,microbe-h0-s4,microbe-h0-s4,PASS,PASS,PASS,True,,,,,,,,,,,"The generated phenotype shows a coherent blend of body/growth plan, appendages, terminal structures and surface material. Earth-species accuracy is not required; leave this combination alone unless runtime animation reveals attachment problems.",microbe-h0-s4.png,440,440,RGBA,c9c40c886f6eb6912533a8681bfb8df3304d431a2ff34d2d39394aa3abd6d166,08f612b7abdf6b566996e6d41df2d43783868139bafe29f5bad62fe418da3794,,,,,,,,,,,,,,,,,microbe,PASS,PASS,PASS,PASS,PASS,PASS
procedural,microbe-h0-s5,microbe-h0-s5,PASS,PASS,FAIL,True,,,,,,,,,,,"The generated phenotype shows a coherent blend of body/growth plan, appendages, terminal structures and surface material. Earth-species accuracy is not required; leave this combination alone unless runtime animation reveals attachment problems.",microbe-h0-s5.png,440,440,RGBA,a2890e38be94ec9b22d1cafaa72143397fda0c68acb7c02cef56f0983eb6b183,ea315075ef5fc2e6000f3bdfad4ea8e2f31eb08ddd224b902e8e4eae404f54bb,,,,,,,,,,,,,,,,,microbe,PASS,PASS,PASS,PASS,PASS,PASS
procedural,microbe-h0-s6,microbe-h0-s6,PASS,PASS,PASS,True,,,,,,,,,,,"The generated phenotype shows a coherent blend of body/growth plan, appendages, terminal structures and surface material. Earth-species accuracy is not required; leave this combination alone unless runtime animation reveals attachment problems.",microbe-h0-s6.png,440,440,RGBA,b201d6d9f720a0d47528a70e888a279df3d2bc5f994880e72fef67fd64bc5a8c,56e0c498d0204b3a24a540057a61cc6b50a5107f22c5487715072a1d512e45cd,,,,,,,,,,,,,,,,,microbe,PASS,PASS,PASS,PASS,PASS,PASS
procedural,microbe-h0-s7,microbe-h0-s7,PASS,PASS,PASS,False,,,,,,,,,,,"The generated phenotype shows a coherent blend of body/growth plan, appendages, terminal structures and surface material. Earth-species accuracy is not required; leave this combination alone unless runtime animation reveals attachment problems.",microbe-h0-s7.png,440,440,RGBA,c5b29cb78b7f9a37c3de6c5de4729dfe038fc9df53a189e00531d3d28bce4362,c5b29cb78b7f9a37c3de6c5de4729dfe038fc9df53a189e00531d3d28bce4362,,,,,,,,,,,,,,,,,microbe,PASS,PASS,PASS,PASS,PASS,PASS
procedural,microbe-h0-s8,microbe-h0-s8,PASS,PASS,PASS,False,,,,,,,,,,,"The generated phenotype shows a coherent blend of body/growth plan, appendages, terminal structures and surface material. Earth-species accuracy is not required; leave this combination alone unless runtime animation reveals attachment problems.",microbe-h0-s8.png,440,440,RGBA,b3691bcd7ab0a3ec38e56f79656a455da2fb88390826131c9b5461f23373907d,b3691bcd7ab0a3ec38e56f79656a455da2fb88390826131c9b5461f23373907d,,,,,,,,,,,,,,,,,microbe,PASS,PASS,PASS,PASS,PASS,PASS
procedural,microbe-h0-s9,microbe-h0-s9,PASS,PASS,PASS,False,,,,,,,,,,,"The generated phenotype shows a coherent blend of body/growth plan, appendages, terminal structures and surface material. Earth-species accuracy is not required; leave this combination alone unless runtime animation reveals attachment problems.",microbe-h0-s9.png,440,440,RGBA,e35ee5799e4da27e2da0e116d8b9f3c11f1f24ef88a01662623546dd8ccf4d2c,e35ee5799e4da27e2da0e116d8b9f3c11f1f24ef88a01662623546dd8ccf4d2c,,,,,,,,,,,,,,,,,microbe,PASS,PASS,PASS,PASS,PASS,PASS
procedural,microbe-h1-s0,microbe-h1-s0,PASS,PASS,PASS,False,,,,,,,,,,,"The generated phenotype shows a coherent blend of body/growth plan, appendages, terminal structures and surface material. Earth-species accuracy is not required; leave this combination alone unless runtime animation reveals attachment problems.",microbe-h1-s0.png,440,440,RGBA,c8e12b03f50925c4ecba10989d02845cb801866cce77ddec2cc941c43957f719,c8e12b03f50925c4ecba10989d02845cb801866cce77ddec2cc941c43957f719,,,,,,,,,,,,,,,,,microbe,PASS,PASS,PASS,PASS,PASS,PASS
procedural,microbe-h1-s1,microbe-h1-s1,PASS,PASS,PASS,False,,,,,,,,,,,"The generated phenotype shows a coherent blend of body/growth plan, appendages, terminal structures and surface material. Earth-species accuracy is not required; leave this combination alone unless runtime animation reveals attachment problems.",microbe-h1-s1.png,440,440,RGBA,917a9a60d69d4139f565ead90bd13a2efe049e03dff77e1632d4fc340fe3ac91,917a9a60d69d4139f565ead90bd13a2efe049e03dff77e1632d4fc340fe3ac91,,,,,,,,,,,,,,,,,microbe,PASS,PASS,PASS,PASS,PASS,PASS
procedural,microbe-h1-s10,microbe-h1-s10,PASS,PASS,PASS,False,,,,,,,,,,,"The generated phenotype shows a coherent blend of body/growth plan, appendages, terminal structures and surface material. Earth-species accuracy is not required; leave this combination alone unless runtime animation reveals attachment problems.",microbe-h1-s10.png,440,440,RGBA,b84f4c8f1ff957c58bf91a14b1529700d80cf4d655a14c17fa7fecdd1ad66441,b84f4c8f1ff957c58bf91a14b1529700d80cf4d655a14c17fa7fecdd1ad66441,,,,,,,,,,,,,,,,,microbe,PASS,PASS,PASS,PASS,PASS,PASS
procedural,microbe-h1-s11,microbe-h1-s11,PASS,PASS,PASS,False,,,,,,,,,,,"The generated phenotype shows a coherent blend of body/growth plan, appendages, terminal structures and surface material. Earth-species accuracy is not required; leave this combination alone unless runtime animation reveals attachment problems.",microbe-h1-s11.png,440,440,RGBA,70795ce2ece5cdd322f65866d7fd1f99c423a7be6eef1123d97ff9432f1a6137,70795ce2ece5cdd322f65866d7fd1f99c423a7be6eef1123d97ff9432f1a6137,,,,,,,,,,,,,,,,,microbe,PASS,PASS,PASS,PASS,PASS,PASS
procedural,microbe-h1-s12,microbe-h1-s12,PASS,PASS,PASS,True,,,,,,,,,,,"The generated phenotype shows a coherent blend of body/growth plan, appendages, terminal structures and surface material. Earth-species accuracy is not required; leave this combination alone unless runtime animation reveals attachment problems.",microbe-h1-s12.png,440,440,RGBA,8c7e4324556efa83ab773493b70b0079eb277390be1d848b7959639d2ce52d42,aac97c0e9c8d4d1d8d91f595d34fd8721744a82d3ec3bc0e458bb01b26bbde0c,,,,,,,,,,,,,,,,,microbe,PASS,PASS,PASS,PASS,PASS,PASS
procedural,microbe-h1-s13,microbe-h1-s13,PASS,PASS,PASS,False,,,,,,,,,,,"The generated phenotype shows a coherent blend of body/growth plan, appendages, terminal structures and surface material. Earth-species accuracy is not required; leave this combination alone unless runtime animation reveals attachment problems.",microbe-h1-s13.png,440,440,RGBA,3c583c3f2318a8d3bafc708a9c9c57b70e29a073933c663abfe3f730cd180aec,3c583c3f2318a8d3bafc708a9c9c57b70e29a073933c663abfe3f730cd180aec,,,,,,,,,,,,,,,,,microbe,PASS,PASS,PASS,PASS,PASS,PASS
procedural,microbe-h1-s14,microbe-h1-s14,PASS,PASS,PASS,False,,,,,,,,,,,"The generated phenotype shows a coherent blend of body/growth plan, appendages, terminal structures and surface material. Earth-species accuracy is not required; leave this combination alone unless runtime animation reveals attachment problems.",microbe-h1-s14.png,440,440,RGBA,8a5948a6776d7defe4943df735612fa093f912ae2c2277177748d5dcf724bdad,8a5948a6776d7defe4943df735612fa093f912ae2c2277177748d5dcf724bdad,,,,,,,,,,,,,,,,,microbe,PASS,PASS,PASS,PASS,PASS,PASS
procedural,microbe-h1-s15,microbe-h1-s15,PASS,PASS,PASS,True,,,,,,,,,,,"The generated phenotype shows a coherent blend of body/growth plan, appendages, terminal structures and surface material. Earth-species accuracy is not required; leave this combination alone unless runtime animation reveals attachment problems.",microbe-h1-s15.png,440,440,RGBA,a8135fb1db101cce49a2673b7e2881102f741a681bc0620dd63b957e11fb3368,93abbe19690a20c9404216d13091e9d887fc15df63f2a52e1aed9bf1941c630e,,,,,,,,,,,,,,,,,microbe,PASS,PASS,PASS,PASS,PASS,PASS
procedural,microbe-h1-s16,microbe-h1-s16,PASS,PASS,PASS,False,,,,,,,,,,,"The generated phenotype shows a coherent blend of body/growth plan, appendages, terminal structures and surface material. Earth-species accuracy is not required; leave this combination alone unless runtime animation reveals attachment problems.",microbe-h1-s16.png,440,440,RGBA,ff4f109ba4747e9b1519e67887df985bd70b95b49fb5685540ec6adf7fad4bb0,ff4f109ba4747e9b1519e67887df985bd70b95b49fb5685540ec6adf7fad4bb0,,,,,,,,,,,,,,,,,microbe,PASS,PASS,PASS,PASS,PASS,PASS
procedural,microbe-h1-s17,microbe-h1-s17,PASS,PASS,PASS,False,,,,,,,,,,,"The generated phenotype shows a coherent blend of body/growth plan, appendages, terminal structures and surface material. Earth-species accuracy is not required; leave this combination alone unless runtime animation reveals attachment problems.",microbe-h1-s17.png,440,440,RGBA,42efb5be0bc2ee99da77f929f5a127b4e7480fedca763df796f713655d815a1b,42efb5be0bc2ee99da77f929f5a127b4e7480fedca763df796f713655d815a1b,,,,,,,,,,,,,,,,,microbe,PASS,PASS,PASS,PASS,PASS,PASS
procedural,microbe-h1-s18,microbe-h1-s18,PASS,PASS,PASS,False,,,,,,,,,,,"The generated phenotype shows a coherent blend of body/growth plan, appendages, terminal structures and surface material. Earth-species accuracy is not required; leave this combination alone unless runtime animation reveals attachment problems.",microbe-h1-s18.png,440,440,RGBA,675ca0f33d2ef168c5cdc9a9a8c553fab93fb294aee40d6624d3f149eb5aed26,675ca0f33d2ef168c5cdc9a9a8c553fab93fb294aee40d6624d3f149eb5aed26,,,,,,,,,,,,,,,,,microbe,PASS,PASS,PASS,PASS,PASS,PASS
procedural,microbe-h1-s19,microbe-h1-s19,PASS,PASS,PASS,False,,,,,,,,,,,"The generated phenotype shows a coherent blend of body/growth plan, appendages, terminal structures and surface material. Earth-species accuracy is not required; leave this combination alone unless runtime animation reveals attachment problems.",microbe-h1-s19.png,440,440,RGBA,c89cf239453fcb6723c90fb7561986ea07a81ddc389624e1f07fec7e1c8b4716,c89cf239453fcb6723c90fb7561986ea07a81ddc389624e1f07fec7e1c8b4716,,,,,,,,,,,,,,,,,microbe,PASS,PASS,PASS,PASS,PASS,PASS
procedural,microbe-h1-s2,microbe-h1-s2,PASS,PASS,PASS,True,,,,,,,,,,,"The generated phenotype shows a coherent blend of body/growth plan, appendages, terminal structures and surface material. Earth-species accuracy is not required; leave this combination alone unless runtime animation reveals attachment problems.",microbe-h1-s2.png,440,440,RGBA,f93c4c4b2bd3337a0481b56b8f7b22fe767b074ef7a49fe7c3de9931460e7311,1eefb42ae9c9beb7452ed8a61cda71b81e29acbcb9c773dd4b0dbbc394fade74,,,,,,,,,,,,,,,,,microbe,PASS,PASS,PASS,PASS,PASS,PASS
procedural,microbe-h1-s3,microbe-h1-s3,PASS,PASS,PASS,True,,,,,,,,,,,"The generated phenotype shows a coherent blend of body/growth plan, appendages, terminal structures and surface material. Earth-species accuracy is not required; leave this combination alone unless runtime animation reveals attachment problems.",microbe-h1-s3.png,440,440,RGBA,02e810e26ec21ae75f442d0de0cec2ac303f4bbea71ef7a4c88b6e3a0147e6a3,1b3fb9692f7b0356cf4524767c1d85058fb0574b600ffd9b303e5bd76ba05dce,,,,,,,,,,,,,,,,,microbe,PASS,PASS,PASS,PASS,PASS,PASS
procedural,microbe-h1-s4,microbe-h1-s4,PASS,PASS,PASS,False,,,,,,,,,,,"The generated phenotype shows a coherent blend of body/growth plan, appendages, terminal structures and surface material. Earth-species accuracy is not required; leave this combination alone unless runtime animation reveals attachment problems.",microbe-h1-s4.png,440,440,RGBA,3628a9bcb896e33548073d450b0ac7fdad47da76a7a5120b67702714bbdac7ad,3628a9bcb896e33548073d450b0ac7fdad47da76a7a5120b67702714bbdac7ad,,,,,,,,,,,,,,,,,microbe,PASS,PASS,PASS,PASS,PASS,PASS
procedural,microbe-h1-s5,microbe-h1-s5,PASS,PASS,PASS,False,,,,,,,,,,,"The generated phenotype shows a coherent blend of body/growth plan, appendages, terminal structures and surface material. Earth-species accuracy is not required; leave this combination alone unless runtime animation reveals attachment problems.",microbe-h1-s5.png,440,440,RGBA,2c7d0f79c7d4342975e1ea605cf82265b1462d88bf9d9fb656482a1c6a7934d5,2c7d0f79c7d4342975e1ea605cf82265b1462d88bf9d9fb656482a1c6a7934d5,,,,,,,,,,,,,,,,,microbe,PASS,PASS,PASS,PASS,PASS,PASS
procedural,microbe-h1-s6,microbe-h1-s6,PASS,PASS,PASS,False,,,,,,,,,,,"The generated phenotype shows a coherent blend of body/growth plan, appendages, terminal structures and surface material. Earth-species accuracy is not required; leave this combination alone unless runtime animation reveals attachment problems.",microbe-h1-s6.png,440,440,RGBA,d398cc1e34e930af5d45f66c8a83ee5fcba1efb44c1b2e2fc435d9016e3608b2,d398cc1e34e930af5d45f66c8a83ee5fcba1efb44c1b2e2fc435d9016e3608b2,,,,,,,,,,,,,,,,,microbe,PASS,PASS,PASS,PASS,PASS,PASS
procedural,microbe-h1-s7,microbe-h1-s7,PASS,PASS,PASS,True,,,,,,,,,,,"The generated phenotype shows a coherent blend of body/growth plan, appendages, terminal structures and surface material. Earth-species accuracy is not required; leave this combination alone unless runtime animation reveals attachment problems.",microbe-h1-s7.png,440,440,RGBA,cb8c8e0971d4e9378e633b2250b7a5b387ad35f5bc8b2298c85761a5c5f5227b,190b32330a3a5a7907ad56244d876d3812b42311ad73a11c491dbc7bb119e547,,,,,,,,,,,,,,,,,microbe,PASS,PASS,PASS,PASS,PASS,PASS
procedural,microbe-h1-s8,microbe-h1-s8,PASS,PASS,PASS,True,,,,,,,,,,,"The generated phenotype shows a coherent blend of body/growth plan, appendages, terminal structures and surface material. Earth-species accuracy is not required; leave this combination alone unless runtime animation reveals attachment problems.",microbe-h1-s8.png,440,440,RGBA,2d1670383805e421bc3b3ff9d5c51b8afc42cfa908695896c0b2549252420e11,a279b7a428702196f3df5a5173ef44ef721249adeee2eee5b276da40959dc4fc,,,,,,,,,,,,,,,,,microbe,PASS,PASS,PASS,PASS,PASS,PASS
procedural,microbe-h1-s9,microbe-h1-s9,PASS,PASS,PASS,False,,,,,,,,,,,"The generated phenotype shows a coherent blend of body/growth plan, appendages, terminal structures and surface material. Earth-species accuracy is not required; leave this combination alone unless runtime animation reveals attachment problems.",microbe-h1-s9.png,440,440,RGBA,277325f3066aa7153f4e3280a8ab490189fb64ff5befcc242a3338174d43ab65,277325f3066aa7153f4e3280a8ab490189fb64ff5befcc242a3338174d43ab65,,,,,,,,,,,,,,,,,microbe,PASS,PASS,PASS,PASS,PASS,PASS
procedural,microbe-h2-s0,microbe-h2-s0,PASS,PASS,PASS,True,,,,,,,,,,,"The generated phenotype shows a coherent blend of body/growth plan, appendages, terminal structures and surface material. Earth-species accuracy is not required; leave this combination alone unless runtime animation reveals attachment problems.",microbe-h2-s0.png,440,440,RGBA,d7e997d4acf88010be6f8e9db968751288c44fdbfe1632457390cb4fbb5dfc37,99049fed24f81de35fe97bc77922b3f2419f460e1223d9038199a295ab0c3de7,,,,,,,,,,,,,,,,,microbe,PASS,PASS,PASS,PASS,PASS,PASS
procedural,microbe-h2-s1,microbe-h2-s1,PASS,PASS,PASS,False,,,,,,,,,,,"The generated phenotype shows a coherent blend of body/growth plan, appendages, terminal structures and surface material. Earth-species accuracy is not required; leave this combination alone unless runtime animation reveals attachment problems.",microbe-h2-s1.png,440,440,RGBA,35e188187ea9112a598cb34e8f007d6bd7b7c190a99f251962bbaf47242bce7a,35e188187ea9112a598cb34e8f007d6bd7b7c190a99f251962bbaf47242bce7a,,,,,,,,,,,,,,,,,microbe,PASS,PASS,PASS,PASS,PASS,PASS
procedural,microbe-h2-s10,microbe-h2-s10,PASS,PASS,PASS,False,,,,,,,,,,,"The generated phenotype shows a coherent blend of body/growth plan, appendages, terminal structures and surface material. Earth-species accuracy is not required; leave this combination alone unless runtime animation reveals attachment problems.",microbe-h2-s10.png,440,440,RGBA,fcc5137f0e2b502d849c36d0cf39b3f7e6cbbe9341ce4c2703fde4d69cfc5d8c,fcc5137f0e2b502d849c36d0cf39b3f7e6cbbe9341ce4c2703fde4d69cfc5d8c,,,,,,,,,,,,,,,,,microbe,PASS,PASS,PASS,PASS,PASS,PASS
procedural,microbe-h2-s11,microbe-h2-s11,PASS,PASS,PASS,False,,,,,,,,,,,"The generated phenotype shows a coherent blend of body/growth plan, appendages, terminal structures and surface material. Earth-species accuracy is not required; leave this combination alone unless runtime animation reveals attachment problems.",microbe-h2-s11.png,440,440,RGBA,d5e6f047ffb45fa88a87ba8529664a04e6f1850cf831ad67a5207d2e854792cf,d5e6f047ffb45fa88a87ba8529664a04e6f1850cf831ad67a5207d2e854792cf,,,,,,,,,,,,,,,,,microbe,PASS,PASS,PASS,PASS,PASS,PASS
procedural,microbe-h2-s12,microbe-h2-s12,PASS,PASS,PASS,False,,,,,,,,,,,"The generated phenotype shows a coherent blend of body/growth plan, appendages, terminal structures and surface material. Earth-species accuracy is not required; leave this combination alone unless runtime animation reveals attachment problems.",microbe-h2-s12.png,440,440,RGBA,254e5dfc6489a0762c1910e1bd11b923fa0a489a91c48aed9c473139d3c7b42c,254e5dfc6489a0762c1910e1bd11b923fa0a489a91c48aed9c473139d3c7b42c,,,,,,,,,,,,,,,,,microbe,PASS,PASS,PASS,PASS,PASS,PASS
procedural,microbe-h2-s13,microbe-h2-s13,PASS,PASS,PASS,False,,,,,,,,,,,"The generated phenotype shows a coherent blend of body/growth plan, appendages, terminal structures and surface material. Earth-species accuracy is not required; leave this combination alone unless runtime animation reveals attachment problems.",microbe-h2-s13.png,440,440,RGBA,1e8467ddafce1180ca46d9f614cb5d08915523d3e9e6fd20c866e3f748d807c4,1e8467ddafce1180ca46d9f614cb5d08915523d3e9e6fd20c866e3f748d807c4,,,,,,,,,,,,,,,,,microbe,PASS,PASS,PASS,PASS,PASS,PASS
procedural,microbe-h2-s14,microbe-h2-s14,PASS,PASS,PASS,False,,,,,,,,,,,"The generated phenotype shows a coherent blend of body/growth plan, appendages, terminal structures and surface material. Earth-species accuracy is not required; leave this combination alone unless runtime animation reveals attachment problems.",microbe-h2-s14.png,440,440,RGBA,0699b94a071c5c5266304a00caf52c3bae3c3fa1025bd5b7bb4a423c24ae1618,0699b94a071c5c5266304a00caf52c3bae3c3fa1025bd5b7bb4a423c24ae1618,,,,,,,,,,,,,,,,,microbe,PASS,PASS,PASS,PASS,PASS,PASS
procedural,microbe-h2-s15,microbe-h2-s15,PASS,PASS,PASS,False,,,,,,,,,,,"The generated phenotype shows a coherent blend of body/growth plan, appendages, terminal structures and surface material. Earth-species accuracy is not required; leave this combination alone unless runtime animation reveals attachment problems.",microbe-h2-s15.png,440,440,RGBA,554bab19bf2ae44a7f840b8bf7c0994d94bb6eb460b9a31f5a582d4d83410bfe,554bab19bf2ae44a7f840b8bf7c0994d94bb6eb460b9a31f5a582d4d83410bfe,,,,,,,,,,,,,,,,,microbe,PASS,PASS,PASS,PASS,PASS,PASS
procedural,microbe-h2-s16,microbe-h2-s16,PASS,PASS,PASS,False,,,,,,,,,,,"The generated phenotype shows a coherent blend of body/growth plan, appendages, terminal structures and surface material. Earth-species accuracy is not required; leave this combination alone unless runtime animation reveals attachment problems.",microbe-h2-s16.png,440,440,RGBA,94c0ad337e2fd451246755f28f93e45fcfcb23f24cbeae3dda446f5b5c8bcb91,94c0ad337e2fd451246755f28f93e45fcfcb23f24cbeae3dda446f5b5c8bcb91,,,,,,,,,,,,,,,,,microbe,PASS,PASS,PASS,PASS,PASS,PASS
procedural,microbe-h2-s17,microbe-h2-s17,PASS,PASS,FAIL,True,,,,,,,,,,,"The generated phenotype shows a coherent blend of body/growth plan, appendages, terminal structures and surface material. Earth-species accuracy is not required; leave this combination alone unless runtime animation reveals attachment problems.",microbe-h2-s17.png,440,440,RGBA,8e7a032462a5af58581c884959efe7ee7091a70a41ea554698c5d449bc55f21c,ea315075ef5fc2e6000f3bdfad4ea8e2f31eb08ddd224b902e8e4eae404f54bb,,,,,,,,,,,,,,,,,microbe,PASS,PASS,PASS,PASS,PASS,PASS
procedural,microbe-h2-s18,microbe-h2-s18,PASS,PASS,PASS,False,,,,,,,,,,,"The generated phenotype shows a coherent blend of body/growth plan, appendages, terminal structures and surface material. Earth-species accuracy is not required; leave this combination alone unless runtime animation reveals attachment problems.",microbe-h2-s18.png,440,440,RGBA,fa23f37d4d709c78b720087a107aad111fc84f3c6ab49ceaf92eca32a9a73641,fa23f37d4d709c78b720087a107aad111fc84f3c6ab49ceaf92eca32a9a73641,,,,,,,,,,,,,,,,,microbe,PASS,PASS,PASS,PASS,PASS,PASS
procedural,microbe-h2-s19,microbe-h2-s19,PASS,PASS,PASS,False,,,,,,,,,,,"The generated phenotype shows a coherent blend of body/growth plan, appendages, terminal structures and surface material. Earth-species accuracy is not required; leave this combination alone unless runtime animation reveals attachment problems.",microbe-h2-s19.png,440,440,RGBA,3c4ce90b7e9e0b5ca38ef6072b47b72befff53687e051a91f5405b96f4e96fb0,3c4ce90b7e9e0b5ca38ef6072b47b72befff53687e051a91f5405b96f4e96fb0,,,,,,,,,,,,,,,,,microbe,PASS,PASS,PASS,PASS,PASS,PASS
procedural,microbe-h2-s2,microbe-h2-s2,PASS,PASS,PASS,True,,,,,,,,,,,"The generated phenotype shows a coherent blend of body/growth plan, appendages, terminal structures and surface material. Earth-species accuracy is not required; leave this combination alone unless runtime animation reveals attachment problems.",microbe-h2-s2.png,440,440,RGBA,b6e65230ead01e4a204cdcdba1ce86d19490faceb0f366f935d65f98422c0d2c,821f0041a123a26ea0c26995f8a878cb600677479edd1a337cc7f33895b302f7,,,,,,,,,,,,,,,,,microbe,PASS,PASS,PASS,PASS,PASS,PASS
procedural,microbe-h2-s3,microbe-h2-s3,PASS,PASS,PASS,False,,,,,,,,,,,"The generated phenotype shows a coherent blend of body/growth plan, appendages, terminal structures and surface material. Earth-species accuracy is not required; leave this combination alone unless runtime animation reveals attachment problems.",microbe-h2-s3.png,440,440,RGBA,c7b623e6a0cfc598244835d3eec0ab245b8d0801e294471394161eef4dc03770,c7b623e6a0cfc598244835d3eec0ab245b8d0801e294471394161eef4dc03770,,,,,,,,,,,,,,,,,microbe,PASS,PASS,PASS,PASS,PASS,PASS
procedural,microbe-h2-s4,microbe-h2-s4,PASS,PASS,PASS,False,,,,,,,,,,,"The generated phenotype shows a coherent blend of body/growth plan, appendages, terminal structures and surface material. Earth-species accuracy is not required; leave this combination alone unless runtime animation reveals attachment problems.",microbe-h2-s4.png,440,440,RGBA,95292d633bd9d5dd7b10f6eb11f4c383401e4a62c77e32a5449be2a9b1f55c07,95292d633bd9d5dd7b10f6eb11f4c383401e4a62c77e32a5449be2a9b1f55c07,,,,,,,,,,,,,,,,,microbe,PASS,PASS,PASS,PASS,PASS,PASS
procedural,microbe-h2-s5,microbe-h2-s5,PASS,PASS,FAIL,True,,,,,,,,,,,"The generated phenotype shows a coherent blend of body/growth plan, appendages, terminal structures and surface material. Earth-species accuracy is not required; leave this combination alone unless runtime animation reveals attachment problems.",microbe-h2-s5.png,440,440,RGBA,c308758d1175143e40645ee16ce5e7f2347a6a8fb0ecc8e9245e3e8c3d533034,ea315075ef5fc2e6000f3bdfad4ea8e2f31eb08ddd224b902e8e4eae404f54bb,,,,,,,,,,,,,,,,,microbe,PASS,PASS,PASS,PASS,PASS,PASS
procedural,microbe-h2-s6,microbe-h2-s6,PASS,PASS,PASS,True,,,,,,,,,,,"The generated phenotype shows a coherent blend of body/growth plan, appendages, terminal structures and surface material. Earth-species accuracy is not required; leave this combination alone unless runtime animation reveals attachment problems.",microbe-h2-s6.png,440,440,RGBA,14c4093ba8e8308a79fe45777db8e191423501eeea98b8cf1bf67834d3978252,9fd9265cf3c884604404d1e114e95c4d116a71ad3e4a33860d44bf23f4a8c40a,,,,,,,,,,,,,,,,,microbe,PASS,PASS,PASS,PASS,PASS,PASS
procedural,microbe-h2-s7,microbe-h2-s7,PASS,PASS,PASS,False,,,,,,,,,,,"The generated phenotype shows a coherent blend of body/growth plan, appendages, terminal structures and surface material. Earth-species accuracy is not required; leave this combination alone unless runtime animation reveals attachment problems.",microbe-h2-s7.png,440,440,RGBA,07dcd4b2a3bb0a6a9d9da53a01e107515022ba65345826ad61372fd20a2a5563,07dcd4b2a3bb0a6a9d9da53a01e107515022ba65345826ad61372fd20a2a5563,,,,,,,,,,,,,,,,,microbe,PASS,PASS,PASS,PASS,PASS,PASS
procedural,microbe-h2-s8,microbe-h2-s8,PASS,PASS,PASS,True,,,,,,,,,,,"The generated phenotype shows a coherent blend of body/growth plan, appendages, terminal structures and surface material. Earth-species accuracy is not required; leave this combination alone unless runtime animation reveals attachment problems.",microbe-h2-s8.png,440,440,RGBA,a8a6575c39cdd670e55c592ad724f986e5e44cbe81b4d15a8acbe6f6f5be10ce,af555ad07cd6a2ca0f76d316f2a214fd1e4ea142fae0d0d2d1510ea756ea4767,,,,,,,,,,,,,,,,,microbe,PASS,PASS,PASS,PASS,PASS,PASS
procedural,microbe-h2-s9,microbe-h2-s9,PASS,PASS,FAIL,True,,,,,,,,,,,"The generated phenotype shows a coherent blend of body/growth plan, appendages, terminal structures and surface material. Earth-species accuracy is not required; leave this combination alone unless runtime animation reveals attachment problems.",microbe-h2-s9.png,440,440,RGBA,1fa5385558ac6d1a535f1833468cd00a9c065f38309ebe5afc0e3d79b9aba871,ea315075ef5fc2e6000f3bdfad4ea8e2f31eb08ddd224b902e8e4eae404f54bb,,,,,,,,,,,,,,,,,microbe,PASS,PASS,PASS,PASS,PASS,PASS
