asset_id,display_name,current_status,binary_result,previous_strict_status,changed_from_previous_submission,expected_growth_family,overall_growth_form,roots_or_attachment,stem_trunk,leaves_fronds,flower_fruit_spore_harvest,scale_and_silhouette,current_assessment_and_required_fix,filename,width,height,mode,sha256,previous_sha256
Acacia,Acacia,HOLD,FAIL,HOLD,True,Tropical trees,PASS,POLISH,POLISH,POLISH,POLISH,POLISH,"The asset is a tree, but the narrow circular burst canopy does not read as a classic acacia. Broaden the layered umbrella crown, show horizontal branching and reduce the radial flower-ray treatment.",Acacia.png,440,440,RGBA,28b4e199b954a7a7bd336452bfb50bbf58bffb8c1a004d90d3cc59653fd1ce0f,a15743ebbddc6b1fa2b2722374d3d3dcdb9f878bbfbccec60c342cc096222113
Acai,Acai,FAIL,FAIL,FAIL,False,Other plant or harvest type,FAIL,PASS,FAIL,FAIL,FAIL,FAIL,"The current two-leaf stick is not an açaí palm. Use a slender ringed palm trunk, large pinnate fronds and hanging clusters of small dark-purple berries.",Acai.png,440,440,RGBA,7b1f5e7e4936debce9fe784371fb0b5ed2076fb176d6be05ee8a54e471de26cd,7b1f5e7e4936debce9fe784371fb0b5ed2076fb176d6be05ee8a54e471de26cd
Acorn,Acorn,HOLD,FAIL,HOLD,True,Other plant or harvest type,PASS,POLISH,POLISH,POLISH,POLISH,POLISH,"Clarify this as a harvest item rather than a fruiting tree portrait, or link it explicitly to Oak. Acorn needs a species-specific growth-form check: roots/attachment, stem or trunk, leaf/frond arrangement, flower/fruit/spore organ and overall scale.",Acorn.png,440,440,RGBA,a7577873669da080b71ff653e1e5509eb0f89807a62ebae71f14d1b88c0120f3,c310fb6a9ec899ae7eb2f9cfff58d76e0c22367084549525f6f9c1ac89cd224e
African_Ginger,African Ginger,PASS,PASS,HOLD,True,Other plant or harvest type,PASS,PASS,PASS,PASS,PASS,PASS,The basal leaves and upright flower spike are sufficiently recognizable.,African_Ginger.png,440,440,RGBA,a07329c1dabd2af35e960ec08ad0742ea950aed1b1c84cc3338bcf728ca1de18,a83f47425b172927831887e89ecaaf01a214e6a5909f3202bdc887bed541b3eb
Agave,Agave,PASS,PASS,HOLD,True,12. Succulents and Desert Plants,PASS,PASS,PASS,PASS,PASS,PASS,The dense basal rosette of thick pointed succulent leaves and flower stalk read correctly.,Agave.png,440,440,RGBA,6e697872d0aceb7b48a8773fb75ff6cba9b50b7bf3a4f7347d952b5472c7aaee,32d3f9dcfa0cb917d5de7a44104bde5a89f4daa9f9eb9b0ae5ffd136b722132f
Air_Plant,Air Plant,PASS,PASS,HOLD,True,17. Parasitic and Unusual Plants,PASS,PASS,PASS,PASS,PASS,PASS,The epiphytic rosette and central bloom are recognizable at this scale.,Air_Plant.png,440,440,RGBA,4bb6ba6569ed37417541672573d812d3a8580e3eec4048b1f67d67fba9fa269d,f1850b0118bfba73615f0aa4b697c8c80dd7b8cd95b4c3faa019925d6b927a9b
Alfalfa,Alfalfa,HOLD,FAIL,HOLD,True,Other plant or harvest type,PASS,POLISH,POLISH,POLISH,POLISH,POLISH,"No critical duplicate, clipping, or gross growth-family error found. Broad growth form is usable; species-level botanical specificity may still be simplified. Alfalfa needs a species-specific growth-form check: roots/attachment, stem or trunk, leaf/frond arrangement, flower/fruit/spore organ and overall scale.",Alfalfa.png,440,440,RGBA,e3599a3f74fb1bd31291cd596abcbbc71d70998346298eb979d0db03980d9f69,21b38c82c37f265e8de4c5ccc661783bed43320bd49505816bc7dbfb254a13b2
Aloe,Aloe,HOLD,FAIL,HOLD,True,12. Succulents and Desert Plants,PASS,POLISH,POLISH,POLISH,POLISH,POLISH,"No critical duplicate, clipping, or gross growth-family error found. Broad growth form is usable; species-level botanical specificity may still be simplified. Match stem geometry, branching/rosette habit, pads/ribs, spines, flower and fruit placement for the named cactus or succulent.",Aloe.png,440,440,RGBA,733c7572d25c04200ed66fb63bfce6b36fc5073a71e9cd016318f5e6fa4abca4,4bcce218f0f8b993494b535bea9b6ee3cedbed1fdf182d349d9e5078ee2f56de
Alpine_Mint,Alpine Mint,HOLD,FAIL,HOLD,True,Other plant or harvest type,PASS,POLISH,POLISH,POLISH,POLISH,POLISH,"No critical duplicate, clipping, or gross growth-family error found. Broad growth form is usable; species-level botanical specificity may still be simplified. Alpine Mint needs a species-specific growth-form check: roots/attachment, stem or trunk, leaf/frond arrangement, flower/fruit/spore organ and overall scale.",Alpine_Mint.png,440,440,RGBA,1ead0b6f7d40fbb5e2eb6d3fa53f5c746aa5d52135c16ef8b6eb049a41ad2c2f,04b30e07ec293449fa491c77e3ce968d1323bf18d2748502ee86ad15a918070a
Alpine_Sorrel,Alpine Sorrel,HOLD,FAIL,HOLD,True,Other plant or harvest type,PASS,POLISH,POLISH,POLISH,POLISH,POLISH,"No critical duplicate, clipping, or gross growth-family error found. Broad growth form is usable; species-level botanical specificity may still be simplified. Alpine Sorrel needs a species-specific growth-form check: roots/attachment, stem or trunk, leaf/frond arrangement, flower/fruit/spore organ and overall scale.",Alpine_Sorrel.png,440,440,RGBA,41be8c9545c2f6161b9712bc18cc063d3fc02efed9d3ce93564dc41f72b3c0ad,82e8267adcc2652912fe578236f91a6d6fdece9b399f515859a3561a3b57d7cf
Amaranth,Amaranth,HOLD,FAIL,HOLD,True,7. Grain and Staple Crops,PASS,POLISH,POLISH,POLISH,POLISH,POLISH,"No critical duplicate, clipping, or gross growth-family error found. Broad growth form is usable; species-level botanical specificity may still be simplified. Correct the culm, leaf arrangement and species-specific seed head/inflorescence; many grains currently share one generic spike or grass tuft.",Amaranth.png,440,440,RGBA,eee0e9a9429b6d965ad77c59e75f729800d51bffe40642439b4a1705ddbab64e,935ee681ba36be2bc134f41dd84ecafed53fdc7ea4d160adef1c9af29b0dd068
Angel's_Trumpet,Angel's Trumpet,FAIL,FAIL,FAIL,True,Other plant or harvest type,FAIL,PASS,FAIL,PASS,FAIL,FAIL,Use a woody shrub or small tree with several very large pendulous trumpet flowers. The current tiny star-like blossoms do not earn the name.,Angel's_Trumpet.png,440,440,RGBA,ee4ec16cde1a00d4f739b47ed198b30cfbbdffe9fb232ae3d4dfc8d1739144e2,88db67b9b90510be34cbffa31441b67d8d3bc5ba905c034e5d6f91f71a9a331f
Angelica,Angelica,HOLD,FAIL,HOLD,True,Other plant or harvest type,PASS,POLISH,POLISH,POLISH,POLISH,POLISH,"Add compound umbels and broader herb structure. Angelica needs a species-specific growth-form check: roots/attachment, stem or trunk, leaf/frond arrangement, flower/fruit/spore organ and overall scale.",Angelica.png,440,440,RGBA,aa808eff58cca8abdd41b84fa01a9f5fe15dcde303bb6b44c9cfd5afa1054f01,199f70412e4a5993f8b558e473e91ce493c54c2e60910b58fee718aec36a7ced
Anise,Anise,HOLD,FAIL,HOLD,True,Other plant or harvest type,PASS,POLISH,POLISH,POLISH,POLISH,POLISH,"No critical duplicate, clipping, or gross growth-family error found. Broad growth form is usable; species-level botanical specificity may still be simplified. Anise needs a species-specific growth-form check: roots/attachment, stem or trunk, leaf/frond arrangement, flower/fruit/spore organ and overall scale.",Anise.png,440,440,RGBA,b6c20f7016c8164408604d6259cd6bb0a50c2ab646fd2b89fa184a4d0b776cc5,8701b9bd8201ebc31bd6c14b7a41432d5c05624b88e97013fcdc875ef3088840
Apple,Apple,HOLD,FAIL,HOLD,True,4. Fruit and Nut Trees,PASS,POLISH,POLISH,POLISH,POLISH,POLISH,"No critical duplicate, clipping, or gross growth-family error found. Broad growth form is usable; species-level botanical specificity may still be simplified. The catalog overuses a round canopy on a straight trunk. Match the species’ trunk habit, branching architecture, crown shape, leaf masses, bark and fruit/flower attachment.",Apple.png,440,440,RGBA,2fa59b8d8fad0318f4fd6829a0c99753aee64422a5d63ef8d01c94cd38b102f8,da952fc48cadd601553084c719e7f2336bd8de2a20619c0ffb208eadd6f6ba6e
Apricot,Apricot,HOLD,FAIL,HOLD,True,4. Fruit and Nut Trees,PASS,POLISH,POLISH,POLISH,POLISH,POLISH,"No critical duplicate, clipping, or gross growth-family error found. Broad growth form is usable; species-level botanical specificity may still be simplified. The catalog overuses a round canopy on a straight trunk. Match the species’ trunk habit, branching architecture, crown shape, leaf masses, bark and fruit/flower attachment.",Apricot.png,440,440,RGBA,aaa9663d06cb092a73530f5044a75bf36d08d08503d4d760948fd8257b4e8786,59bbf0392d25752d7591ff2655d1c1fb5311a0cd6a123d7693dd150cec3d93e4
Arctic_Blueberry,Arctic Blueberry,HOLD,FAIL,HOLD,True,Other plant or harvest type,PASS,POLISH,POLISH,POLISH,POLISH,POLISH,"No critical duplicate, clipping, or gross growth-family error found. Broad growth form is usable; species-level botanical specificity may still be simplified. Arctic Blueberry needs a species-specific growth-form check: roots/attachment, stem or trunk, leaf/frond arrangement, flower/fruit/spore organ and overall scale.",Arctic_Blueberry.png,440,440,RGBA,abc5f3b60a0929b452ef99c58c9fda46735849ce6c7634401489de0018650567,1706e880e6a537d53ca22de7b609149d8a669fe06402a0ac3b8c9ad36c3306f5
Arctic_Sorrel,Arctic Sorrel,HOLD,FAIL,HOLD,True,Other plant or harvest type,PASS,POLISH,POLISH,POLISH,POLISH,POLISH,"No critical duplicate, clipping, or gross growth-family error found. Broad growth form is usable; species-level botanical specificity may still be simplified. Arctic Sorrel needs a species-specific growth-form check: roots/attachment, stem or trunk, leaf/frond arrangement, flower/fruit/spore organ and overall scale.",Arctic_Sorrel.png,440,440,RGBA,7a97bd9c4b68c9f11cabe2ff4c1ce39cd40a7c68ec873e5708b58e564997f32a,47b54c56b2c65d236336220ed445c57fe877bba36d32e8bffb12c7520318780c
Arctic_Willow,Arctic Willow,HOLD,FAIL,HOLD,True,Other plant or harvest type,PASS,POLISH,POLISH,POLISH,POLISH,POLISH,"No critical duplicate, clipping, or gross growth-family error found. Broad growth form is usable; species-level botanical specificity may still be simplified. Arctic Willow needs a species-specific growth-form check: roots/attachment, stem or trunk, leaf/frond arrangement, flower/fruit/spore organ and overall scale.",Arctic_Willow.png,440,440,RGBA,6cf586237573b6b697d8289cf1d217fd004b057411a237263b377c75816ef1a1,91116f325f29a5a3e08ce43cda80b272b69503aa1fc85f2413b68f081a5f1f75
Arnica,Arnica,HOLD,FAIL,HOLD,True,Other plant or harvest type,PASS,POLISH,POLISH,POLISH,POLISH,POLISH,"No critical duplicate, clipping, or gross growth-family error found. Broad growth form is usable; species-level botanical specificity may still be simplified. Arnica needs a species-specific growth-form check: roots/attachment, stem or trunk, leaf/frond arrangement, flower/fruit/spore organ and overall scale.",Arnica.png,440,440,RGBA,c8cacfb196dde0565988fe5711bea0c2fb70874b6f1bb963c9df8857fcd3a393,83a7cdc7580fb4d8cfa77922e0ce1c5194e2f5a604bd4980675bf07526f9958c
Arrowhead,Arrowhead,FAIL,FAIL,HOLD,True,Other plant or harvest type,PASS,POLISH,POLISH,POLISH,POLISH,POLISH,The current rounded paired leaves are incorrect. Use several arrow/sagittate leaves on upright aquatic petioles with a simple flower stalk.,Arrowhead.png,440,440,RGBA,37298b1a89bb3989997b46a364153558e08df133b67984f0158332bac2eb1211,76f44563147eab12a1ac5690a9cbe4a883954d0a748b55eb49942c058fb5aba2
Arrowroot,Arrowroot,HOLD,FAIL,HOLD,True,7. Grain and Staple Crops,PASS,POLISH,POLISH,POLISH,POLISH,POLISH,"Current rosette lacks the broad tropical leaves and rhizome/source relationship. Correct the culm, leaf arrangement and species-specific seed head/inflorescence; many grains currently share one generic spike or grass tuft.",Arrowroot.png,440,440,RGBA,bf807b0362d5ae588169470f039bf3767b59797a2a2048e7e16f5b46745ab699,9178e5a23d708fd4c16097e08c583fdff8c0d34b3fb0cc3630e2d8351a61dcef
Avocado,Avocado,HOLD,FAIL,HOLD,True,4. Fruit and Nut Trees,PASS,POLISH,POLISH,POLISH,POLISH,POLISH,"No critical duplicate, clipping, or gross growth-family error found. Broad growth form is usable; species-level botanical specificity may still be simplified. The catalog overuses a round canopy on a straight trunk. Match the species’ trunk habit, branching architecture, crown shape, leaf masses, bark and fruit/flower attachment.",Avocado.png,440,440,RGBA,919738f09939051284aa00e8519b26b6909b12af51a2162f7c46b6f4a4ce1c6e,f270e3770a6880f14d2fdbcb64af18e1c9e4cf9dc2297bc86a007a944ae866ef
Bamboo_Shoots,Bamboo Shoots,HOLD,FAIL,HOLD,True,Other plant or harvest type,PASS,POLISH,POLISH,POLISH,POLISH,POLISH,"Clarify as a harvest item with conical shoots rather than a generic grass tuft. Bamboo Shoots needs a species-specific growth-form check: roots/attachment, stem or trunk, leaf/frond arrangement, flower/fruit/spore organ and overall scale.",Bamboo_Shoots.png,440,440,RGBA,49d973e884eeafa22a08da06888676245b8a83aced4a4f29084ef795e26c6e9d,8ffa0a02c809e78557e57f9ca83f7c6d13a28373930e934e59e461132f7f92c9
Banana,Banana,HOLD,FAIL,FAIL,True,Other plant or harvest type,PASS,PASS,PASS,PASS,PASS,PASS,"The broad fan leaves help, but the plant still reads as a palm/tree. Use a thick pseudostem made of leaf sheaths, huge torn banana leaves and a hanging curved fruit bunch below the crown.",Banana.png,440,440,RGBA,1501b8f1476c752b52d4e0eac41a3d691b296f36709b575efe4d8c586dbd4334,f1cc363578bcdf7fde9cac0e70f1f7977905827d4499fb501fed7f2022ae1541
Baobab,Baobab,FAIL,FAIL,PASS,True,Tropical trees,PASS,PASS,PASS,PASS,PASS,PASS,"The round canopy is generic and the trunk is too thin. Give the tree an enormous swollen bottle-like trunk, sparse heavy limbs and a comparatively small crown.",Baobab.png,440,440,RGBA,5a42eb4c6901e3a16b8a733b0d4f0a5ddc22f98e80c3dc41543ba8fd9a001b8a,b24bf6bb45db3381d5b21b148ebf11abf31450900b275a7a684476b8362753b5
Barley,Barley,HOLD,FAIL,HOLD,True,7. Grain and Staple Crops,PASS,POLISH,POLISH,POLISH,POLISH,POLISH,"Add a distinct long-awned grain head. Correct the culm, leaf arrangement and species-specific seed head/inflorescence; many grains currently share one generic spike or grass tuft.",Barley.png,440,440,RGBA,a51a77f028b0367ae4a7dc65dec2e12faba2c303228f756ed99e53ada5c9b1b3,7f98d882b1a082c0b4396dfbda13043ebc90664f3cad9d5b8e2bf3caa302af3c
Barrel_Cactus_Fruit,Barrel Cactus Fruit,FAIL,FAIL,HOLD,True,Other plant or harvest type,PASS,POLISH,POLISH,POLISH,POLISH,POLISH,"The source body is a tall column cactus, not a barrel cactus. Use a round ribbed barrel with strong spines and a crown of fruit/flowers.",Barrel_Cactus_Fruit.png,440,440,RGBA,7a0ef0d4274c1c5e570ccca830eee8f498523c55e15d40fbe41d3f09f9ba0084,b92326a7111e16418ba318e989e0dcb7998f7a63f5d80fe3b955a1632d60b931
Bay_Laurel,Bay Laurel,HOLD,FAIL,HOLD,True,Other plant or harvest type,PASS,POLISH,POLISH,POLISH,POLISH,POLISH,"No critical duplicate, clipping, or gross growth-family error found. Broad growth form is usable; species-level botanical specificity may still be simplified. Bay Laurel needs a species-specific growth-form check: roots/attachment, stem or trunk, leaf/frond arrangement, flower/fruit/spore organ and overall scale.",Bay_Laurel.png,440,440,RGBA,484f2953237b8cc47ff7021043b3bde75f9cfe4589bd5d7769215d671aa7d4ad,be8b10b26a44abd801d637a9e6d668e45877f3a0a030ec3973c7981d9e05257a
Beach_Morning_Glory,Beach Morning Glory,PASS,PASS,FAIL,True,Other plant or harvest type,PASS,PASS,PASS,PASS,PASS,PASS,"The creeping vine, rounded leaves and purple flowers are recognizable.",Beach_Morning_Glory.png,440,440,RGBA,2b86e65bf5ea26de801fe03d3c814306cf39a375f9efd3e5cd0c449eaa1b1071,e16587b0f6c1ae6fd8ed2f891267804495aa28903dfac43f0ecf8c70bfc5a029
Beach_Pea,Beach Pea,HOLD,FAIL,HOLD,True,Other plant or harvest type,PASS,POLISH,POLISH,POLISH,POLISH,POLISH,"No critical duplicate, clipping, or gross growth-family error found. Broad growth form is usable; species-level botanical specificity may still be simplified. Beach Pea needs a species-specific growth-form check: roots/attachment, stem or trunk, leaf/frond arrangement, flower/fruit/spore organ and overall scale.",Beach_Pea.png,440,440,RGBA,252517ec35a5825b2b8198577014694283646625dbbffd730dfee730b7ca2700,b56d54c48fc226b537087d65f54cdf98862c0cffa4b9c15a1a93e402cbbd0b89
Beach_Plum,Beach Plum,HOLD,FAIL,HOLD,True,Other plant or harvest type,PASS,POLISH,POLISH,POLISH,POLISH,POLISH,"No critical duplicate, clipping, or gross growth-family error found. Broad growth form is usable; species-level botanical specificity may still be simplified. Beach Plum needs a species-specific growth-form check: roots/attachment, stem or trunk, leaf/frond arrangement, flower/fruit/spore organ and overall scale.",Beach_Plum.png,440,440,RGBA,b30a41540bc93d8ca167a9a9181d46c0419b0ce25f349451dd2cb23e134c0955,7fe959163b3bfc1dc586684e674fe59d5524c4743bb71c25641b1d3864ec6419
Bearberry,Bearberry,HOLD,FAIL,HOLD,True,Other plant or harvest type,PASS,POLISH,POLISH,POLISH,POLISH,POLISH,"No critical duplicate, clipping, or gross growth-family error found. Broad growth form is usable; species-level botanical specificity may still be simplified. Bearberry needs a species-specific growth-form check: roots/attachment, stem or trunk, leaf/frond arrangement, flower/fruit/spore organ and overall scale.",Bearberry.png,440,440,RGBA,c38008b438aaf9efcd93fd383f1960a6f60bbe14d5ab50bfe7f7cc3adcc358af,2116e422817026b5e03af9e282bec18df359f9e30b6dd731d990cf5d9506e62a
Beet,Beet,HOLD,FAIL,HOLD,True,Root vegetables,PASS,POLISH,POLISH,POLISH,POLISH,POLISH,"No critical duplicate, clipping, or gross growth-family error found. Broad growth form is usable; species-level botanical specificity may still be simplified. Show the source plant and the correct underground storage organ, leaf top and harvest relationship rather than an isolated generic bulb.",Beet.png,440,440,RGBA,83e65bc7f920d5bbc99d8a1f2279efa550dde1deb3982ddc39c7b7d39652eb90,5ec9124d49f61765f0894de8877772eae317229bad781b1b7cd2dd5ee92b6315
Belladonna,Belladonna,HOLD,FAIL,HOLD,True,Other plant or harvest type,PASS,POLISH,POLISH,POLISH,POLISH,POLISH,"The upright herb is plausible, but add branching stems, dull purple bell flowers and glossy black berries; the current leaf ladder depends on the label.",Belladonna.png,440,440,RGBA,adc331c3ccb8041abcc884281bf8bdde053352ab7375366e4e0e42b22e67bc2d,afd12b852986be3c606547cc137c4aae0e5cabdc78e4a413f9abb186d30a1f7f
Bergamot,Bergamot,HOLD,FAIL,HOLD,True,Other plant or harvest type,PASS,POLISH,POLISH,POLISH,POLISH,POLISH,"No critical duplicate, clipping, or gross growth-family error found. Broad growth form is usable; species-level botanical specificity may still be simplified. Bergamot needs a species-specific growth-form check: roots/attachment, stem or trunk, leaf/frond arrangement, flower/fruit/spore organ and overall scale.",Bergamot.png,440,440,RGBA,f4baa3e38ec626bfa6f6aab428b0e5e276842a1b371fe9cdf2689f817b874118,171a43967a727c0ca9fae87a0a5bf3f7996e85369e7e7cf76a9d7f39685be6ff
Bilberry,Bilberry,HOLD,FAIL,HOLD,True,Other plant or harvest type,PASS,POLISH,POLISH,POLISH,POLISH,POLISH,"No critical duplicate, clipping, or gross growth-family error found. Broad growth form is usable; species-level botanical specificity may still be simplified. Bilberry needs a species-specific growth-form check: roots/attachment, stem or trunk, leaf/frond arrangement, flower/fruit/spore organ and overall scale.",Bilberry.png,440,440,RGBA,5987cffd428d9d00731e68bfaac43630c69cde989e6952b83697b9bc2df1e7a6,7370e7524ff68e23ef9df8a3312fad8977e727869273b6dc52a529e817300d40
Birch_Sap,Birch Sap,HOLD,FAIL,HOLD,True,Other plant or harvest type,PASS,POLISH,POLISH,POLISH,POLISH,POLISH,The current image is a generic leafy tree. Show a pale birch trunk with dark bark marks and a tap/drip or separate sap harvest organ.,Birch_Sap.png,440,440,RGBA,ac9e5a80584bb6ccd21dd7eba7ca752f6bb111a77a8f851903ff3ed36f5cd3c4,e81e9026da950e55368f31427013df66a71d941511de76f0918de4ffffdab2b0
Bitterroot,Bitterroot,HOLD,FAIL,HOLD,True,Other plant or harvest type,PASS,POLISH,POLISH,POLISH,POLISH,POLISH,"No critical duplicate, clipping, or gross growth-family error found. Broad growth form is usable; species-level botanical specificity may still be simplified. Bitterroot needs a species-specific growth-form check: roots/attachment, stem or trunk, leaf/frond arrangement, flower/fruit/spore organ and overall scale.",Bitterroot.png,440,440,RGBA,74b7f490eade8ad5d0282dc1bf4882b054eaf384f19af2f068c75a216133a36e,b43d695e80dfb45ba28278b47cb4fcdc5091d6238418b16a52fe4816077b3c4c
Black-Eyed_Susan,Black Eyed Susan,HOLD,FAIL,HOLD,True,Other plant or harvest type,PASS,POLISH,POLISH,POLISH,POLISH,POLISH,"No critical duplicate, clipping, or gross growth-family error found. Broad growth form is usable; species-level botanical specificity may still be simplified. Black Eyed Susan needs a species-specific growth-form check: roots/attachment, stem or trunk, leaf/frond arrangement, flower/fruit/spore organ and overall scale.",Black-Eyed_Susan.png,440,440,RGBA,1dab776415ddadf4fa90e85989ac816cdf010f887beefed6a5e8d003cf6c77bf,72f622de28dc0e6235cd7fd28dfefaa3d916c78ad9fb0ebb067369f8330f7af6
Black_Grape,Black Grape,HOLD,FAIL,HOLD,True,Other plant or harvest type,PASS,POLISH,POLISH,POLISH,POLISH,POLISH,"No critical duplicate, clipping, or gross growth-family error found. Broad growth form is usable; species-level botanical specificity may still be simplified. Black Grape needs a species-specific growth-form check: roots/attachment, stem or trunk, leaf/frond arrangement, flower/fruit/spore organ and overall scale.",Black_Grape.png,440,440,RGBA,64f543bc1738b472e42127391ff45da3fb775c610189f32ebe5b5f93dab07668,2779711d94b5960401f50819e1b990c36b9b08e1300fb1ef721adda5284b2a36
Black_Pepper,Black Pepper,HOLD,FAIL,FAIL,True,9. Herbs and Spices,POLISH,POLISH,PASS,PASS,POLISH,POLISH,"The vine habit is present, but add dense hanging spikes of peppercorns and a support/trunk so the crop is recognizable.",Black_Pepper.png,440,440,RGBA,7e1d0c8bcdc3a33b56ac0fbc0f0becf2acfb47b6d7fdaf9625e1d2eb65dceae7,bdf4330d54121d227f13dce9dd53015402855e979af850eb2f24b8e0049926cf
Blackberry,Blackberry,HOLD,FAIL,HOLD,True,5. Shrubs and Bushes,PASS,POLISH,POLISH,POLISH,POLISH,POLISH,"No critical duplicate, clipping, or gross growth-family error found. Broad growth form is usable; species-level botanical specificity may still be simplified. Blackberry needs a species-specific growth-form check: roots/attachment, stem or trunk, leaf/frond arrangement, flower/fruit/spore organ and overall scale.",Blackberry.png,440,440,RGBA,3eeca7a5818a1707c02e20f4290bdcbf36b073e40fe38b16b2a2ab01c514d81e,9bd5a5eb5f108656b8d86b8bdffc4bd3062d28825fe35466542bf2aac0f0455d
Bladderwrack,Bladderwrack,PASS,PASS,FAIL,True,Other plant or harvest type,PASS,PASS,PASS,PASS,PASS,PASS,The strap-like brown fronds and visible air bladders are recognizable.,Bladderwrack.png,440,440,RGBA,47f779dc31c47f19ae45648e5a371236e32aa999ce7f87c45e72aa0a3455c649,76a4dadba14275f247039a00f842946b714e92415bc02895804ffc81cbd1c237
Blueberry,Blueberry,HOLD,FAIL,HOLD,True,5. Shrubs and Bushes,PASS,POLISH,POLISH,POLISH,POLISH,POLISH,"No critical duplicate, clipping, or gross growth-family error found. Broad growth form is usable; species-level botanical specificity may still be simplified. Blueberry needs a species-specific growth-form check: roots/attachment, stem or trunk, leaf/frond arrangement, flower/fruit/spore organ and overall scale.",Blueberry.png,440,440,RGBA,35f97841bbe91968d16ae58d4c3aff6b2fa56e89837c7015d02e60d573a3dd04,30d2953eab743c8db0b24eba7ed94a34d345bfee04b489ea10735aa618a5de6f
Bog_Myrtle,Bog Myrtle,HOLD,FAIL,HOLD,True,Other plant or harvest type,PASS,POLISH,POLISH,POLISH,POLISH,POLISH,"No critical duplicate, clipping, or gross growth-family error found. Broad growth form is usable; species-level botanical specificity may still be simplified. Bog Myrtle needs a species-specific growth-form check: roots/attachment, stem or trunk, leaf/frond arrangement, flower/fruit/spore organ and overall scale.",Bog_Myrtle.png,440,440,RGBA,be811b2fa52e9f977db83eedb078816cc0057a3f3aa6f82d9b47dd60d64b67e4,914ce82bc35d813af7251283c7dcc107558ef731e3548ce6fb0f9e87a778783e
Bog_Rosemary,Bog Rosemary,HOLD,FAIL,HOLD,True,Other plant or harvest type,PASS,POLISH,POLISH,POLISH,POLISH,POLISH,"No critical duplicate, clipping, or gross growth-family error found. Broad growth form is usable; species-level botanical specificity may still be simplified. Bog Rosemary needs a species-specific growth-form check: roots/attachment, stem or trunk, leaf/frond arrangement, flower/fruit/spore organ and overall scale.",Bog_Rosemary.png,440,440,RGBA,29355466c798f47889828ae2ea3adf868a6bc286f8b69d796f8655f54d3f208b,a571b9e499ce785c478915eab2a65a0782d81374d147e4e80fb8862cbf61423a
Brazil_Nut,Brazil Nut,HOLD,FAIL,HOLD,True,4. Fruit and Nut Trees,PASS,POLISH,POLISH,POLISH,POLISH,POLISH,"No critical duplicate, clipping, or gross growth-family error found. Broad growth form is usable; species-level botanical specificity may still be simplified. The catalog overuses a round canopy on a straight trunk. Match the species’ trunk habit, branching architecture, crown shape, leaf masses, bark and fruit/flower attachment.",Brazil_Nut.png,440,440,RGBA,d65f6ff54447340ce8f09dbfab14696593f2a1aca95320de7fd43984f7492ec5,df36f61406d7eec27eb5e964b948f0f12384cfb517e094f2cbc576fe7a88c865
Breadfruit,Breadfruit,HOLD,FAIL,HOLD,True,Other plant or harvest type,PASS,POLISH,POLISH,POLISH,POLISH,POLISH,"No critical duplicate, clipping, or gross growth-family error found. Broad growth form is usable; species-level botanical specificity may still be simplified. Breadfruit needs a species-specific growth-form check: roots/attachment, stem or trunk, leaf/frond arrangement, flower/fruit/spore organ and overall scale.",Breadfruit.png,440,440,RGBA,4c19b6e4ce9bc21c0b63d4c2a5a736d41f244063f7b73ed3bcb12ea835420364,1cc6fea25be144f1288b829c70dad5fdf7291f6cac65af183c6f709bbb622850
Breadnut,Breadnut,HOLD,FAIL,HOLD,True,Other plant or harvest type,PASS,POLISH,POLISH,POLISH,POLISH,POLISH,"No critical duplicate, clipping, or gross growth-family error found. Broad growth form is usable; species-level botanical specificity may still be simplified. Breadnut needs a species-specific growth-form check: roots/attachment, stem or trunk, leaf/frond arrangement, flower/fruit/spore organ and overall scale.",Breadnut.png,440,440,RGBA,ddd3cba1bdc04e6ac297d89036910ea21b61a93c5a30439a15fe9284942420f1,3aa161073ed9301e2af41074fbe70f2ea20b64c77df80f28c63047c0ca7343b6
Bromeliad,Bromeliad,PASS,PASS,HOLD,True,10. Flowering Herbs and Wildflowers,PASS,PASS,PASS,PASS,PASS,PASS,The basal rosette and central flower spike read correctly.,Bromeliad.png,440,440,RGBA,1387fdd43316abf3ee356c44ec149b8b73731c962e8a84403f26fb6e497ecbc2,cab93746f4d53002229677cce3ea250192c32016905cedc743800ffda2fad352
Brooklime,Brooklime,HOLD,FAIL,HOLD,True,Other plant or harvest type,PASS,POLISH,POLISH,POLISH,POLISH,POLISH,"No critical duplicate, clipping, or gross growth-family error found. Broad growth form is usable; species-level botanical specificity may still be simplified. Brooklime needs a species-specific growth-form check: roots/attachment, stem or trunk, leaf/frond arrangement, flower/fruit/spore organ and overall scale.",Brooklime.png,440,440,RGBA,a927d6ad8d65fa48432866a67ba6b20f10216bcacc9b5c4fab5eed3b22d690a5,eefdf732a9d202806b532e5efe7659777f959575142b392d652df9cd407cf82e
Buckwheat,Buckwheat,FAIL,FAIL,FAIL,True,7. Grain and Staple Crops,FAIL,PASS,PASS,FAIL,FAIL,FAIL,The two compact leaf columns are not buckwheat. Use a branching broadleaf herb with triangular/heart-shaped leaves and loose clusters of small white/pink flowers.,Buckwheat.png,440,440,RGBA,578a0eae99b34ea9516ce89e47fcb3ee032989e1fc3264e9f8b7a4e6624ff2cc,9c2e5798838c2cbe6261d2c9afa437051d5a937d6a955982511a222df6710403
Bull_Kelp,Bull Kelp,HOLD,FAIL,HOLD,True,Other plant or harvest type,PASS,POLISH,POLISH,POLISH,POLISH,POLISH,"Add a long stipe, large gas bladder, and broad blades. Bull Kelp needs a species-specific growth-form check: roots/attachment, stem or trunk, leaf/frond arrangement, flower/fruit/spore organ and overall scale.",Bull_Kelp.png,440,440,RGBA,be6dd6b6e1fc56f18383798f2c0064a851e8f3a264d03646d70c073cea944b2a,8b1ac30088dc88c3e362b9e473eee96cd533d6f50109e74af2d44518af5eb359
Buttercup,Buttercup,FAIL,FAIL,HOLD,True,10. Flowering Herbs and Wildflowers,PASS,POLISH,POLISH,POLISH,POLISH,POLISH,The current fern-like vertical column is incorrect. Use low divided basal leaves and several simple yellow five-petaled flowers on branching stems.,Buttercup.png,440,440,RGBA,461da4abb9d962a9dbb9835e133d989407c8f282bdbf26e928801f95b878c37b,d7a87d2f2820e99f241568402bc4831b6633c9cdf2fb87d5d4d335b0f47af9dc
Cabbage,Cabbage,PASS,PASS,PASS,True,Leaf vegetables,PASS,PASS,PASS,PASS,PASS,PASS,The current compact layered leafy head reads clearly as cabbage.,Cabbage.png,440,440,RGBA,4ff7e7594ebb09fbd1cf30e8e5b82c00a240dcc3f7765fe848455dae5c5c758f,451dec5103e8bddbfb38389c3a38b2336ad0483409bb1810d83e3aee851df636
Cacao,Cacao,HOLD,FAIL,HOLD,True,Other plant or harvest type,PASS,POLISH,POLISH,POLISH,POLISH,POLISH,"The tree form is acceptable, but cacao pods should be large ribbed pods attached directly to the trunk and major branches, not generic canopy fruit.",Cacao.png,440,440,RGBA,7e81b5e48d9286960a07b25d5b41b586be6a072e9028eb3e27b173fab1488ae7,21012390f3ed86413b1b51dc2ec995b30ac5a8a6a6ef1483003505a7805d1fd4
Calotropis,Calotropis,HOLD,FAIL,HOLD,True,Other plant or harvest type,PASS,POLISH,POLISH,POLISH,POLISH,POLISH,"No critical duplicate, clipping, or gross growth-family error found. Broad growth form is usable; species-level botanical specificity may still be simplified. Calotropis needs a species-specific growth-form check: roots/attachment, stem or trunk, leaf/frond arrangement, flower/fruit/spore organ and overall scale.",Calotropis.png,440,440,RGBA,0f4621e0869f7615d72da3c3d1a20905d5e651777a5c3414b436fbb2946f75da,6681319d75684ccbb2c084bd2de42f28f5fb6ea0dac92f11282aa2382eb6dbc3
Camphor_Tree,Camphor Tree,HOLD,FAIL,HOLD,True,Other plant or harvest type,PASS,POLISH,POLISH,POLISH,POLISH,POLISH,"No critical duplicate, clipping, or gross growth-family error found. Broad growth form is usable; species-level botanical specificity may still be simplified. Camphor Tree needs a species-specific growth-form check: roots/attachment, stem or trunk, leaf/frond arrangement, flower/fruit/spore organ and overall scale.",Camphor_Tree.png,440,440,RGBA,2207512bb66869e1896cbee98a47e19483566108db75947b8462dc4197951901,ce2fa9a3540b887b0af5eecc27cf4289d2f943b5b73ae5dadf09b7314dc73e9c
Canola,Canola,HOLD,FAIL,HOLD,True,Other plant or harvest type,PASS,POLISH,POLISH,POLISH,POLISH,POLISH,"Add branching stems with clusters of small yellow flowers. Canola needs a species-specific growth-form check: roots/attachment, stem or trunk, leaf/frond arrangement, flower/fruit/spore organ and overall scale.",Canola.png,440,440,RGBA,c3f5dd3c4308590dbf639fd5f10ecae881282ae296e82b05fa924b8da7c502e4,35133fcc78879a0ecb6ecea41edd53beba9598dafa30a294ba7073cdffd6fcf4
Canopy_Vine,Canopy Vine,HOLD,FAIL,HOLD,True,Other plant or harvest type,PASS,POLISH,POLISH,POLISH,POLISH,POLISH,"No critical duplicate, clipping, or gross growth-family error found. Broad growth form is usable; species-level botanical specificity may still be simplified. Canopy Vine needs a species-specific growth-form check: roots/attachment, stem or trunk, leaf/frond arrangement, flower/fruit/spore organ and overall scale.",Canopy_Vine.png,440,440,RGBA,779afba2acbbb05392bfd1e21322c33b21455eee2090dd2f89b8db0cecf22217,ed1e0d51db7ddec0ad8a06a4e815ae75de73a8ce3fc597b87b0df7316162bc05
Cardamom,Cardamom,FAIL,FAIL,FAIL,True,9. Herbs and Spices,FAIL,PASS,PASS,FAIL,FAIL,FAIL,"Current low rosette is too generic; add ginger-family leaves and basal flower/seed-pod cues. Match the named plant’s actual growth habit, leaf arrangement, flower/seed structure and scale; many currently use one vertical leaf-ladder or color-only herb template.",Cardamom.png,440,440,RGBA,a765879ed1b2e0ebee6647b16a2168dcc72ab6effd1efc15adcafa076516a2f3,77ff714998471c471e3225d990a30468e68d34f38e5c25fc3c10d4318d48aadc
Carob,Carob,HOLD,FAIL,HOLD,True,Other plant or harvest type,PASS,POLISH,POLISH,POLISH,POLISH,POLISH,"No critical duplicate, clipping, or gross growth-family error found. Broad growth form is usable; species-level botanical specificity may still be simplified. Carob needs a species-specific growth-form check: roots/attachment, stem or trunk, leaf/frond arrangement, flower/fruit/spore organ and overall scale.",Carob.png,440,440,RGBA,07b5b4f779d703c599825d2f18679682dd93d1a6c2803b55030bed9dfbff8948,2390842bd643af2cf868ce9ee369d4d7112007d88e1ca4908cecf1a06ab712ee
Carrot,Carrot,PASS,PASS,PASS,True,Root vegetables,PASS,PASS,PASS,PASS,PASS,PASS,The orange tapering root and feathery green top are now clearly recognizable.,Carrot.png,440,440,RGBA,8e8022c64d8abb98f2978746b731635ffa90fb0a0246a87aad81918ca160db7b,7741584014980677bc3249ccec22f785b058098519ed5e18f4157e686a5e7ce7
Cashew,Cashew,HOLD,FAIL,HOLD,True,4. Fruit and Nut Trees,PASS,POLISH,POLISH,POLISH,POLISH,POLISH,"No critical duplicate, clipping, or gross growth-family error found. Broad growth form is usable; species-level botanical specificity may still be simplified. The catalog overuses a round canopy on a straight trunk. Match the species’ trunk habit, branching architecture, crown shape, leaf masses, bark and fruit/flower attachment.",Cashew.png,440,440,RGBA,21e87e2e807cbec016f1a98df0e39b1e1db3b951d9cc3112b6fa5dc2888c12f1,3badd260fe8ba3118d179e916e216253dbc30101de482ab90972867591a4ae47
Cassava,Cassava,HOLD,FAIL,HOLD,True,7. Grain and Staple Crops,PASS,POLISH,POLISH,POLISH,POLISH,POLISH,"Add palmate leaves and clearer root-crop identity. Correct the culm, leaf arrangement and species-specific seed head/inflorescence; many grains currently share one generic spike or grass tuft.",Cassava.png,440,440,RGBA,55d243d6b214b555f4a7c27f0e68dfa68143dbf85abc8b5d15c138d7d6446028,46dade890a61dd64b9522058c3304eaf2f2b070df3254f2b704ef03d5c3b4ac2
Castor_Bean,Castor Bean,HOLD,FAIL,HOLD,True,Other plant or harvest type,PASS,POLISH,POLISH,POLISH,POLISH,POLISH,Use large palmate star-shaped leaves and conspicuous spiny seed capsules; the current woody generic shrub lacks both defining traits.,Castor_Bean.png,440,440,RGBA,08843c6ac184af4416707124c053d315012b06d5febdffce9a3016ed0467e4f6,12e1457ddc840331fbcf16ad6a5322a88db9ae08ebc17a6ef00b68f814477ef0
Cattail,Cattail,PASS,PASS,HOLD,True,14. Aquatic and Wetland Plants,PASS,PASS,PASS,PASS,PASS,PASS,The grasslike wetland leaves and brown cylindrical flower spikes are recognizable.,Cattail.png,440,440,RGBA,140a0861d938a1305d8f2557b159e155869fc9e5be065e5223ebb75f02868638,0691dffc4df3b1d0adc314956bd8d07f37b05c52dc4aafc79b9d397c227c2bd8
Cave_Fern,Cave Fern,HOLD,FAIL,HOLD,True,Other plant or harvest type,PASS,POLISH,POLISH,POLISH,POLISH,POLISH,"No critical duplicate, clipping, or gross growth-family error found. Broad growth form is usable; species-level botanical specificity may still be simplified. Cave Fern needs a species-specific growth-form check: roots/attachment, stem or trunk, leaf/frond arrangement, flower/fruit/spore organ and overall scale.",Cave_Fern.png,440,440,RGBA,441866dacea37c87d9fee786a3b52dc4959b369de3f9c707bb53957add3a4899,0069006ef2ce3cc798eb804338a1507adbc052aaab60d9726a0192c1c02b0221
Cedar,Cedar,FAIL,FAIL,HOLD,True,2. Conifers and Other Seed Plants,PASS,POLISH,POLISH,POLISH,POLISH,POLISH,The round deciduous canopy is not a cedar. Use a conical or layered evergreen crown with visible tiered branches and needle/scale foliage.,Cedar.png,440,440,RGBA,ffe4664177f1164f1a199c874e81af6e30b0f382a7543dd5ee4976deadaeda5f,0de39bc313982d63b4bc69675371d495d60665380c8f4387cceabf40a5e4b58a
Chamomile,Chamomile,HOLD,FAIL,HOLD,True,9. Herbs and Spices,PASS,POLISH,POLISH,POLISH,POLISH,POLISH,"The white daisy flowers are present, but the plant should be a low branching herb with fine feathery leaves rather than a single vertical ladder.",Chamomile.png,440,440,RGBA,c1d74a7b26fe4ad79c9dc1acb2d8925aceac7e0cd7db2c2a6dd1642166b9a247,a09053784cb4d6fda63189c6a83d977ceaa80f97b894d594fe9d071d4061bea4
Cherry,Cherry,HOLD,FAIL,HOLD,True,4. Fruit and Nut Trees,PASS,POLISH,POLISH,POLISH,POLISH,POLISH,"No critical duplicate, clipping, or gross growth-family error found. Broad growth form is usable; species-level botanical specificity may still be simplified. The catalog overuses a round canopy on a straight trunk. Match the species’ trunk habit, branching architecture, crown shape, leaf masses, bark and fruit/flower attachment.",Cherry.png,440,440,RGBA,8cc58b40e45d23d54f7f77a47fb392f6a7cf1b55926568ade1382efd4384ff5a,2db184688b95540a8aa2cd94d78601a0d8f1c8678e6070dd27cbede3de5d7317
Chestnut,Chestnut,HOLD,FAIL,HOLD,True,4. Fruit and Nut Trees,PASS,POLISH,POLISH,POLISH,POLISH,POLISH,"No critical duplicate, clipping, or gross growth-family error found. Broad growth form is usable; species-level botanical specificity may still be simplified. The catalog overuses a round canopy on a straight trunk. Match the species’ trunk habit, branching architecture, crown shape, leaf masses, bark and fruit/flower attachment.",Chestnut.png,440,440,RGBA,c438ab7d3c2d3a3fb7b18dde34d210c44b73138c74ab4b290536d17a645b2f74,3fa9933acce1770ede7a04868be35ad2afcef90ae0569a37ebb0273a004fd55d
Chicory,Chicory,HOLD,FAIL,HOLD,True,Other plant or harvest type,PASS,POLISH,POLISH,POLISH,POLISH,POLISH,"No critical duplicate, clipping, or gross growth-family error found. Broad growth form is usable; species-level botanical specificity may still be simplified. Chicory needs a species-specific growth-form check: roots/attachment, stem or trunk, leaf/frond arrangement, flower/fruit/spore organ and overall scale.",Chicory.png,440,440,RGBA,b8f81aa15bf0c321ba209eed998822596a46d5bce6405977ed6e7d3085d62f7f,d95a70c7359305e2602ef0908c77351252743d2c46435470a8752451ff5882e6
Chili_Pepper,Chili Pepper,HOLD,FAIL,HOLD,True,Fruiting vegetables,PASS,POLISH,POLISH,POLISH,POLISH,POLISH,"No critical duplicate, clipping, or gross growth-family error found. Broad growth form is usable; species-level botanical specificity may still be simplified. Match the source plant, leaf habit and attached fruit/harvest organ. Fruit should be connected to stems/branches and not carry identity by label alone.",Chili_Pepper.png,440,440,RGBA,0529a4f342779eb7533075e91d3fb823c680d5bea1d168f9b8ef70893833cf91,dd09841f94a9452ab4482e24ae19f66202cf1038570c38bd135e8c15fadab194
Chokecherry,Chokecherry,HOLD,FAIL,HOLD,True,Other plant or harvest type,PASS,POLISH,POLISH,POLISH,POLISH,POLISH,"No critical duplicate, clipping, or gross growth-family error found. Broad growth form is usable; species-level botanical specificity may still be simplified. Chokecherry needs a species-specific growth-form check: roots/attachment, stem or trunk, leaf/frond arrangement, flower/fruit/spore organ and overall scale.",Chokecherry.png,440,440,RGBA,ccd6b4dccb071e05fdd4b618b35e4441221c345aabe255b87a8f5eeb6a35a9fe,84aaa7f9c172aec82bc452a7763430f87971892a7039a45f6563087cfb461c7c
Cinnamon,Cinnamon,FAIL,FAIL,FAIL,True,9. Herbs and Spices,FAIL,PASS,FAIL,FAIL,PASS,FAIL,"Should be a woody shrub/tree with natural green leaves and bark/cinnamon cue. Match the named plant’s actual growth habit, leaf arrangement, flower/seed structure and scale; many currently use one vertical leaf-ladder or color-only herb template.",Cinnamon.png,440,440,RGBA,bc945c70a024423b618c93c1522719ff305b307aca6e0135b4a3481f02b70c42,9fdfecb20fc637fae638e564780e84bf93d7c5e6c2586bd1202c85b360ebcc3d
Cliff_Rose,Cliff Rose,HOLD,FAIL,HOLD,True,Other plant or harvest type,PASS,POLISH,POLISH,POLISH,POLISH,POLISH,"No critical duplicate, clipping, or gross growth-family error found. Broad growth form is usable; species-level botanical specificity may still be simplified. Cliff Rose needs a species-specific growth-form check: roots/attachment, stem or trunk, leaf/frond arrangement, flower/fruit/spore organ and overall scale.",Cliff_Rose.png,440,440,RGBA,2c7908445cf73232db71801964258cccebbbb20095c61d8853e8fbbe8976e3ed,cb67665dd2883532bb77c6204447e0e08c37eeb1fefe91a4f65bf45877a3d651
Cloudberry,Cloudberry,FAIL,FAIL,HOLD,True,Other plant or harvest type,PASS,POLISH,POLISH,POLISH,POLISH,POLISH,The current tall spiky column is wrong. Use a very low creeping bramble with lobed leaves and one amber raspberry-like fruit.,Cloudberry.png,440,440,RGBA,736e5f7c524f28bcd68ea254242172825abb7f076d06e7d6a8be5992edcee65b,7bf708282affa20da15ab715b19c35293d40d34fcf1f98ea3ac83407450060c1
Clove,Clove,HOLD,FAIL,HOLD,True,9. Herbs and Spices,PASS,POLISH,POLISH,POLISH,POLISH,POLISH,"Add recognizable flower-bud clusters on a woody tree/shrub. Match the named plant’s actual growth habit, leaf arrangement, flower/seed structure and scale; many currently use one vertical leaf-ladder or color-only herb template.",Clove.png,440,440,RGBA,f48c274a01a80387e746e2f6c31f959c9119b25f255725e30ce0c22404fa6cfe,55f149259e8d96f61661680423805246087c0ec4267ccd84183dfff9ff752b58
Clover,Clover,HOLD,FAIL,HOLD,True,10. Flowering Herbs and Wildflowers,PASS,POLISH,POLISH,POLISH,POLISH,POLISH,"No critical duplicate, clipping, or gross growth-family error found. Broad growth form is usable; species-level botanical specificity may still be simplified. Match the named plant’s actual growth habit, leaf arrangement, flower/seed structure and scale; many currently use one vertical leaf-ladder or color-only herb template.",Clover.png,440,440,RGBA,fc7485955f142033e0e7871d882191498078624d671a31063814f2bdc112a8c6,393247c8ccec3273480cd924ed5017e53abd15e785d9447c2e5d68509455b59f
Coastal_Sage,Coastal Sage,HOLD,FAIL,HOLD,True,Other plant or harvest type,PASS,POLISH,POLISH,POLISH,POLISH,POLISH,"No critical duplicate, clipping, or gross growth-family error found. Broad growth form is usable; species-level botanical specificity may still be simplified. Coastal Sage needs a species-specific growth-form check: roots/attachment, stem or trunk, leaf/frond arrangement, flower/fruit/spore organ and overall scale.",Coastal_Sage.png,440,440,RGBA,a3dfa36659b5a5afd2a61ca23a69178fce7e55803ba3cd4f05cdecccddb9f7ef,03b15c2fd40618dd99c7af95d40257c4c32bc6cb9b2ded1c40969c19d838e1ec
Coconut,Coconut,PASS,PASS,PASS,True,4. Fruit and Nut Trees,PASS,PASS,PASS,PASS,PASS,PASS,PASS — Leave alone. The source plant or harvest organ has an appropriate growth form and recognizable silhouette.,Coconut.png,440,440,RGBA,ffb20e5464d2657614e2bb241b0279a3eef49860d053f1aa86f2721ce917909d,8a6133f4682e32a1e9ec93be568e206afbc422cb87c028aad811818d306c009a
Coffee,Coffee,HOLD,FAIL,HOLD,True,Other plant or harvest type,PASS,POLISH,POLISH,POLISH,POLISH,POLISH,"No critical duplicate, clipping, or gross growth-family error found. Broad growth form is usable; species-level botanical specificity may still be simplified. Coffee needs a species-specific growth-form check: roots/attachment, stem or trunk, leaf/frond arrangement, flower/fruit/spore organ and overall scale.",Coffee.png,440,440,RGBA,c7c6fd7204a08c481e223c0ca6c18ab62ef741a7bb91a2def00ebc70e37e08f3,6514f9e10821e1618da90c2b0ebcb86503ee6aa6642f2add288aed765b4034aa
Coralline_Algae,Coralline Algae,HOLD,FAIL,HOLD,True,Other plant or harvest type,PASS,POLISH,POLISH,POLISH,POLISH,POLISH,"No critical duplicate, clipping, or gross growth-family error found. Broad growth form is usable; species-level botanical specificity may still be simplified. Coralline Algae needs a species-specific growth-form check: roots/attachment, stem or trunk, leaf/frond arrangement, flower/fruit/spore organ and overall scale.",Coralline_Algae.png,440,440,RGBA,7a8e86c2a61f2b289c4140bec397d2cc41a6ab78bc4284a36102ab2404763cbb,99bbe824898a9d7dc20d9f3d4d677c49c4a1df89a6a2572bc6979e9773896bd3
Corn,Corn,PASS,PASS,PASS,True,7. Grain and Staple Crops,PASS,PASS,PASS,PASS,PASS,PASS,"The tall grass stalk, broad leaves and visible ear now read clearly as corn/maize.",Corn.png,440,440,RGBA,40a8e27e9d190563445e330887a51b26c617e254255c00d4940e8b97546112dd,735ed4e4a83cdab55420c9e004dd2fdd4c3f28069333cf3b68258aa714687476
Cotton,Cotton,FAIL,FAIL,FAIL,True,Other plant or harvest type,FAIL,PASS,PASS,PASS,FAIL,FAIL,"Add multiple cotton bolls and a branching plant body. Cotton needs a species-specific growth-form check: roots/attachment, stem or trunk, leaf/frond arrangement, flower/fruit/spore organ and overall scale.",Cotton.png,440,440,RGBA,8a36ec5dab4d2ee431b446c327f9cdf9893f14c4e5523eac47b6283efff2dbb4,afa09d4e216f19b6b135143ade35bf6277b4c49301c48fa0f9560d7375f853af
Crabapple,Crabapple,HOLD,FAIL,HOLD,True,Other plant or harvest type,PASS,POLISH,POLISH,POLISH,POLISH,POLISH,"No critical duplicate, clipping, or gross growth-family error found. Broad growth form is usable; species-level botanical specificity may still be simplified. Crabapple needs a species-specific growth-form check: roots/attachment, stem or trunk, leaf/frond arrangement, flower/fruit/spore organ and overall scale.",Crabapple.png,440,440,RGBA,74f569912dd1b18f8f2ce935438d7161fd8ed0041ebde0973e06baf015f5d79e,9d8ed23e5bc4d094d4926b0ba5ee4f4b4299c7bbb747da3af4bf98e8deca8422
Cranberry,Cranberry,HOLD,FAIL,HOLD,True,5. Shrubs and Bushes,PASS,POLISH,POLISH,POLISH,POLISH,POLISH,"No critical duplicate, clipping, or gross growth-family error found. Broad growth form is usable; species-level botanical specificity may still be simplified. Cranberry needs a species-specific growth-form check: roots/attachment, stem or trunk, leaf/frond arrangement, flower/fruit/spore organ and overall scale.",Cranberry.png,440,440,RGBA,f90b5c1902cc065e7c952fc47187018dd006d58f27e0a2b9e4278d03bb36a2d0,044f2c7fb9cc7d071260573b2ae2416c35d757d9191328e3dd40999d036a66f5
Creosote_Bush,Creosote Bush,HOLD,FAIL,HOLD,True,Other plant or harvest type,PASS,POLISH,POLISH,POLISH,POLISH,POLISH,"No critical duplicate, clipping, or gross growth-family error found. Broad growth form is usable; species-level botanical specificity may still be simplified. Creosote Bush needs a species-specific growth-form check: roots/attachment, stem or trunk, leaf/frond arrangement, flower/fruit/spore organ and overall scale.",Creosote_Bush.png,440,440,RGBA,3a418b75e2773b4cfd39ab03d597de8d31876011298fb5c50ffe419bc5cea211,dda4cca877d1052a39a3251b1f52fc4e8d145a6be9a8d30ef05c2646f72d9cc6
Crowberry,Crowberry,HOLD,FAIL,HOLD,True,Other plant or harvest type,PASS,POLISH,POLISH,POLISH,POLISH,POLISH,"The woody shrub habit is present, but add low evergreen needle-like leaves and obvious black berries.",Crowberry.png,440,440,RGBA,712797863aee7dcdb73c7c35e90d65cf41c74d8b5eb477dc52cebc0c1a6b6e4e,e311de52d113c61d9af4eb90a2ccff3232b43e05bf1742dc2cf40da8fd42e16b
Cucumber,Cucumber,FAIL,FAIL,FAIL,True,Fruiting vegetables,FAIL,FAIL,PASS,FAIL,PASS,FAIL,"Use a creeping/climbing vine with broad leaves and attached cucumbers. Match the source plant, leaf habit and attached fruit/harvest organ. Fruit should be connected to stems/branches and not carry identity by label alone.",Cucumber.png,440,440,RGBA,0c41b3e6dd14369569b4aca2a3a908322e8541c6df4f138732631b26b5d1f530,3944b36f6ae119a259706085363645fd0fdf1ff8fb5b7921d4587943c25c874e
Currant,Currant,HOLD,FAIL,HOLD,True,5. Shrubs and Bushes,PASS,POLISH,POLISH,POLISH,POLISH,POLISH,"No critical duplicate, clipping, or gross growth-family error found. Broad growth form is usable; species-level botanical specificity may still be simplified. Currant needs a species-specific growth-form check: roots/attachment, stem or trunk, leaf/frond arrangement, flower/fruit/spore organ and overall scale.",Currant.png,440,440,RGBA,fa4877b21aab551419118ca4b9dc4c9ee21a7665407a1299449ad38f083957c8,fe4b9e8f90bb06d34ba5e1a1681b6f32066990a3156f2d3db258c36ce891cca4
Curry_Leaf,Curry Leaf,HOLD,FAIL,HOLD,True,Other plant or harvest type,PASS,POLISH,POLISH,POLISH,POLISH,POLISH,"No critical duplicate, clipping, or gross growth-family error found. Broad growth form is usable; species-level botanical specificity may still be simplified. Curry Leaf needs a species-specific growth-form check: roots/attachment, stem or trunk, leaf/frond arrangement, flower/fruit/spore organ and overall scale.",Curry_Leaf.png,440,440,RGBA,304626b3649e855795d447e8acfd38eea5bf911ceee48461047d40d5a9800c29,79adba9feaf08e112c9974ed628a8aaaef59a76196ef463c5388b09837462b72
Daisy,Daisy,HOLD,FAIL,HOLD,True,10. Flowering Herbs and Wildflowers,PASS,POLISH,POLISH,POLISH,POLISH,POLISH,"No critical duplicate, clipping, or gross growth-family error found. Broad growth form is usable; species-level botanical specificity may still be simplified. Match the named plant’s actual growth habit, leaf arrangement, flower/seed structure and scale; many currently use one vertical leaf-ladder or color-only herb template.",Daisy.png,440,440,RGBA,4584ced39a2f196eda71c138acb04f6383173cdea66eb3ef9b911061e44d63fe,7451499f6d9d2acd29107ad1a3149a8ab5adf38950294e71d7204b4e99b92f79
Dandelion,Dandelion,HOLD,FAIL,HOLD,True,10. Flowering Herbs and Wildflowers,PASS,POLISH,POLISH,POLISH,POLISH,POLISH,"No critical duplicate, clipping, or gross growth-family error found. Broad growth form is usable; species-level botanical specificity may still be simplified. Match the named plant’s actual growth habit, leaf arrangement, flower/seed structure and scale; many currently use one vertical leaf-ladder or color-only herb template.",Dandelion.png,440,440,RGBA,6dba745cb1a83076b7f164c5a055837af40dd8c5e9745bf083a8df287c063627,243331c53bfdf51eec8e96bab5fc790df5d08e38c3e36619b24f2c8500a119fb
Date,Date,HOLD,FAIL,HOLD,True,Other plant or harvest type,PASS,POLISH,POLISH,POLISH,POLISH,POLISH,"Clarify as a harvest item linked to Date Palm rather than a second full palm portrait. Date needs a species-specific growth-form check: roots/attachment, stem or trunk, leaf/frond arrangement, flower/fruit/spore organ and overall scale.",Date.png,440,440,RGBA,b632b92f44f1bc1b003bce85ef80c3b8dc66fd4dfabf8d5d6a1d874c4cba8dc6,84c2a185fd0a5c8bdc53f17516cf4b505adfc2c0c49719bfb4460a5d7807456e
Date_Palm,Date Palm,HOLD,FAIL,HOLD,True,3. Palms and Palm-Like Plants,PASS,POLISH,POLISH,POLISH,POLISH,POLISH,"No critical duplicate, clipping, or gross growth-family error found. Broad growth form is usable; species-level botanical specificity may still be simplified. Date Palm needs a species-specific growth-form check: roots/attachment, stem or trunk, leaf/frond arrangement, flower/fruit/spore organ and overall scale.",Date_Palm.png,440,440,RGBA,6a87849e35899d6d041e032ba33990eb1073d8092aace9ee7495f2f7d1854bdd,dbd03de1a141ad1ae0e13aa12d175a3142e02c453b1bc1691c27364f0d0c1a88
Date_Plum,Date Plum,HOLD,FAIL,HOLD,True,Other plant or harvest type,PASS,POLISH,POLISH,POLISH,POLISH,POLISH,"No critical duplicate, clipping, or gross growth-family error found. Broad growth form is usable; species-level botanical specificity may still be simplified. Date Plum needs a species-specific growth-form check: roots/attachment, stem or trunk, leaf/frond arrangement, flower/fruit/spore organ and overall scale.",Date_Plum.png,440,440,RGBA,42755152ff821e4d0aada2294fdabb774c6ebc5461aaaaeac7c5623740ee3b47,132cb23bc39a888551fb13cd39c178a8d0b77588f32c34a01a264cf3389d5f6d
Desert_Melon,Desert Melon,HOLD,FAIL,HOLD,True,Other plant or harvest type,PASS,POLISH,POLISH,POLISH,POLISH,POLISH,"No critical duplicate, clipping, or gross growth-family error found. Broad growth form is usable; species-level botanical specificity may still be simplified. Desert Melon needs a species-specific growth-form check: roots/attachment, stem or trunk, leaf/frond arrangement, flower/fruit/spore organ and overall scale.",Desert_Melon.png,440,440,RGBA,9a3467308dbd64303f2fa7c5861ae150e47c079a21a4303c22532ec22738d4af,79372d6df76a0e074db7d3edba8aa3229b69054733b045b8bba8fc35522dca77
Desert_Mint,Desert Mint,HOLD,FAIL,HOLD,True,Other plant or harvest type,PASS,POLISH,POLISH,POLISH,POLISH,POLISH,"No critical duplicate, clipping, or gross growth-family error found. Broad growth form is usable; species-level botanical specificity may still be simplified. Desert Mint needs a species-specific growth-form check: roots/attachment, stem or trunk, leaf/frond arrangement, flower/fruit/spore organ and overall scale.",Desert_Mint.png,440,440,RGBA,b8d38c25d0792e1f071ef49f071a6d5ddde63c9217932a76d168b2e451b5325a,c78892f0e5d53d90f5bf6cb7ff400145d9b9561232646dd67777e5e14d8cbec6
Desert_Rose,Desert Rose,FAIL,FAIL,HOLD,True,12. Succulents and Desert Plants,PASS,POLISH,POLISH,POLISH,POLISH,POLISH,"The current narrow succulent column is not a desert rose. Use a swollen caudex, branching succulent stems and several large pink trumpet flowers.",Desert_Rose.png,440,440,RGBA,84818ce425ef1229d3ddcc1c6a5341b3d52403f1ce0b5c41f16f0c9664f05cc4,204dbe976612f19cf31f23d911b06ac5f58611a050e7e5dfa07b34d2328c3ae5
Desert_Sage,Desert Sage,HOLD,FAIL,HOLD,True,Other plant or harvest type,PASS,POLISH,POLISH,POLISH,POLISH,POLISH,"No critical duplicate, clipping, or gross growth-family error found. Broad growth form is usable; species-level botanical specificity may still be simplified. Desert Sage needs a species-specific growth-form check: roots/attachment, stem or trunk, leaf/frond arrangement, flower/fruit/spore organ and overall scale.",Desert_Sage.png,440,440,RGBA,de08a8aa50f7ab02d1e225fb8c987d3f5e22ed26d2be62feb5294ea7047ea449,3e568b0c4d984edaf2736573b00ffa865456c70b1dca13fb8aa936c7dc11e9f3
Devil's_Claw,Devil's Claw,FAIL,FAIL,HOLD,True,Other plant or harvest type,PASS,POLISH,POLISH,POLISH,POLISH,POLISH,"The generic upright herb lacks the defining long hooked seed pod. Show a spreading plant with broad leaves, trumpet flowers and one large claw-like fruit.",Devil's_Claw.png,440,440,RGBA,db8d6ad1cf14e3245ddd65dba080fd5d3e94c50a471257c108c7adda4f2d31a7,aacba2eec94908c2f60c05277cb60b2d8beddd28ea9299f524fc9692ecd49c44
Devil's_Club,Devil's Club,FAIL,FAIL,HOLD,False,Other plant or harvest type,PASS,POLISH,POLISH,POLISH,POLISH,POLISH,Use a tall woody stem covered in spines with huge palmate leaves and a red berry cluster; the current sparse vine is incorrect.,Devil's_Club.png,440,440,RGBA,a2ea17ce0c05c16c94073c81c7ebdaa073add008db0a418f38af1ac7edee1947,a2ea17ce0c05c16c94073c81c7ebdaa073add008db0a418f38af1ac7edee1947
Dragon_Fruit,Dragon Fruit,HOLD,FAIL,FAIL,True,Other plant or harvest type,POLISH,PASS,POLISH,PASS,POLISH,POLISH,"The cactus stems and flowers are improved, but the plant needs angular climbing/epiphytic stems, support attachment and hanging bright fruits.",Dragon_Fruit.png,440,440,RGBA,41b99cd9585083fb4210b8fb4fd47a8832f6324bf10f07236580b757396d8f37,ca38827a412551aba8b31f5d1ddfac60b3a21ef866f757261da09d788cf4430d
Duckweed,Duckweed,PASS,PASS,HOLD,True,14. Aquatic and Wetland Plants,PASS,PASS,PASS,PASS,PASS,PASS,"The floating leaf cluster on water is recognizable, though scale can remain stylized.",Duckweed.png,440,440,RGBA,0d87525e70289fbd8df18009ec0fcd08f42cd94db54adb792476bb3a580ac31a,eea9ba70ee09365308c07c633cf286436a95d077d784d12a39e48ab5a1d0d054
Dulse,Dulse,HOLD,FAIL,HOLD,True,Other plant or harvest type,PASS,POLISH,POLISH,POLISH,POLISH,POLISH,"Use broad reddish sheet/frond morphology and marine attachment. Dulse needs a species-specific growth-form check: roots/attachment, stem or trunk, leaf/frond arrangement, flower/fruit/spore organ and overall scale.",Dulse.png,440,440,RGBA,be768024f52a805e27876ce6968a44c9cfa0d2535ac693ceb8b83441f304a1fe,ac521f8e9cac9f952ed59295b145d194ac44cffc979535e6cda9b563a8ce0646
Durian,Durian,HOLD,FAIL,HOLD,True,4. Fruit and Nut Trees,PASS,POLISH,POLISH,POLISH,POLISH,POLISH,"No critical duplicate, clipping, or gross growth-family error found. Broad growth form is usable; species-level botanical specificity may still be simplified. The catalog overuses a round canopy on a straight trunk. Match the species’ trunk habit, branching architecture, crown shape, leaf masses, bark and fruit/flower attachment.",Durian.png,440,440,RGBA,9fd44927c7b2ac11f2d7a0de1d778302c84f0cd0c222f902f0b20b11bd3c8d5e,a8974d65a165e23eda440df1384216a863c7dfc857a1acf258ac0326d8d24aec
Echinacea,Echinacea,HOLD,FAIL,HOLD,True,9. Herbs and Spices,PASS,POLISH,POLISH,POLISH,POLISH,POLISH,"No critical duplicate, clipping, or gross growth-family error found. Broad growth form is usable; species-level botanical specificity may still be simplified. Match the named plant’s actual growth habit, leaf arrangement, flower/seed structure and scale; many currently use one vertical leaf-ladder or color-only herb template.",Echinacea.png,440,440,RGBA,ecce4d82d0af99804889053cbb53769e72181dc8aaec795f39bfceca7c5383e8,51aca11a123b9815db624d792276c1b420c7f50a44e1b2360e202c6f8b6aa73c
Edelweiss,Edelweiss,HOLD,FAIL,HOLD,True,Other plant or harvest type,PASS,POLISH,POLISH,POLISH,POLISH,POLISH,"No critical duplicate, clipping, or gross growth-family error found. Broad growth form is usable; species-level botanical specificity may still be simplified. Edelweiss needs a species-specific growth-form check: roots/attachment, stem or trunk, leaf/frond arrangement, flower/fruit/spore organ and overall scale.",Edelweiss.png,440,440,RGBA,6866823ee6877efbda9304ca1c8e8507dca8c9f80a5b0bb65f9318e36903e5d2,05995101c68db90a63e0a33958090c3ea96a18ca74a664461a7bccc073b5d8d3
Elderberry,Elderberry,HOLD,FAIL,HOLD,True,5. Shrubs and Bushes,PASS,POLISH,POLISH,POLISH,POLISH,POLISH,"No critical duplicate, clipping, or gross growth-family error found. Broad growth form is usable; species-level botanical specificity may still be simplified. Elderberry needs a species-specific growth-form check: roots/attachment, stem or trunk, leaf/frond arrangement, flower/fruit/spore organ and overall scale.",Elderberry.png,440,440,RGBA,bae1b7d3a73e4a00fc0688d6cd420aab7671df48b1138943348484bc3810dc93,6f9a5a018cf468311c20854255c1edbae20f078f00fe4aa99665d7e9f26dcc7b
Ephedra,Ephedra,HOLD,FAIL,HOLD,True,Other plant or harvest type,PASS,POLISH,POLISH,POLISH,POLISH,POLISH,"No critical duplicate, clipping, or gross growth-family error found. Broad growth form is usable; species-level botanical specificity may still be simplified. Ephedra needs a species-specific growth-form check: roots/attachment, stem or trunk, leaf/frond arrangement, flower/fruit/spore organ and overall scale.",Ephedra.png,440,440,RGBA,b08f4e8eefcb0c358c7f5aede6c491110e7c4b76a9fd3c92901df2b320407415,196734bb03d56bf72425e274f24c614a39bbdc5d819e0f0a2a57156efe040c57
Eucalyptus,Eucalyptus,HOLD,FAIL,HOLD,True,Mediterranean and dry-climate trees,PASS,POLISH,POLISH,POLISH,POLISH,POLISH,"No critical duplicate, clipping, or gross growth-family error found. Broad growth form is usable; species-level botanical specificity may still be simplified. The catalog overuses a round canopy on a straight trunk. Match the species’ trunk habit, branching architecture, crown shape, leaf masses, bark and fruit/flower attachment.",Eucalyptus.png,440,440,RGBA,3a911228ca0940f0c56427b2c982a5161684742e8961957e74bd67535326e396,772dd1869072cd5798d1e3b04afe3a3a6c387aee86ee8f8e68f6c03523f2072d
Fennel,Fennel,FAIL,FAIL,HOLD,True,Bulb and stem vegetables,PASS,POLISH,POLISH,POLISH,POLISH,POLISH,"The current leaf ladder does not resemble fennel. Use feathery threadlike foliage, branching stems and broad yellow umbels.",Fennel.png,440,440,RGBA,88695a2d46a28a0f989ee7dc559c88b9a8ea4b40295c3332facad0779e6f0db0,7cfb60782e62fb69267fed51e6c2a23c86c660a3ba21b05f5a4db22f57945e26
Fenugreek,Fenugreek,HOLD,FAIL,HOLD,True,Other plant or harvest type,PASS,POLISH,POLISH,POLISH,POLISH,POLISH,"No critical duplicate, clipping, or gross growth-family error found. Broad growth form is usable; species-level botanical specificity may still be simplified. Fenugreek needs a species-specific growth-form check: roots/attachment, stem or trunk, leaf/frond arrangement, flower/fruit/spore organ and overall scale.",Fenugreek.png,440,440,RGBA,eebfbb46723f9b50643ed8d492a5404144b7958cea6ef3e4811ab5030c86d742,88e405d4a0bc6038b1a81558bd834f9765829a2498c03325cd09384294798b88
Fiddlehead_Fern,Fiddlehead Fern,HOLD,FAIL,HOLD,True,Other plant or harvest type,PASS,POLISH,POLISH,POLISH,POLISH,POLISH,"No critical duplicate, clipping, or gross growth-family error found. Broad growth form is usable; species-level botanical specificity may still be simplified. Fiddlehead Fern needs a species-specific growth-form check: roots/attachment, stem or trunk, leaf/frond arrangement, flower/fruit/spore organ and overall scale.",Fiddlehead_Fern.png,440,440,RGBA,aacfb8d3fb2d5ce4c2ba8134a9a88652111290fb4cc401d73ea5f96d14f6b94b,018b14d6dd7f0c97317057f36c983275c5ac1ef505523d493b10a77470befaa7
Fig,Fig,HOLD,FAIL,HOLD,True,4. Fruit and Nut Trees,PASS,POLISH,POLISH,POLISH,POLISH,POLISH,"No critical duplicate, clipping, or gross growth-family error found. Broad growth form is usable; species-level botanical specificity may still be simplified. The catalog overuses a round canopy on a straight trunk. Match the species’ trunk habit, branching architecture, crown shape, leaf masses, bark and fruit/flower attachment.",Fig.png,440,440,RGBA,debd14b52a4c6ce6a9755d26c1f5f17058b967d08049affad7cf7dc89f052a38,90b9e741e24f4dd4e204fc330fd050e49fddd3700951dcf2e5956d5358e7b004
Fireweed,Fireweed,HOLD,FAIL,HOLD,True,Other plant or harvest type,PASS,POLISH,POLISH,POLISH,POLISH,POLISH,"No critical duplicate, clipping, or gross growth-family error found. Broad growth form is usable; species-level botanical specificity may still be simplified. Fireweed needs a species-specific growth-form check: roots/attachment, stem or trunk, leaf/frond arrangement, flower/fruit/spore organ and overall scale.",Fireweed.png,440,440,RGBA,e73c93c3948a0a68460429bc8f889908d59e56a8fe9db2fc1dfb2aeee06fcf73,35a1e98334477ddeaead045b16598d592d758eb0de0d3b27b56a78669cd81c27
Flax,Flax,HOLD,FAIL,HOLD,True,Other plant or harvest type,PASS,POLISH,POLISH,POLISH,POLISH,POLISH,"Add slender branched stems and small blue flowers; current vertical ear is crop-generic. Flax needs a species-specific growth-form check: roots/attachment, stem or trunk, leaf/frond arrangement, flower/fruit/spore organ and overall scale.",Flax.png,440,440,RGBA,28196819907f3ae4cdb8369153cb9bd71b517ae484453c42eb932b84873d114f,633cfcaa1f69e1c483a84abd20b51a850630ed50fd6f778588ad3ebd4353e8e0
Floating_Green_Algae,Floating Green Algae,HOLD,FAIL,HOLD,True,Other plant or harvest type,PASS,POLISH,POLISH,POLISH,POLISH,POLISH,"Use a floating mat/filament mass rather than large ribbon shapes if this is planktonic algae. Floating Green Algae needs a species-specific growth-form check: roots/attachment, stem or trunk, leaf/frond arrangement, flower/fruit/spore organ and overall scale.",Floating_Green_Algae.png,440,440,RGBA,8c103143e30b27e81fa232b5987bff02088a99bc5891f3d681d8a3f26ad97504,638c224be4d293430a912ed09b3e6c0ca8e80a8521dd40d0f90a0ed98a4e8b90
Foxglove,Foxglove,HOLD,FAIL,HOLD,True,10. Flowering Herbs and Wildflowers,PASS,POLISH,POLISH,POLISH,POLISH,POLISH,"No critical duplicate, clipping, or gross growth-family error found. Broad growth form is usable; species-level botanical specificity may still be simplified. Match the named plant’s actual growth habit, leaf arrangement, flower/seed structure and scale; many currently use one vertical leaf-ladder or color-only herb template.",Foxglove.png,440,440,RGBA,951dfdd50c998b92fad0e5d6a4cc5f44051aa544d93b2f7ab1dd315fb3caef59,565ffc19f60b3a8f38a43c991ba11a11be1992ccc12db102afec2e2b38fd4e72
Garlic,Garlic,HOLD,FAIL,HOLD,True,Bulb and stem vegetables,PASS,POLISH,POLISH,POLISH,POLISH,POLISH,"No critical duplicate, clipping, or gross growth-family error found. Broad growth form is usable; species-level botanical specificity may still be simplified. Show the source plant and the correct underground storage organ, leaf top and harvest relationship rather than an isolated generic bulb.",Garlic.png,440,440,RGBA,53e26ed7b0c37e814ab995f3f270197b538754e40aab1907496c56a7d359a7dc,1894fc3316431ed6a36c136f108614792b1c5a5457c375aaf7d00d34589b1c53
Gentian,Gentian,HOLD,FAIL,HOLD,True,Other plant or harvest type,PASS,POLISH,POLISH,POLISH,POLISH,POLISH,"No critical duplicate, clipping, or gross growth-family error found. Broad growth form is usable; species-level botanical specificity may still be simplified. Gentian needs a species-specific growth-form check: roots/attachment, stem or trunk, leaf/frond arrangement, flower/fruit/spore organ and overall scale.",Gentian.png,440,440,RGBA,3250e79947f0108bbe48de5b02c510bdb277343cb76527da464f13a119e124f5,fa0a0db8d51ab10f06e0a8ca4ca54a0cdef7626791690c63a07b775e817df050
Giant_Kelp,Giant Kelp,HOLD,FAIL,HOLD,True,Other plant or harvest type,PASS,POLISH,POLISH,POLISH,POLISH,POLISH,"The tall blades read as kelp, but add a holdfast, long flexible stipe and gas bladders/blade arrangement for stronger giant-kelp identity.",Giant_Kelp.png,440,440,RGBA,513a40430d42765e15053d5dd2c97bf809e568eef04bcbe461fc5a017b076c78,6f618eed028ea36673afd24c79303cb4a12a7e93b841e4ecf9ac818bcd2cf801
Ginger,Ginger,HOLD,FAIL,HOLD,True,9. Herbs and Spices,PASS,POLISH,POLISH,POLISH,POLISH,POLISH,"No critical duplicate, clipping, or gross growth-family error found. Broad growth form is usable; species-level botanical specificity may still be simplified. Match the named plant’s actual growth habit, leaf arrangement, flower/seed structure and scale; many currently use one vertical leaf-ladder or color-only herb template.",Ginger.png,440,440,RGBA,ba80b135298a2e14ebba00852258f373a70b58f22ee93cb62365d6e99ea86796,8848ad1effe6814a396da1779c4d9d0ca3a0e60bcfc871abc4991369e6ceb824
Ginseng,Ginseng,HOLD,FAIL,HOLD,True,9. Herbs and Spices,PASS,POLISH,POLISH,POLISH,POLISH,POLISH,"No critical duplicate, clipping, or gross growth-family error found. Broad growth form is usable; species-level botanical specificity may still be simplified. Match the named plant’s actual growth habit, leaf arrangement, flower/seed structure and scale; many currently use one vertical leaf-ladder or color-only herb template.",Ginseng.png,440,440,RGBA,4e782903087d62f3adf18c530cfddb801f6ada94e817d92e481cb3a74757bee3,2fc9eed64da7bab2022db39bbbf55662e46613027892a9d8db209bcbe5501846
Glasswort,Glasswort,HOLD,FAIL,HOLD,True,Other plant or harvest type,PASS,POLISH,POLISH,POLISH,POLISH,POLISH,"No critical duplicate, clipping, or gross growth-family error found. Broad growth form is usable; species-level botanical specificity may still be simplified. Glasswort needs a species-specific growth-form check: roots/attachment, stem or trunk, leaf/frond arrangement, flower/fruit/spore organ and overall scale.",Glasswort.png,440,440,RGBA,60e5f87095dbe44217dc52b93eb898ba48153301deaab16221f32d01f96d06c3,d536b9b20632f77fa81de65bfe4c10ece9d8c50e47d6a75db8b1e3f5127e5741
Goldenrod,Goldenrod,HOLD,FAIL,HOLD,True,10. Flowering Herbs and Wildflowers,PASS,POLISH,POLISH,POLISH,POLISH,POLISH,"No critical duplicate, clipping, or gross growth-family error found. Broad growth form is usable; species-level botanical specificity may still be simplified. Match the named plant’s actual growth habit, leaf arrangement, flower/seed structure and scale; many currently use one vertical leaf-ladder or color-only herb template.",Goldenrod.png,440,440,RGBA,e4f9d0d1f1af04e4f79769d110237aeba2190ef4b1575483696fae4b27ce0ed2,8b22975372135b6e1736fff6a4e0dfbe8298ded9456ff2a686ba4d3867d874e2
Gooseberry,Gooseberry,HOLD,FAIL,HOLD,True,5. Shrubs and Bushes,PASS,POLISH,POLISH,POLISH,POLISH,POLISH,"No critical duplicate, clipping, or gross growth-family error found. Broad growth form is usable; species-level botanical specificity may still be simplified. Gooseberry needs a species-specific growth-form check: roots/attachment, stem or trunk, leaf/frond arrangement, flower/fruit/spore organ and overall scale.",Gooseberry.png,440,440,RGBA,81271f3991175293e10e17fa8cedadd1fc593e5a3556acefbc92319b0082b026,f296360a87169f7c427fb6c534fc85e464048c08f3c6405a29d3e8728ba23cd1
Grape,Grape,HOLD,FAIL,HOLD,True,Other plant or harvest type,PASS,POLISH,POLISH,POLISH,POLISH,POLISH,"No critical duplicate, clipping, or gross growth-family error found. Broad growth form is usable; species-level botanical specificity may still be simplified. Grape needs a species-specific growth-form check: roots/attachment, stem or trunk, leaf/frond arrangement, flower/fruit/spore organ and overall scale.",Grape.png,440,440,RGBA,b083ef120ea0dd220a9876ba87f3c1156340657e5b16a83024a4bb32208ff5dd,ebed75c2952313163f7a3a86beffa75e32c43b2806f216b4d99b3f9fa5afcca3
Green_Algae,Green Algae,HOLD,FAIL,BLOCKER,True,Algae,POLISH,PASS,PASS,PASS,PASS,POLISH,"The broad single blade is a plausible macroalga, but the name is extremely broad. Clarify whether this asset represents a sheet alga, filament mat or microscopic colony and match that morphology.",Green_Algae.png,440,440,RGBA,ef9eefa89dae0f2259ba88eb5e3134e2405f193258ea3e1845a9df81c810de68,67c8f932802d71c1965925e4ed9efb9b8dbf43a29f3bcc4a6882c5df22fb2072
Guava,Guava,HOLD,FAIL,HOLD,True,4. Fruit and Nut Trees,PASS,POLISH,POLISH,POLISH,POLISH,POLISH,"No critical duplicate, clipping, or gross growth-family error found. Broad growth form is usable; species-level botanical specificity may still be simplified. The catalog overuses a round canopy on a straight trunk. Match the species’ trunk habit, branching architecture, crown shape, leaf masses, bark and fruit/flower attachment.",Guava.png,440,440,RGBA,85b64a8ee6174eb8537070f40598df09bbbe4931a12edcd35355a929f6c7934a,672f762e92b92b85961e5896db450bed9fda1e8171f4d6cd5bc3e80169cd8b8b
Hardy_Fern,Hardy Fern,HOLD,FAIL,HOLD,True,Other plant or harvest type,PASS,POLISH,POLISH,POLISH,POLISH,POLISH,"No critical duplicate, clipping, or gross growth-family error found. Broad growth form is usable; species-level botanical specificity may still be simplified. Hardy Fern needs a species-specific growth-form check: roots/attachment, stem or trunk, leaf/frond arrangement, flower/fruit/spore organ and overall scale.",Hardy_Fern.png,440,440,RGBA,7285c51e463541b81ce381c65b3f7f84a3b781baa03c5f8ffb998574b9e75107,5d3f963b9a50ccddd3e1a0f79bf388de419381c35ec1c74ea780db4458f12cbe
Hazelnut,Hazelnut,HOLD,FAIL,HOLD,True,4. Fruit and Nut Trees,PASS,POLISH,POLISH,POLISH,POLISH,POLISH,"No critical duplicate, clipping, or gross growth-family error found. Broad growth form is usable; species-level botanical specificity may still be simplified. The catalog overuses a round canopy on a straight trunk. Match the species’ trunk habit, branching architecture, crown shape, leaf masses, bark and fruit/flower attachment.",Hazelnut.png,440,440,RGBA,4d904b5ad538d235b6ec93b53e3c42c6bfdb690ebc63c429746f42b66020fb75,f8ca68e64d234d5c2436e88636b5acd5a382478cfffaad31cca3a5f888869539
Heather,Heather,HOLD,FAIL,HOLD,True,5. Shrubs and Bushes,PASS,POLISH,POLISH,POLISH,POLISH,POLISH,"No critical duplicate, clipping, or gross growth-family error found. Broad growth form is usable; species-level botanical specificity may still be simplified. Heather needs a species-specific growth-form check: roots/attachment, stem or trunk, leaf/frond arrangement, flower/fruit/spore organ and overall scale.",Heather.png,440,440,RGBA,1d5f8046321c2047c4157cc8b3d9b3a9c6eebee6d2ed1ea7858d600b14b616b8,39deb37cea8a1ddd70cffb3e021fe236801a549078f8ad3d750008fe79a16240
Hemlock,Hemlock,FAIL,FAIL,HOLD,True,2. Conifers and Other Seed Plants,PASS,POLISH,POLISH,POLISH,POLISH,POLISH,"The generic round canopy is wrong for a coniferous hemlock. Use a tapered evergreen crown, drooping branch tips and fine needle sprays.",Hemlock.png,440,440,RGBA,fa0b21929d87b3f5a0c5846a1ca34ec26d4029fb0952d052e920f679dea4122a,46e8eb046f12c18994c1f0b22c392cf514ef8badac8aca75409288ff18660524
Hemp,Hemp,PASS,PASS,PASS,True,Other plant or harvest type,PASS,PASS,PASS,PASS,PASS,PASS,The palmate serrated leaves and upright herb form now clearly distinguish hemp.,Hemp.png,440,440,RGBA,dd45016b12c2e8907caea15670cf02b86a5eed453af7c0ac5831815452e02ff5,fbd57180e21fe465b10dc3517ebf933edd3d7b4a9a9ab504c848594cd81379e0
Holy_Basil,Holy Basil,HOLD,FAIL,HOLD,True,Other plant or harvest type,PASS,POLISH,POLISH,POLISH,POLISH,POLISH,"No critical duplicate, clipping, or gross growth-family error found. Broad growth form is usable; species-level botanical specificity may still be simplified. Holy Basil needs a species-specific growth-form check: roots/attachment, stem or trunk, leaf/frond arrangement, flower/fruit/spore organ and overall scale.",Holy_Basil.png,440,440,RGBA,22dbaa320642adaa71f7a66487569a50534dd3830955f88606932bc38d91f394,d101092443510c8d843162046ff4c2ac0932f95364636ec67116691361c2aa63
Huckleberry,Huckleberry,HOLD,FAIL,HOLD,True,Other plant or harvest type,PASS,POLISH,POLISH,POLISH,POLISH,POLISH,"No critical duplicate, clipping, or gross growth-family error found. Broad growth form is usable; species-level botanical specificity may still be simplified. Huckleberry needs a species-specific growth-form check: roots/attachment, stem or trunk, leaf/frond arrangement, flower/fruit/spore organ and overall scale.",Huckleberry.png,440,440,RGBA,67856fb76a2628ce4b7f19f1bd40ee6cc7e866f012e8c03b42caf2b3c6b71c83,29fea3e6e33eb33b8e8a46f0bcab91a83d3cd24d3a69d63079cfc29eb8b7f80e
Ice_Algae,Ice Algae,HOLD,FAIL,HOLD,True,Other plant or harvest type,PASS,POLISH,POLISH,POLISH,POLISH,POLISH,"Surface colony on ice is now represented; clarify whether this is a microalga and align ownership with the microbe taxonomy model. Ice Algae needs a species-specific growth-form check: roots/attachment, stem or trunk, leaf/frond arrangement, flower/fruit/spore organ and overall scale.",Ice_Algae.png,440,440,RGBA,3e6d7e27dbf1cd13425e1d8e715999aaf56a00391814c55dcbbf2ab7006e574c,fcc762acdd2791209b6d1cbe57d3e845248d70f2c0cef43226a2160fab9ee3d1
Indian_Gooseberry,Indian Gooseberry,HOLD,FAIL,HOLD,True,Other plant or harvest type,PASS,POLISH,POLISH,POLISH,POLISH,POLISH,"No critical duplicate, clipping, or gross growth-family error found. Broad growth form is usable; species-level botanical specificity may still be simplified. Indian Gooseberry needs a species-specific growth-form check: roots/attachment, stem or trunk, leaf/frond arrangement, flower/fruit/spore organ and overall scale.",Indian_Gooseberry.png,440,440,RGBA,f8d95d5c2f8ac5a37bc53dd8a5f481816d856dd03c89fa905daa73edffdfa576,a64200deb2a7e50a2178c102bef27ba76d7b90782a2a2e6ea150a7d6834af798
Ivy,Ivy,FAIL,FAIL,FAIL,True,11. Vines and Climbing Plants,FAIL,FAIL,PASS,FAIL,PASS,FAIL,"Use a climbing vine with lobed leaves and attachment habit. Show the correct climbing/twining habit, support attachment, tendrils, leaf arrangement and attached flowers/fruit rather than floating clusters or an upright shrub.",Ivy.png,440,440,RGBA,d2123a8f2ad86ab56fdbe123d06c69f5e5cb798b8e99a470438bcfd3d1b221c3,5f2fbd9a27483721a65b806a445f768923c906a02cd69cb3b77153c9cef65710
Jackfruit,Jackfruit,HOLD,FAIL,HOLD,True,4. Fruit and Nut Trees,PASS,POLISH,POLISH,POLISH,POLISH,POLISH,"No critical duplicate, clipping, or gross growth-family error found. Broad growth form is usable; species-level botanical specificity may still be simplified. The catalog overuses a round canopy on a straight trunk. Match the species’ trunk habit, branching architecture, crown shape, leaf masses, bark and fruit/flower attachment.",Jackfruit.png,440,440,RGBA,870aeed915a90899cd36e090b6f59d654f4a770e3919ec8e397f3e070de3c67c,39abada2565e7a4d17b37dcf924b172fadb2fb0118f12c9df05b35df1217f6b2
Joshua_Tree,Joshua Tree,PASS,PASS,HOLD,True,Other plant or harvest type,PASS,PASS,PASS,PASS,PASS,PASS,The branching woody trunk with spiky terminal rosettes now reads correctly as a Joshua tree.,Joshua_Tree.png,440,440,RGBA,1e2c3bc0319ba2837e594187b4ed8bc10dd43138354abc3f432694d9012aa877,3d5f5c8b468a823eb3eadf231f20b3919f0bdff1ddc1b7498384c19bada75b91
Jujube,Jujube,HOLD,FAIL,HOLD,True,4. Fruit and Nut Trees,PASS,POLISH,POLISH,POLISH,POLISH,POLISH,"No critical duplicate, clipping, or gross growth-family error found. Broad growth form is usable; species-level botanical specificity may still be simplified. The catalog overuses a round canopy on a straight trunk. Match the species’ trunk habit, branching architecture, crown shape, leaf masses, bark and fruit/flower attachment.",Jujube.png,440,440,RGBA,5157a69dcb4e0800cb3c83854097113cb84d593258ab2a8754790cbe4e917840,cb7496d1c1b88a5f625f8ee32b0cd0a6946c62963fa951ec1d1cf4eaa5fc8a15
Juniper,Juniper,HOLD,FAIL,HOLD,True,2. Conifers and Other Seed Plants,PASS,POLISH,POLISH,POLISH,POLISH,POLISH,"No critical duplicate, clipping, or gross growth-family error found. Broad growth form is usable; species-level botanical specificity may still be simplified. Juniper needs a species-specific growth-form check: roots/attachment, stem or trunk, leaf/frond arrangement, flower/fruit/spore organ and overall scale.",Juniper.png,440,440,RGBA,9274a3c6707178ffd1b9cb16614647ca1f5ccc55165626f0bdd072f7a7afc56a,a68791e0e36bec2ff00b80d20c9316ea6f5022afeb57915d33f87e9f527ff100
Juniper_Berries,Juniper Berries,HOLD,FAIL,HOLD,True,Other plant or harvest type,PASS,POLISH,POLISH,POLISH,POLISH,POLISH,"No critical duplicate, clipping, or gross growth-family error found. Broad growth form is usable; species-level botanical specificity may still be simplified. Juniper Berries needs a species-specific growth-form check: roots/attachment, stem or trunk, leaf/frond arrangement, flower/fruit/spore organ and overall scale.",Juniper_Berries.png,440,440,RGBA,e45176872e4e2ab81c17924b342327754211fe93ddf76a11f93b3ad16d196f0d,91fea528e9a32a25001419b85980b3d5126af7e23aaaa2a03b36374b5eb2629e
Kelp,Kelp,HOLD,FAIL,HOLD,True,Algae,PASS,POLISH,POLISH,POLISH,POLISH,POLISH,"Add broad blades and a holdfast; current narrow vertical ribbon is too minimal. Use the correct holdfast/rooting, blade/frond form, branching, air bladders and water-growth habit instead of a single generic ribbon or blob.",Kelp.png,440,440,RGBA,ca4c3bd026a4230ee6fb0f6655cc80f192077452108c0d4f3e697f9f6d91d472,4d536854165d2530926df2ddfc805148119e7e2cb58354f91981ace9e28ff8e1
Kiwi_Fruit,Kiwi Fruit,PASS,PASS,PASS,True,Other plant or harvest type,PASS,PASS,PASS,PASS,PASS,PASS,The climbing vine and attached fuzzy fruits are recognizable.,Kiwi_Fruit.png,440,440,RGBA,417abe00dc5f0a9a5cd9530bf8a207a1b766396d73311a924183f1031282abcc,df1b5c547a96da054e902eea13d7dcedc05df013116063e36b64ebf6439a6364
Labrador_Tea,Labrador Tea,HOLD,FAIL,HOLD,True,Other plant or harvest type,PASS,POLISH,POLISH,POLISH,POLISH,POLISH,"No critical duplicate, clipping, or gross growth-family error found. Broad growth form is usable; species-level botanical specificity may still be simplified. Labrador Tea needs a species-specific growth-form check: roots/attachment, stem or trunk, leaf/frond arrangement, flower/fruit/spore organ and overall scale.",Labrador_Tea.png,440,440,RGBA,2c3b91260d3a470febffc1c976931f746bb849d6eb7c3f1d12464847be312fca,aa90e5a628b5a9d22e0bed75dbcd07fbf1dcba6fbf60137a7ad72d6af948bf74
Lavender,Lavender,HOLD,FAIL,HOLD,True,9. Herbs and Spices,PASS,POLISH,POLISH,POLISH,POLISH,POLISH,"No critical duplicate, clipping, or gross growth-family error found. Broad growth form is usable; species-level botanical specificity may still be simplified. Match the named plant’s actual growth habit, leaf arrangement, flower/seed structure and scale; many currently use one vertical leaf-ladder or color-only herb template.",Lavender.png,440,440,RGBA,ae557a5ce75e8c5b27fc739207a5d25b94348175e9132ff7f69e6d34111b9b25,c48db16a7029da462feb71f41c84d0016751c19a74bcabe59aafc2dbef7a3e1c
Lemon,Lemon,HOLD,FAIL,HOLD,True,4. Fruit and Nut Trees,PASS,POLISH,POLISH,POLISH,POLISH,POLISH,"No critical duplicate, clipping, or gross growth-family error found. Broad growth form is usable; species-level botanical specificity may still be simplified. The catalog overuses a round canopy on a straight trunk. Match the species’ trunk habit, branching architecture, crown shape, leaf masses, bark and fruit/flower attachment.",Lemon.png,440,440,RGBA,03442f1676ebe1429e5eea701986e0b5ba181d78c0a6e9504ac5645a364c6592,b53a3e4a4e4babfbed1f8cc71d682e6ae0bc49041462692aecd3aa10c7f4e611
Lichen,Lichen,HOLD,FAIL,HOLD,True,Other plant or harvest type,PASS,POLISH,POLISH,POLISH,POLISH,POLISH,"Clarify crustose/foliose lichen mat rather than a generic spiky rosette. Lichen needs a species-specific growth-form check: roots/attachment, stem or trunk, leaf/frond arrangement, flower/fruit/spore organ and overall scale.",Lichen.png,440,440,RGBA,cf8cb91df85508c6ccb83adf2be312ade03850f29fa23f079a01508039d06282,ed61dcf6beb87f788ec7da6b09f7e892b7551659f35a14a2a47497dcc4a3211c
Licorice,Licorice,FAIL,FAIL,HOLD,True,Other plant or harvest type,PASS,POLISH,POLISH,POLISH,POLISH,POLISH,"The current vine-like stem does not represent licorice. Use an upright branching herb with pinnate leaves, pea-like flowers/pods and indicate the thick root system.",Licorice.png,440,440,RGBA,56c4a4edd77e049f158cfcbb86c406512fedae01cde8fcb1ef2320544b5ba690,1515fd43add167d4065f9616eb97181810f8b7e5877641102f7124142f8a69ea
Licorice_Fern,Licorice Fern,HOLD,FAIL,HOLD,True,Other plant or harvest type,PASS,POLISH,POLISH,POLISH,POLISH,POLISH,"No critical duplicate, clipping, or gross growth-family error found. Broad growth form is usable; species-level botanical specificity may still be simplified. Licorice Fern needs a species-specific growth-form check: roots/attachment, stem or trunk, leaf/frond arrangement, flower/fruit/spore organ and overall scale.",Licorice_Fern.png,440,440,RGBA,8fbb27785efa799fbeb27b782d119e19dc15f5b9293d52c318b9eacc2b22d230,e5fc07a144d3164d4fcd7d1cbb203cb046bc697129ed5350614db735598f3be6
Licorice_Root,Licorice Root,FAIL,FAIL,HOLD,True,Other plant or harvest type,PASS,POLISH,POLISH,POLISH,POLISH,POLISH,The image is a leaf ladder rather than the harvested root. Show a cluster of long tan branching roots or clearly separate the source plant from the harvest organ.,Licorice_Root.png,440,440,RGBA,c7b948bf1e927103302fce9bbf9c34144f62568e40507bb520606dd0406842bc,2b9f35ccd552be21674d2427f8af403769887385310772a97335e77e35285131
Lime,Lime,HOLD,FAIL,HOLD,True,4. Fruit and Nut Trees,PASS,POLISH,POLISH,POLISH,POLISH,POLISH,"No critical duplicate, clipping, or gross growth-family error found. Broad growth form is usable; species-level botanical specificity may still be simplified. The catalog overuses a round canopy on a straight trunk. Match the species’ trunk habit, branching architecture, crown shape, leaf masses, bark and fruit/flower attachment.",Lime.png,440,440,RGBA,826207318565bc45958a7d9c97d707700d1469cd871efc17aa8ce1438bd5a982,c84e37959bdadf6a04892cf9fc2feb5cafd725b65bd5d594fd3785931181f060
Lingonberry,Lingonberry,HOLD,FAIL,HOLD,True,Other plant or harvest type,PASS,POLISH,POLISH,POLISH,POLISH,POLISH,"No critical duplicate, clipping, or gross growth-family error found. Broad growth form is usable; species-level botanical specificity may still be simplified. Lingonberry needs a species-specific growth-form check: roots/attachment, stem or trunk, leaf/frond arrangement, flower/fruit/spore organ and overall scale.",Lingonberry.png,440,440,RGBA,31f4de8aaea2a19ca5cf36a267cb80a07bd7a10d514b9a991be20d4197773089,c5f72b88e86c789705dc50510cbf18dd7fd8a8cb6ea4c5280e74f04c759b9b2d
Lotus,Lotus,PASS,PASS,PASS,True,14. Aquatic and Wetland Plants,PASS,PASS,PASS,PASS,PASS,PASS,PASS — Leave alone. The source plant or harvest organ has an appropriate growth form and recognizable silhouette.,Lotus.png,440,440,RGBA,1bd5d667f93e7a7babf8ea51ba93804d183636803ada95cfa2a4e1293354d2b3,baac5b7fc010cbecd118109e380061da059fbf9e3c8529b9b218b3a7793d6a2b
Lotus_Root,Lotus Root,FAIL,FAIL,PASS,True,Other plant or harvest type,PASS,PASS,PASS,PASS,PASS,PASS,This duplicates the floating lotus presentation rather than the rhizome. Show the segmented pale underwater root with characteristic round holes in cross-section.,Lotus_Root.png,440,440,RGBA,5a6a96707a00e0436e1687173e3cd5b7dad230f52fed8ec7aee1d645438c82a8,8ccec2b414d400dbb078fea4a849fd2f45229820cbf0606ad2ca4279b74f7d23
Lychee,Lychee,HOLD,FAIL,HOLD,True,4. Fruit and Nut Trees,PASS,POLISH,POLISH,POLISH,POLISH,POLISH,"No critical duplicate, clipping, or gross growth-family error found. Broad growth form is usable; species-level botanical specificity may still be simplified. The catalog overuses a round canopy on a straight trunk. Match the species’ trunk habit, branching architecture, crown shape, leaf masses, bark and fruit/flower attachment.",Lychee.png,440,440,RGBA,1205ea437b254586cb56de7b4a35bec7bf16b6bdd54edb6d827aea4f5eaeb697,463b5230924ed66bb01386e9b68555f6632b91f8066e49572ae35c03f8c5ce4c
Maidenhair_Fern,Maidenhair Fern,HOLD,FAIL,HOLD,True,15. Ferns and Fern Allies,PASS,POLISH,POLISH,POLISH,POLISH,POLISH,"No critical duplicate, clipping, or gross growth-family error found. Broad growth form is usable; species-level botanical specificity may still be simplified. Use the correct frond or mat structure, branching/pinnae pattern, growth habit and attachment; avoid recoloring one fan-fern.",Maidenhair_Fern.png,440,440,RGBA,8f74c51a648c62b3760e08e865abe5035d5f091036061e3f9fce9786fc2d1c24,119e8a3d2ef319e69ca9638d5ccc333ab6fdbbc257cc907e85b984e44f736b18
Mango,Mango,HOLD,FAIL,HOLD,True,4. Fruit and Nut Trees,PASS,POLISH,POLISH,POLISH,POLISH,POLISH,"No critical duplicate, clipping, or gross growth-family error found. Broad growth form is usable; species-level botanical specificity may still be simplified. The catalog overuses a round canopy on a straight trunk. Match the species’ trunk habit, branching architecture, crown shape, leaf masses, bark and fruit/flower attachment.",Mango.png,440,440,RGBA,87999191b67afe5e41aad8d06c938332a33a5a3e9f4f054a2c894f85563e6531,1ca707a363e32aeb2798f0cbb7bd440400b11dc82f3fd857b7df41cc9cf76db2
Mangosteen,Mangosteen,HOLD,FAIL,HOLD,True,Other plant or harvest type,PASS,POLISH,POLISH,POLISH,POLISH,POLISH,"No critical duplicate, clipping, or gross growth-family error found. Broad growth form is usable; species-level botanical specificity may still be simplified. Mangosteen needs a species-specific growth-form check: roots/attachment, stem or trunk, leaf/frond arrangement, flower/fruit/spore organ and overall scale.",Mangosteen.png,440,440,RGBA,e322eacbc7c37ee50fb3e8b7bbbaf8600b36ac7829b09455f76e4a68b95b0c4f,65eb95376575c82a1c4abbdf349667592a379a3632805423dc7c813f435395d7
Mangrove_Leaves,Mangrove Leaves,FAIL,FAIL,HOLD,True,Other plant or harvest type,PASS,POLISH,POLISH,POLISH,POLISH,POLISH,A generic tree canopy does not communicate mangrove ecology. Show leathery leaves on a mangrove branch plus prop roots or pneumatophores and water/substrate context.,Mangrove_Leaves.png,440,440,RGBA,ed25c3daeabc8a25c10cd48ae3ff394fe9423e57939d001d1e4ca6a7fde9114c,41f7216f1f9ab4baaf1c5ee73a16a692a737d44defa7d4ec834d114147739f53
Maple_Sap,Maple Sap,HOLD,FAIL,HOLD,True,Other plant or harvest type,PASS,POLISH,POLISH,POLISH,POLISH,POLISH,"No critical duplicate, clipping, or gross growth-family error found. Broad growth form is usable; species-level botanical specificity may still be simplified. Maple Sap needs a species-specific growth-form check: roots/attachment, stem or trunk, leaf/frond arrangement, flower/fruit/spore organ and overall scale.",Maple_Sap.png,440,440,RGBA,24e02e13cd51271f12580fdcfb1dc69f49d3f1b9662a3e7cf6b24d1a7ad97d76,26f10ca82f66d8c7b88fd96c6563492fb4964e29ab17982843773fcc3179c99a
Marsh_Rosemary,Marsh Rosemary,HOLD,FAIL,HOLD,True,Other plant or harvest type,PASS,POLISH,POLISH,POLISH,POLISH,POLISH,"No critical duplicate, clipping, or gross growth-family error found. Broad growth form is usable; species-level botanical specificity may still be simplified. Marsh Rosemary needs a species-specific growth-form check: roots/attachment, stem or trunk, leaf/frond arrangement, flower/fruit/spore organ and overall scale.",Marsh_Rosemary.png,440,440,RGBA,1849c51298987e9d021fd344948425d4f078bace7ee88f196c46b75456070dd4,b310617e502e0f3707cc3d1302885093356d60418c6b5607ac0d4b1379a21cf0
Marula,Marula,HOLD,FAIL,HOLD,True,Other plant or harvest type,PASS,POLISH,POLISH,POLISH,POLISH,POLISH,"No critical duplicate, clipping, or gross growth-family error found. Broad growth form is usable; species-level botanical specificity may still be simplified. Marula needs a species-specific growth-form check: roots/attachment, stem or trunk, leaf/frond arrangement, flower/fruit/spore organ and overall scale.",Marula.png,440,440,RGBA,dd8f430384b7b34964047ed770448e0a81bcbdb0710d53462c2553f829fd5079,8161f71dd70a9e260b9db2b5dbda0a83a4361e3b66c41cfaac2d5e2b88c1a0ab
Meadow_Grass,Meadow Grass,HOLD,FAIL,HOLD,True,6. Grasses and Grass-Like Plants,PASS,POLISH,POLISH,POLISH,POLISH,POLISH,"No critical duplicate, clipping, or gross growth-family error found. Broad growth form is usable; species-level botanical specificity may still be simplified. Correct the culm, leaf arrangement and species-specific seed head/inflorescence; many grains currently share one generic spike or grass tuft.",Meadow_Grass.png,440,440,RGBA,b730c45d91a5d4cf65db3625f55e4461fe3dd1772f472603805e228775b7e033,d951f60e85bbd0c940011588bf2ca2f3ba5be1b5da80158a0204e06cc219c6f0
Melon,Melon,HOLD,FAIL,HOLD,True,Other plant or harvest type,PASS,POLISH,POLISH,POLISH,POLISH,POLISH,"No critical duplicate, clipping, or gross growth-family error found. Broad growth form is usable; species-level botanical specificity may still be simplified. Melon needs a species-specific growth-form check: roots/attachment, stem or trunk, leaf/frond arrangement, flower/fruit/spore organ and overall scale.",Melon.png,440,440,RGBA,3fa9158da56626b17fbaec757277e0fda07b05837aae87b6728b4028e2809e88,37286646cbf59a30aad574bf6c32a8a35f2872dc0f09a0f18ac98ab34c6a65ae
Mesquite,Mesquite,HOLD,FAIL,HOLD,True,5. Shrubs and Bushes,PASS,POLISH,POLISH,POLISH,POLISH,POLISH,"No critical duplicate, clipping, or gross growth-family error found. Broad growth form is usable; species-level botanical specificity may still be simplified. Mesquite needs a species-specific growth-form check: roots/attachment, stem or trunk, leaf/frond arrangement, flower/fruit/spore organ and overall scale.",Mesquite.png,440,440,RGBA,6ffe1cae2fa50e3d26ec360c2e8a0d77b1b123b66f77b4e660f6cf4e12b175e5,334ccf7c392ef3b46322064eb8c33a6a8311198bfc4607f1c4fdb33ab2390e1b
Milkweed,Milkweed,FAIL,FAIL,HOLD,True,Other plant or harvest type,PASS,POLISH,POLISH,POLISH,POLISH,POLISH,"The current simple leaf ladder lacks broad opposite leaves, round flower umbels and long seed pods.",Milkweed.png,440,440,RGBA,1eb0a620fd01ce625b653667b8f9248e28a724343ef174de33362b4042c36966,fbeff4eb32abf6ef9ec587bd941dcdd598af77d02ebf38dff0e5009b5c2a543c
Millet,Millet,HOLD,FAIL,HOLD,True,7. Grain and Staple Crops,PASS,POLISH,POLISH,POLISH,POLISH,POLISH,"Add dense clustered panicles. Correct the culm, leaf arrangement and species-specific seed head/inflorescence; many grains currently share one generic spike or grass tuft.",Millet.png,440,440,RGBA,9731564b44931eb87d6c0d8873d7af290df2832f682ea6f9958c6ef1c1b11e4c,61ec048d822bba35db86505782207846c5da2d40bff5c260034ab401ea12a0b9
Miner's_Lettuce,Miner's Lettuce,FAIL,FAIL,HOLD,True,Other plant or harvest type,PASS,POLISH,POLISH,POLISH,POLISH,POLISH,Use a low basal plant with round perfoliate leaves and tiny white flowers emerging from the leaf center; the current vertical bead column is incorrect.,Miner's_Lettuce.png,440,440,RGBA,632bc68d36b5d2ee09f8c0a0d91c4147deab24e47243143a684cd8a41e716660,c25b6e7200251ead98166379c32f4f19013f4b62e0b3fc39fd3d42452bd1590c
Mint,Mint,HOLD,FAIL,HOLD,True,9. Herbs and Spices,PASS,POLISH,POLISH,POLISH,POLISH,POLISH,"No critical duplicate, clipping, or gross growth-family error found. Broad growth form is usable; species-level botanical specificity may still be simplified. Match the named plant’s actual growth habit, leaf arrangement, flower/seed structure and scale; many currently use one vertical leaf-ladder or color-only herb template.",Mint.png,440,440,RGBA,602af941aaeaf88ff89c0030520e2af2ae8425ec1adce611fe375be67d2c7cc8,7492040d6594f154da654fa8e499a33a3129f432006a493ee832bdb20f294228
Monkshood,Monkshood,FAIL,FAIL,HOLD,True,Other plant or harvest type,PASS,POLISH,POLISH,POLISH,POLISH,POLISH,The current spiky column has no hooded flowers. Use deeply divided leaves and a tall raceme of helmet-shaped blue/purple blooms.,Monkshood.png,440,440,RGBA,3cca75c294aedaa86d1017758a2bd447ff92f617b8a2f81d3dbbe7ee4fca48c6,1c594414ae49459c45fef9a525354d6b3dd16e5579f0b6cc82c40aca7c36e54f
Mormon_Tea,Mormon Tea,HOLD,FAIL,HOLD,True,Other plant or harvest type,PASS,POLISH,POLISH,POLISH,POLISH,POLISH,"No critical duplicate, clipping, or gross growth-family error found. Broad growth form is usable; species-level botanical specificity may still be simplified. Mormon Tea needs a species-specific growth-form check: roots/attachment, stem or trunk, leaf/frond arrangement, flower/fruit/spore organ and overall scale.",Mormon_Tea.png,440,440,RGBA,c295be384f35ed4bd4d40bb9d205e93888fbfcca99d8c3d3b927dcadbe349674,b206b44906a58b95be3919ca32b46c62a75fe9d92315212ce167b89a07b60cdf
Mountain_Blueberry,Mountain Blueberry,HOLD,FAIL,HOLD,True,Other plant or harvest type,PASS,POLISH,POLISH,POLISH,POLISH,POLISH,"No critical duplicate, clipping, or gross growth-family error found. Broad growth form is usable; species-level botanical specificity may still be simplified. Mountain Blueberry needs a species-specific growth-form check: roots/attachment, stem or trunk, leaf/frond arrangement, flower/fruit/spore organ and overall scale.",Mountain_Blueberry.png,440,440,RGBA,59025cda65cb46812048388948cc53c9f709865632c620c61332323b89804fdf,95dc65d57142eafb3a645ea109c8ac5ab87449f36516402ed32c12a18826942f
Mountain_Cranberry,Mountain Cranberry,HOLD,FAIL,HOLD,True,Other plant or harvest type,PASS,POLISH,POLISH,POLISH,POLISH,POLISH,"No critical duplicate, clipping, or gross growth-family error found. Broad growth form is usable; species-level botanical specificity may still be simplified. Mountain Cranberry needs a species-specific growth-form check: roots/attachment, stem or trunk, leaf/frond arrangement, flower/fruit/spore organ and overall scale.",Mountain_Cranberry.png,440,440,RGBA,4278ee4e43116b9ad0bd2a35361c6ab746e41d11c62c99f4cccddc55e8fc743a,84b54d0f275b2708dd3437f00745229e166cd263276e2db890ec6285c1b3f088
Mountain_Mint,Mountain Mint,HOLD,FAIL,HOLD,True,Other plant or harvest type,PASS,POLISH,POLISH,POLISH,POLISH,POLISH,"No critical duplicate, clipping, or gross growth-family error found. Broad growth form is usable; species-level botanical specificity may still be simplified. Mountain Mint needs a species-specific growth-form check: roots/attachment, stem or trunk, leaf/frond arrangement, flower/fruit/spore organ and overall scale.",Mountain_Mint.png,440,440,RGBA,0fe71eae6229721fef262c649ad0521c12f75ed68de009e4b3860e65333611e0,89c2cba42d65afd7febbfabcf498210e706797509616299ff407485a4cb5848a
Mountain_Papaya,Mountain Papaya,HOLD,FAIL,HOLD,True,Other plant or harvest type,PASS,POLISH,POLISH,POLISH,POLISH,POLISH,"No critical duplicate, clipping, or gross growth-family error found. Broad growth form is usable; species-level botanical specificity may still be simplified. Mountain Papaya needs a species-specific growth-form check: roots/attachment, stem or trunk, leaf/frond arrangement, flower/fruit/spore organ and overall scale.",Mountain_Papaya.png,440,440,RGBA,6c6ed58120a98596dec0e584ac11199bd8ddef38851a0f97e727c45fba8ca41b,13a4108efa762ea1fb7862e7f49c6cbb5775142df70632962803048562f75bbb
Mountain_Sorrel,Mountain Sorrel,HOLD,FAIL,HOLD,True,Other plant or harvest type,PASS,POLISH,POLISH,POLISH,POLISH,POLISH,"No critical duplicate, clipping, or gross growth-family error found. Broad growth form is usable; species-level botanical specificity may still be simplified. Mountain Sorrel needs a species-specific growth-form check: roots/attachment, stem or trunk, leaf/frond arrangement, flower/fruit/spore organ and overall scale.",Mountain_Sorrel.png,440,440,RGBA,f56209f9561065b9ecb708ea426910301cafcfb287618a513af18800a8ef3309,7f6ecb7c6c7e5f432ffb3fbe5eb7e42ce55170152e322b66016bd4f5f4c0e8d5
Mountain_Thyme,Mountain Thyme,HOLD,FAIL,HOLD,True,Other plant or harvest type,PASS,POLISH,POLISH,POLISH,POLISH,POLISH,"No critical duplicate, clipping, or gross growth-family error found. Broad growth form is usable; species-level botanical specificity may still be simplified. Mountain Thyme needs a species-specific growth-form check: roots/attachment, stem or trunk, leaf/frond arrangement, flower/fruit/spore organ and overall scale.",Mountain_Thyme.png,440,440,RGBA,6c7aea486b9c219efbea081409c4765c7b0c9c5721e5c2aff94b84c8e728699c,ce2beda6e6b268ee3431d431097448536392ee42b7a87df10cce21ebebf1a1df
Mugwort,Mugwort,FAIL,FAIL,HOLD,True,Other plant or harvest type,PASS,POLISH,POLISH,POLISH,POLISH,POLISH,The current uniform column is incorrect. Use a branching herb with deeply lobed gray-green leaves and small flower clusters.,Mugwort.png,440,440,RGBA,214f316e4770a20d9a3877092ee0ba0978db74a0669d166a9f70c63d6a2421e1,beef9a3e182e7e6d4e529b7e053e56db17f571cbc0010eb2ceb9d0f691e23c21
Mulberry,Mulberry,HOLD,FAIL,HOLD,True,4. Fruit and Nut Trees,PASS,POLISH,POLISH,POLISH,POLISH,POLISH,"No critical duplicate, clipping, or gross growth-family error found. Broad growth form is usable; species-level botanical specificity may still be simplified. The catalog overuses a round canopy on a straight trunk. Match the species’ trunk habit, branching architecture, crown shape, leaf masses, bark and fruit/flower attachment.",Mulberry.png,440,440,RGBA,3b77a74207328179ff523bb6dfa11108d0e722f2681b1ad47b679d70cb9b203b,639240ab20cebe50737e62d4256954025175fe4c767d502b8dbc59727d199d2b
Mustard,Mustard,FAIL,FAIL,FAIL,True,9. Herbs and Spices,FAIL,PASS,FAIL,PASS,FAIL,FAIL,The current spiky column does not resemble mustard. Use a branching broadleaf herb with clusters of four-petaled yellow flowers and seed pods.,Mustard.png,440,440,RGBA,7956f8efb51db3fbe1491ee880a843442eec9352c581f58d5a347579d3e84da2,13a493a775cd3cdf29a901f97c7c79465e222a37c18da59251f3c9d850836e42
Neem,Neem,HOLD,FAIL,HOLD,True,Other plant or harvest type,PASS,POLISH,POLISH,POLISH,POLISH,POLISH,"No critical duplicate, clipping, or gross growth-family error found. Broad growth form is usable; species-level botanical specificity may still be simplified. Neem needs a species-specific growth-form check: roots/attachment, stem or trunk, leaf/frond arrangement, flower/fruit/spore organ and overall scale.",Neem.png,440,440,RGBA,b2091ef008b2dad6c87acee89c155b48e4bc6b31dd0a5034177535b6663f8fd3,601c0cd6fc6990eada1067da88d9cdfe0613a965b147b3e6c10ee312ca2108e5
Nettle,Nettle,HOLD,FAIL,HOLD,True,Other plant or harvest type,PASS,POLISH,POLISH,POLISH,POLISH,POLISH,"No critical duplicate, clipping, or gross growth-family error found. Broad growth form is usable; species-level botanical specificity may still be simplified. Nettle needs a species-specific growth-form check: roots/attachment, stem or trunk, leaf/frond arrangement, flower/fruit/spore organ and overall scale.",Nettle.png,440,440,RGBA,eed1a91e67a43bdfe924a0aaeee1afc0c686e5a9056c558bfe97010df3c89faf,73f50c0afd0e576113f11c7d2135adc541938760162e0ea4c6c2b86c83089759
Nipa_Palm_Fruit,Nipa Palm Fruit,HOLD,FAIL,HOLD,True,Other plant or harvest type,PASS,POLISH,POLISH,POLISH,POLISH,POLISH,"No critical duplicate, clipping, or gross growth-family error found. Broad growth form is usable; species-level botanical specificity may still be simplified. Nipa Palm Fruit needs a species-specific growth-form check: roots/attachment, stem or trunk, leaf/frond arrangement, flower/fruit/spore organ and overall scale.",Nipa_Palm_Fruit.png,440,440,RGBA,e5679163bd4ee092739072b531a840ae89b494dabec8102c2043f64ec06c2ba3,e2147654131ad8e1300e5e16fbe2c8e57b61ea504446b4d95959859fab452e88
Nutmeg,Nutmeg,HOLD,FAIL,HOLD,True,9. Herbs and Spices,PASS,POLISH,POLISH,POLISH,POLISH,POLISH,"No critical duplicate, clipping, or gross growth-family error found. Broad growth form is usable; species-level botanical specificity may still be simplified. Match the named plant’s actual growth habit, leaf arrangement, flower/seed structure and scale; many currently use one vertical leaf-ladder or color-only herb template.",Nutmeg.png,440,440,RGBA,851315738f3b5d389a73fdc0fa5d69528e840e1006d8dc0f8875d029d627541e,b6acfba044396337e74c4ee102844ae659c34f8bef0a942b96f90c4bb4068236
Oak,Oak,HOLD,FAIL,HOLD,True,Temperate broadleaf trees,PASS,POLISH,POLISH,POLISH,POLISH,POLISH,"No critical duplicate, clipping, or gross growth-family error found. Broad growth form is usable; species-level botanical specificity may still be simplified. The catalog overuses a round canopy on a straight trunk. Match the species’ trunk habit, branching architecture, crown shape, leaf masses, bark and fruit/flower attachment.",Oak.png,440,440,RGBA,4ca288ff20de7f361a7113b28d3d6c34f42c3b244e4d47741449b4fa26fe88ce,79f2695f5abaac53924e91042bc53ac1c380e37c6df2b9f9ea221a20f196513d
Oats,Oats,HOLD,FAIL,HOLD,True,7. Grain and Staple Crops,PASS,POLISH,POLISH,POLISH,POLISH,POLISH,"Add loose hanging panicles. Correct the culm, leaf arrangement and species-specific seed head/inflorescence; many grains currently share one generic spike or grass tuft.",Oats.png,440,440,RGBA,7b593ecf42847958811528f1a38045c5f22318c272f6fd60199aeec49aab747b,2b59819e950b27cc6ad6059cda930f3e2fe813b1d7528bd32fe74d5f9fc9a9e3
Oleander,Oleander,HOLD,FAIL,HOLD,True,5. Shrubs and Bushes,PASS,POLISH,POLISH,POLISH,POLISH,POLISH,"No critical duplicate, clipping, or gross growth-family error found. Broad growth form is usable; species-level botanical specificity may still be simplified. Oleander needs a species-specific growth-form check: roots/attachment, stem or trunk, leaf/frond arrangement, flower/fruit/spore organ and overall scale.",Oleander.png,440,440,RGBA,518af3453c83c7cf6ae9448987c625781ded3039d3bbbceb19b4882425c44c8d,5c0db3095d3fc1fe82224921bae2138d22b49dbefd5a6035b356c805c9947fe3
Olive,Olive,HOLD,FAIL,HOLD,True,4. Fruit and Nut Trees,PASS,POLISH,POLISH,POLISH,POLISH,POLISH,"No critical duplicate, clipping, or gross growth-family error found. Broad growth form is usable; species-level botanical specificity may still be simplified. The catalog overuses a round canopy on a straight trunk. Match the species’ trunk habit, branching architecture, crown shape, leaf masses, bark and fruit/flower attachment.",Olive.png,440,440,RGBA,56727bc6d590516b83b82dc7f6583a16bba7fbbd2c067d0c3969c3569fea074b,f5e44e0f87817947539e1eaff28867362cc8c8bbb379e1e3922b871e37c87884
Onion,Onion,HOLD,FAIL,HOLD,True,Bulb and stem vegetables,PASS,POLISH,POLISH,POLISH,POLISH,POLISH,"No critical duplicate, clipping, or gross growth-family error found. Broad growth form is usable; species-level botanical specificity may still be simplified. Show the source plant and the correct underground storage organ, leaf top and harvest relationship rather than an isolated generic bulb.",Onion.png,440,440,RGBA,980bc8aff19dc9c2c0138072bfef065267ddb2361570d87e955a33ed4fe06083,a51537ac05aaa66258fdf9272e6dd7bfd40b91bfdd643b9542bb676bb5171834
Orange,Orange,HOLD,FAIL,HOLD,True,4. Fruit and Nut Trees,PASS,POLISH,POLISH,POLISH,POLISH,POLISH,"No critical duplicate, clipping, or gross growth-family error found. Broad growth form is usable; species-level botanical specificity may still be simplified. The catalog overuses a round canopy on a straight trunk. Match the species’ trunk habit, branching architecture, crown shape, leaf masses, bark and fruit/flower attachment.",Orange.png,440,440,RGBA,0231ec415bb2b89dfc9daa3bb6efc88f1061c155fdbb4d5959a47b0fa4afbda3,63bc9b8a5ef4a5c6b7500861e80668d30db650203d8459d46c013f6bd891bb98
Orchid_Pods,Orchid Pods,FAIL,FAIL,HOLD,True,Other plant or harvest type,PASS,POLISH,POLISH,POLISH,POLISH,POLISH,The current leaf ladder lacks an orchid and pods. Show an orchid stem with flower remnants and elongated seed capsules.,Orchid_Pods.png,440,440,RGBA,cb8579afc037b64e97da1a3e605ca11bbbc4fe7cd6af455492c1b069602999df,3f11434d826aed7f6274c09692c63c29e3627044fff3bebc70bf14acea96bc3e
Oregano,Oregano,HOLD,FAIL,HOLD,True,9. Herbs and Spices,PASS,POLISH,POLISH,POLISH,POLISH,POLISH,"No critical duplicate, clipping, or gross growth-family error found. Broad growth form is usable; species-level botanical specificity may still be simplified. Match the named plant’s actual growth habit, leaf arrangement, flower/seed structure and scale; many currently use one vertical leaf-ladder or color-only herb template.",Oregano.png,440,440,RGBA,6a47be643bbb0deafb5bb159b38446bcaea0b1ee70c370a938a1d52c90b1cdfe,971379a2436a4c41ce78d955d68f77fb9274a03040aa0cd94cc980313291b0b4
Pampas_Herb,Pampas Herb,HOLD,FAIL,HOLD,True,Other plant or harvest type,PASS,POLISH,POLISH,POLISH,POLISH,POLISH,"No critical duplicate, clipping, or gross growth-family error found. Broad growth form is usable; species-level botanical specificity may still be simplified. Pampas Herb needs a species-specific growth-form check: roots/attachment, stem or trunk, leaf/frond arrangement, flower/fruit/spore organ and overall scale.",Pampas_Herb.png,440,440,RGBA,7f2090a94fb8e16823e88ac425cdb0eadbeedb50bf64b5dc6dd91c9140f2ea51,7c8632228d1363681a37ed6fc565a27a101676cab6252a0ea70c0ce32a0ad303
Pandanus_Fruit,Pandanus Fruit,HOLD,FAIL,HOLD,True,Other plant or harvest type,PASS,POLISH,POLISH,POLISH,POLISH,POLISH,"No critical duplicate, clipping, or gross growth-family error found. Broad growth form is usable; species-level botanical specificity may still be simplified. Pandanus Fruit needs a species-specific growth-form check: roots/attachment, stem or trunk, leaf/frond arrangement, flower/fruit/spore organ and overall scale.",Pandanus_Fruit.png,440,440,RGBA,b1603dcb775a08447f8eb7ade67353eca1b7335ceae03a194c9db3976eb49ae4,07d6ce45875a3c26ff6809a3f13e6414e5a0fcf15016e3814d600f0bb06ca560
Papaya,Papaya,HOLD,FAIL,HOLD,True,4. Fruit and Nut Trees,PASS,POLISH,POLISH,POLISH,POLISH,POLISH,"No critical duplicate, clipping, or gross growth-family error found. Broad growth form is usable; species-level botanical specificity may still be simplified. The catalog overuses a round canopy on a straight trunk. Match the species’ trunk habit, branching architecture, crown shape, leaf masses, bark and fruit/flower attachment.",Papaya.png,440,440,RGBA,da4a2efb6869dbef7c4af23ae64f88a4221603e37ca6527b78bf3e02cdbfd244,f663bbfd596009f4f07872bbd2d5fa79ab25135a01c21b703f602d6135554eb2
Papyrus,Papyrus,HOLD,FAIL,HOLD,True,14. Aquatic and Wetland Plants,PASS,POLISH,POLISH,POLISH,POLISH,POLISH,"No critical duplicate, clipping, or gross growth-family error found. Broad growth form is usable; species-level botanical specificity may still be simplified. Use the correct holdfast/rooting, blade/frond form, branching, air bladders and water-growth habit instead of a single generic ribbon or blob.",Papyrus.png,440,440,RGBA,eab8b2184c08ee79f15537a013d7a6fb67613bd8b443f7dca598ce33e5c427e7,d661a5f406875285b5d055e2a0c6811421cecdd484c589f9a3275748fd4ababd
Papyrus_Shoots,Papyrus Shoots,HOLD,FAIL,HOLD,True,Other plant or harvest type,PASS,POLISH,POLISH,POLISH,POLISH,POLISH,"No critical duplicate, clipping, or gross growth-family error found. Broad growth form is usable; species-level botanical specificity may still be simplified. Papyrus Shoots needs a species-specific growth-form check: roots/attachment, stem or trunk, leaf/frond arrangement, flower/fruit/spore organ and overall scale.",Papyrus_Shoots.png,440,440,RGBA,b5fe86c0940e825c0cff05901c172e60d7b48f20b0a111962ea2e75930c377cf,041785326652158b607e33ca8b25925d65644f17654f2fac902b60b05d2c4e6f
Passionflower,Passionflower,HOLD,FAIL,HOLD,True,11. Vines and Climbing Plants,PASS,POLISH,POLISH,POLISH,POLISH,POLISH,"No critical duplicate, clipping, or gross growth-family error found. Broad growth form is usable; species-level botanical specificity may still be simplified. Show the correct climbing/twining habit, support attachment, tendrils, leaf arrangement and attached flowers/fruit rather than floating clusters or an upright shrub.",Passionflower.png,440,440,RGBA,511f47ff0c8b39314960687258ed245b9e7601fc9a6c14f2b3c5576542d09b21,141ba5cf74fa1c0f7aa11744fa569cc785014c7ff980604bb7ae10e4051fbb6c
Passionfruit,Passionfruit,HOLD,FAIL,HOLD,True,Other plant or harvest type,PASS,POLISH,POLISH,POLISH,POLISH,POLISH,"No critical duplicate, clipping, or gross growth-family error found. Broad growth form is usable; species-level botanical specificity may still be simplified. Passionfruit needs a species-specific growth-form check: roots/attachment, stem or trunk, leaf/frond arrangement, flower/fruit/spore organ and overall scale.",Passionfruit.png,440,440,RGBA,b685cdd69437e13b9f533024ce45ded25d702d5d05c4c42a69e10d4a264b3ee5,d2912564af9f757108cc24f6090c66f070ad720010f15d3690e5bf3b05ba402e
Peach,Peach,HOLD,FAIL,HOLD,True,4. Fruit and Nut Trees,PASS,POLISH,POLISH,POLISH,POLISH,POLISH,"No critical duplicate, clipping, or gross growth-family error found. Broad growth form is usable; species-level botanical specificity may still be simplified. The catalog overuses a round canopy on a straight trunk. Match the species’ trunk habit, branching architecture, crown shape, leaf masses, bark and fruit/flower attachment.",Peach.png,440,440,RGBA,64abb7c67ca673740dd4a948723b3bf47fa3db909a7d77c90cefafcc3263f616,2defcc5ae6a9a7a0d2cb03d54f4711fb67ee074f63a382103d366cec2cf1ce34
Peanut,Peanut,FAIL,FAIL,FAIL,True,Legumes,FAIL,FAIL,PASS,FAIL,FAIL,FAIL,"The current vertical generic herb lacks the low branching habit, four leaflets, yellow flowers and underground pods.",Peanut.png,440,440,RGBA,9f33493eea1ea7e437a77e29ef1c5c6501f96a825f6ca1edac23875c5dd4b54a,1ecfc92a1896e902ddf099e6665381119212364f431618d507b27f2d526badff
Pear,Pear,HOLD,FAIL,HOLD,True,4. Fruit and Nut Trees,PASS,POLISH,POLISH,POLISH,POLISH,POLISH,"No critical duplicate, clipping, or gross growth-family error found. Broad growth form is usable; species-level botanical specificity may still be simplified. The catalog overuses a round canopy on a straight trunk. Match the species’ trunk habit, branching architecture, crown shape, leaf masses, bark and fruit/flower attachment.",Pear.png,440,440,RGBA,029ca16f259ed99c1beefd6f1c1c51f625fe4308e057084aaf96df874538d297,3ff5a84297001f9ad0d960437c7a241f7a96960552e8d7c5a3725660f78e0cfc
Persimmon,Persimmon,HOLD,FAIL,HOLD,True,4. Fruit and Nut Trees,PASS,POLISH,POLISH,POLISH,POLISH,POLISH,"No critical duplicate, clipping, or gross growth-family error found. Broad growth form is usable; species-level botanical specificity may still be simplified. The catalog overuses a round canopy on a straight trunk. Match the species’ trunk habit, branching architecture, crown shape, leaf masses, bark and fruit/flower attachment.",Persimmon.png,440,440,RGBA,2704241fac2686adba8188dae227e530729f5a3f0a65d57f950fdb7db6219097,d7c6b17188bda22674bf03c5817697b6316399a565e2a41f147604ade9be3c77
Pickerelweed,Pickerelweed,FAIL,FAIL,HOLD,True,Other plant or harvest type,PASS,POLISH,POLISH,POLISH,POLISH,POLISH,The current giant round leaves are wrong. Use upright lance/heart-shaped aquatic leaves and a dense purple flower spike above shallow water.,Pickerelweed.png,440,440,RGBA,b218d88ffd993a30864b5b4041aa6f560cd623d08555a9a0b27b00ea1d745f29,c337e61a5b2df67396cc1039dca78169351bc35cbdc89bf17b13a285648adf04
Pigeon_Pea,Pigeon Pea,HOLD,FAIL,HOLD,True,Other plant or harvest type,PASS,POLISH,POLISH,POLISH,POLISH,POLISH,"No critical duplicate, clipping, or gross growth-family error found. Broad growth form is usable; species-level botanical specificity may still be simplified. Pigeon Pea needs a species-specific growth-form check: roots/attachment, stem or trunk, leaf/frond arrangement, flower/fruit/spore organ and overall scale.",Pigeon_Pea.png,440,440,RGBA,3eb4ed65768a5a21f4faecdf76fa8cab8091d9c552f9b32c7cbf0c3e28ba122e,7ed0b545a2d0c6228b034863e0bd69877f3072ffa0cbccfbdf84cf4a94456107
Pine_Nuts,Pine Nuts,HOLD,FAIL,HOLD,True,Other plant or harvest type,PASS,POLISH,POLISH,POLISH,POLISH,POLISH,"The current generic tree does not show a pine cone or harvested seeds. Use a true conifer crown plus cones, or show the shelled nuts separately.",Pine_Nuts.png,440,440,RGBA,a85ef24082ad88493f1a02beebbedd153b971caaa3eff479a85cc226fcca1a56,3088ea976c2133a1cf94687729c4ef3f03cb091ea94260e0315be330ce6fc98b
Pineapple,Pineapple,PASS,PASS,PASS,False,Other plant or harvest type,PASS,PASS,PASS,PASS,PASS,PASS,"The basal spiny rosette, central pineapple fruit and leafy crown are now clearly recognizable.",Pineapple.png,440,440,RGBA,9b88274f7391ea6d613c4e49bfef31084b01cc53dce20e44cc309630c79ca970,9b88274f7391ea6d613c4e49bfef31084b01cc53dce20e44cc309630c79ca970
Pinyon_Pine,Pinyon Pine,FAIL,FAIL,HOLD,True,Other plant or harvest type,PASS,POLISH,POLISH,POLISH,POLISH,POLISH,The round deciduous canopy is not a pinyon pine. Use a compact irregular conifer crown with needle bundles and visible cones.,Pinyon_Pine.png,440,440,RGBA,70eafb6d42f43c4b1f5884a28df75305d4463c5b551659d22c7a9e8162363103,e930c6b11e66760f590344833711a9c02ab8900e1780ff294d457e35bfba4277
Pitcher_Plant,Pitcher Plant,HOLD,FAIL,HOLD,True,13. Carnivorous Plants,PASS,POLISH,POLISH,POLISH,POLISH,POLISH,"No critical duplicate, clipping, or gross growth-family error found. Broad growth form is usable; species-level botanical specificity may still be simplified. Pitcher Plant needs a species-specific growth-form check: roots/attachment, stem or trunk, leaf/frond arrangement, flower/fruit/spore organ and overall scale.",Pitcher_Plant.png,440,440,RGBA,5e11b805f64a11068098b265fb11f262086005df4669a8d83aac9e3b32536342,89dfeeec863a07c809e41770222b71a594f460b53d1fa0b30c4a5ed6ed3ab305
Plantain,Plantain,HOLD,FAIL,HOLD,True,4. Fruit and Nut Trees,PASS,POLISH,POLISH,POLISH,POLISH,POLISH,"The fan/palm form suggests a banana relative, but use a giant herb pseudostem, broad torn leaves and a hanging plantain bunch rather than a woody trunk.",Plantain.png,440,440,RGBA,ee99dee7716ad71ad8643caa29b7ac0c911729a03da78e1aa2c539db7f5bf761,22fb6e2cdf62beff501ce75f353f61458f3f44198b0d788f68f483d509243736
Plantain_Herb,Plantain Herb,HOLD,FAIL,HOLD,True,Other plant or harvest type,PASS,POLISH,POLISH,POLISH,POLISH,POLISH,"No critical duplicate, clipping, or gross growth-family error found. Broad growth form is usable; species-level botanical specificity may still be simplified. Plantain Herb needs a species-specific growth-form check: roots/attachment, stem or trunk, leaf/frond arrangement, flower/fruit/spore organ and overall scale.",Plantain_Herb.png,440,440,RGBA,6175494724a38d4cdbfe4fa8eea3da10c0127ad973d7b04500fdb86035866ab3,2fa1e680f17d8ad7b6c148caa4863c874452e8af35967d4fede4a6f7848393bd
Plum,Plum,HOLD,FAIL,HOLD,True,4. Fruit and Nut Trees,PASS,POLISH,POLISH,POLISH,POLISH,POLISH,"No critical duplicate, clipping, or gross growth-family error found. Broad growth form is usable; species-level botanical specificity may still be simplified. The catalog overuses a round canopy on a straight trunk. Match the species’ trunk habit, branching architecture, crown shape, leaf masses, bark and fruit/flower attachment.",Plum.png,440,440,RGBA,cd2827853e50d650ef9fcb681d26b7bff62468e954f79f3c202a8b039a94889a,ad53a65580b13ef62bc4e79f5647cddc4abbe752794f7496c6b1430d556cb285
Pomegranate,Pomegranate,HOLD,FAIL,HOLD,True,4. Fruit and Nut Trees,PASS,POLISH,POLISH,POLISH,POLISH,POLISH,"No critical duplicate, clipping, or gross growth-family error found. Broad growth form is usable; species-level botanical specificity may still be simplified. The catalog overuses a round canopy on a straight trunk. Match the species’ trunk habit, branching architecture, crown shape, leaf masses, bark and fruit/flower attachment.",Pomegranate.png,440,440,RGBA,ce03145123f41b1b844ec5e7b53ee0790e1d583e937ba4033a31b8e2b90ec95a,a306c09ed77c5ea9ca237523b1379ed0a7eee0525be5612c80a2316e5954699d
Poppy,Poppy,FAIL,FAIL,HOLD,True,10. Flowering Herbs and Wildflowers,PASS,POLISH,POLISH,POLISH,POLISH,POLISH,"The current leaf ladder with a tiny top is not a poppy. Use lobed foliage, a large four-petaled flower and/or a round seed capsule.",Poppy.png,440,440,RGBA,3bedc10d88d361c20a8bb30b4b30bee521dbbcdaa6bf792cedd39ab412506760,92cc1518993b9ef35b1abcce65ec02f753b961745f4e5e8acaad7b6af6c1a3c4
Potato,Potato,FAIL,FAIL,HOLD,True,7. Grain and Staple Crops,PASS,POLISH,POLISH,POLISH,POLISH,POLISH,The current vertical herb gives no potato identity. Use a branching broadleaf plant with white/purple flowers and visible underground tubers or a separated harvest organ.,Potato.png,440,440,RGBA,3e02387dbf0b6ee9d6f81a3021328cba3a5fe3557a6b67353a2d86c3e4e6f707,0aad0fc5fe41ccabec415faee279f1dfe07bd9c245cef0d74c49690d15100710
Prairie_Turnip,Prairie Turnip,HOLD,FAIL,HOLD,True,Other plant or harvest type,PASS,POLISH,POLISH,POLISH,POLISH,POLISH,"No critical duplicate, clipping, or gross growth-family error found. Broad growth form is usable; species-level botanical specificity may still be simplified. Prairie Turnip needs a species-specific growth-form check: roots/attachment, stem or trunk, leaf/frond arrangement, flower/fruit/spore organ and overall scale.",Prairie_Turnip.png,440,440,RGBA,9b546ed5466e05ddd678a23454dc0c46bef38e17632a36bbdbbe3a256d19127a,4d23b4b3144bf207f5bc55f23f5597317238a894c50f393504a4653197f4e4fe
Prickly_Pear,Prickly Pear,FAIL,FAIL,HOLD,True,12. Succulents and Desert Plants,PASS,POLISH,POLISH,POLISH,POLISH,POLISH,The current soft leaf rosette is not a cactus. Use jointed flattened pads with areoles/spines and attached fruit.,Prickly_Pear.png,440,440,RGBA,f0a405dc5a950e77f771aecab73c88e9a3d91b4bcbc339674fbfff2309baa2cb,8762537a36164147c61fdf3da39f24a1645b888ff569765bc1a57e05a789ee0c
Purple_Saxifrage,Purple Saxifrage,HOLD,FAIL,HOLD,True,Other plant or harvest type,PASS,POLISH,POLISH,POLISH,POLISH,POLISH,"No critical duplicate, clipping, or gross growth-family error found. Broad growth form is usable; species-level botanical specificity may still be simplified. Purple Saxifrage needs a species-specific growth-form check: roots/attachment, stem or trunk, leaf/frond arrangement, flower/fruit/spore organ and overall scale.",Purple_Saxifrage.png,440,440,RGBA,d3dcc5d4292689dff52fc3bf4fdac448f56edc45d995eb0f9c29d50a7d58a834,e9b60b9139310853245978caaefc8b10e34694f4c2d48f5d0742981b9e96efc1
Quinoa,Quinoa,FAIL,FAIL,HOLD,True,7. Grain and Staple Crops,PASS,POLISH,POLISH,POLISH,POLISH,POLISH,The current compact spiky column does not show quinoa’s branching broad panicle and broad leaves.,Quinoa.png,440,440,RGBA,440a596111acad586931599c5c1930d740e95bec62012ec6deef246c8c8e4b0b,a11714e5b5a8b512983013c23e69c7845fe2143eac6ab36b2b4895a8b19f88e9
Rabbitbrush,Rabbitbrush,HOLD,FAIL,HOLD,True,Other plant or harvest type,PASS,POLISH,POLISH,POLISH,POLISH,POLISH,"No critical duplicate, clipping, or gross growth-family error found. Broad growth form is usable; species-level botanical specificity may still be simplified. Rabbitbrush needs a species-specific growth-form check: roots/attachment, stem or trunk, leaf/frond arrangement, flower/fruit/spore organ and overall scale.",Rabbitbrush.png,440,440,RGBA,a9bc50146a22065723dd8698333db21cdcd82a8519162b2f6c19cb2285e5cde2,1967da013e045be24bb14a0f60327f35644a37f5e5897f0726c0b9ffe83b5fa0
Rafflesia,Rafflesia,PASS,PASS,PASS,False,17. Parasitic and Unusual Plants,PASS,PASS,PASS,PASS,PASS,PASS,The current ground-level five-lobed fleshy bloom with spotted petals and central opening is recognizable.,Rafflesia.png,440,440,RGBA,eff3eba959e4d1dad44618933d8284d48e31adcf08bf959c0f409100c5b78981,eff3eba959e4d1dad44618933d8284d48e31adcf08bf959c0f409100c5b78981
Rainforest_Nettle,Rainforest Nettle,HOLD,FAIL,HOLD,True,Other plant or harvest type,PASS,POLISH,POLISH,POLISH,POLISH,POLISH,"No critical duplicate, clipping, or gross growth-family error found. Broad growth form is usable; species-level botanical specificity may still be simplified. Rainforest Nettle needs a species-specific growth-form check: roots/attachment, stem or trunk, leaf/frond arrangement, flower/fruit/spore organ and overall scale.",Rainforest_Nettle.png,440,440,RGBA,5bbc3cdae299cac1ac76c59c6569d0c1b93a583b5edc61b756eb2cff0d62636a,085a38166e2077d302a620e2861b996714ceb82e0a0aeff69d7945cfe6261cde
Rambutan,Rambutan,HOLD,FAIL,HOLD,True,4. Fruit and Nut Trees,PASS,POLISH,POLISH,POLISH,POLISH,POLISH,"No critical duplicate, clipping, or gross growth-family error found. Broad growth form is usable; species-level botanical specificity may still be simplified. The catalog overuses a round canopy on a straight trunk. Match the species’ trunk habit, branching architecture, crown shape, leaf masses, bark and fruit/flower attachment.",Rambutan.png,440,440,RGBA,6a5758601bd4ea57c138b4a5fa0f39f326a7e1d331290ac4bb70c3548fdab889,f1096a2c65aa8c7830a48f023cb046d4e6e6040ac4ef2c9b1b271e340bbb6588
Raspberry,Raspberry,HOLD,FAIL,HOLD,True,5. Shrubs and Bushes,PASS,POLISH,POLISH,POLISH,POLISH,POLISH,"No critical duplicate, clipping, or gross growth-family error found. Broad growth form is usable; species-level botanical specificity may still be simplified. Raspberry needs a species-specific growth-form check: roots/attachment, stem or trunk, leaf/frond arrangement, flower/fruit/spore organ and overall scale.",Raspberry.png,440,440,RGBA,1b81b7a035779b5c534aad282b1cccd65048ad52516a7deaef0c55bbeae41f97,7dd19f47e0a2d4c01aa976b14fad86a55d36016c0c5a10755ce1c6f0b2e41301
Rattan,Rattan,HOLD,FAIL,HOLD,True,11. Vines and Climbing Plants,PASS,POLISH,POLISH,POLISH,POLISH,POLISH,"No critical duplicate, clipping, or gross growth-family error found. Broad growth form is usable; species-level botanical specificity may still be simplified. Show the correct climbing/twining habit, support attachment, tendrils, leaf arrangement and attached flowers/fruit rather than floating clusters or an upright shrub.",Rattan.png,440,440,RGBA,2f034cb73e43e45fe6906d9dcf326b7e82e9fd18194247813b8a9840e2b81b18,95b5163e5659718f2f8a0501b86326009a4b24eebf0f5b79f5cd86f84a332574
Red_Algae,Red Algae,HOLD,FAIL,HOLD,True,Algae,PASS,POLISH,POLISH,POLISH,POLISH,POLISH,"No critical duplicate, clipping, or gross growth-family error found. Broad growth form is usable; species-level botanical specificity may still be simplified. Use the correct holdfast/rooting, blade/frond form, branching, air bladders and water-growth habit instead of a single generic ribbon or blob.",Red_Algae.png,440,440,RGBA,d41118fd37a49f351359ef061810aeb71924faa9d6809b65629c8267b3900779,0fb87143643f01998e19802e42de18d494a45372760cc2022303dede89a3418e
Red_Grape,Red Grape,HOLD,FAIL,HOLD,True,Other plant or harvest type,PASS,POLISH,POLISH,POLISH,POLISH,POLISH,"No critical duplicate, clipping, or gross growth-family error found. Broad growth form is usable; species-level botanical specificity may still be simplified. Red Grape needs a species-specific growth-form check: roots/attachment, stem or trunk, leaf/frond arrangement, flower/fruit/spore organ and overall scale.",Red_Grape.png,440,440,RGBA,2624254d773764a8bcfdaf011fdd868c49466684b6037e59e49d01ec1b79261a,95ccdae0478ffaffbee25aae4f6a9ec8168850d61366413928d69c4780a2e1d9
Redwood,Redwood,FAIL,FAIL,HOLD,True,2. Conifers and Other Seed Plants,PASS,POLISH,POLISH,POLISH,POLISH,POLISH,"The round generic tree is not a redwood. Use a very tall straight trunk, narrow conical evergreen crown and strong scale/height emphasis.",Redwood.png,440,440,RGBA,2588cb96aa76ce91ada46b852e536f5936ea4328377c8b3459ef0865ead03aa1,bd0e9393f5b62db8b4c8b1028c611f46464c02a902134c7113f88b8f917d7916
Rhubarb,Rhubarb,PASS,PASS,HOLD,True,Other plant or harvest type,PASS,PASS,PASS,PASS,PASS,PASS,The basal cluster of large leaves on thick red petioles now reads clearly as rhubarb.,Rhubarb.png,440,440,RGBA,1806ea9b4c66b8483b65da7ba940401372955f7f99862eb9269e924834ae8e69,56d9456a200f917ce238cd29042be9bf367258a16d435c147faebec51370d1c9
Rice,Rice,HOLD,FAIL,HOLD,True,7. Grain and Staple Crops,PASS,POLISH,POLISH,POLISH,POLISH,POLISH,"Add drooping branched panicles and wetland/rice-stalk identity. Correct the culm, leaf arrangement and species-specific seed head/inflorescence; many grains currently share one generic spike or grass tuft.",Rice.png,440,440,RGBA,5e0fd48281c8cf9dcafa11e80b723ee5b41f175a1245e7506e05e7c2a1ac2583,9461f64d92138bb105534da1ffb049741e3fa3526228a01d88f432774e475e4e
Riverbank_Nettle,Riverbank Nettle,HOLD,FAIL,HOLD,True,Other plant or harvest type,PASS,POLISH,POLISH,POLISH,POLISH,POLISH,"No critical duplicate, clipping, or gross growth-family error found. Broad growth form is usable; species-level botanical specificity may still be simplified. Riverbank Nettle needs a species-specific growth-form check: roots/attachment, stem or trunk, leaf/frond arrangement, flower/fruit/spore organ and overall scale.",Riverbank_Nettle.png,440,440,RGBA,8ddb47de0c6ec3d18c0ba052a7fadd2b4ea93997f038035a38f6443f847fcaf7,5c439d893063fc9ef4898b8efe493a78f6a115b599ee9e42f35c9abc66a7f078
Rose_Hip,Rose Hip,HOLD,FAIL,HOLD,True,Other plant or harvest type,PASS,POLISH,POLISH,POLISH,POLISH,POLISH,"No critical duplicate, clipping, or gross growth-family error found. Broad growth form is usable; species-level botanical specificity may still be simplified. Rose Hip needs a species-specific growth-form check: roots/attachment, stem or trunk, leaf/frond arrangement, flower/fruit/spore organ and overall scale.",Rose_Hip.png,440,440,RGBA,5636ca27432c4809607f5256f0795b3a2a551230c9360f58f84d2cf7592cc8a2,3b63c0ee3edb67c65b59ee8db2b2c4431dde1632caa5f0816f39c9b8c826a6c1
Roselle,Roselle,HOLD,FAIL,HOLD,True,Other plant or harvest type,PASS,POLISH,POLISH,POLISH,POLISH,POLISH,"No critical duplicate, clipping, or gross growth-family error found. Broad growth form is usable; species-level botanical specificity may still be simplified. Roselle needs a species-specific growth-form check: roots/attachment, stem or trunk, leaf/frond arrangement, flower/fruit/spore organ and overall scale.",Roselle.png,440,440,RGBA,da1bbfbfe635f18ddac0dc261c5a4bf6c75b9ef4618fe456bef6453909797165,a0974f7d5cbba70b296085b85825ebba9177aa75ca40e73b8b190c119ef87e2e
Rosemary,Rosemary,HOLD,FAIL,HOLD,True,9. Herbs and Spices,PASS,POLISH,POLISH,POLISH,POLISH,POLISH,"No critical duplicate, clipping, or gross growth-family error found. Broad growth form is usable; species-level botanical specificity may still be simplified. Match the named plant’s actual growth habit, leaf arrangement, flower/seed structure and scale; many currently use one vertical leaf-ladder or color-only herb template.",Rosemary.png,440,440,RGBA,49eff61e74c80c499dd99f7bc792727c8c4a9cd5b61f9b400d961e4437c9693f,2551c7f26d69c20017fa90feb2a3cd83634c3c9a48c928ea2e7f8b47ff264ae6
Rush_Shoots,Rush Shoots,HOLD,FAIL,HOLD,True,Other plant or harvest type,PASS,POLISH,POLISH,POLISH,POLISH,POLISH,"No critical duplicate, clipping, or gross growth-family error found. Broad growth form is usable; species-level botanical specificity may still be simplified. Rush Shoots needs a species-specific growth-form check: roots/attachment, stem or trunk, leaf/frond arrangement, flower/fruit/spore organ and overall scale.",Rush_Shoots.png,440,440,RGBA,1b7e0a99fdaa83f255ffde21b65e0060cf2cb437369392c2d9c6357d73b3d374,bc33ab611d547531a6896bc32fc993863231ef442c41ebe264f4b0d7cc3286ba
Rye,Rye,HOLD,FAIL,HOLD,True,7. Grain and Staple Crops,PASS,POLISH,POLISH,POLISH,POLISH,POLISH,"Add a slender elongated spike. Correct the culm, leaf arrangement and species-specific seed head/inflorescence; many grains currently share one generic spike or grass tuft.",Rye.png,440,440,RGBA,3996203c2ee665bf3b9f9796e4c7e8b32c33176d6690d2155ebb3bacff4bfe7a,78d2f6e0a9bf5baed8b0d4ec632f1270bc42c8328fbea1c658639f8b1fce2825
Sage,Sage,HOLD,FAIL,HOLD,True,9. Herbs and Spices,PASS,POLISH,POLISH,POLISH,POLISH,POLISH,"No critical duplicate, clipping, or gross growth-family error found. Broad growth form is usable; species-level botanical specificity may still be simplified. Match the named plant’s actual growth habit, leaf arrangement, flower/seed structure and scale; many currently use one vertical leaf-ladder or color-only herb template.",Sage.png,440,440,RGBA,8323475658ed8e0dcb45d8ae8024b3f5fd02d608471b149e4ed2600c156be0ce,b5f423b022062dbc2de8d89c2091ecfa0e90e562ac6ac75dfded02cc6514c21c
Sagebrush,Sagebrush,HOLD,FAIL,HOLD,True,5. Shrubs and Bushes,PASS,POLISH,POLISH,POLISH,POLISH,POLISH,"No critical duplicate, clipping, or gross growth-family error found. Broad growth form is usable; species-level botanical specificity may still be simplified. Sagebrush needs a species-specific growth-form check: roots/attachment, stem or trunk, leaf/frond arrangement, flower/fruit/spore organ and overall scale.",Sagebrush.png,440,440,RGBA,85c1974ca9b0e22b52e4d901549d7154993d1395b4a88ff11baa79844cca54ce,6ea16d380a80d4126c9affb07d5712d6a87d5934189916e237269a58c1ce0caa
Salmonberry,Salmonberry,HOLD,FAIL,HOLD,False,Other plant or harvest type,PASS,POLISH,POLISH,POLISH,POLISH,POLISH,"No critical duplicate, clipping, or gross growth-family error found. Broad growth form is usable; species-level botanical specificity may still be simplified. Salmonberry needs a species-specific growth-form check: roots/attachment, stem or trunk, leaf/frond arrangement, flower/fruit/spore organ and overall scale.",Salmonberry.png,440,440,RGBA,9dee4f7a87ac64a91edaf6dcefc29ce494eac400ca6c2a83722d84e3c88f26da,9dee4f7a87ac64a91edaf6dcefc29ce494eac400ca6c2a83722d84e3c88f26da
Saltbush,Saltbush,HOLD,FAIL,HOLD,True,5. Shrubs and Bushes,PASS,POLISH,POLISH,POLISH,POLISH,POLISH,"No critical duplicate, clipping, or gross growth-family error found. Broad growth form is usable; species-level botanical specificity may still be simplified. Saltbush needs a species-specific growth-form check: roots/attachment, stem or trunk, leaf/frond arrangement, flower/fruit/spore organ and overall scale.",Saltbush.png,440,440,RGBA,6e178423ab7ea6d3b9d2d7f2091484928f83db36389c06d2e82274dd0f9ac191,b81407ca4c3a9e2d8500c2afe4c617c0001903d89615089c151341534ecf0ef0
Saltgrass,Saltgrass,HOLD,FAIL,HOLD,True,Other plant or harvest type,PASS,POLISH,POLISH,POLISH,POLISH,POLISH,"No critical duplicate, clipping, or gross growth-family error found. Broad growth form is usable; species-level botanical specificity may still be simplified. Saltgrass needs a species-specific growth-form check: roots/attachment, stem or trunk, leaf/frond arrangement, flower/fruit/spore organ and overall scale.",Saltgrass.png,440,440,RGBA,c61613d9e01e324e23e49073b43dbeae788991defc00b66e7469656786741bfa,31eeb349b31a8ddb72f1441cb31700910703d3e3e281a1b4b2430531bd1bdb5f
Samphire,Samphire,HOLD,FAIL,HOLD,True,Other plant or harvest type,PASS,POLISH,POLISH,POLISH,POLISH,POLISH,"No critical duplicate, clipping, or gross growth-family error found. Broad growth form is usable; species-level botanical specificity may still be simplified. Samphire needs a species-specific growth-form check: roots/attachment, stem or trunk, leaf/frond arrangement, flower/fruit/spore organ and overall scale.",Samphire.png,440,440,RGBA,67d2daf536621bf301b2e3fff0cf0c5ecfc73e584300eb8d4196155137751817,07f5b8dbd16e706228d5c9cca64354839e6ca3a8ee9929797bfe93e739fe8386
Sargassum,Sargassum,FAIL,FAIL,FAIL,True,Algae,FAIL,PASS,PASS,FAIL,PASS,FAIL,The straight brown straps lack the branched bushy fronds and numerous round gas bladders that define sargassum.,Sargassum.png,440,440,RGBA,12acda97f36410345847d0413d3a8472e9964e6b398a17426512d6bb6b81d38e,ba533bd2058e48a76a2c80f05d3eb65b538aeccd7276f127de7a2ea47efe0cf3
Scurvy_Grass,Scurvy Grass,HOLD,FAIL,HOLD,True,Other plant or harvest type,PASS,POLISH,POLISH,POLISH,POLISH,POLISH,"No critical duplicate, clipping, or gross growth-family error found. Broad growth form is usable; species-level botanical specificity may still be simplified. Scurvy Grass needs a species-specific growth-form check: roots/attachment, stem or trunk, leaf/frond arrangement, flower/fruit/spore organ and overall scale.",Scurvy_Grass.png,440,440,RGBA,ff8b6dea34b8732750437a37e724f0a1a16f99666a8663325886fcb25a53f9ac,2009ec97827702c3e228cd22b026ae1eb9b9030c7971717558780c99533128bf
Sea_Beet,Sea Beet,HOLD,FAIL,HOLD,True,Other plant or harvest type,PASS,POLISH,POLISH,POLISH,POLISH,POLISH,"No critical duplicate, clipping, or gross growth-family error found. Broad growth form is usable; species-level botanical specificity may still be simplified. Sea Beet needs a species-specific growth-form check: roots/attachment, stem or trunk, leaf/frond arrangement, flower/fruit/spore organ and overall scale.",Sea_Beet.png,440,440,RGBA,4e17da8a7afd04ec82bc77e66dbb9a61a3c0f56663b8f9ceaa5a85bff2f00734,ad565b1866fd52e9ddc8342bd19ca73d74ebb76baff04e0bc19bab9119f8d19b
Sea_Buckthorn,Sea Buckthorn,HOLD,FAIL,HOLD,True,Other plant or harvest type,PASS,POLISH,POLISH,POLISH,POLISH,POLISH,"No critical duplicate, clipping, or gross growth-family error found. Broad growth form is usable; species-level botanical specificity may still be simplified. Sea Buckthorn needs a species-specific growth-form check: roots/attachment, stem or trunk, leaf/frond arrangement, flower/fruit/spore organ and overall scale.",Sea_Buckthorn.png,440,440,RGBA,fa472591a53fd4d4d51c41f430ff0cb53fc949751f4db876dfb8cd660256b357,495113eaa700eea1e58f3e633b5267126206152915128611a9c0a75fc935e4e2
Sea_Fennel,Sea Fennel,HOLD,FAIL,HOLD,True,Other plant or harvest type,PASS,POLISH,POLISH,POLISH,POLISH,POLISH,"No critical duplicate, clipping, or gross growth-family error found. Broad growth form is usable; species-level botanical specificity may still be simplified. Sea Fennel needs a species-specific growth-form check: roots/attachment, stem or trunk, leaf/frond arrangement, flower/fruit/spore organ and overall scale.",Sea_Fennel.png,440,440,RGBA,16821047def9f7d21ba32c5884363ad87d51fe2f91cd73065fd51c3ab961cde7,85fbb9d90d7be7d92321751e47d019d2f37bfdc2f284d60d6112f7b15e1da076
Sea_Grape,Sea Grape,HOLD,FAIL,HOLD,True,Coastal trees,PASS,POLISH,POLISH,POLISH,POLISH,POLISH,"No critical duplicate, clipping, or gross growth-family error found. Broad growth form is usable; species-level botanical specificity may still be simplified. The catalog overuses a round canopy on a straight trunk. Match the species’ trunk habit, branching architecture, crown shape, leaf masses, bark and fruit/flower attachment.",Sea_Grape.png,440,440,RGBA,88447a8d4d1342a6cbcbd19da3ee30308be990341796b125bcd1fedccf306427,9917ceff66ad40deaac155653ffb9aa3ea0d92245a8a43c0895f2824069f5c7a
Sea_Grapes_Algae,Sea Grapes Algae,HOLD,FAIL,HOLD,True,Other plant or harvest type,PASS,POLISH,POLISH,POLISH,POLISH,POLISH,"No critical duplicate, clipping, or gross growth-family error found. Broad growth form is usable; species-level botanical specificity may still be simplified. Sea Grapes Algae needs a species-specific growth-form check: roots/attachment, stem or trunk, leaf/frond arrangement, flower/fruit/spore organ and overall scale.",Sea_Grapes_Algae.png,440,440,RGBA,1470e296a104f8e9814e0fd4da3b3f442999287682afd7f09dab2cc8c1ad1f14,5d3a519fb004112cac02e77278e3a2a2f43810873ddbb74dc774b939c3dcf05d
Sea_Kale,Sea Kale,HOLD,FAIL,HOLD,True,Other plant or harvest type,PASS,POLISH,POLISH,POLISH,POLISH,POLISH,"No critical duplicate, clipping, or gross growth-family error found. Broad growth form is usable; species-level botanical specificity may still be simplified. Sea Kale needs a species-specific growth-form check: roots/attachment, stem or trunk, leaf/frond arrangement, flower/fruit/spore organ and overall scale.",Sea_Kale.png,440,440,RGBA,c9d5be48ee8c85f49ab2ffc06d1198db773b2a2a6946a245b8af71afb365e993,4707fe99c162ddd07c494545a001d104ea56a1ba784512a5dea2426b622aa88d
Sea_Lavender,Sea Lavender,HOLD,FAIL,HOLD,True,Other plant or harvest type,PASS,POLISH,POLISH,POLISH,POLISH,POLISH,"No critical duplicate, clipping, or gross growth-family error found. Broad growth form is usable; species-level botanical specificity may still be simplified. Sea Lavender needs a species-specific growth-form check: roots/attachment, stem or trunk, leaf/frond arrangement, flower/fruit/spore organ and overall scale.",Sea_Lavender.png,440,440,RGBA,cac68210f59e5548a7af13df38617f36ee9af87d62166e56523953984b27828a,b13b20007dbef95d881649df3df4033cdea2538402286b9c30253b4f5f8c119f
Sea_Lettuce,Sea Lettuce,PASS,PASS,PASS,True,Other plant or harvest type,PASS,PASS,PASS,PASS,PASS,PASS,The broad thin green sheet-like blade now reads correctly as sea lettuce.,Sea_Lettuce.png,440,440,RGBA,57e9fca206a641afbfb44d0b9d3df7bb548797ec345ff0f070847fa58fe6df4d,3dfa47f8322b5947bc927421b7c543bfd216cdd12150fe933c637a51db6268c1
Sea_Purslane,Sea Purslane,HOLD,FAIL,HOLD,True,Other plant or harvest type,PASS,POLISH,POLISH,POLISH,POLISH,POLISH,"No critical duplicate, clipping, or gross growth-family error found. Broad growth form is usable; species-level botanical specificity may still be simplified. Sea Purslane needs a species-specific growth-form check: roots/attachment, stem or trunk, leaf/frond arrangement, flower/fruit/spore organ and overall scale.",Sea_Purslane.png,440,440,RGBA,53c80c95ae1494364225be60adf3d02ebcf5f1c15ff329883a18048ee56cadd5,a9a31a2fde3ee1e17a4c5fa3e79c631ed9d95eb6d63a60f0b462395127c090c0
Sea_Rocket,Sea Rocket,HOLD,FAIL,HOLD,True,Other plant or harvest type,PASS,POLISH,POLISH,POLISH,POLISH,POLISH,"No critical duplicate, clipping, or gross growth-family error found. Broad growth form is usable; species-level botanical specificity may still be simplified. Sea Rocket needs a species-specific growth-form check: roots/attachment, stem or trunk, leaf/frond arrangement, flower/fruit/spore organ and overall scale.",Sea_Rocket.png,440,440,RGBA,abb93eb9b0396afb89c10224d3142aac53a33029d41254d34bff3eb533ee8387,c9cff13ecc97ada56d763d5f75a65e5f3e58a870e595301bc9347de7d2def89c
Seagrass,Seagrass,HOLD,FAIL,HOLD,True,14. Aquatic and Wetland Plants,PASS,POLISH,POLISH,POLISH,POLISH,POLISH,"Use a denser underwater meadow of narrow blades and rhizome/holdfast context. Use the correct holdfast/rooting, blade/frond form, branching, air bladders and water-growth habit instead of a single generic ribbon or blob.",Seagrass.png,440,440,RGBA,57aaea156ecc958f2ea7784cd9647e4348deedf3b56c5c391ac333164fe320de,d04d21850db2d6171570e067c8ca4ae8cb9b415e3d60ab07ac4527d1e6fdfc27
Serviceberry,Serviceberry,HOLD,FAIL,HOLD,True,Other plant or harvest type,PASS,POLISH,POLISH,POLISH,POLISH,POLISH,"No critical duplicate, clipping, or gross growth-family error found. Broad growth form is usable; species-level botanical specificity may still be simplified. Serviceberry needs a species-specific growth-form check: roots/attachment, stem or trunk, leaf/frond arrangement, flower/fruit/spore organ and overall scale.",Serviceberry.png,440,440,RGBA,ede79329c2c4222b991f46f9100fe657ed15b2d21c34b019fd40794d22dd3152,7595c4e3089758935f2bcec1e0480b9fbd6b4543523eeb1bdd8cc75af33f4b66
Sesame,Sesame,FAIL,FAIL,HOLD,True,Other plant or harvest type,PASS,POLISH,POLISH,POLISH,POLISH,POLISH,"The current leaf ladder lacks sesame’s branching herb form, tubular flowers and upright seed capsules.",Sesame.png,440,440,RGBA,508a5f1be3c2b432df234046d5521f2a5ef8dde2e26819d239360a6369c399a8,030b375fbbea56c15dfb5b90e5f453addd34be1b0b4d3422ca4600b3b36d3f82
Solomon's_Seal,Solomon's Seal,FAIL,FAIL,HOLD,True,Other plant or harvest type,PASS,POLISH,POLISH,POLISH,POLISH,POLISH,Use an arching unbranched stem with alternate leaves and hanging paired white bell flowers beneath it; the current upright ladder is incorrect.,Solomon's_Seal.png,440,440,RGBA,c07af1e55a294897fcf603e0d23d2f07c1bebcfa6fdd9da11c0eebd2edf4a81f,68f5da94ccb903b66021422af14bfe583780b1bfd4807053320ea247ff8c6d61
Sorghum,Sorghum,HOLD,FAIL,HOLD,True,7. Grain and Staple Crops,PASS,POLISH,POLISH,POLISH,POLISH,POLISH,"Add broad branching seed clusters. Correct the culm, leaf arrangement and species-specific seed head/inflorescence; many grains currently share one generic spike or grass tuft.",Sorghum.png,440,440,RGBA,92e85a4a2cfed49b22a735f3c391001a8cce769afc753dcf30e6e4aa49e074b8,f2f36e02e68f4d1c82f6a3e1a7bebeaed77ad947cb5fc2ef52a2df149e429a8f
Sorrel,Sorrel,HOLD,FAIL,HOLD,True,Other plant or harvest type,PASS,POLISH,POLISH,POLISH,POLISH,POLISH,"No critical duplicate, clipping, or gross growth-family error found. Broad growth form is usable; species-level botanical specificity may still be simplified. Sorrel needs a species-specific growth-form check: roots/attachment, stem or trunk, leaf/frond arrangement, flower/fruit/spore organ and overall scale.",Sorrel.png,440,440,RGBA,d06dcabd27af8ed9ada8a10e1c10b0ec08f330a31e505562eeb396a3eb5adf2b,85bd24d3d78b44dd2ddf2442dcb299b12cf9d8dcb28aaffc66556d377a754982
Soursop,Soursop,HOLD,FAIL,HOLD,True,4. Fruit and Nut Trees,PASS,POLISH,POLISH,POLISH,POLISH,POLISH,"No critical duplicate, clipping, or gross growth-family error found. Broad growth form is usable; species-level botanical specificity may still be simplified. The catalog overuses a round canopy on a straight trunk. Match the species’ trunk habit, branching architecture, crown shape, leaf masses, bark and fruit/flower attachment.",Soursop.png,440,440,RGBA,b11cbf0d255fdc21411f1cf1744ce66a747082b51c6877426615212f839c8782,ad3bafec6072ac356031de1fdc813d033743c27d3d513ede1ecfe892bf8d177e
Spruce_Tips,Spruce Tips,FAIL,FAIL,HOLD,True,Other plant or harvest type,PASS,POLISH,POLISH,POLISH,POLISH,POLISH,The current round broadleaf tree is not spruce. Use a conical needle-leaved spruce and highlight pale new terminal shoots.,Spruce_Tips.png,440,440,RGBA,c2d4ae766c3ca1f1c039d527f5d3966efae85204b06fd3629c754ba4f05c761e,98b934f09e85c8c5ee03711a6d429870c15d8f083defaaeabcf33acec2aefa03
Star_Anise,Star Anise,FAIL,FAIL,HOLD,True,Other plant or harvest type,PASS,POLISH,POLISH,POLISH,POLISH,POLISH,The current generic tree lacks the defining star-shaped woody fruits. Add small evergreen tree structure and prominent eight-pointed pods.,Star_Anise.png,440,440,RGBA,2acbde7cee7ab17b5df7c2b025b87babbdf1a9a03f0d1e1c491905e3b4dc5edc,10f7f0403664b27b6b08c7ce310e0f3e0500e7cb4e2f8d5fe43a72afe74202ba
Starfruit,Starfruit,HOLD,FAIL,HOLD,True,4. Fruit and Nut Trees,PASS,POLISH,POLISH,POLISH,POLISH,POLISH,"No critical duplicate, clipping, or gross growth-family error found. Broad growth form is usable; species-level botanical specificity may still be simplified. The catalog overuses a round canopy on a straight trunk. Match the species’ trunk habit, branching architecture, crown shape, leaf masses, bark and fruit/flower attachment.",Starfruit.png,440,440,RGBA,0efb33a890fbd206cd8b265668a47fd939547cbc57f8ed0be6be43d527c34aa8,e9e02d5f3dd02b7a18320ea2d91c091c03be0de3c38b54d0bf8bff811a5a524d
Steppe_Tulip,Steppe Tulip,FAIL,FAIL,HOLD,True,Other plant or harvest type,PASS,POLISH,POLISH,POLISH,POLISH,POLISH,The current vertical leaf ladder lacks a tulip. Use two to four strap leaves and one large cup-shaped flower.,Steppe_Tulip.png,440,440,RGBA,909ad88243f38462744637f6b9319bb8d284513e33763024fc74776112d50932,bfc3764741b39c8d3d42d18afdccc48ff790d0b5041661686a1ac01416f2eb85
Sugar_Kelp,Sugar Kelp,HOLD,FAIL,HOLD,True,Other plant or harvest type,PASS,POLISH,POLISH,POLISH,POLISH,POLISH,"Add broad undulating blade and holdfast. Sugar Kelp needs a species-specific growth-form check: roots/attachment, stem or trunk, leaf/frond arrangement, flower/fruit/spore organ and overall scale.",Sugar_Kelp.png,440,440,RGBA,61fc76f66e4b6b53bea6d9c407d33d86448c27398594844151206b002d37beb3,aad87f2760813d136d59ce64e9c62f986fed7dbd5173bf30bb8de418d78be24a
Sundew,Sundew,HOLD,FAIL,HOLD,True,13. Carnivorous Plants,PASS,POLISH,POLISH,POLISH,POLISH,POLISH,"No critical duplicate, clipping, or gross growth-family error found. Broad growth form is usable; species-level botanical specificity may still be simplified. Sundew needs a species-specific growth-form check: roots/attachment, stem or trunk, leaf/frond arrangement, flower/fruit/spore organ and overall scale.",Sundew.png,440,440,RGBA,ca75382c7afc32a68827b47d108ab01337eed39145002d854f4a4bd9475d08d2,ab9990f62431a3ad1f46170a0c128b966bb2e373df72b00488a171ec559edfe8
Sunflower,Sunflower,FAIL,FAIL,HOLD,True,10. Flowering Herbs and Wildflowers,PASS,POLISH,POLISH,POLISH,POLISH,POLISH,"The current dense leaf column and tiny flower are wrong. Use a thick tall stem, broad rough leaves and one dominant large disk flower head.",Sunflower.png,440,440,RGBA,13f53bde819803dee2fa20c9752d6aea5cbeba02430e09e3bd47300a10fec1be,50e0cdb0306e7af9b2d3dd975193bd6a87af10af50bdc7462b87f2e192aee41f
Swamp_Mint,Swamp Mint,HOLD,FAIL,HOLD,True,Other plant or harvest type,PASS,POLISH,POLISH,POLISH,POLISH,POLISH,"No critical duplicate, clipping, or gross growth-family error found. Broad growth form is usable; species-level botanical specificity may still be simplified. Swamp Mint needs a species-specific growth-form check: roots/attachment, stem or trunk, leaf/frond arrangement, flower/fruit/spore organ and overall scale.",Swamp_Mint.png,440,440,RGBA,75098dddbfd02d37dd96cf144cc2ba54484018ab6b95d9558f7b45b829e0902c,47df99a972acce001e46b2ce745e6d6ccb8083365dab7b76ce9ce5b59179477e
Sweet_Flag,Sweet Flag,HOLD,FAIL,HOLD,True,Other plant or harvest type,PASS,POLISH,POLISH,POLISH,POLISH,POLISH,"No critical duplicate, clipping, or gross growth-family error found. Broad growth form is usable; species-level botanical specificity may still be simplified. Sweet Flag needs a species-specific growth-form check: roots/attachment, stem or trunk, leaf/frond arrangement, flower/fruit/spore organ and overall scale.",Sweet_Flag.png,440,440,RGBA,8522ac33728ab9cbdfc2824c8d522ce4510d332d6fd37c398c1001e75ef8a72c,d0d69d02d3d33620d1aad759e238fbd3e230e67aa70553f13219957bcb5fdea0
Sweet_Potato,Sweet Potato,HOLD,FAIL,HOLD,True,7. Grain and Staple Crops,PASS,POLISH,POLISH,POLISH,POLISH,POLISH,"No critical duplicate, clipping, or gross growth-family error found. Broad growth form is usable; species-level botanical specificity may still be simplified. Correct the culm, leaf arrangement and species-specific seed head/inflorescence; many grains currently share one generic spike or grass tuft.",Sweet_Potato.png,440,440,RGBA,2f8c54f6b33d2c3d85bdeae594c5c0ab9e5c0a7176debfbbcf8d571e2e4c0a70,bb53a5f20f0fd2c3421cb077b276fa6b17bf1050a0f950933e76e30a8c467d2a
Sword_Fern,Sword Fern,HOLD,FAIL,HOLD,True,15. Ferns and Fern Allies,PASS,POLISH,POLISH,POLISH,POLISH,POLISH,"No critical duplicate, clipping, or gross growth-family error found. Broad growth form is usable; species-level botanical specificity may still be simplified. Use the correct frond or mat structure, branching/pinnae pattern, growth habit and attachment; avoid recoloring one fan-fern.",Sword_Fern.png,440,440,RGBA,40da95d8b5ac219ad7e9c2bdc51d3f9a5e07b3cf7b8615518ee0ddeb01e38fdb,e438b189fe193165710ca2d9d84c4b60e8251a01c5039c71b6b53a5b5e8871d1
Tamarind,Tamarind,HOLD,FAIL,HOLD,True,Tropical trees,PASS,POLISH,POLISH,POLISH,POLISH,POLISH,"No critical duplicate, clipping, or gross growth-family error found. Broad growth form is usable; species-level botanical specificity may still be simplified. The catalog overuses a round canopy on a straight trunk. Match the species’ trunk habit, branching architecture, crown shape, leaf masses, bark and fruit/flower attachment.",Tamarind.png,440,440,RGBA,0cf4d6c820572310e72fa9bcd88db01015afc5281ecfacaa107089d37061d910,ad1eb9786bbe6847550c9fc3badbce98b343f2c1f1192001ba78600ea88f7a77
Tamarisk,Tamarisk,HOLD,FAIL,HOLD,True,Other plant or harvest type,PASS,POLISH,POLISH,POLISH,POLISH,POLISH,"No critical duplicate, clipping, or gross growth-family error found. Broad growth form is usable; species-level botanical specificity may still be simplified. Tamarisk needs a species-specific growth-form check: roots/attachment, stem or trunk, leaf/frond arrangement, flower/fruit/spore organ and overall scale.",Tamarisk.png,440,440,RGBA,1c92cf00cec63aa578aaf42fe9dae99b67a2af2e2ad60f7b354059125ba924f4,f7f353a65218a8217b4ee853bff1772133a4d1862176ce4cec82277c11cf6584
Taro,Taro,HOLD,FAIL,HOLD,True,7. Grain and Staple Crops,PASS,POLISH,POLISH,POLISH,POLISH,POLISH,"No critical duplicate, clipping, or gross growth-family error found. Broad growth form is usable; species-level botanical specificity may still be simplified. Correct the culm, leaf arrangement and species-specific seed head/inflorescence; many grains currently share one generic spike or grass tuft.",Taro.png,440,440,RGBA,5716ef35707a9194149217e89be72b1bd271d8bef95eca1c801962aae1ccc3ea,2a0a6675d3d8206d7c85fe840001cea4a8834c7d6e44d711ce9315e79f7c08d0
Tea,Tea,HOLD,FAIL,HOLD,True,Other plant or harvest type,PASS,POLISH,POLISH,POLISH,POLISH,POLISH,"No critical duplicate, clipping, or gross growth-family error found. Broad growth form is usable; species-level botanical specificity may still be simplified. Tea needs a species-specific growth-form check: roots/attachment, stem or trunk, leaf/frond arrangement, flower/fruit/spore organ and overall scale.",Tea.png,440,440,RGBA,b8911445e8ccf6137dd37d38f5286956696c534bb0454b7698065377ba7942e8,2e3802c0b40c6240b7e6eedf080fa66bcfa4de3d22deb12cbdad2d8fc975d8d8
Tea_Tree,Tea Tree,HOLD,FAIL,FAIL,True,Other plant or harvest type,POLISH,PASS,POLISH,POLISH,POLISH,POLISH,"The woody flowering shrub is acceptable, but distinguish the narrow leaves, peeling bark and small five-petaled flowers more clearly.",Tea_Tree.png,440,440,RGBA,c878a262c7ddf49db746952d5a404550e9681c343f33fecf765a9522f4db8502,b3579f714fbc7b536dcf24403bd6aa274a110e6ca83786a56154108abceb16b3
Thyme,Thyme,HOLD,FAIL,HOLD,True,9. Herbs and Spices,PASS,POLISH,POLISH,POLISH,POLISH,POLISH,The current upright ladder should be replaced by a low woody mat or cushion with many tiny leaves and flowers.,Thyme.png,440,440,RGBA,14e38e5cae84b65bda9d41f18976eef35677d6942df4b63bf050c338c28c8579,ba62d181fe2566295fe6bb39eb25ecf8d5b7c4a2fa5c0b40149d4a69c6e2e3de
Tobacco,Tobacco,PASS,PASS,PASS,False,Other plant or harvest type,PASS,PASS,PASS,PASS,PASS,PASS,The tall broad-leaved herb and terminal pink flower cluster now read clearly as tobacco.,Tobacco.png,440,440,RGBA,ab9b19730cb85e5d7f5a86e4cd6a2a8a6b01858712df28f7a4d75c226adc1eff,ab9b19730cb85e5d7f5a86e4cd6a2a8a6b01858712df28f7a4d75c226adc1eff
Tree_Fern_Shoots,Tree Fern Shoots,HOLD,FAIL,HOLD,True,Other plant or harvest type,PASS,POLISH,POLISH,POLISH,POLISH,POLISH,"No critical duplicate, clipping, or gross growth-family error found. Broad growth form is usable; species-level botanical specificity may still be simplified. Tree Fern Shoots needs a species-specific growth-form check: roots/attachment, stem or trunk, leaf/frond arrangement, flower/fruit/spore organ and overall scale.",Tree_Fern_Shoots.png,440,440,RGBA,959cc3c6ad5279662937108672a7313f094748e899768fdb53665c568494f93e,45ef1629115258eeb1c34eb66de94b9451670029d987a372ed8d1fe5ed949c46
Tree_Tomato,Tree Tomato,HOLD,FAIL,HOLD,True,Other plant or harvest type,PASS,POLISH,POLISH,POLISH,POLISH,POLISH,"No critical duplicate, clipping, or gross growth-family error found. Broad growth form is usable; species-level botanical specificity may still be simplified. Tree Tomato needs a species-specific growth-form check: roots/attachment, stem or trunk, leaf/frond arrangement, flower/fruit/spore organ and overall scale.",Tree_Tomato.png,440,440,RGBA,e2557c2becb090400ef5b44bd678db03181cb6eee8aaef93c9849b0086028b3d,d7caceca1b3aead35638e735c19e2144eb0781186acde0fe758bf07f3c949afe
Turmeric,Turmeric,HOLD,FAIL,HOLD,True,9. Herbs and Spices,PASS,POLISH,POLISH,POLISH,POLISH,POLISH,"No critical duplicate, clipping, or gross growth-family error found. Broad growth form is usable; species-level botanical specificity may still be simplified. Match the named plant’s actual growth habit, leaf arrangement, flower/seed structure and scale; many currently use one vertical leaf-ladder or color-only herb template.",Turmeric.png,440,440,RGBA,68f11e3dbd861f07851b4be95f150a7f9547827b9ffe9aa37fbd9a9f465d153d,672dba01fd718f1eb1ab618278e216678e9e2acef71a908b8c87f8e2aa287ae2
Tussock_Grass,Tussock Grass,HOLD,FAIL,HOLD,True,Other plant or harvest type,PASS,POLISH,POLISH,POLISH,POLISH,POLISH,"No critical duplicate, clipping, or gross growth-family error found. Broad growth form is usable; species-level botanical specificity may still be simplified. Tussock Grass needs a species-specific growth-form check: roots/attachment, stem or trunk, leaf/frond arrangement, flower/fruit/spore organ and overall scale.",Tussock_Grass.png,440,440,RGBA,37c7702c38baa7914aaf2d29fc2a4c34490642caa3ee3ddaa7689a2f71a8638e,c29f00a4f9ce309b88260c6568256ead4ba646dc2ab4c8d76b92ffadd6b12c45
Valerian,Valerian,HOLD,FAIL,HOLD,True,9. Herbs and Spices,PASS,POLISH,POLISH,POLISH,POLISH,POLISH,The current generic ladder should show divided/pinnate leaves and an airy terminal cluster of many tiny pale flowers.,Valerian.png,440,440,RGBA,50441196e3fa251e5ccf17f641545514d96ff4be642d98837681a0e4f6ae100f,2639d2d3b611506a15588ef9c7da4805f7b574380bd0e74d282879ab342d3457
Vanilla_Orchid,Vanilla Orchid,HOLD,FAIL,HOLD,True,Other plant or harvest type,PASS,POLISH,POLISH,POLISH,POLISH,POLISH,"Vine identity reads; add more orchid flower/pod specificity. Vanilla Orchid needs a species-specific growth-form check: roots/attachment, stem or trunk, leaf/frond arrangement, flower/fruit/spore organ and overall scale.",Vanilla_Orchid.png,440,440,RGBA,2511abd11510dc833ae2ead15a91d6857059948cbd6b5424c83fbf4f4f345213,02f5e367eb7b8adf41f36c085979e6e47f718b4f6d4492269651a9f33d78c540
Venus_Flytrap,Venus Flytrap,HOLD,FAIL,HOLD,True,13. Carnivorous Plants,PASS,POLISH,POLISH,POLISH,POLISH,POLISH,"No critical duplicate, clipping, or gross growth-family error found. Broad growth form is usable; species-level botanical specificity may still be simplified. Venus Flytrap needs a species-specific growth-form check: roots/attachment, stem or trunk, leaf/frond arrangement, flower/fruit/spore organ and overall scale.",Venus_Flytrap.png,440,440,RGBA,eb0dcc0affe9576d7f107bddb5927d6da9753194c32740aec63013476c9a53ef,6fcb798ce3b226bcc590571458a72b09396f9172bc78d1f5c79495153c36943f
Violet,Violet,HOLD,FAIL,HOLD,True,10. Flowering Herbs and Wildflowers,PASS,POLISH,POLISH,POLISH,POLISH,POLISH,"The basal rounded leaves are plausible, but enlarge and shape the five-petaled violet flower and reduce the oversized paired-leaf simplification.",Violet.png,440,440,RGBA,13169a401c745a76432ad309981060238620dde892d0ac1a965583c76580c946,90c9f062f6c2273355a58c749723f12a1882aa539e2a4f1099788747ce05f3c5
Wakame,Wakame,HOLD,FAIL,HOLD,True,Other plant or harvest type,PASS,POLISH,POLISH,POLISH,POLISH,POLISH,"No critical duplicate, clipping, or gross growth-family error found. Broad growth form is usable; species-level botanical specificity may still be simplified. Wakame needs a species-specific growth-form check: roots/attachment, stem or trunk, leaf/frond arrangement, flower/fruit/spore organ and overall scale.",Wakame.png,440,440,RGBA,314b1d4a35899b808229065ad00c5f88e20a7c6d67300abb5e61b8ac2e1ae63a,11367d5fce9a06c21bee63b0dae5584f800c72afb40e7b0e5686a3aa6aded1e9
Walnut,Walnut,HOLD,FAIL,HOLD,True,4. Fruit and Nut Trees,PASS,POLISH,POLISH,POLISH,POLISH,POLISH,"No critical duplicate, clipping, or gross growth-family error found. Broad growth form is usable; species-level botanical specificity may still be simplified. The catalog overuses a round canopy on a straight trunk. Match the species’ trunk habit, branching architecture, crown shape, leaf masses, bark and fruit/flower attachment.",Walnut.png,440,440,RGBA,5e831e14790e9b51418ff7cb01c6eb2e7d5fe8d2f4cbcbbb23fb3e6cbd3b26f5,654ff32222bc5ea21ecf4243b3210b6018cc7e25cbfd40c3c148d3ab466332b6
Water_Hemlock,Water Hemlock,HOLD,FAIL,HOLD,True,Other plant or harvest type,PASS,POLISH,POLISH,POLISH,POLISH,POLISH,"Use branching stems, compound leaves and white umbrella-shaped flower clusters; the current vertical fern ladder is too generic.",Water_Hemlock.png,440,440,RGBA,216ee2ab85c8091a9ffece1151a9ebc7cc71403db1f31b6c0b51c19010252183,049730fd6081bd19149f9e120c3606a009a160b605c4fe399871d146b9ec745b
Water_Lily,Water Lily,HOLD,FAIL,HOLD,True,14. Aquatic and Wetland Plants,PASS,POLISH,POLISH,POLISH,POLISH,POLISH,"No critical duplicate, clipping, or gross growth-family error found. Broad growth form is usable; species-level botanical specificity may still be simplified. Use the correct holdfast/rooting, blade/frond form, branching, air bladders and water-growth habit instead of a single generic ribbon or blob.",Water_Lily.png,440,440,RGBA,ec2c196ef04705c07da103e593606b7fc6fb74f8ee4d770110263b6fd4cbfe7b,9364ce924670b725a56d13241fd8a1b7c578a901e851de336f2bd9b29d1b7192
Water_Mint,Water Mint,HOLD,FAIL,HOLD,True,Other plant or harvest type,PASS,POLISH,POLISH,POLISH,POLISH,POLISH,"No critical duplicate, clipping, or gross growth-family error found. Broad growth form is usable; species-level botanical specificity may still be simplified. Water Mint needs a species-specific growth-form check: roots/attachment, stem or trunk, leaf/frond arrangement, flower/fruit/spore organ and overall scale.",Water_Mint.png,440,440,RGBA,d6544314aa94a1f17255917b37837cc5ef9077807459358426a77f0e137fb626,1f38607eed33dfa27c1d0e44e6cd6c2c5fb00b4c7c1aee513da609423527f6a6
Water_Spinach,Water Spinach,HOLD,FAIL,HOLD,True,Other plant or harvest type,PASS,POLISH,POLISH,POLISH,POLISH,POLISH,"No critical duplicate, clipping, or gross growth-family error found. Broad growth form is usable; species-level botanical specificity may still be simplified. Water Spinach needs a species-specific growth-form check: roots/attachment, stem or trunk, leaf/frond arrangement, flower/fruit/spore organ and overall scale.",Water_Spinach.png,440,440,RGBA,90c387a4624fa0c5975a906ec48de50f0a4e116c4bd83766554b0af920b2d9e7,41b54c218adc3bdb4e228a868ab27c5d75a2d15efd95d94e2dda083ecbf50222
Watercress,Watercress,HOLD,FAIL,HOLD,True,Leaf vegetables,PASS,POLISH,POLISH,POLISH,POLISH,POLISH,"No critical duplicate, clipping, or gross growth-family error found. Broad growth form is usable; species-level botanical specificity may still be simplified. Match the source plant, leaf habit and attached fruit/harvest organ. Fruit should be connected to stems/branches and not carry identity by label alone.",Watercress.png,440,440,RGBA,9d3971c0e8fc9829206747757a2a783288b57709d63a4f36bdecf566b4dfb4e6,db388345374f04eb72fac6ec0cbefb825669734dc84332714df6a926b197acb0
Watermelon,Watermelon,PASS,PASS,PASS,True,Other plant or harvest type,PASS,PASS,PASS,PASS,PASS,PASS,The creeping vine and attached round fruit are recognizable.,Watermelon.png,440,440,RGBA,03fef2a558647e28dddebcfccde2b843c4873fef9a1a23c23e9eeda8a7660dc9,399ed989fd3c41570cd8e9c1d5ccddcd56bc6702df0e482d340465485cc15945
Wheat,Wheat,HOLD,FAIL,HOLD,True,7. Grain and Staple Crops,PASS,POLISH,POLISH,POLISH,POLISH,POLISH,"Add compact grain spikes with awns; current grass tuft is too generic. Correct the culm, leaf arrangement and species-specific seed head/inflorescence; many grains currently share one generic spike or grass tuft.",Wheat.png,440,440,RGBA,04d470f1fd09289477b437dd1369181de19e32291e8afcc94beead5e39799b18,b425c4fe3190b9c9df25d60a69a6d51f0c2f67161181b296cbcd753ab54c5e2e
White_Grape,White Grape,HOLD,FAIL,HOLD,True,Other plant or harvest type,PASS,POLISH,POLISH,POLISH,POLISH,POLISH,"No critical duplicate, clipping, or gross growth-family error found. Broad growth form is usable; species-level botanical specificity may still be simplified. White Grape needs a species-specific growth-form check: roots/attachment, stem or trunk, leaf/frond arrangement, flower/fruit/spore organ and overall scale.",White_Grape.png,440,440,RGBA,e621fe9fb0f64ed1e9bf26213c30bd7b65401d249895a847e908bd944a086990,42feeb9e6a2e0b95f63a95a695a8b61eaefc009fc7722a275b25185faaf2b299
Wild_Blueberry,Wild Blueberry,HOLD,FAIL,HOLD,True,Other plant or harvest type,PASS,POLISH,POLISH,POLISH,POLISH,POLISH,"No critical duplicate, clipping, or gross growth-family error found. Broad growth form is usable; species-level botanical specificity may still be simplified. Wild Blueberry needs a species-specific growth-form check: roots/attachment, stem or trunk, leaf/frond arrangement, flower/fruit/spore organ and overall scale.",Wild_Blueberry.png,440,440,RGBA,011f10caab41d06f39b19935851a99417a3c409ed4f11b003454da6c14da7686,62e5a12b45b54c413dbee634094af234a1a0f1bc605a2b5c6f3c04aa3197f0f9
Wild_Cherry,Wild Cherry,HOLD,FAIL,HOLD,True,Other plant or harvest type,PASS,POLISH,POLISH,POLISH,POLISH,POLISH,"No critical duplicate, clipping, or gross growth-family error found. Broad growth form is usable; species-level botanical specificity may still be simplified. Wild Cherry needs a species-specific growth-form check: roots/attachment, stem or trunk, leaf/frond arrangement, flower/fruit/spore organ and overall scale.",Wild_Cherry.png,440,440,RGBA,415efb5f488441b879a8bb52a0d8a86526122ce7bd268c88e3e4bb8b471fdaa7,c06ff3c6e2d2753f9472ce5b4f7aa471b89a5e7135ac87b00ae510f515b823a8
Wild_Chili,Wild Chili,HOLD,FAIL,HOLD,True,Other plant or harvest type,PASS,POLISH,POLISH,POLISH,POLISH,POLISH,"No critical duplicate, clipping, or gross growth-family error found. Broad growth form is usable; species-level botanical specificity may still be simplified. Wild Chili needs a species-specific growth-form check: roots/attachment, stem or trunk, leaf/frond arrangement, flower/fruit/spore organ and overall scale.",Wild_Chili.png,440,440,RGBA,b7651589ccddbcd51f224d99d42c3713f44808bde2a297201b4da8978f00d7d1,d5d35fca6a5abc4a0599a834cf453f2e4f814d9e4b03208e1c83d88b8cc8cd58
Wild_Chive,Wild Chive,HOLD,FAIL,HOLD,True,Other plant or harvest type,PASS,POLISH,POLISH,POLISH,POLISH,POLISH,"No critical duplicate, clipping, or gross growth-family error found. Broad growth form is usable; species-level botanical specificity may still be simplified. Wild Chive needs a species-specific growth-form check: roots/attachment, stem or trunk, leaf/frond arrangement, flower/fruit/spore organ and overall scale.",Wild_Chive.png,440,440,RGBA,9d0bcdce48a1d764ef3da22ab8750d52ace3bd3ab256d4c60b110934d26229d6,40af17dce22b96501e2ec26add9523fc66fd24575f67b05c1cac4d316c314b6d
Wild_Fig,Wild Fig,HOLD,FAIL,HOLD,True,Other plant or harvest type,PASS,POLISH,POLISH,POLISH,POLISH,POLISH,"No critical duplicate, clipping, or gross growth-family error found. Broad growth form is usable; species-level botanical specificity may still be simplified. Wild Fig needs a species-specific growth-form check: roots/attachment, stem or trunk, leaf/frond arrangement, flower/fruit/spore organ and overall scale.",Wild_Fig.png,440,440,RGBA,87398973ef374b08c3d7b1846a5561d8850601b4f81748bd28fdf2e7fa903a83,871d3cd29352072d0eea20ecb367ffa6e491a3634320dd6d2c0bea6b1924249c
Wild_Garlic,Wild Garlic,HOLD,FAIL,HOLD,True,Other plant or harvest type,PASS,POLISH,POLISH,POLISH,POLISH,POLISH,"No critical duplicate, clipping, or gross growth-family error found. Broad growth form is usable; species-level botanical specificity may still be simplified. Wild Garlic needs a species-specific growth-form check: roots/attachment, stem or trunk, leaf/frond arrangement, flower/fruit/spore organ and overall scale.",Wild_Garlic.png,440,440,RGBA,fc3ef699392f98480663993c66bed92a41c889016ff701e38a2614f77896cc02,82dbf638a8b0b793c0cc86eaefedaa2a1eb2c1bd023dcd49350ce86b6aeb91c3
Wild_Ginger,Wild Ginger,HOLD,FAIL,HOLD,True,Other plant or harvest type,PASS,POLISH,POLISH,POLISH,POLISH,POLISH,"No critical duplicate, clipping, or gross growth-family error found. Broad growth form is usable; species-level botanical specificity may still be simplified. Wild Ginger needs a species-specific growth-form check: roots/attachment, stem or trunk, leaf/frond arrangement, flower/fruit/spore organ and overall scale.",Wild_Ginger.png,440,440,RGBA,e0f0e5dad75e77b1aae0ee1274aa93076b3ea9d9d417ae30afd089ef3e6ca3db,a615868ddbbd785bab04bcb42ce76ac5f11e22614519730878243249faef03e0
Wild_Guava,Wild Guava,HOLD,FAIL,HOLD,True,Other plant or harvest type,PASS,POLISH,POLISH,POLISH,POLISH,POLISH,"No critical duplicate, clipping, or gross growth-family error found. Broad growth form is usable; species-level botanical specificity may still be simplified. Wild Guava needs a species-specific growth-form check: roots/attachment, stem or trunk, leaf/frond arrangement, flower/fruit/spore organ and overall scale.",Wild_Guava.png,440,440,RGBA,b0057d8d2fdd70aae0398d9619bbff560df64b242e78fb855e007a7bafafc22a,36f765baaa37c27cfd5028426cbd14fe2d6498bc360b4de6e4ada0243e48b08e
Wild_Mango,Wild Mango,HOLD,FAIL,HOLD,True,Other plant or harvest type,PASS,POLISH,POLISH,POLISH,POLISH,POLISH,"No critical duplicate, clipping, or gross growth-family error found. Broad growth form is usable; species-level botanical specificity may still be simplified. Wild Mango needs a species-specific growth-form check: roots/attachment, stem or trunk, leaf/frond arrangement, flower/fruit/spore organ and overall scale.",Wild_Mango.png,440,440,RGBA,551bcee5c88173c4b098671dac7529a771aaf9e6b8edb12916345886875079e0,e2e22fdac5b321695528bda1c25e48934b038389647251632251758bc53462a0
Wild_Melon,Wild Melon,HOLD,FAIL,HOLD,True,Other plant or harvest type,PASS,POLISH,POLISH,POLISH,POLISH,POLISH,"No critical duplicate, clipping, or gross growth-family error found. Broad growth form is usable; species-level botanical specificity may still be simplified. Wild Melon needs a species-specific growth-form check: roots/attachment, stem or trunk, leaf/frond arrangement, flower/fruit/spore organ and overall scale.",Wild_Melon.png,440,440,RGBA,99c41294dcb3190297bd6cc8b1846d892a15eef417d06bf7425a5d2753051e14,85b6d8b8284586bd0a1ff6ee4f0b6541a32e65e652e3f0811f787604a6916a3b
Wild_Mint,Wild Mint,HOLD,FAIL,HOLD,True,Other plant or harvest type,PASS,POLISH,POLISH,POLISH,POLISH,POLISH,"No critical duplicate, clipping, or gross growth-family error found. Broad growth form is usable; species-level botanical specificity may still be simplified. Wild Mint needs a species-specific growth-form check: roots/attachment, stem or trunk, leaf/frond arrangement, flower/fruit/spore organ and overall scale.",Wild_Mint.png,440,440,RGBA,a81291b0151713617b19b3c75887e21488fb2f9c300a3139f411ecd67d845ce6,eb0b101871e04f7a1be2f0b163e98b6b6d6b65abf148de087269f3d5b11a82f8
Wild_Mustard,Wild Mustard,FAIL,FAIL,HOLD,True,Other plant or harvest type,PASS,POLISH,POLISH,POLISH,POLISH,POLISH,The current spiky column is not mustard. Use a branching herb with yellow four-petaled flowers and narrow seed pods.,Wild_Mustard.png,440,440,RGBA,a4b168f878820a2ddc235320cdf330f07270bdeb3944b0d97b9d5ce3ba7e6820,82f46ced22d4c9de66e204f862212162f5ff686324f45bf956193ae488995333
Wild_Onion,Wild Onion,HOLD,FAIL,HOLD,True,Other plant or harvest type,PASS,POLISH,POLISH,POLISH,POLISH,POLISH,"No critical duplicate, clipping, or gross growth-family error found. Broad growth form is usable; species-level botanical specificity may still be simplified. Wild Onion needs a species-specific growth-form check: roots/attachment, stem or trunk, leaf/frond arrangement, flower/fruit/spore organ and overall scale.",Wild_Onion.png,440,440,RGBA,c6ec3c8ec1fc0690508ddd1a7eeed3ada25cf0eb92ccfd36e4af80335830a04f,f8ac557c0ef20979205d676a003a7bd494bc0d21b99b1d1888841b2c56eb53db
Wild_Rhubarb,Wild Rhubarb,HOLD,FAIL,HOLD,True,Other plant or harvest type,PASS,POLISH,POLISH,POLISH,POLISH,POLISH,"No critical duplicate, clipping, or gross growth-family error found. Broad growth form is usable; species-level botanical specificity may still be simplified. Wild Rhubarb needs a species-specific growth-form check: roots/attachment, stem or trunk, leaf/frond arrangement, flower/fruit/spore organ and overall scale.",Wild_Rhubarb.png,440,440,RGBA,5b152b749b069bb8ed7b702643631905197b3ab25ff02cd39eff75ec99b05a4b,2537cbed82b7769d79501fe405a6b48bd0f67032efce0079cc86a2032d22806a
Wild_Rice,Wild Rice,HOLD,FAIL,HOLD,True,14. Aquatic and Wetland Plants,PASS,POLISH,POLISH,POLISH,POLISH,POLISH,"No critical duplicate, clipping, or gross growth-family error found. Broad growth form is usable; species-level botanical specificity may still be simplified. Use the correct holdfast/rooting, blade/frond form, branching, air bladders and water-growth habit instead of a single generic ribbon or blob.",Wild_Rice.png,440,440,RGBA,a88dadd7e3404376c6ef96c02d2bea587809685c5591741ffaacd5fa0a9cebb0,1d3467e1462140b71948695d6a60ad6e05c630b04d1234fa2d61df7a1477559a
Wild_Rye,Wild Rye,HOLD,FAIL,HOLD,True,Other plant or harvest type,PASS,POLISH,POLISH,POLISH,POLISH,POLISH,"No critical duplicate, clipping, or gross growth-family error found. Broad growth form is usable; species-level botanical specificity may still be simplified. Wild Rye needs a species-specific growth-form check: roots/attachment, stem or trunk, leaf/frond arrangement, flower/fruit/spore organ and overall scale.",Wild_Rye.png,440,440,RGBA,e9ef403f8857b67a319289416941b6666aa1928a89fe119d5f5e5c890f01c5cb,16e425591f416d5459e27955010063ceaa56df54e29e9775889335d39f56800e
Wild_Sesame,Wild Sesame,FAIL,FAIL,HOLD,True,Other plant or harvest type,PASS,POLISH,POLISH,POLISH,POLISH,POLISH,The current vertical leaf ladder lacks the flowering/seed-capsule traits needed to identify sesame.,Wild_Sesame.png,440,440,RGBA,d3e5d59a39731220d06f823dcbd11974af671aafc68b5d2fa158e6eb9f41626a,f41eb080f30286ec5da5d0511a26037b84b57224b47dd902e4a0b778425f3ee5
Wild_Strawberry,Wild Strawberry,PASS,PASS,PASS,False,Other plant or harvest type,PASS,PASS,PASS,PASS,PASS,PASS,"The creeping runner, trifoliate leaves, white flowers and red fruit now clearly read as wild strawberry.",Wild_Strawberry.png,440,440,RGBA,0d4ec70731fe72c9cf35778f12a64435280229695caff1713e50dd13fd5d5544,0d4ec70731fe72c9cf35778f12a64435280229695caff1713e50dd13fd5d5544
Wild_Taro,Wild Taro,HOLD,FAIL,HOLD,True,Other plant or harvest type,PASS,POLISH,POLISH,POLISH,POLISH,POLISH,"Current tuber form reads as a harvest item; source plant should show large heart-shaped leaves. Wild Taro needs a species-specific growth-form check: roots/attachment, stem or trunk, leaf/frond arrangement, flower/fruit/spore organ and overall scale.",Wild_Taro.png,440,440,RGBA,2679eff4f0984d84a7002aa3cd77067c9dc5d4fb616315476645da24b4f35458,f410d25e76e683ff35679cdbf636f5dcccf98cb0a4eda7af3d1c4fc4b15af7da
Wild_Thyme,Wild Thyme,HOLD,FAIL,HOLD,True,Other plant or harvest type,PASS,POLISH,POLISH,POLISH,POLISH,POLISH,"No critical duplicate, clipping, or gross growth-family error found. Broad growth form is usable; species-level botanical specificity may still be simplified. Wild Thyme needs a species-specific growth-form check: roots/attachment, stem or trunk, leaf/frond arrangement, flower/fruit/spore organ and overall scale.",Wild_Thyme.png,440,440,RGBA,375e9854f274014aaead6b977f2a6fc432c3cd65ce31901bb3251b9f9c65dfdf,beb84f0fd0ecda5c205985542ebefba07a583efd99c377edfbbbd82a33f28924
Wild_Yam,Wild Yam,HOLD,FAIL,HOLD,True,Other plant or harvest type,PASS,POLISH,POLISH,POLISH,POLISH,POLISH,"No critical duplicate, clipping, or gross growth-family error found. Broad growth form is usable; species-level botanical specificity may still be simplified. Wild Yam needs a species-specific growth-form check: roots/attachment, stem or trunk, leaf/frond arrangement, flower/fruit/spore organ and overall scale.",Wild_Yam.png,440,440,RGBA,0d2620f74bdaed99356246b8fe30c21054305157cddca3327d431e5435c8a07e,c0090aa9c49a0377f7aa0a7d079916351de68ac597727bf7868a05d29e77c028
Willow,Willow,HOLD,FAIL,HOLD,True,Temperate broadleaf trees,PASS,POLISH,POLISH,POLISH,POLISH,POLISH,"The tree category reads, but use more slender flexible branches and narrow leaves; a weeping or shrubby willow architecture would be more recognizable.",Willow.png,440,440,RGBA,2ea9d5c330f8770722c79f98796a09e7080470afe10397bcffbe58730a072f6a,dfc45a49d3bfe176519caa5f16ee36b22bdfa29fe5eb97e8b19b6d6ad5039630
Wood_Sorrel,Wood Sorrel,HOLD,FAIL,HOLD,True,Other plant or harvest type,PASS,POLISH,POLISH,POLISH,POLISH,POLISH,"No critical duplicate, clipping, or gross growth-family error found. Broad growth form is usable; species-level botanical specificity may still be simplified. Wood Sorrel needs a species-specific growth-form check: roots/attachment, stem or trunk, leaf/frond arrangement, flower/fruit/spore organ and overall scale.",Wood_Sorrel.png,440,440,RGBA,06698384208f5671608aab351549a35fad6a8417ab84a96dcd595f40934c5522,c2c1e7925184460104a050963d6ef0e3ff08ae9133d4c7954756a6cc5fe7587e
Wormwood,Wormwood,HOLD,FAIL,HOLD,True,Other plant or harvest type,PASS,POLISH,POLISH,POLISH,POLISH,POLISH,The current ladder is generic. Use a branching gray-silver herb with deeply divided aromatic foliage.,Wormwood.png,440,440,RGBA,648b2cb6439644afa6ad1267825c8ea01f5abcb2e5031e00699f599b7ba6da25,2cc626533e894a1e9d01337a154f5fed60b8de03c0a11106efe7b85a027be755
Yarrow,Yarrow,HOLD,FAIL,HOLD,True,9. Herbs and Spices,PASS,POLISH,POLISH,POLISH,POLISH,POLISH,Use finely divided fernlike leaves and a flat-topped cluster of many small white flowers; the current ladder depends on the label.,Yarrow.png,440,440,RGBA,6371577f90d72a5df94abb0a745ae5d34921dfc4c968173f18fa5adeddbf9c2d,09b4da1824bb9a1ed38ca069a28310bea93c4e609ef3365cc46d27c71175f281
Yerba_Mate,Yerba Mate,HOLD,FAIL,HOLD,True,Other plant or harvest type,PASS,POLISH,POLISH,POLISH,POLISH,POLISH,"No critical duplicate, clipping, or gross growth-family error found. Broad growth form is usable; species-level botanical specificity may still be simplified. Yerba Mate needs a species-specific growth-form check: roots/attachment, stem or trunk, leaf/frond arrangement, flower/fruit/spore organ and overall scale.",Yerba_Mate.png,440,440,RGBA,d9467ec1df6a7ebbc792e85b51d7abe9f09f72b2780e22fe4fd98baf1f97ba1e,cd139aabe509f3112b36dc7c80bdbc0248bf6d442d82ee56d550d05a90aff256
Yew,Yew,FAIL,FAIL,HOLD,True,2. Conifers and Other Seed Plants,PASS,POLISH,POLISH,POLISH,POLISH,POLISH,"The round broadleaf canopy is not a yew. Use dense dark evergreen needle foliage, irregular branching and visible red arils.",Yew.png,440,440,RGBA,ef4b39ddbf317093ffa1560456cec194cce342ee5a59fae023f665e95b3e7fb6,7a2b2e51929be1ab2e0731ef7ae4f8cdb3546874eb7d18d5f2bb20f58e79d240
Yucca,Yucca,PASS,PASS,HOLD,True,12. Succulents and Desert Plants,PASS,PASS,PASS,PASS,PASS,PASS,The basal sword-leaf rosette and tall white flower stalk are recognizable.,Yucca.png,440,440,RGBA,b70264afadacadca51666a71b98dc8743a231fcfe8dd12a7f79619c29878ae54,85f8f8de83127c6cac4be92d4cd14e289077e58f250b1b915c6425e9dbe0c915
