category,asset_id,display_name,prior_review_band,strict_status,binary_gate,status_change_from_prior,strict_assessment,filename
fauna,Blobfish,Blobfish,PASS,FAIL,FAIL,PASS -> FAIL,Current red oval fish does not preserve the blobfish’s distinctive soft head/face and deep-bodied proportions. Rebuild the head and body rather than relying on color.,Blobfish.png
fauna,Cuttlefish,Cuttlefish,PASS,FAIL,FAIL,PASS -> FAIL,"Current bell/jelly-like body is not a cuttlefish. Use a broad oval mantle, continuous lateral fin skirt, visible cephalopod head, eight arms, and two feeding tentacles.",Cuttlefish.png
fauna,Fennec_Fox,Fennec Fox,PASS,FAIL,FAIL,PASS -> FAIL,"Current rabbit/deer-like quadruped is not a fox body. Use a small canine torso, canine paws/hocks, tapered muzzle, huge ears, and a full bushy tail.",Fennec_Fox.png
fauna,Secretary_Bird,Secretary Bird,PASS,FAIL,FAIL,PASS -> FAIL,"Current elegant wader/peacock-like bird misses the raptor body. Use a raptor head and hooked bill, long powerful legs, crest quills, compact wings, and long tail.",Secretary_Bird.png
flora,Banana,Banana,PASS,FAIL,FAIL,PASS -> FAIL,"Current palm-like trunk/crown does not match a banana plant. Use a giant herb with overlapping pseudostem, very broad torn leaves, and a hanging banana bunch with terminal flower.",Banana.png
fauna,African_Elephant,African Elephant,PASS_WITH_POLISH,HOLD,FAIL,PASS_WITH_POLISH -> HOLD,"Differentiate more strongly from Asian Elephant: larger ears, more concave back, heavier body. Use correct insect anatomy: distinct head/thorax/abdomen, six articulated legs, correct wing count and attachment, antennae, mouthparts and species-specific shell/body proportions.",African_Elephant.png
fauna,Agama,Agama,PASS_WITH_POLISH,HOLD,FAIL,PASS_WITH_POLISH -> HOLD,"No critical routing, clipping, eye, or life-stage issue found in the full-size visual pass. Recognizable within the established stylized family language. Verify skull/head profile, limb state, body thickness, scale texture, tail and any crest/frill/horn; do not rely on color alone.",Agama.png
fauna,Agouti,Agouti,PASS_WITH_POLISH,HOLD,FAIL,PASS_WITH_POLISH -> HOLD,"No critical routing, clipping, eye, or life-stage issue found in the full-size visual pass. Recognizable within the established stylized family language. Verify rodent/lagomorph skull, incisors/muzzle, fore/hind foot proportions, body posture and tail; several currently inherit the rabbit-like template.",Agouti.png
fauna,Alligator_Lizard,Alligator Lizard,PASS_WITH_POLISH,HOLD,FAIL,PASS_WITH_POLISH -> HOLD,"No critical routing, clipping, eye, or life-stage issue found in the full-size visual pass. Recognizable within the established stylized family language. Verify skull/head profile, limb state, body thickness, scale texture, tail and any crest/frill/horn; do not rely on color alone.",Alligator_Lizard.png
fauna,Amphipod,Amphipod,PASS_WITH_POLISH,HOLD,FAIL,PASS_WITH_POLISH -> HOLD,"No critical routing, clipping, eye, or life-stage issue found in the full-size visual pass. Recognizable within the established stylized family language. Use correct insect anatomy: distinct head/thorax/abdomen, six articulated legs, correct wing count and attachment, antennae, mouthparts and species-specific shell/body proportions.",Amphipod.png
fauna,Anaconda,Anaconda,PASS_WITH_POLISH,HOLD,FAIL,PASS_WITH_POLISH -> HOLD,"No critical routing, clipping, eye, or life-stage issue found in the full-size visual pass. Recognizable within the established stylized family language. Verify skull/head profile, limb state, body thickness, scale texture, tail and any crest/frill/horn; do not rely on color alone.",Anaconda.png
fauna,Anchovy,Anchovy,PASS_WITH_POLISH,HOLD,FAIL,PASS_WITH_POLISH -> HOLD,"No critical routing, clipping, eye, or life-stage issue found in the full-size visual pass. Recognizable within the established stylized family language. The portrait relies on a generic torpedo fish. Correct body depth, head/mouth position, dorsal/anal/pectoral fin shape, caudal fin, markings and any diagnostic appendage.",Anchovy.png
fauna,Angelfish,Angelfish,PASS_WITH_POLISH,HOLD,FAIL,PASS_WITH_POLISH -> HOLD,"No critical routing, clipping, eye, or life-stage issue found in the full-size visual pass. Recognizable within the established stylized family language. The portrait relies on a generic torpedo fish. Correct body depth, head/mouth position, dorsal/anal/pectoral fin shape, caudal fin, markings and any diagnostic appendage.",Angelfish.png
fauna,Anglerfish,Anglerfish,PASS_WITH_POLISH,HOLD,FAIL,PASS_WITH_POLISH -> HOLD,"No critical routing, clipping, eye, or life-stage issue found in the full-size visual pass. Recognizable within the established stylized family language. The portrait relies on a generic torpedo fish. Correct body depth, head/mouth position, dorsal/anal/pectoral fin shape, caudal fin, markings and any diagnostic appendage.",Anglerfish.png
fauna,Anole,Anole,PASS_WITH_POLISH,HOLD,FAIL,PASS_WITH_POLISH -> HOLD,"No critical routing, clipping, eye, or life-stage issue found in the full-size visual pass. Recognizable within the established stylized family language. Verify skull/head profile, limb state, body thickness, scale texture, tail and any crest/frill/horn; do not rely on color alone.",Anole.png
fauna,Ant,Ant,PASS_WITH_POLISH,HOLD,FAIL,PASS_WITH_POLISH -> HOLD,"No critical routing, clipping, eye, or life-stage issue found in the full-size visual pass. Recognizable within the established stylized family language. Use correct insect anatomy: distinct head/thorax/abdomen, six articulated legs, correct wing count and attachment, antennae, mouthparts and species-specific shell/body proportions.",Ant.png
fauna,Antelope,Antelope,PASS_WITH_POLISH,HOLD,FAIL,PASS_WITH_POLISH -> HOLD,"No critical routing, clipping, eye, or life-stage issue found in the full-size visual pass. Recognizable within the established stylized family language. The ungulate base is usable, but the named species must have correct horn/antler geometry, neck, shoulder/croup mass, leg length, hooves, head and tail.",Antelope.png
fauna,Aphid,Aphid,PASS_WITH_POLISH,HOLD,FAIL,PASS_WITH_POLISH -> HOLD,"No critical routing, clipping, eye, or life-stage issue found in the full-size visual pass. Recognizable within the established stylized family language. Use correct insect anatomy: distinct head/thorax/abdomen, six articulated legs, correct wing count and attachment, antennae, mouthparts and species-specific shell/body proportions.",Aphid.png
fauna,Arapaima,Arapaima,PASS_WITH_POLISH,HOLD,FAIL,PASS_WITH_POLISH -> HOLD,"No critical routing, clipping, eye, or life-stage issue found in the full-size visual pass. Recognizable within the established stylized family language. The portrait relies on a generic torpedo fish. Correct body depth, head/mouth position, dorsal/anal/pectoral fin shape, caudal fin, markings and any diagnostic appendage.",Arapaima.png
fauna,Archerfish,Archerfish,PASS_WITH_POLISH,HOLD,FAIL,PASS_WITH_POLISH -> HOLD,"No critical routing, clipping, eye, or life-stage issue found in the full-size visual pass. Recognizable within the established stylized family language. Broad family routing may be usable, but Archerfish still needs an unlabeled silhouette check for body plan, head, eyes/sensory structures, appendages and rear/terminal anatomy.",Archerfish.png
fauna,Arctic_Cod,Arctic Cod,PASS_WITH_POLISH,HOLD,FAIL,PASS_WITH_POLISH -> HOLD,"No critical routing, clipping, eye, or life-stage issue found in the full-size visual pass. Recognizable within the established stylized family language. The portrait relies on a generic torpedo fish. Correct body depth, head/mouth position, dorsal/anal/pectoral fin shape, caudal fin, markings and any diagnostic appendage.",Arctic_Cod.png
fauna,Arctic_Fox,Arctic Fox,PASS_WITH_POLISH,HOLD,FAIL,PASS_WITH_POLISH -> HOLD,"No critical routing, clipping, eye, or life-stage issue found in the full-size visual pass. Recognizable within the established stylized family language. The catalog repeatedly uses a deer-like quadruped for canids. Use a deep canine chest, digitigrade paws/hocks, canine skull and muzzle, and a properly furred tail.",Arctic_Fox.png
fauna,Arctic_Hare,Arctic Hare,PASS_WITH_POLISH,HOLD,FAIL,PASS_WITH_POLISH -> HOLD,"No critical routing, clipping, eye, or life-stage issue found in the full-size visual pass. Recognizable within the established stylized family language. Verify rodent/lagomorph skull, incisors/muzzle, fore/hind foot proportions, body posture and tail; several currently inherit the rabbit-like template.",Arctic_Hare.png
fauna,Arowana,Arowana,PASS_WITH_POLISH,HOLD,FAIL,PASS_WITH_POLISH -> HOLD,"Add upturned mouth, long dorsal/anal fins, and larger metallic scales. The portrait relies on a generic torpedo fish. Correct body depth, head/mouth position, dorsal/anal/pectoral fin shape, caudal fin, markings and any diagnostic appendage.",Arowana.png
fauna,Asian_Elephant,Asian Elephant,PASS_WITH_POLISH,HOLD,FAIL,PASS_WITH_POLISH -> HOLD,"Differentiate from African Elephant: smaller rounded ears, domed head, arched back. Use correct insect anatomy: distinct head/thorax/abdomen, six articulated legs, correct wing count and attachment, antennae, mouthparts and species-specific shell/body proportions.",Asian_Elephant.png
fauna,Auk,Auk,PASS_WITH_POLISH,HOLD,FAIL,PASS_WITH_POLISH -> HOLD,"Strengthen compact diving-bird body and short wings. The named bird relies too heavily on the shared side-bird template. Correct the bill, neck, body depth, wing length, leg type, tail and crest/display structures for the species.",Auk.png
fauna,Avocet,Avocet,PASS_WITH_POLISH,HOLD,FAIL,PASS_WITH_POLISH -> HOLD,"Strengthen the signature upcurved bill and long-legged wader posture. Keep the wader family but correct the exact bill geometry, neck length, leg/foot proportions, body depth and tail for the named species.",Avocet.png
fauna,Axolotl,Axolotl,PASS_WITH_POLISH,HOLD,FAIL,PASS_WITH_POLISH -> HOLD,"No critical routing, clipping, eye, or life-stage issue found in the full-size visual pass. Recognizable within the established stylized family language. Broad family routing may be usable, but Axolotl still needs an unlabeled silhouette check for body plan, head, eyes/sensory structures, appendages and rear/terminal anatomy.",Axolotl.png
fauna,Aye-Aye,Aye Aye,PASS_WITH_POLISH,HOLD,FAIL,PASS_WITH_POLISH -> HOLD,"No critical routing, clipping, eye, or life-stage issue found in the full-size visual pass. Recognizable within the established stylized family language. Broad family routing may be usable, but Aye Aye still needs an unlabeled silhouette check for body plan, head, eyes/sensory structures, appendages and rear/terminal anatomy.",Aye-Aye.png
fauna,Baboon,Baboon,PASS_WITH_POLISH,HOLD,FAIL,PASS_WITH_POLISH -> HOLD,"No critical routing, clipping, eye, or life-stage issue found in the full-size visual pass. Recognizable within the established stylized family language. Verify torso posture, arm/leg ratio, hands/feet, face shape and tail state for the named primate.",Baboon.png
fauna,Badger,Badger,PASS_WITH_POLISH,HOLD,FAIL,PASS_WITH_POLISH -> HOLD,"No critical routing, clipping, eye, or life-stage issue found in the full-size visual pass. Recognizable within the established stylized family language. Use the correct low flexible carnivoran torso, pawed limbs, skull/muzzle, and species-specific tail instead of one shared long-body template.",Badger.png
fauna,Banana_Slug,Banana Slug,PASS_WITH_POLISH,HOLD,FAIL,PASS_WITH_POLISH -> HOLD,"No critical routing, clipping, eye, or life-stage issue found in the full-size visual pass. Recognizable within the established stylized family language. Broad family routing may be usable, but Banana Slug still needs an unlabeled silhouette check for body plan, head, eyes/sensory structures, appendages and rear/terminal anatomy.",Banana_Slug.png
fauna,Banteng,Banteng,PASS_WITH_POLISH,HOLD,FAIL,PASS_WITH_POLISH -> HOLD,"No critical routing, clipping, eye, or life-stage issue found in the full-size visual pass. Recognizable within the established stylized family language. The ungulate base is usable, but the named species must have correct horn/antler geometry, neck, shoulder/croup mass, leg length, hooves, head and tail.",Banteng.png
fauna,Barnacle,Barnacle,PASS_WITH_POLISH,HOLD,FAIL,PASS_WITH_POLISH -> HOLD,"No critical routing, clipping, eye, or life-stage issue found in the full-size visual pass. Recognizable within the established stylized family language. Use correct insect anatomy: distinct head/thorax/abdomen, six articulated legs, correct wing count and attachment, antennae, mouthparts and species-specific shell/body proportions.",Barnacle.png
fauna,Barracuda,Barracuda,PASS_WITH_POLISH,HOLD,FAIL,PASS_WITH_POLISH -> HOLD,"No critical routing, clipping, eye, or life-stage issue found in the full-size visual pass. Recognizable within the established stylized family language. The portrait relies on a generic torpedo fish. Correct body depth, head/mouth position, dorsal/anal/pectoral fin shape, caudal fin, markings and any diagnostic appendage.",Barracuda.png
fauna,Bass,Bass,PASS_WITH_POLISH,HOLD,FAIL,PASS_WITH_POLISH -> HOLD,"No critical routing, clipping, eye, or life-stage issue found in the full-size visual pass. Recognizable within the established stylized family language. The portrait relies on a generic torpedo fish. Correct body depth, head/mouth position, dorsal/anal/pectoral fin shape, caudal fin, markings and any diagnostic appendage.",Bass.png
fauna,Bat,Bat,PASS_WITH_POLISH,HOLD,FAIL,PASS_WITH_POLISH -> HOLD,"No critical routing, clipping, eye, or life-stage issue found in the full-size visual pass. Recognizable within the established stylized family language. Broad family routing may be usable, but Bat still needs an unlabeled silhouette check for body plan, head, eyes/sensory structures, appendages and rear/terminal anatomy.",Bat.png
fauna,Beaver,Beaver,PASS_WITH_POLISH,HOLD,FAIL,PASS_WITH_POLISH -> HOLD,"No critical routing, clipping, eye, or life-stage issue found in the full-size visual pass. Recognizable within the established stylized family language. Verify rodent/lagomorph skull, incisors/muzzle, fore/hind foot proportions, body posture and tail; several currently inherit the rabbit-like template.",Beaver.png
fauna,Beetle,Beetle,PASS_WITH_POLISH,HOLD,FAIL,PASS_WITH_POLISH -> HOLD,"No critical routing, clipping, eye, or life-stage issue found in the full-size visual pass. Recognizable within the established stylized family language. Use correct insect anatomy: distinct head/thorax/abdomen, six articulated legs, correct wing count and attachment, antennae, mouthparts and species-specific shell/body proportions.",Beetle.png
fauna,Beluga,Beluga,PASS_WITH_POLISH,HOLD,FAIL,PASS_WITH_POLISH -> HOLD,"No critical routing, clipping, eye, or life-stage issue found in the full-size visual pass. Recognizable within the established stylized family language. Strengthen real marine-mammal proportions: streamlined body, species-correct rostrum/head, dorsal fin placement, pectoral flippers, peduncle and horizontal flukes.",Beluga.png
fauna,Bison,Bison,PASS_WITH_POLISH,HOLD,FAIL,PASS_WITH_POLISH -> HOLD,"Much improved; push one dominant shoulder hump, lower head, and heavier forequarters. The ungulate base is usable, but the named species must have correct horn/antler geometry, neck, shoulder/croup mass, leg length, hooves, head and tail.",Bison.png
fauna,Bittern,Bittern,PASS_WITH_POLISH,HOLD,FAIL,PASS_WITH_POLISH -> HOLD,"Use a long-necked cryptic heron silhouette rather than a generic compact bird. Keep the wader family but correct the exact bill geometry, neck length, leg/foot proportions, body depth and tail for the named species.",Bittern.png
fauna,Blenny,Blenny,PASS_WITH_POLISH,HOLD,FAIL,PASS_WITH_POLISH -> HOLD,"No critical routing, clipping, eye, or life-stage issue found in the full-size visual pass. Recognizable within the established stylized family language. The portrait relies on a generic torpedo fish. Correct body depth, head/mouth position, dorsal/anal/pectoral fin shape, caudal fin, markings and any diagnostic appendage.",Blenny.png
fauna,Blind_Fish,Blind Fish,PASS_WITH_POLISH,HOLD,FAIL,PASS_WITH_POLISH -> HOLD,"No critical routing, clipping, eye, or life-stage issue found in the full-size visual pass. Recognizable within the established stylized family language. The portrait relies on a generic torpedo fish. Correct body depth, head/mouth position, dorsal/anal/pectoral fin shape, caudal fin, markings and any diagnostic appendage.",Blind_Fish.png
fauna,Blind_Salamander,Blind Salamander,PASS_WITH_POLISH,HOLD,FAIL,PASS_WITH_POLISH -> HOLD,"No critical routing, clipping, eye, or life-stage issue found in the full-size visual pass. Recognizable within the established stylized family language. Verify body width, head/mouth, eye placement, fore/hind limb proportions, toes, tail state and skin texture; color alone should not define the species.",Blind_Salamander.png
fauna,Blue_Whale,Blue Whale,PASS_WITH_POLISH,HOLD,FAIL,PASS_WITH_POLISH -> HOLD,"Lengthen and streamline the body; current profile is short and inflated. Strengthen real marine-mammal proportions: streamlined body, species-correct rostrum/head, dorsal fin placement, pectoral flippers, peduncle and horizontal flukes.",Blue_Whale.png
fauna,Boa,Boa,PASS_WITH_POLISH,HOLD,FAIL,PASS_WITH_POLISH -> HOLD,"No critical routing, clipping, eye, or life-stage issue found in the full-size visual pass. Recognizable within the established stylized family language. Verify skull/head profile, limb state, body thickness, scale texture, tail and any crest/frill/horn; do not rely on color alone.",Boa.png
fauna,Bonefish,Bonefish,PASS_WITH_POLISH,HOLD,FAIL,PASS_WITH_POLISH -> HOLD,"No critical routing, clipping, eye, or life-stage issue found in the full-size visual pass. Recognizable within the established stylized family language. The portrait relies on a generic torpedo fish. Correct body depth, head/mouth position, dorsal/anal/pectoral fin shape, caudal fin, markings and any diagnostic appendage.",Bonefish.png
fauna,Bongo,Bongo,PASS_WITH_POLISH,HOLD,FAIL,PASS_WITH_POLISH -> HOLD,"No critical routing, clipping, eye, or life-stage issue found in the full-size visual pass. Recognizable within the established stylized family language. Broad family routing may be usable, but Bongo still needs an unlabeled silhouette check for body plan, head, eyes/sensory structures, appendages and rear/terminal anatomy.",Bongo.png
fauna,Booby,Booby,PASS_WITH_POLISH,HOLD,FAIL,PASS_WITH_POLISH -> HOLD,"Strengthen long pointed bill, streamlined seabird body, and webbed feet. Broad family routing may be usable, but Booby still needs an unlabeled silhouette check for body plan, head, eyes/sensory structures, appendages and rear/terminal anatomy.",Booby.png
fauna,Bowfin,Bowfin,PASS_WITH_POLISH,HOLD,FAIL,PASS_WITH_POLISH -> HOLD,"No critical routing, clipping, eye, or life-stage issue found in the full-size visual pass. Recognizable within the established stylized family language. The portrait relies on a generic torpedo fish. Correct body depth, head/mouth position, dorsal/anal/pectoral fin shape, caudal fin, markings and any diagnostic appendage.",Bowfin.png
fauna,Box_Turtle,Box Turtle,PASS_WITH_POLISH,HOLD,FAIL,PASS_WITH_POLISH -> HOLD,"No critical routing, clipping, eye, or life-stage issue found in the full-size visual pass. Recognizable within the established stylized family language. Use species-correct shell profile, neck/head, limb type (flipper, webbed foot or columnar leg), tail and shell texture rather than one generic turtle.",Box_Turtle.png
fauna,Boxfish,Boxfish,PASS_WITH_POLISH,HOLD,FAIL,PASS_WITH_POLISH -> HOLD,"No critical routing, clipping, eye, or life-stage issue found in the full-size visual pass. Recognizable within the established stylized family language. The portrait relies on a generic torpedo fish. Correct body depth, head/mouth position, dorsal/anal/pectoral fin shape, caudal fin, markings and any diagnostic appendage.",Boxfish.png
fauna,Brine_Shrimp,Brine Shrimp,PASS_WITH_POLISH,HOLD,FAIL,PASS_WITH_POLISH -> HOLD,"No critical routing, clipping, eye, or life-stage issue found in the full-size visual pass. Recognizable within the established stylized family language. Verify segmented carapace, correct leg/claw count, antennae, abdomen/tail fan and the named species’ defining asymmetry or shell form.",Brine_Shrimp.png
fauna,Brittle_Star,Brittle Star,PASS_WITH_POLISH,HOLD,FAIL,PASS_WITH_POLISH -> HOLD,"No critical routing, clipping, eye, or life-stage issue found in the full-size visual pass. Recognizable within the established stylized family language. Broad family routing may be usable, but Brittle Star still needs an unlabeled silhouette check for body plan, head, eyes/sensory structures, appendages and rear/terminal anatomy.",Brittle_Star.png
fauna,Buffalo,Buffalo,PASS_WITH_POLISH,HOLD,FAIL,PASS_WITH_POLISH -> HOLD,"No critical routing, clipping, eye, or life-stage issue found in the full-size visual pass. Recognizable within the established stylized family language. The ungulate base is usable, but the named species must have correct horn/antler geometry, neck, shoulder/croup mass, leg length, hooves, head and tail.",Buffalo.png
fauna,Bullfrog,Bullfrog,PASS_WITH_POLISH,HOLD,FAIL,PASS_WITH_POLISH -> HOLD,"No critical routing, clipping, eye, or life-stage issue found in the full-size visual pass. Recognizable within the established stylized family language. Verify body width, head/mouth, eye placement, fore/hind limb proportions, toes, tail state and skin texture; color alone should not define the species.",Bullfrog.png
fauna,Bustard,Bustard,PASS_WITH_POLISH,HOLD,FAIL,PASS_WITH_POLISH -> HOLD,"No critical routing, clipping, eye, or life-stage issue found in the full-size visual pass. Recognizable within the established stylized family language. Broad family routing may be usable, but Bustard still needs an unlabeled silhouette check for body plan, head, eyes/sensory structures, appendages and rear/terminal anatomy.",Bustard.png
fauna,Caddisfly,Caddisfly,PASS_WITH_POLISH,HOLD,FAIL,PASS_WITH_POLISH -> HOLD,"No critical routing, clipping, eye, or life-stage issue found in the full-size visual pass. Recognizable within the established stylized family language. Use correct insect anatomy: distinct head/thorax/abdomen, six articulated legs, correct wing count and attachment, antennae, mouthparts and species-specific shell/body proportions.",Caddisfly.png
fauna,Caecilian,Caecilian,PASS_WITH_POLISH,HOLD,FAIL,PASS_WITH_POLISH -> HOLD,"No critical routing, clipping, eye, or life-stage issue found in the full-size visual pass. Recognizable within the established stylized family language. Broad family routing may be usable, but Caecilian still needs an unlabeled silhouette check for body plan, head, eyes/sensory structures, appendages and rear/terminal anatomy.",Caecilian.png
fauna,Camel_Spider,Camel Spider,PASS_WITH_POLISH,HOLD,FAIL,PASS_WITH_POLISH -> HOLD,"No critical routing, clipping, eye, or life-stage issue found in the full-size visual pass. Recognizable within the established stylized family language. Use correct insect anatomy: distinct head/thorax/abdomen, six articulated legs, correct wing count and attachment, antennae, mouthparts and species-specific shell/body proportions.",Camel_Spider.png
fauna,Capuchin,Capuchin,PASS_WITH_POLISH,HOLD,FAIL,PASS_WITH_POLISH -> HOLD,"No critical routing, clipping, eye, or life-stage issue found in the full-size visual pass. Recognizable within the established stylized family language. Verify torso posture, arm/leg ratio, hands/feet, face shape and tail state for the named primate.",Capuchin.png
fauna,Capybara,Capybara,PASS_WITH_POLISH,HOLD,FAIL,PASS_WITH_POLISH -> HOLD,"No critical routing, clipping, eye, or life-stage issue found in the full-size visual pass. Recognizable within the established stylized family language. Verify rodent/lagomorph skull, incisors/muzzle, fore/hind foot proportions, body posture and tail; several currently inherit the rabbit-like template.",Capybara.png
fauna,Cardinal,Cardinal,PASS_WITH_POLISH,HOLD,FAIL,PASS_WITH_POLISH -> HOLD,"Add crest and cardinal-specific conical bill. The named bird relies too heavily on the shared side-bird template. Correct the bill, neck, body depth, wing length, leg type, tail and crest/display structures for the species.",Cardinal.png
fauna,Cardinalfish,Cardinalfish,PASS_WITH_POLISH,HOLD,FAIL,PASS_WITH_POLISH -> HOLD,"No critical routing, clipping, eye, or life-stage issue found in the full-size visual pass. Recognizable within the established stylized family language. The portrait relies on a generic torpedo fish. Correct body depth, head/mouth position, dorsal/anal/pectoral fin shape, caudal fin, markings and any diagnostic appendage.",Cardinalfish.png
fauna,Caribou,Caribou,PASS_WITH_POLISH,HOLD,FAIL,PASS_WITH_POLISH -> HOLD,"No critical routing, clipping, eye, or life-stage issue found in the full-size visual pass. Recognizable within the established stylized family language. The ungulate base is usable, but the named species must have correct horn/antler geometry, neck, shoulder/croup mass, leg length, hooves, head and tail.",Caribou.png
fauna,Carp,Carp,PASS_WITH_POLISH,HOLD,FAIL,PASS_WITH_POLISH -> HOLD,"No critical routing, clipping, eye, or life-stage issue found in the full-size visual pass. Recognizable within the established stylized family language. The portrait relies on a generic torpedo fish. Correct body depth, head/mouth position, dorsal/anal/pectoral fin shape, caudal fin, markings and any diagnostic appendage.",Carp.png
fauna,Carrion_Beetle,Carrion Beetle,PASS_WITH_POLISH,HOLD,FAIL,PASS_WITH_POLISH -> HOLD,"No critical routing, clipping, eye, or life-stage issue found in the full-size visual pass. Recognizable within the established stylized family language. Use correct insect anatomy: distinct head/thorax/abdomen, six articulated legs, correct wing count and attachment, antennae, mouthparts and species-specific shell/body proportions.",Carrion_Beetle.png
fauna,Catfish,Catfish,PASS_WITH_POLISH,HOLD,FAIL,PASS_WITH_POLISH -> HOLD,"No critical routing, clipping, eye, or life-stage issue found in the full-size visual pass. Recognizable within the established stylized family language. Broad family routing may be usable, but Catfish still needs an unlabeled silhouette check for body plan, head, eyes/sensory structures, appendages and rear/terminal anatomy.",Catfish.png
fauna,Cave_Fish,Cave Fish,PASS_WITH_POLISH,HOLD,FAIL,PASS_WITH_POLISH -> HOLD,"No critical routing, clipping, eye, or life-stage issue found in the full-size visual pass. Recognizable within the established stylized family language. The portrait relies on a generic torpedo fish. Correct body depth, head/mouth position, dorsal/anal/pectoral fin shape, caudal fin, markings and any diagnostic appendage.",Cave_Fish.png
fauna,Cave_Frog,Cave Frog,PASS_WITH_POLISH,HOLD,FAIL,PASS_WITH_POLISH -> HOLD,"No critical routing, clipping, eye, or life-stage issue found in the full-size visual pass. Recognizable within the established stylized family language. Verify body width, head/mouth, eye placement, fore/hind limb proportions, toes, tail state and skin texture; color alone should not define the species.",Cave_Frog.png
fauna,Cave_Shrimp,Cave Shrimp,PASS_WITH_POLISH,HOLD,FAIL,PASS_WITH_POLISH -> HOLD,"No critical routing, clipping, eye, or life-stage issue found in the full-size visual pass. Recognizable within the established stylized family language. Verify segmented carapace, correct leg/claw count, antennae, abdomen/tail fan and the named species’ defining asymmetry or shell form.",Cave_Shrimp.png
fauna,Cave_Snake,Cave Snake,PASS_WITH_POLISH,HOLD,FAIL,PASS_WITH_POLISH -> HOLD,"No critical routing, clipping, eye, or life-stage issue found in the full-size visual pass. Recognizable within the established stylized family language. Verify skull/head profile, limb state, body thickness, scale texture, tail and any crest/frill/horn; do not rely on color alone.",Cave_Snake.png
fauna,Centipede,Centipede,PASS_WITH_POLISH,HOLD,FAIL,PASS_WITH_POLISH -> HOLD,"No critical routing, clipping, eye, or life-stage issue found in the full-size visual pass. Recognizable within the established stylized family language. Use correct insect anatomy: distinct head/thorax/abdomen, six articulated legs, correct wing count and attachment, antennae, mouthparts and species-specific shell/body proportions.",Centipede.png
fauna,Chameleon,Chameleon,PASS_WITH_POLISH,HOLD,FAIL,PASS_WITH_POLISH -> HOLD,"Strengthen the curled prehensile tail, casque, turreted eye, and grasping feet. Verify skull/head profile, limb state, body thickness, scale texture, tail and any crest/frill/horn; do not rely on color alone.",Chameleon.png
fauna,Char,Char,PASS_WITH_POLISH,HOLD,FAIL,PASS_WITH_POLISH -> HOLD,"No critical routing, clipping, eye, or life-stage issue found in the full-size visual pass. Recognizable within the established stylized family language. The portrait relies on a generic torpedo fish. Correct body depth, head/mouth position, dorsal/anal/pectoral fin shape, caudal fin, markings and any diagnostic appendage.",Char.png
fauna,Chimpanzee,Chimpanzee,PASS_WITH_POLISH,HOLD,FAIL,PASS_WITH_POLISH -> HOLD,"No critical routing, clipping, eye, or life-stage issue found in the full-size visual pass. Recognizable within the established stylized family language. Verify torso posture, arm/leg ratio, hands/feet, face shape and tail state for the named primate.",Chimpanzee.png
fauna,Chipmunk,Chipmunk,PASS_WITH_POLISH,HOLD,FAIL,PASS_WITH_POLISH -> HOLD,"No critical routing, clipping, eye, or life-stage issue found in the full-size visual pass. Recognizable within the established stylized family language. Verify rodent/lagomorph skull, incisors/muzzle, fore/hind foot proportions, body posture and tail; several currently inherit the rabbit-like template.",Chipmunk.png
fauna,Chiton,Chiton,PASS_WITH_POLISH,HOLD,FAIL,PASS_WITH_POLISH -> HOLD,"No critical routing, clipping, eye, or life-stage issue found in the full-size visual pass. Recognizable within the established stylized family language. Broad family routing may be usable, but Chiton still needs an unlabeled silhouette check for body plan, head, eyes/sensory structures, appendages and rear/terminal anatomy.",Chiton.png
fauna,Chough,Chough,PASS_WITH_POLISH,HOLD,FAIL,PASS_WITH_POLISH -> HOLD,"No critical routing, clipping, eye, or life-stage issue found in the full-size visual pass. Recognizable within the established stylized family language. The named bird relies too heavily on the shared side-bird template. Correct the bill, neck, body depth, wing length, leg type, tail and crest/display structures for the species.",Chough.png
fauna,Cichlid,Cichlid,PASS_WITH_POLISH,HOLD,FAIL,PASS_WITH_POLISH -> HOLD,"No critical routing, clipping, eye, or life-stage issue found in the full-size visual pass. Recognizable within the established stylized family language. The portrait relies on a generic torpedo fish. Correct body depth, head/mouth position, dorsal/anal/pectoral fin shape, caudal fin, markings and any diagnostic appendage.",Cichlid.png
fauna,Civet,Civet,PASS_WITH_POLISH,HOLD,FAIL,PASS_WITH_POLISH -> HOLD,"No critical routing, clipping, eye, or life-stage issue found in the full-size visual pass. Recognizable within the established stylized family language. Use the correct low flexible carnivoran torso, pawed limbs, skull/muzzle, and species-specific tail instead of one shared long-body template.",Civet.png
fauna,Clam,Clam,PASS_WITH_POLISH,HOLD,FAIL,PASS_WITH_POLISH -> HOLD,"No critical routing, clipping, eye, or life-stage issue found in the full-size visual pass. Recognizable within the established stylized family language. Broad family routing may be usable, but Clam still needs an unlabeled silhouette check for body plan, head, eyes/sensory structures, appendages and rear/terminal anatomy.",Clam.png
fauna,Clownfish,Clownfish,PASS_WITH_POLISH,HOLD,FAIL,PASS_WITH_POLISH -> HOLD,"No critical routing, clipping, eye, or life-stage issue found in the full-size visual pass. Recognizable within the established stylized family language. The portrait relies on a generic torpedo fish. Correct body depth, head/mouth position, dorsal/anal/pectoral fin shape, caudal fin, markings and any diagnostic appendage.",Clownfish.png
fauna,Coastal_Lizard,Coastal Lizard,PASS_WITH_POLISH,HOLD,FAIL,PASS_WITH_POLISH -> HOLD,"No critical routing, clipping, eye, or life-stage issue found in the full-size visual pass. Recognizable within the established stylized family language. Verify skull/head profile, limb state, body thickness, scale texture, tail and any crest/frill/horn; do not rely on color alone.",Coastal_Lizard.png
fauna,Cobra,Cobra,PASS_WITH_POLISH,HOLD,FAIL,PASS_WITH_POLISH -> HOLD,"No critical routing, clipping, eye, or life-stage issue found in the full-size visual pass. Recognizable within the established stylized family language. Verify skull/head profile, limb state, body thickness, scale texture, tail and any crest/frill/horn; do not rely on color alone.",Cobra.png
fauna,Cockatoo,Cockatoo,PASS_WITH_POLISH,HOLD,FAIL,PASS_WITH_POLISH -> HOLD,"No critical routing, clipping, eye, or life-stage issue found in the full-size visual pass. Recognizable within the established stylized family language. The named bird relies too heavily on the shared side-bird template. Correct the bill, neck, body depth, wing length, leg type, tail and crest/display structures for the species.",Cockatoo.png
fauna,Coconut_Crab,Coconut Crab,PASS_WITH_POLISH,HOLD,FAIL,PASS_WITH_POLISH -> HOLD,"No critical routing, clipping, eye, or life-stage issue found in the full-size visual pass. Recognizable within the established stylized family language. Use correct insect anatomy: distinct head/thorax/abdomen, six articulated legs, correct wing count and attachment, antennae, mouthparts and species-specific shell/body proportions.",Coconut_Crab.png
fauna,Cod,Cod,PASS_WITH_POLISH,HOLD,FAIL,PASS_WITH_POLISH -> HOLD,"No critical routing, clipping, eye, or life-stage issue found in the full-size visual pass. Recognizable within the established stylized family language. The portrait relies on a generic torpedo fish. Correct body depth, head/mouth position, dorsal/anal/pectoral fin shape, caudal fin, markings and any diagnostic appendage.",Cod.png
fauna,Coelacanth,Coelacanth,PASS_WITH_POLISH,HOLD,FAIL,PASS_WITH_POLISH -> HOLD,"No critical routing, clipping, eye, or life-stage issue found in the full-size visual pass. Recognizable within the established stylized family language. The portrait relies on a generic torpedo fish. Correct body depth, head/mouth position, dorsal/anal/pectoral fin shape, caudal fin, markings and any diagnostic appendage.",Coelacanth.png
fauna,Cold-Adapted_Insect,Cold Adapted Insect,PASS_WITH_POLISH,HOLD,FAIL,PASS_WITH_POLISH -> HOLD,"No critical routing, clipping, eye, or life-stage issue found in the full-size visual pass. Recognizable within the established stylized family language. Broad family routing may be usable, but Cold Adapted Insect still needs an unlabeled silhouette check for body plan, head, eyes/sensory structures, appendages and rear/terminal anatomy.",Cold-Adapted_Insect.png
fauna,Cold-Water_Coral,Cold Water Coral,PASS_WITH_POLISH,HOLD,FAIL,PASS_WITH_POLISH -> HOLD,"No critical routing, clipping, eye, or life-stage issue found in the full-size visual pass. Recognizable within the established stylized family language. Broad family routing may be usable, but Cold Water Coral still needs an unlabeled silhouette check for body plan, head, eyes/sensory structures, appendages and rear/terminal anatomy.",Cold-Water_Coral.png
fauna,Cold-Water_Fish,Cold Water Fish,PASS_WITH_POLISH,HOLD,FAIL,PASS_WITH_POLISH -> HOLD,"No critical routing, clipping, eye, or life-stage issue found in the full-size visual pass. Recognizable within the established stylized family language. The portrait relies on a generic torpedo fish. Correct body depth, head/mouth position, dorsal/anal/pectoral fin shape, caudal fin, markings and any diagnostic appendage.",Cold-Water_Fish.png
fauna,Comb_Jelly,Comb Jelly,PASS_WITH_POLISH,HOLD,FAIL,PASS_WITH_POLISH -> HOLD,"No critical routing, clipping, eye, or life-stage issue found in the full-size visual pass. Recognizable within the established stylized family language. Broad family routing may be usable, but Comb Jelly still needs an unlabeled silhouette check for body plan, head, eyes/sensory structures, appendages and rear/terminal anatomy.",Comb_Jelly.png
fauna,Conch,Conch,PASS_WITH_POLISH,HOLD,FAIL,PASS_WITH_POLISH -> HOLD,"No critical routing, clipping, eye, or life-stage issue found in the full-size visual pass. Recognizable within the established stylized family language. Broad family routing may be usable, but Conch still needs an unlabeled silhouette check for body plan, head, eyes/sensory structures, appendages and rear/terminal anatomy.",Conch.png
fauna,Condor,Condor,PASS_WITH_POLISH,HOLD,FAIL,PASS_WITH_POLISH -> HOLD,"No critical routing, clipping, eye, or life-stage issue found in the full-size visual pass. Recognizable within the established stylized family language. Replace the generic compact bird body with species-correct raptor mass, hooked bill, wing proportions, talons, tail and head/crest.",Condor.png
fauna,Coot,Coot,PASS_WITH_POLISH,HOLD,FAIL,PASS_WITH_POLISH -> HOLD,"Add frontal shield and rail-like body/feet. Broad family routing may be usable, but Coot still needs an unlabeled silhouette check for body plan, head, eyes/sensory structures, appendages and rear/terminal anatomy.",Coot.png
fauna,Copepod,Copepod,PASS_WITH_POLISH,HOLD,FAIL,PASS_WITH_POLISH -> HOLD,"No critical routing, clipping, eye, or life-stage issue found in the full-size visual pass. Recognizable within the established stylized family language. Use correct insect anatomy: distinct head/thorax/abdomen, six articulated legs, correct wing count and attachment, antennae, mouthparts and species-specific shell/body proportions.",Copepod.png
fauna,Coral,Coral,PASS_WITH_POLISH,HOLD,FAIL,PASS_WITH_POLISH -> HOLD,"No critical routing, clipping, eye, or life-stage issue found in the full-size visual pass. Recognizable within the established stylized family language. Broad family routing may be usable, but Coral still needs an unlabeled silhouette check for body plan, head, eyes/sensory structures, appendages and rear/terminal anatomy.",Coral.png
fauna,Cormorant,Cormorant,PASS_WITH_POLISH,HOLD,FAIL,PASS_WITH_POLISH -> HOLD,"Add long hooked bill, low aquatic body, and longer tail. Broad family routing may be usable, but Cormorant still needs an unlabeled silhouette check for body plan, head, eyes/sensory structures, appendages and rear/terminal anatomy.",Cormorant.png
fauna,Cottonmouth,Cottonmouth,PASS_WITH_POLISH,HOLD,FAIL,PASS_WITH_POLISH -> HOLD,"No critical routing, clipping, eye, or life-stage issue found in the full-size visual pass. Recognizable within the established stylized family language. Verify skull/head profile, limb state, body thickness, scale texture, tail and any crest/frill/horn; do not rely on color alone.",Cottonmouth.png
fauna,Cow,Cow,PASS_WITH_POLISH,HOLD,FAIL,PASS_WITH_POLISH -> HOLD,"No critical routing, clipping, eye, or life-stage issue found in the full-size visual pass. Recognizable within the established stylized family language. The ungulate base is usable, but the named species must have correct horn/antler geometry, neck, shoulder/croup mass, leg length, hooves, head and tail.",Cow.png
fauna,Cowrie,Cowrie,PASS_WITH_POLISH,HOLD,FAIL,PASS_WITH_POLISH -> HOLD,"No critical routing, clipping, eye, or life-stage issue found in the full-size visual pass. Recognizable within the established stylized family language. Broad family routing may be usable, but Cowrie still needs an unlabeled silhouette check for body plan, head, eyes/sensory structures, appendages and rear/terminal anatomy.",Cowrie.png
fauna,Crab,Crab,PASS_WITH_POLISH,HOLD,FAIL,PASS_WITH_POLISH -> HOLD,"No critical routing, clipping, eye, or life-stage issue found in the full-size visual pass. Recognizable within the established stylized family language. Use correct insect anatomy: distinct head/thorax/abdomen, six articulated legs, correct wing count and attachment, antennae, mouthparts and species-specific shell/body proportions.",Crab.png
fauna,Crane,Crane,PASS_WITH_POLISH,HOLD,FAIL,PASS_WITH_POLISH -> HOLD,"No critical routing, clipping, eye, or life-stage issue found in the full-size visual pass. Recognizable within the established stylized family language. Broad family routing may be usable, but Crane still needs an unlabeled silhouette check for body plan, head, eyes/sensory structures, appendages and rear/terminal anatomy.",Crane.png
fauna,Crayfish,Crayfish,PASS_WITH_POLISH,HOLD,FAIL,PASS_WITH_POLISH -> HOLD,"No critical routing, clipping, eye, or life-stage issue found in the full-size visual pass. Recognizable within the established stylized family language. Use correct insect anatomy: distinct head/thorax/abdomen, six articulated legs, correct wing count and attachment, antennae, mouthparts and species-specific shell/body proportions.",Crayfish.png
fauna,Cricket,Cricket,PASS_WITH_POLISH,HOLD,FAIL,PASS_WITH_POLISH -> HOLD,"No critical routing, clipping, eye, or life-stage issue found in the full-size visual pass. Recognizable within the established stylized family language. Use correct insect anatomy: distinct head/thorax/abdomen, six articulated legs, correct wing count and attachment, antennae, mouthparts and species-specific shell/body proportions.",Cricket.png
fauna,Crow,Crow,PASS_WITH_POLISH,HOLD,FAIL,PASS_WITH_POLISH -> HOLD,"No critical routing, clipping, eye, or life-stage issue found in the full-size visual pass. Recognizable within the established stylized family language. The named bird relies too heavily on the shared side-bird template. Correct the bill, neck, body depth, wing length, leg type, tail and crest/display structures for the species.",Crow.png
fauna,Curlew,Curlew,PASS_WITH_POLISH,HOLD,FAIL,PASS_WITH_POLISH -> HOLD,"Strengthen the long down-curved bill. Keep the wader family but correct the exact bill geometry, neck length, leg/foot proportions, body depth and tail for the named species.",Curlew.png
fauna,Damselfish,Damselfish,PASS_WITH_POLISH,HOLD,FAIL,PASS_WITH_POLISH -> HOLD,"No critical routing, clipping, eye, or life-stage issue found in the full-size visual pass. Recognizable within the established stylized family language. The portrait relies on a generic torpedo fish. Correct body depth, head/mouth position, dorsal/anal/pectoral fin shape, caudal fin, markings and any diagnostic appendage.",Damselfish.png
fauna,Deep-Sea_Fish,Deep Sea Fish,PASS_WITH_POLISH,HOLD,FAIL,PASS_WITH_POLISH -> HOLD,"No critical routing, clipping, eye, or life-stage issue found in the full-size visual pass. Recognizable within the established stylized family language. The portrait relies on a generic torpedo fish. Correct body depth, head/mouth position, dorsal/anal/pectoral fin shape, caudal fin, markings and any diagnostic appendage.",Deep-Sea_Fish.png
fauna,Deep-Sea_Octopus,Deep Sea Octopus,PASS_WITH_POLISH,HOLD,FAIL,PASS_WITH_POLISH -> HOLD,"No critical routing, clipping, eye, or life-stage issue found in the full-size visual pass. Recognizable within the established stylized family language. Verify mantle form, eye/head placement, arm count, feeding tentacles, fin skirt/fins and rear mantle taper for the named cephalopod.",Deep-Sea_Octopus.png
fauna,Deep-Water_Coral,Deep Water Coral,PASS_WITH_POLISH,HOLD,FAIL,PASS_WITH_POLISH -> HOLD,"No critical routing, clipping, eye, or life-stage issue found in the full-size visual pass. Recognizable within the established stylized family language. Broad family routing may be usable, but Deep Water Coral still needs an unlabeled silhouette check for body plan, head, eyes/sensory structures, appendages and rear/terminal anatomy.",Deep-Water_Coral.png
fauna,Deer,Deer,PASS_WITH_POLISH,HOLD,FAIL,PASS_WITH_POLISH -> HOLD,"No critical routing, clipping, eye, or life-stage issue found in the full-size visual pass. Recognizable within the established stylized family language. The ungulate base is usable, but the named species must have correct horn/antler geometry, neck, shoulder/croup mass, leg length, hooves, head and tail.",Deer.png
fauna,Deer_Tick,Deer Tick,PASS_WITH_POLISH,HOLD,FAIL,PASS_WITH_POLISH -> HOLD,"No critical routing, clipping, eye, or life-stage issue found in the full-size visual pass. Recognizable within the established stylized family language. Broad family routing may be usable, but Deer Tick still needs an unlabeled silhouette check for body plan, head, eyes/sensory structures, appendages and rear/terminal anatomy.",Deer_Tick.png
fauna,Desert_Owl,Desert Owl,PASS_WITH_POLISH,HOLD,FAIL,PASS_WITH_POLISH -> HOLD,"No critical routing, clipping, eye, or life-stage issue found in the full-size visual pass. Recognizable within the established stylized family language. Replace the generic compact bird body with species-correct raptor mass, hooked bill, wing proportions, talons, tail and head/crest.",Desert_Owl.png
fauna,Diving_Beetle,Diving Beetle,PASS_WITH_POLISH,HOLD,FAIL,PASS_WITH_POLISH -> HOLD,"No critical routing, clipping, eye, or life-stage issue found in the full-size visual pass. Recognizable within the established stylized family language. Use correct insect anatomy: distinct head/thorax/abdomen, six articulated legs, correct wing count and attachment, antennae, mouthparts and species-specific shell/body proportions.",Diving_Beetle.png
fauna,Dobsonfly,Dobsonfly,PASS_WITH_POLISH,HOLD,FAIL,PASS_WITH_POLISH -> HOLD,"Add clearer adult insect wings and enlarged mandibles where appropriate. Use correct insect anatomy: distinct head/thorax/abdomen, six articulated legs, correct wing count and attachment, antennae, mouthparts and species-specific shell/body proportions.",Dobsonfly.png
fauna,Dolphin,Dolphin,PASS_WITH_POLISH,HOLD,FAIL,PASS_WITH_POLISH -> HOLD,"No critical routing, clipping, eye, or life-stage issue found in the full-size visual pass. Recognizable within the established stylized family language. Strengthen real marine-mammal proportions: streamlined body, species-correct rostrum/head, dorsal fin placement, pectoral flippers, peduncle and horizontal flukes.",Dolphin.png
fauna,Donkey,Donkey,PASS_WITH_POLISH,HOLD,FAIL,PASS_WITH_POLISH -> HOLD,"No critical routing, clipping, eye, or life-stage issue found in the full-size visual pass. Recognizable within the established stylized family language. Use a dedicated equid scaffold: deep barrel torso, withers, sloped shoulder, muscular croup, long wedge-shaped head, articulated knees/hocks/fetlocks, hooves, mane, and flowing or tufted tail.",Donkey.png
fauna,Dove,Dove,PASS_WITH_POLISH,HOLD,FAIL,PASS_WITH_POLISH -> HOLD,"No critical routing, clipping, eye, or life-stage issue found in the full-size visual pass. Recognizable within the established stylized family language. The named bird relies too heavily on the shared side-bird template. Correct the bill, neck, body depth, wing length, leg type, tail and crest/display structures for the species.",Dove.png
fauna,Dragonfish,Dragonfish,PASS_WITH_POLISH,HOLD,FAIL,PASS_WITH_POLISH -> HOLD,"No critical routing, clipping, eye, or life-stage issue found in the full-size visual pass. Recognizable within the established stylized family language. The portrait relies on a generic torpedo fish. Correct body depth, head/mouth position, dorsal/anal/pectoral fin shape, caudal fin, markings and any diagnostic appendage.",Dragonfish.png
fauna,Duck,Duck,PASS_WITH_POLISH,HOLD,FAIL,PASS_WITH_POLISH -> HOLD,"No critical routing, clipping, eye, or life-stage issue found in the full-size visual pass. Recognizable within the established stylized family language. Broad family routing may be usable, but Duck still needs an unlabeled silhouette check for body plan, head, eyes/sensory structures, appendages and rear/terminal anatomy.",Duck.png
fauna,Duiker,Duiker,PASS_WITH_POLISH,HOLD,FAIL,PASS_WITH_POLISH -> HOLD,"No critical routing, clipping, eye, or life-stage issue found in the full-size visual pass. Recognizable within the established stylized family language. Broad family routing may be usable, but Duiker still needs an unlabeled silhouette check for body plan, head, eyes/sensory structures, appendages and rear/terminal anatomy.",Duiker.png
fauna,Dung_Beetle,Dung Beetle,PASS_WITH_POLISH,HOLD,FAIL,PASS_WITH_POLISH -> HOLD,"No critical routing, clipping, eye, or life-stage issue found in the full-size visual pass. Recognizable within the established stylized family language. Use correct insect anatomy: distinct head/thorax/abdomen, six articulated legs, correct wing count and attachment, antennae, mouthparts and species-specific shell/body proportions.",Dung_Beetle.png
fauna,Eagle_Ray,Eagle Ray,PASS_WITH_POLISH,HOLD,FAIL,PASS_WITH_POLISH -> HOLD,"No critical routing, clipping, eye, or life-stage issue found in the full-size visual pass. Recognizable within the established stylized family language. Broad family routing may be usable, but Eagle Ray still needs an unlabeled silhouette check for body plan, head, eyes/sensory structures, appendages and rear/terminal anatomy.",Eagle_Ray.png
fauna,Earthworm,Earthworm,PASS_WITH_POLISH,HOLD,FAIL,PASS_WITH_POLISH -> HOLD,"No critical routing, clipping, eye, or life-stage issue found in the full-size visual pass. Recognizable within the established stylized family language. Broad family routing may be usable, but Earthworm still needs an unlabeled silhouette check for body plan, head, eyes/sensory structures, appendages and rear/terminal anatomy.",Earthworm.png
fauna,Echidna,Echidna,PASS_WITH_POLISH,HOLD,FAIL,PASS_WITH_POLISH -> HOLD,"No critical routing, clipping, eye, or life-stage issue found in the full-size visual pass. Recognizable within the established stylized family language. Broad family routing may be usable, but Echidna still needs an unlabeled silhouette check for body plan, head, eyes/sensory structures, appendages and rear/terminal anatomy.",Echidna.png
fauna,Eel,Eel,PASS_WITH_POLISH,HOLD,FAIL,PASS_WITH_POLISH -> HOLD,"No critical routing, clipping, eye, or life-stage issue found in the full-size visual pass. Recognizable within the established stylized family language. The portrait relies on a generic torpedo fish. Correct body depth, head/mouth position, dorsal/anal/pectoral fin shape, caudal fin, markings and any diagnostic appendage.",Eel.png
fauna,Egret,Egret,PASS_WITH_POLISH,HOLD,FAIL,PASS_WITH_POLISH -> HOLD,"No critical routing, clipping, eye, or life-stage issue found in the full-size visual pass. Recognizable within the established stylized family language. Keep the wader family but correct the exact bill geometry, neck length, leg/foot proportions, body depth and tail for the named species.",Egret.png
fauna,Eider_Duck,Eider Duck,PASS_WITH_POLISH,HOLD,FAIL,PASS_WITH_POLISH -> HOLD,"No critical routing, clipping, eye, or life-stage issue found in the full-size visual pass. Recognizable within the established stylized family language. Broad family routing may be usable, but Eider Duck still needs an unlabeled silhouette check for body plan, head, eyes/sensory structures, appendages and rear/terminal anatomy.",Eider_Duck.png
fauna,Eland,Eland,PASS_WITH_POLISH,HOLD,FAIL,PASS_WITH_POLISH -> HOLD,"No critical routing, clipping, eye, or life-stage issue found in the full-size visual pass. Recognizable within the established stylized family language. The ungulate base is usable, but the named species must have correct horn/antler geometry, neck, shoulder/croup mass, leg length, hooves, head and tail.",Eland.png
fauna,Electric_Eel,Electric Eel,PASS_WITH_POLISH,HOLD,FAIL,PASS_WITH_POLISH -> HOLD,"No critical routing, clipping, eye, or life-stage issue found in the full-size visual pass. Recognizable within the established stylized family language. Broad family routing may be usable, but Electric Eel still needs an unlabeled silhouette check for body plan, head, eyes/sensory structures, appendages and rear/terminal anatomy.",Electric_Eel.png
fauna,Elephant,Elephant,PASS_WITH_POLISH,HOLD,FAIL,PASS_WITH_POLISH -> HOLD,"No critical routing, clipping, eye, or life-stage issue found in the full-size visual pass. Recognizable within the established stylized family language. Use correct insect anatomy: distinct head/thorax/abdomen, six articulated legs, correct wing count and attachment, antennae, mouthparts and species-specific shell/body proportions.",Elephant.png
fauna,Elk,Elk,PASS_WITH_POLISH,HOLD,FAIL,PASS_WITH_POLISH -> HOLD,"No critical routing, clipping, eye, or life-stage issue found in the full-size visual pass. Recognizable within the established stylized family language. The ungulate base is usable, but the named species must have correct horn/antler geometry, neck, shoulder/croup mass, leg length, hooves, head and tail.",Elk.png
fauna,Fairy_Shrimp,Fairy Shrimp,PASS_WITH_POLISH,HOLD,FAIL,PASS_WITH_POLISH -> HOLD,"No critical routing, clipping, eye, or life-stage issue found in the full-size visual pass. Recognizable within the established stylized family language. Verify segmented carapace, correct leg/claw count, antennae, abdomen/tail fan and the named species’ defining asymmetry or shell form.",Fairy_Shrimp.png
fauna,Falcon,Falcon,PASS_WITH_POLISH,HOLD,FAIL,PASS_WITH_POLISH -> HOLD,"No critical routing, clipping, eye, or life-stage issue found in the full-size visual pass. Recognizable within the established stylized family language. Replace the generic compact bird body with species-correct raptor mass, hooked bill, wing proportions, talons, tail and head/crest.",Falcon.png
fauna,Finch,Finch,PASS_WITH_POLISH,HOLD,FAIL,PASS_WITH_POLISH -> HOLD,"No critical routing, clipping, eye, or life-stage issue found in the full-size visual pass. Recognizable within the established stylized family language. The named bird relies too heavily on the shared side-bird template. Correct the bill, neck, body depth, wing length, leg type, tail and crest/display structures for the species.",Finch.png
fauna,Firefly,Firefly,PASS_WITH_POLISH,HOLD,FAIL,PASS_WITH_POLISH -> HOLD,"No critical routing, clipping, eye, or life-stage issue found in the full-size visual pass. Recognizable within the established stylized family language. Use correct insect anatomy: distinct head/thorax/abdomen, six articulated legs, correct wing count and attachment, antennae, mouthparts and species-specific shell/body proportions.",Firefly.png
fauna,Fisher,Fisher,PASS_WITH_POLISH,HOLD,FAIL,PASS_WITH_POLISH -> HOLD,"No critical routing, clipping, eye, or life-stage issue found in the full-size visual pass. Recognizable within the established stylized family language. Use the correct low flexible carnivoran torso, pawed limbs, skull/muzzle, and species-specific tail instead of one shared long-body template.",Fisher.png
fauna,Flamingo,Flamingo,PASS_WITH_POLISH,HOLD,FAIL,PASS_WITH_POLISH -> HOLD,"No critical routing, clipping, eye, or life-stage issue found in the full-size visual pass. Recognizable within the established stylized family language. Keep the wader family but correct the exact bill geometry, neck length, leg/foot proportions, body depth and tail for the named species.",Flamingo.png
fauna,Flatworm,Flatworm,PASS_WITH_POLISH,HOLD,FAIL,PASS_WITH_POLISH -> HOLD,"No critical routing, clipping, eye, or life-stage issue found in the full-size visual pass. Recognizable within the established stylized family language. Broad family routing may be usable, but Flatworm still needs an unlabeled silhouette check for body plan, head, eyes/sensory structures, appendages and rear/terminal anatomy.",Flatworm.png
fauna,Flounder,Flounder,PASS_WITH_POLISH,HOLD,FAIL,PASS_WITH_POLISH -> HOLD,"No critical routing, clipping, eye, or life-stage issue found in the full-size visual pass. Recognizable within the established stylized family language. The portrait relies on a generic torpedo fish. Correct body depth, head/mouth position, dorsal/anal/pectoral fin shape, caudal fin, markings and any diagnostic appendage.",Flounder.png
fauna,Fly,Fly,PASS_WITH_POLISH,HOLD,FAIL,PASS_WITH_POLISH -> HOLD,"No critical routing, clipping, eye, or life-stage issue found in the full-size visual pass. Recognizable within the established stylized family language. Use correct insect anatomy: distinct head/thorax/abdomen, six articulated legs, correct wing count and attachment, antennae, mouthparts and species-specific shell/body proportions.",Fly.png
fauna,Forest_Elephant,Forest Elephant,PASS_WITH_POLISH,HOLD,FAIL,PASS_WITH_POLISH -> HOLD,"No critical routing, clipping, eye, or life-stage issue found in the full-size visual pass. Recognizable within the established stylized family language. Use correct insect anatomy: distinct head/thorax/abdomen, six articulated legs, correct wing count and attachment, antennae, mouthparts and species-specific shell/body proportions.",Forest_Elephant.png
fauna,Freshwater_Crab,Freshwater Crab,PASS_WITH_POLISH,HOLD,FAIL,PASS_WITH_POLISH -> HOLD,"No critical routing, clipping, eye, or life-stage issue found in the full-size visual pass. Recognizable within the established stylized family language. Verify segmented carapace, correct leg/claw count, antennae, abdomen/tail fan and the named species’ defining asymmetry or shell form.",Freshwater_Crab.png
fauna,Freshwater_Shrimp,Freshwater Shrimp,PASS_WITH_POLISH,HOLD,FAIL,PASS_WITH_POLISH -> HOLD,"No critical routing, clipping, eye, or life-stage issue found in the full-size visual pass. Recognizable within the established stylized family language. Verify segmented carapace, correct leg/claw count, antennae, abdomen/tail fan and the named species’ defining asymmetry or shell form.",Freshwater_Shrimp.png
fauna,Freshwater_Snail,Freshwater Snail,PASS_WITH_POLISH,HOLD,FAIL,PASS_WITH_POLISH -> HOLD,"No critical routing, clipping, eye, or life-stage issue found in the full-size visual pass. Recognizable within the established stylized family language. Broad family routing may be usable, but Freshwater Snail still needs an unlabeled silhouette check for body plan, head, eyes/sensory structures, appendages and rear/terminal anatomy.",Freshwater_Snail.png
fauna,Frigatebird,Frigatebird,PASS_WITH_POLISH,HOLD,FAIL,PASS_WITH_POLISH -> HOLD,"Add long angular wings, deeply forked tail, and optional male throat pouch. Broad family routing may be usable, but Frigatebird still needs an unlabeled silhouette check for body plan, head, eyes/sensory structures, appendages and rear/terminal anatomy.",Frigatebird.png
fauna,Frilled_Lizard,Frilled Lizard,PASS_WITH_POLISH,HOLD,FAIL,PASS_WITH_POLISH -> HOLD,"No critical routing, clipping, eye, or life-stage issue found in the full-size visual pass. Recognizable within the established stylized family language. Verify skull/head profile, limb state, body thickness, scale texture, tail and any crest/frill/horn; do not rely on color alone.",Frilled_Lizard.png
fauna,Frog,Frog,PASS_WITH_POLISH,HOLD,FAIL,PASS_WITH_POLISH -> HOLD,"No critical routing, clipping, eye, or life-stage issue found in the full-size visual pass. Recognizable within the established stylized family language. Verify body width, head/mouth, eye placement, fore/hind limb proportions, toes, tail state and skin texture; color alone should not define the species.",Frog.png
fauna,Fruit_Bat,Fruit Bat,PASS_WITH_POLISH,HOLD,FAIL,PASS_WITH_POLISH -> HOLD,"No critical routing, clipping, eye, or life-stage issue found in the full-size visual pass. Recognizable within the established stylized family language. Broad family routing may be usable, but Fruit Bat still needs an unlabeled silhouette check for body plan, head, eyes/sensory structures, appendages and rear/terminal anatomy.",Fruit_Bat.png
fauna,Fur_Seal,Fur Seal,PASS_WITH_POLISH,HOLD,FAIL,PASS_WITH_POLISH -> HOLD,"No critical routing, clipping, eye, or life-stage issue found in the full-size visual pass. Recognizable within the established stylized family language. Strengthen real marine-mammal proportions: streamlined body, species-correct rostrum/head, dorsal fin placement, pectoral flippers, peduncle and horizontal flukes.",Fur_Seal.png
fauna,Gannet,Gannet,PASS_WITH_POLISH,HOLD,FAIL,PASS_WITH_POLISH -> HOLD,"No critical routing, clipping, eye, or life-stage issue found in the full-size visual pass. Recognizable within the established stylized family language. Broad family routing may be usable, but Gannet still needs an unlabeled silhouette check for body plan, head, eyes/sensory structures, appendages and rear/terminal anatomy.",Gannet.png
fauna,Gar,Gar,PASS_WITH_POLISH,HOLD,FAIL,PASS_WITH_POLISH -> HOLD,"No critical routing, clipping, eye, or life-stage issue found in the full-size visual pass. Recognizable within the established stylized family language. The portrait relies on a generic torpedo fish. Correct body depth, head/mouth position, dorsal/anal/pectoral fin shape, caudal fin, markings and any diagnostic appendage.",Gar.png
fauna,Garter_Snake,Garter Snake,PASS_WITH_POLISH,HOLD,FAIL,PASS_WITH_POLISH -> HOLD,"No critical routing, clipping, eye, or life-stage issue found in the full-size visual pass. Recognizable within the established stylized family language. Verify skull/head profile, limb state, body thickness, scale texture, tail and any crest/frill/horn; do not rely on color alone.",Garter_Snake.png
fauna,Gaur,Gaur,PASS_WITH_POLISH,HOLD,FAIL,PASS_WITH_POLISH -> HOLD,"No critical routing, clipping, eye, or life-stage issue found in the full-size visual pass. Recognizable within the established stylized family language. The ungulate base is usable, but the named species must have correct horn/antler geometry, neck, shoulder/croup mass, leg length, hooves, head and tail.",Gaur.png
fauna,Gazelle,Gazelle,PASS_WITH_POLISH,HOLD,FAIL,PASS_WITH_POLISH -> HOLD,"No critical routing, clipping, eye, or life-stage issue found in the full-size visual pass. Recognizable within the established stylized family language. The ungulate base is usable, but the named species must have correct horn/antler geometry, neck, shoulder/croup mass, leg length, hooves, head and tail.",Gazelle.png
fauna,Gecko,Gecko,PASS_WITH_POLISH,HOLD,FAIL,PASS_WITH_POLISH -> HOLD,"No critical routing, clipping, eye, or life-stage issue found in the full-size visual pass. Recognizable within the established stylized family language. Verify skull/head profile, limb state, body thickness, scale texture, tail and any crest/frill/horn; do not rely on color alone.",Gecko.png
fauna,Gerbil,Gerbil,PASS_WITH_POLISH,HOLD,FAIL,PASS_WITH_POLISH -> HOLD,"No critical routing, clipping, eye, or life-stage issue found in the full-size visual pass. Recognizable within the established stylized family language. Verify rodent/lagomorph skull, incisors/muzzle, fore/hind foot proportions, body posture and tail; several currently inherit the rabbit-like template.",Gerbil.png
fauna,Giant_Anteater,Giant Anteater,PASS_WITH_POLISH,HOLD,FAIL,PASS_WITH_POLISH -> HOLD,"No critical routing, clipping, eye, or life-stage issue found in the full-size visual pass. Recognizable within the established stylized family language. Broad family routing may be usable, but Giant Anteater still needs an unlabeled silhouette check for body plan, head, eyes/sensory structures, appendages and rear/terminal anatomy.",Giant_Anteater.png
fauna,Giant_Centipede,Giant Centipede,PASS_WITH_POLISH,HOLD,FAIL,PASS_WITH_POLISH -> HOLD,"No critical routing, clipping, eye, or life-stage issue found in the full-size visual pass. Recognizable within the established stylized family language. Use correct insect anatomy: distinct head/thorax/abdomen, six articulated legs, correct wing count and attachment, antennae, mouthparts and species-specific shell/body proportions.",Giant_Centipede.png
fauna,Giant_Clam,Giant Clam,PASS_WITH_POLISH,HOLD,FAIL,PASS_WITH_POLISH -> HOLD,"No critical routing, clipping, eye, or life-stage issue found in the full-size visual pass. Recognizable within the established stylized family language. Broad family routing may be usable, but Giant Clam still needs an unlabeled silhouette check for body plan, head, eyes/sensory structures, appendages and rear/terminal anatomy.",Giant_Clam.png
fauna,Giant_Octopus,Giant Octopus,PASS_WITH_POLISH,HOLD,FAIL,PASS_WITH_POLISH -> HOLD,"Make all eight arms clearly readable and more irregular; mantle/eye placement can be stronger. Verify mantle form, eye/head placement, arm count, feeding tentacles, fin skirt/fins and rear mantle taper for the named cephalopod.",Giant_Octopus.png
fauna,Giant_Otter,Giant Otter,PASS_WITH_POLISH,HOLD,FAIL,PASS_WITH_POLISH -> HOLD,"No critical routing, clipping, eye, or life-stage issue found in the full-size visual pass. Recognizable within the established stylized family language. Broad family routing may be usable, but Giant Otter still needs an unlabeled silhouette check for body plan, head, eyes/sensory structures, appendages and rear/terminal anatomy.",Giant_Otter.png
fauna,Giant_Salamander,Giant Salamander,PASS_WITH_POLISH,HOLD,FAIL,PASS_WITH_POLISH -> HOLD,"No critical routing, clipping, eye, or life-stage issue found in the full-size visual pass. Recognizable within the established stylized family language. Verify body width, head/mouth, eye placement, fore/hind limb proportions, toes, tail state and skin texture; color alone should not define the species.",Giant_Salamander.png
fauna,Giant_Squid,Giant Squid,PASS_WITH_POLISH,HOLD,FAIL,PASS_WITH_POLISH -> HOLD,"No critical routing, clipping, eye, or life-stage issue found in the full-size visual pass. Recognizable within the established stylized family language. Verify mantle form, eye/head placement, arm count, feeding tentacles, fin skirt/fins and rear mantle taper for the named cephalopod.",Giant_Squid.png
fauna,Giant_Tube_Worm,Giant Tube Worm,PASS_WITH_POLISH,HOLD,FAIL,PASS_WITH_POLISH -> HOLD,"No critical routing, clipping, eye, or life-stage issue found in the full-size visual pass. Recognizable within the established stylized family language. Broad family routing may be usable, but Giant Tube Worm still needs an unlabeled silhouette check for body plan, head, eyes/sensory structures, appendages and rear/terminal anatomy.",Giant_Tube_Worm.png
fauna,Gibbon,Gibbon,PASS_WITH_POLISH,HOLD,FAIL,PASS_WITH_POLISH -> HOLD,"No critical routing, clipping, eye, or life-stage issue found in the full-size visual pass. Recognizable within the established stylized family language. Verify torso posture, arm/leg ratio, hands/feet, face shape and tail state for the named primate.",Gibbon.png
fauna,Gila_Monster,Gila Monster,PASS_WITH_POLISH,HOLD,FAIL,PASS_WITH_POLISH -> HOLD,"No critical routing, clipping, eye, or life-stage issue found in the full-size visual pass. Recognizable within the established stylized family language. Verify skull/head profile, limb state, body thickness, scale texture, tail and any crest/frill/horn; do not rely on color alone.",Gila_Monster.png
fauna,Giraffe,Giraffe,PASS_WITH_POLISH,HOLD,FAIL,PASS_WITH_POLISH -> HOLD,"No critical routing, clipping, eye, or life-stage issue found in the full-size visual pass. Recognizable within the established stylized family language. The ungulate base is usable, but the named species must have correct horn/antler geometry, neck, shoulder/croup mass, leg length, hooves, head and tail.",Giraffe.png
fauna,Glass_Frog,Glass Frog,PASS_WITH_POLISH,HOLD,FAIL,PASS_WITH_POLISH -> HOLD,"Increase belly translucency/internal visibility; current form mainly differs by color. Verify body width, head/mouth, eye placement, fore/hind limb proportions, toes, tail state and skin texture; color alone should not define the species.",Glass_Frog.png
fauna,Goby,Goby,PASS_WITH_POLISH,HOLD,FAIL,PASS_WITH_POLISH -> HOLD,"No critical routing, clipping, eye, or life-stage issue found in the full-size visual pass. Recognizable within the established stylized family language. The portrait relies on a generic torpedo fish. Correct body depth, head/mouth position, dorsal/anal/pectoral fin shape, caudal fin, markings and any diagnostic appendage.",Goby.png
fauna,Godwit,Godwit,PASS_WITH_POLISH,HOLD,FAIL,PASS_WITH_POLISH -> HOLD,"Strengthen the long slightly upturned bill. Keep the wader family but correct the exact bill geometry, neck length, leg/foot proportions, body depth and tail for the named species.",Godwit.png
fauna,Goldfish,Goldfish,PASS_WITH_POLISH,HOLD,FAIL,PASS_WITH_POLISH -> HOLD,"No critical routing, clipping, eye, or life-stage issue found in the full-size visual pass. Recognizable within the established stylized family language. The portrait relies on a generic torpedo fish. Correct body depth, head/mouth position, dorsal/anal/pectoral fin shape, caudal fin, markings and any diagnostic appendage.",Goldfish.png
fauna,Goose,Goose,PASS_WITH_POLISH,HOLD,FAIL,PASS_WITH_POLISH -> HOLD,"No critical routing, clipping, eye, or life-stage issue found in the full-size visual pass. Recognizable within the established stylized family language. Broad family routing may be usable, but Goose still needs an unlabeled silhouette check for body plan, head, eyes/sensory structures, appendages and rear/terminal anatomy.",Goose.png
fauna,Gopher,Gopher,PASS_WITH_POLISH,HOLD,FAIL,PASS_WITH_POLISH -> HOLD,"No critical routing, clipping, eye, or life-stage issue found in the full-size visual pass. Recognizable within the established stylized family language. Verify rodent/lagomorph skull, incisors/muzzle, fore/hind foot proportions, body posture and tail; several currently inherit the rabbit-like template.",Gopher.png
fauna,Gorilla,Gorilla,PASS_WITH_POLISH,HOLD,FAIL,PASS_WITH_POLISH -> HOLD,"No critical routing, clipping, eye, or life-stage issue found in the full-size visual pass. Recognizable within the established stylized family language. Verify torso posture, arm/leg ratio, hands/feet, face shape and tail state for the named primate.",Gorilla.png
fauna,Grass_Snake,Grass Snake,PASS_WITH_POLISH,HOLD,FAIL,PASS_WITH_POLISH -> HOLD,"No critical routing, clipping, eye, or life-stage issue found in the full-size visual pass. Recognizable within the established stylized family language. Verify skull/head profile, limb state, body thickness, scale texture, tail and any crest/frill/horn; do not rely on color alone.",Grass_Snake.png
fauna,Gray_Whale,Gray Whale,PASS_WITH_POLISH,HOLD,FAIL,PASS_WITH_POLISH -> HOLD,"Add a longer mottled body and reduced/absent dorsal fin identity. Strengthen real marine-mammal proportions: streamlined body, species-correct rostrum/head, dorsal fin placement, pectoral flippers, peduncle and horizontal flukes.",Gray_Whale.png
fauna,Grayling,Grayling,PASS_WITH_POLISH,HOLD,FAIL,PASS_WITH_POLISH -> HOLD,"No critical routing, clipping, eye, or life-stage issue found in the full-size visual pass. Recognizable within the established stylized family language. The portrait relies on a generic torpedo fish. Correct body depth, head/mouth position, dorsal/anal/pectoral fin shape, caudal fin, markings and any diagnostic appendage.",Grayling.png
fauna,Great_White_Shark,Great White Shark,PASS_WITH_POLISH,HOLD,FAIL,PASS_WITH_POLISH -> HOLD,"No critical routing, clipping, eye, or life-stage issue found in the full-size visual pass. Recognizable within the established stylized family language. The portrait relies on a generic torpedo fish. Correct body depth, head/mouth position, dorsal/anal/pectoral fin shape, caudal fin, markings and any diagnostic appendage.",Great_White_Shark.png
fauna,Grebe,Grebe,PASS_WITH_POLISH,HOLD,FAIL,PASS_WITH_POLISH -> HOLD,"No critical routing, clipping, eye, or life-stage issue found in the full-size visual pass. Recognizable within the established stylized family language. Broad family routing may be usable, but Grebe still needs an unlabeled silhouette check for body plan, head, eyes/sensory structures, appendages and rear/terminal anatomy.",Grebe.png
fauna,Ground_Squirrel,Ground Squirrel,PASS_WITH_POLISH,HOLD,FAIL,PASS_WITH_POLISH -> HOLD,"No critical routing, clipping, eye, or life-stage issue found in the full-size visual pass. Recognizable within the established stylized family language. Verify rodent/lagomorph skull, incisors/muzzle, fore/hind foot proportions, body posture and tail; several currently inherit the rabbit-like template.",Ground_Squirrel.png
fauna,Grouper,Grouper,PASS_WITH_POLISH,HOLD,FAIL,PASS_WITH_POLISH -> HOLD,"No critical routing, clipping, eye, or life-stage issue found in the full-size visual pass. Recognizable within the established stylized family language. Broad family routing may be usable, but Grouper still needs an unlabeled silhouette check for body plan, head, eyes/sensory structures, appendages and rear/terminal anatomy.",Grouper.png
fauna,Grouse,Grouse,PASS_WITH_POLISH,HOLD,FAIL,PASS_WITH_POLISH -> HOLD,"No critical routing, clipping, eye, or life-stage issue found in the full-size visual pass. Recognizable within the established stylized family language. The named bird relies too heavily on the shared side-bird template. Correct the bill, neck, body depth, wing length, leg type, tail and crest/display structures for the species.",Grouse.png
fauna,Guillemot,Guillemot,PASS_WITH_POLISH,HOLD,FAIL,PASS_WITH_POLISH -> HOLD,"No critical routing, clipping, eye, or life-stage issue found in the full-size visual pass. Recognizable within the established stylized family language. The named bird relies too heavily on the shared side-bird template. Correct the bill, neck, body depth, wing length, leg type, tail and crest/display structures for the species.",Guillemot.png
fauna,Guinea_Pig,Guinea Pig,PASS_WITH_POLISH,HOLD,FAIL,PASS_WITH_POLISH -> HOLD,"No critical routing, clipping, eye, or life-stage issue found in the full-size visual pass. Recognizable within the established stylized family language. Verify rodent/lagomorph skull, incisors/muzzle, fore/hind foot proportions, body posture and tail; several currently inherit the rabbit-like template.",Guinea_Pig.png
fauna,Guineafowl,Guineafowl,PASS_WITH_POLISH,HOLD,FAIL,PASS_WITH_POLISH -> HOLD,"No critical routing, clipping, eye, or life-stage issue found in the full-size visual pass. Recognizable within the established stylized family language. The named bird relies too heavily on the shared side-bird template. Correct the bill, neck, body depth, wing length, leg type, tail and crest/display structures for the species.",Guineafowl.png
fauna,Gull,Gull,PASS_WITH_POLISH,HOLD,FAIL,PASS_WITH_POLISH -> HOLD,"No critical routing, clipping, eye, or life-stage issue found in the full-size visual pass. Recognizable within the established stylized family language. The named bird relies too heavily on the shared side-bird template. Correct the bill, neck, body depth, wing length, leg type, tail and crest/display structures for the species.",Gull.png
fauna,Gulper_Eel,Gulper Eel,PASS_WITH_POLISH,HOLD,FAIL,PASS_WITH_POLISH -> HOLD,"No critical routing, clipping, eye, or life-stage issue found in the full-size visual pass. Recognizable within the established stylized family language. Broad family routing may be usable, but Gulper Eel still needs an unlabeled silhouette check for body plan, head, eyes/sensory structures, appendages and rear/terminal anatomy.",Gulper_Eel.png
fauna,Haddock,Haddock,PASS_WITH_POLISH,HOLD,FAIL,PASS_WITH_POLISH -> HOLD,"No critical routing, clipping, eye, or life-stage issue found in the full-size visual pass. Recognizable within the established stylized family language. The portrait relies on a generic torpedo fish. Correct body depth, head/mouth position, dorsal/anal/pectoral fin shape, caudal fin, markings and any diagnostic appendage.",Haddock.png
fauna,Halibut,Halibut,PASS_WITH_POLISH,HOLD,FAIL,PASS_WITH_POLISH -> HOLD,"No critical routing, clipping, eye, or life-stage issue found in the full-size visual pass. Recognizable within the established stylized family language. The portrait relies on a generic torpedo fish. Correct body depth, head/mouth position, dorsal/anal/pectoral fin shape, caudal fin, markings and any diagnostic appendage.",Halibut.png
fauna,Hamster,Hamster,PASS_WITH_POLISH,HOLD,FAIL,PASS_WITH_POLISH -> HOLD,"No critical routing, clipping, eye, or life-stage issue found in the full-size visual pass. Recognizable within the established stylized family language. Verify rodent/lagomorph skull, incisors/muzzle, fore/hind foot proportions, body posture and tail; several currently inherit the rabbit-like template.",Hamster.png
fauna,Hare,Hare,PASS_WITH_POLISH,HOLD,FAIL,PASS_WITH_POLISH -> HOLD,"No critical routing, clipping, eye, or life-stage issue found in the full-size visual pass. Recognizable within the established stylized family language. Broad family routing may be usable, but Hare still needs an unlabeled silhouette check for body plan, head, eyes/sensory structures, appendages and rear/terminal anatomy.",Hare.png
fauna,Hartebeest,Hartebeest,PASS_WITH_POLISH,HOLD,FAIL,PASS_WITH_POLISH -> HOLD,"No critical routing, clipping, eye, or life-stage issue found in the full-size visual pass. Recognizable within the established stylized family language. The ungulate base is usable, but the named species must have correct horn/antler geometry, neck, shoulder/croup mass, leg length, hooves, head and tail.",Hartebeest.png
fauna,Harvestman,Harvestman,PASS_WITH_POLISH,HOLD,FAIL,PASS_WITH_POLISH -> HOLD,"No critical routing, clipping, eye, or life-stage issue found in the full-size visual pass. Recognizable within the established stylized family language. Use correct insect anatomy: distinct head/thorax/abdomen, six articulated legs, correct wing count and attachment, antennae, mouthparts and species-specific shell/body proportions.",Harvestman.png
fauna,Hawk,Hawk,PASS_WITH_POLISH,HOLD,FAIL,PASS_WITH_POLISH -> HOLD,"No critical routing, clipping, eye, or life-stage issue found in the full-size visual pass. Recognizable within the established stylized family language. Replace the generic compact bird body with species-correct raptor mass, hooked bill, wing proportions, talons, tail and head/crest.",Hawk.png
fauna,Hedgehog,Hedgehog,PASS_WITH_POLISH,HOLD,FAIL,PASS_WITH_POLISH -> HOLD,"No critical routing, clipping, eye, or life-stage issue found in the full-size visual pass. Recognizable within the established stylized family language. Use correct insect anatomy: distinct head/thorax/abdomen, six articulated legs, correct wing count and attachment, antennae, mouthparts and species-specific shell/body proportions.",Hedgehog.png
fauna,Hermit_Crab,Hermit Crab,PASS_WITH_POLISH,HOLD,FAIL,PASS_WITH_POLISH -> HOLD,"No critical routing, clipping, eye, or life-stage issue found in the full-size visual pass. Recognizable within the established stylized family language. Use correct insect anatomy: distinct head/thorax/abdomen, six articulated legs, correct wing count and attachment, antennae, mouthparts and species-specific shell/body proportions.",Hermit_Crab.png
fauna,Heron,Heron,PASS_WITH_POLISH,HOLD,FAIL,PASS_WITH_POLISH -> HOLD,"No critical routing, clipping, eye, or life-stage issue found in the full-size visual pass. Recognizable within the established stylized family language. Keep the wader family but correct the exact bill geometry, neck length, leg/foot proportions, body depth and tail for the named species.",Heron.png
fauna,Herring,Herring,PASS_WITH_POLISH,HOLD,FAIL,PASS_WITH_POLISH -> HOLD,"No critical routing, clipping, eye, or life-stage issue found in the full-size visual pass. Recognizable within the established stylized family language. The portrait relies on a generic torpedo fish. Correct body depth, head/mouth position, dorsal/anal/pectoral fin shape, caudal fin, markings and any diagnostic appendage.",Herring.png
fauna,Hippopotamus,Hippopotamus,PASS_WITH_POLISH,HOLD,FAIL,PASS_WITH_POLISH -> HOLD,"No critical routing, clipping, eye, or life-stage issue found in the full-size visual pass. Recognizable within the established stylized family language. Broad family routing may be usable, but Hippopotamus still needs an unlabeled silhouette check for body plan, head, eyes/sensory structures, appendages and rear/terminal anatomy.",Hippopotamus.png
fauna,Hornbill,Hornbill,PASS_WITH_POLISH,HOLD,FAIL,PASS_WITH_POLISH -> HOLD,"No critical routing, clipping, eye, or life-stage issue found in the full-size visual pass. Recognizable within the established stylized family language. Broad family routing may be usable, but Hornbill still needs an unlabeled silhouette check for body plan, head, eyes/sensory structures, appendages and rear/terminal anatomy.",Hornbill.png
fauna,Howler_Monkey,Howler Monkey,PASS_WITH_POLISH,HOLD,FAIL,PASS_WITH_POLISH -> HOLD,"No critical routing, clipping, eye, or life-stage issue found in the full-size visual pass. Recognizable within the established stylized family language. Verify torso posture, arm/leg ratio, hands/feet, face shape and tail state for the named primate.",Howler_Monkey.png
fauna,Hummingbird,Hummingbird,PASS_WITH_POLISH,HOLD,FAIL,PASS_WITH_POLISH -> HOLD,"No critical routing, clipping, eye, or life-stage issue found in the full-size visual pass. Recognizable within the established stylized family language. Broad family routing may be usable, but Hummingbird still needs an unlabeled silhouette check for body plan, head, eyes/sensory structures, appendages and rear/terminal anatomy.",Hummingbird.png
fauna,Hyrax,Hyrax,PASS_WITH_POLISH,HOLD,FAIL,PASS_WITH_POLISH -> HOLD,"No critical routing, clipping, eye, or life-stage issue found in the full-size visual pass. Recognizable within the established stylized family language. Use correct insect anatomy: distinct head/thorax/abdomen, six articulated legs, correct wing count and attachment, antennae, mouthparts and species-specific shell/body proportions.",Hyrax.png
fauna,Ibex,Ibex,PASS_WITH_POLISH,HOLD,FAIL,PASS_WITH_POLISH -> HOLD,"No critical routing, clipping, eye, or life-stage issue found in the full-size visual pass. Recognizable within the established stylized family language. The ungulate base is usable, but the named species must have correct horn/antler geometry, neck, shoulder/croup mass, leg length, hooves, head and tail.",Ibex.png
fauna,Ibis,Ibis,PASS_WITH_POLISH,HOLD,FAIL,PASS_WITH_POLISH -> HOLD,"Add long down-curved bill and long legs. Keep the wader family but correct the exact bill geometry, neck length, leg/foot proportions, body depth and tail for the named species.",Ibis.png
fauna,Ice_Worm,Ice Worm,PASS_WITH_POLISH,HOLD,FAIL,PASS_WITH_POLISH -> HOLD,"No critical routing, clipping, eye, or life-stage issue found in the full-size visual pass. Recognizable within the established stylized family language. Broad family routing may be usable, but Ice Worm still needs an unlabeled silhouette check for body plan, head, eyes/sensory structures, appendages and rear/terminal anatomy.",Ice_Worm.png
fauna,Icefish,Icefish,PASS_WITH_POLISH,HOLD,FAIL,PASS_WITH_POLISH -> HOLD,"No critical routing, clipping, eye, or life-stage issue found in the full-size visual pass. Recognizable within the established stylized family language. Broad family routing may be usable, but Icefish still needs an unlabeled silhouette check for body plan, head, eyes/sensory structures, appendages and rear/terminal anatomy.",Icefish.png
fauna,Iguana,Iguana,PASS_WITH_POLISH,HOLD,FAIL,PASS_WITH_POLISH -> HOLD,"No critical routing, clipping, eye, or life-stage issue found in the full-size visual pass. Recognizable within the established stylized family language. Verify skull/head profile, limb state, body thickness, scale texture, tail and any crest/frill/horn; do not rely on color alone.",Iguana.png
fauna,Impala,Impala,PASS_WITH_POLISH,HOLD,FAIL,PASS_WITH_POLISH -> HOLD,"No critical routing, clipping, eye, or life-stage issue found in the full-size visual pass. Recognizable within the established stylized family language. The ungulate base is usable, but the named species must have correct horn/antler geometry, neck, shoulder/croup mass, leg length, hooves, head and tail.",Impala.png
fauna,Jackrabbit,Jackrabbit,PASS_WITH_POLISH,HOLD,FAIL,PASS_WITH_POLISH -> HOLD,"No critical routing, clipping, eye, or life-stage issue found in the full-size visual pass. Recognizable within the established stylized family language. Broad family routing may be usable, but Jackrabbit still needs an unlabeled silhouette check for body plan, head, eyes/sensory structures, appendages and rear/terminal anatomy.",Jackrabbit.png
fauna,Jay,Jay,PASS_WITH_POLISH,HOLD,FAIL,PASS_WITH_POLISH -> HOLD,"No critical routing, clipping, eye, or life-stage issue found in the full-size visual pass. Recognizable within the established stylized family language. The named bird relies too heavily on the shared side-bird template. Correct the bill, neck, body depth, wing length, leg type, tail and crest/display structures for the species.",Jay.png
fauna,Jellyfish,Jellyfish,PASS_WITH_POLISH,HOLD,FAIL,PASS_WITH_POLISH -> HOLD,"No critical routing, clipping, eye, or life-stage issue found in the full-size visual pass. Recognizable within the established stylized family language. Broad family routing may be usable, but Jellyfish still needs an unlabeled silhouette check for body plan, head, eyes/sensory structures, appendages and rear/terminal anatomy.",Jellyfish.png
fauna,Jerboa,Jerboa,PASS_WITH_POLISH,HOLD,FAIL,PASS_WITH_POLISH -> HOLD,"No critical routing, clipping, eye, or life-stage issue found in the full-size visual pass. Recognizable within the established stylized family language. Verify rodent/lagomorph skull, incisors/muzzle, fore/hind foot proportions, body posture and tail; several currently inherit the rabbit-like template.",Jerboa.png
fauna,Juvenile_Shark,Juvenile Shark,PASS_WITH_POLISH,HOLD,FAIL,PASS_WITH_POLISH -> HOLD,"No critical routing, clipping, eye, or life-stage issue found in the full-size visual pass. Recognizable within the established stylized family language. The portrait relies on a generic torpedo fish. Correct body depth, head/mouth position, dorsal/anal/pectoral fin shape, caudal fin, markings and any diagnostic appendage.",Juvenile_Shark.png
fauna,Kangaroo,Kangaroo,PASS_WITH_POLISH,HOLD,FAIL,PASS_WITH_POLISH -> HOLD,"No critical routing, clipping, eye, or life-stage issue found in the full-size visual pass. Recognizable within the established stylized family language. Broad family routing may be usable, but Kangaroo still needs an unlabeled silhouette check for body plan, head, eyes/sensory structures, appendages and rear/terminal anatomy.",Kangaroo.png
fauna,Kestrel,Kestrel,PASS_WITH_POLISH,HOLD,FAIL,PASS_WITH_POLISH -> HOLD,"No critical routing, clipping, eye, or life-stage issue found in the full-size visual pass. Recognizable within the established stylized family language. Replace the generic compact bird body with species-correct raptor mass, hooked bill, wing proportions, talons, tail and head/crest.",Kestrel.png
fauna,Killifish,Killifish,PASS_WITH_POLISH,HOLD,FAIL,PASS_WITH_POLISH -> HOLD,"No critical routing, clipping, eye, or life-stage issue found in the full-size visual pass. Recognizable within the established stylized family language. The portrait relies on a generic torpedo fish. Correct body depth, head/mouth position, dorsal/anal/pectoral fin shape, caudal fin, markings and any diagnostic appendage.",Killifish.png
fauna,King_Snake,King Snake,PASS_WITH_POLISH,HOLD,FAIL,PASS_WITH_POLISH -> HOLD,"No critical routing, clipping, eye, or life-stage issue found in the full-size visual pass. Recognizable within the established stylized family language. Verify skull/head profile, limb state, body thickness, scale texture, tail and any crest/frill/horn; do not rely on color alone.",King_Snake.png
fauna,Kingfisher,Kingfisher,PASS_WITH_POLISH,HOLD,FAIL,PASS_WITH_POLISH -> HOLD,"No critical routing, clipping, eye, or life-stage issue found in the full-size visual pass. Recognizable within the established stylized family language. The portrait relies on a generic torpedo fish. Correct body depth, head/mouth position, dorsal/anal/pectoral fin shape, caudal fin, markings and any diagnostic appendage.",Kingfisher.png
fauna,Knifefish,Knifefish,PASS_WITH_POLISH,HOLD,FAIL,PASS_WITH_POLISH -> HOLD,"No critical routing, clipping, eye, or life-stage issue found in the full-size visual pass. Recognizable within the established stylized family language. Broad family routing may be usable, but Knifefish still needs an unlabeled silhouette check for body plan, head, eyes/sensory structures, appendages and rear/terminal anatomy.",Knifefish.png
fauna,Krill,Krill,PASS_WITH_POLISH,HOLD,FAIL,PASS_WITH_POLISH -> HOLD,"No critical routing, clipping, eye, or life-stage issue found in the full-size visual pass. Recognizable within the established stylized family language. Use correct insect anatomy: distinct head/thorax/abdomen, six articulated legs, correct wing count and attachment, antennae, mouthparts and species-specific shell/body proportions.",Krill.png
fauna,Kudu,Kudu,PASS_WITH_POLISH,HOLD,FAIL,PASS_WITH_POLISH -> HOLD,"No critical routing, clipping, eye, or life-stage issue found in the full-size visual pass. Recognizable within the established stylized family language. The ungulate base is usable, but the named species must have correct horn/antler geometry, neck, shoulder/croup mass, leg length, hooves, head and tail.",Kudu.png
fauna,Ladybug,Ladybug,PASS_WITH_POLISH,HOLD,FAIL,PASS_WITH_POLISH -> HOLD,"No critical routing, clipping, eye, or life-stage issue found in the full-size visual pass. Recognizable within the established stylized family language. Use correct insect anatomy: distinct head/thorax/abdomen, six articulated legs, correct wing count and attachment, antennae, mouthparts and species-specific shell/body proportions.",Ladybug.png
fauna,Lancelet,Lancelet,PASS_WITH_POLISH,HOLD,FAIL,PASS_WITH_POLISH -> HOLD,"No critical routing, clipping, eye, or life-stage issue found in the full-size visual pass. Recognizable within the established stylized family language. Broad family routing may be usable, but Lancelet still needs an unlabeled silhouette check for body plan, head, eyes/sensory structures, appendages and rear/terminal anatomy.",Lancelet.png
fauna,Land_Iguana,Land Iguana,PASS_WITH_POLISH,HOLD,FAIL,PASS_WITH_POLISH -> HOLD,"No critical routing, clipping, eye, or life-stage issue found in the full-size visual pass. Recognizable within the established stylized family language. Verify skull/head profile, limb state, body thickness, scale texture, tail and any crest/frill/horn; do not rely on color alone.",Land_Iguana.png
fauna,Land_Snail,Land Snail,PASS_WITH_POLISH,HOLD,FAIL,PASS_WITH_POLISH -> HOLD,"No critical routing, clipping, eye, or life-stage issue found in the full-size visual pass. Recognizable within the established stylized family language. Broad family routing may be usable, but Land Snail still needs an unlabeled silhouette check for body plan, head, eyes/sensory structures, appendages and rear/terminal anatomy.",Land_Snail.png
fauna,Langur,Langur,PASS_WITH_POLISH,HOLD,FAIL,PASS_WITH_POLISH -> HOLD,"No critical routing, clipping, eye, or life-stage issue found in the full-size visual pass. Recognizable within the established stylized family language. Verify torso posture, arm/leg ratio, hands/feet, face shape and tail state for the named primate.",Langur.png
fauna,Lanternfish,Lanternfish,PASS_WITH_POLISH,HOLD,FAIL,PASS_WITH_POLISH -> HOLD,"Add visible photophores and a more characteristic deep-sea head/body. The portrait relies on a generic torpedo fish. Correct body depth, head/mouth position, dorsal/anal/pectoral fin shape, caudal fin, markings and any diagnostic appendage.",Lanternfish.png
fauna,Lark,Lark,PASS_WITH_POLISH,HOLD,FAIL,PASS_WITH_POLISH -> HOLD,"No critical routing, clipping, eye, or life-stage issue found in the full-size visual pass. Recognizable within the established stylized family language. The named bird relies too heavily on the shared side-bird template. Correct the bill, neck, body depth, wing length, leg type, tail and crest/display structures for the species.",Lark.png
fauna,Leafcutter_Ant,Leafcutter Ant,PASS_WITH_POLISH,HOLD,FAIL,PASS_WITH_POLISH -> HOLD,"No critical routing, clipping, eye, or life-stage issue found in the full-size visual pass. Recognizable within the established stylized family language. Use correct insect anatomy: distinct head/thorax/abdomen, six articulated legs, correct wing count and attachment, antennae, mouthparts and species-specific shell/body proportions.",Leafcutter_Ant.png
fauna,Leech,Leech,PASS_WITH_POLISH,HOLD,FAIL,PASS_WITH_POLISH -> HOLD,"No critical routing, clipping, eye, or life-stage issue found in the full-size visual pass. Recognizable within the established stylized family language. Broad family routing may be usable, but Leech still needs an unlabeled silhouette check for body plan, head, eyes/sensory structures, appendages and rear/terminal anatomy.",Leech.png
fauna,Lemming,Lemming,PASS_WITH_POLISH,HOLD,FAIL,PASS_WITH_POLISH -> HOLD,"No critical routing, clipping, eye, or life-stage issue found in the full-size visual pass. Recognizable within the established stylized family language. Verify rodent/lagomorph skull, incisors/muzzle, fore/hind foot proportions, body posture and tail; several currently inherit the rabbit-like template.",Lemming.png
fauna,Lemur,Lemur,PASS_WITH_POLISH,HOLD,FAIL,PASS_WITH_POLISH -> HOLD,"No critical routing, clipping, eye, or life-stage issue found in the full-size visual pass. Recognizable within the established stylized family language. Verify torso posture, arm/leg ratio, hands/feet, face shape and tail state for the named primate.",Lemur.png
fauna,Limpet,Limpet,PASS_WITH_POLISH,HOLD,FAIL,PASS_WITH_POLISH -> HOLD,"No critical routing, clipping, eye, or life-stage issue found in the full-size visual pass. Recognizable within the established stylized family language. Broad family routing may be usable, but Limpet still needs an unlabeled silhouette check for body plan, head, eyes/sensory structures, appendages and rear/terminal anatomy.",Limpet.png
fauna,Lion,Lion,PASS_WITH_POLISH,HOLD,FAIL,PASS_WITH_POLISH -> HOLD,"No critical routing, clipping, eye, or life-stage issue found in the full-size visual pass. Recognizable within the established stylized family language. The catalog repeatedly uses an ungulate-like torso and straight hoof-like legs for felids. Use a feline ribcage/shoulder line, digitigrade legs with paws, feline skull and muzzle, flexible spine, and species-correct tail.",Lion.png
fauna,Lionfish,Lionfish,PASS_WITH_POLISH,HOLD,FAIL,PASS_WITH_POLISH -> HOLD,"Spines are present, but strengthen long dorsal rays, fan fins, and striped body. The portrait relies on a generic torpedo fish. Correct body depth, head/mouth position, dorsal/anal/pectoral fin shape, caudal fin, markings and any diagnostic appendage.",Lionfish.png
fauna,Lizard,Lizard,PASS_WITH_POLISH,HOLD,FAIL,PASS_WITH_POLISH -> HOLD,"No critical routing, clipping, eye, or life-stage issue found in the full-size visual pass. Recognizable within the established stylized family language. Verify skull/head profile, limb state, body thickness, scale texture, tail and any crest/frill/horn; do not rely on color alone.",Lizard.png
fauna,Llama,Llama,PASS_WITH_POLISH,HOLD,FAIL,PASS_WITH_POLISH -> HOLD,"No critical routing, clipping, eye, or life-stage issue found in the full-size visual pass. Recognizable within the established stylized family language. Current forms read as deer with humps. Build a camelid neck/chest, padded two-toed feet, long camelid head, integrated hump anatomy, and species-correct coat/tail.",Llama.png
fauna,Loon,Loon,PASS_WITH_POLISH,HOLD,FAIL,PASS_WITH_POLISH -> HOLD,"No critical routing, clipping, eye, or life-stage issue found in the full-size visual pass. Recognizable within the established stylized family language. Broad family routing may be usable, but Loon still needs an unlabeled silhouette check for body plan, head, eyes/sensory structures, appendages and rear/terminal anatomy.",Loon.png
fauna,Lungfish,Lungfish,PASS_WITH_POLISH,HOLD,FAIL,PASS_WITH_POLISH -> HOLD,"No critical routing, clipping, eye, or life-stage issue found in the full-size visual pass. Recognizable within the established stylized family language. The portrait relies on a generic torpedo fish. Correct body depth, head/mouth position, dorsal/anal/pectoral fin shape, caudal fin, markings and any diagnostic appendage.",Lungfish.png
fauna,Macaque,Macaque,PASS_WITH_POLISH,HOLD,FAIL,PASS_WITH_POLISH -> HOLD,"No critical routing, clipping, eye, or life-stage issue found in the full-size visual pass. Recognizable within the established stylized family language. Verify torso posture, arm/leg ratio, hands/feet, face shape and tail state for the named primate.",Macaque.png
fauna,Mackerel,Mackerel,PASS_WITH_POLISH,HOLD,FAIL,PASS_WITH_POLISH -> HOLD,"No critical routing, clipping, eye, or life-stage issue found in the full-size visual pass. Recognizable within the established stylized family language. The portrait relies on a generic torpedo fish. Correct body depth, head/mouth position, dorsal/anal/pectoral fin shape, caudal fin, markings and any diagnostic appendage.",Mackerel.png
fauna,Magpie,Magpie,PASS_WITH_POLISH,HOLD,FAIL,PASS_WITH_POLISH -> HOLD,"No critical routing, clipping, eye, or life-stage issue found in the full-size visual pass. Recognizable within the established stylized family language. The named bird relies too heavily on the shared side-bird template. Correct the bill, neck, body depth, wing length, leg type, tail and crest/display structures for the species.",Magpie.png
fauna,Mahi-Mahi,Mahi Mahi,PASS_WITH_POLISH,HOLD,FAIL,PASS_WITH_POLISH -> HOLD,"No critical routing, clipping, eye, or life-stage issue found in the full-size visual pass. Recognizable within the established stylized family language. Broad family routing may be usable, but Mahi Mahi still needs an unlabeled silhouette check for body plan, head, eyes/sensory structures, appendages and rear/terminal anatomy.",Mahi-Mahi.png
fauna,Mako_Shark,Mako Shark,PASS_WITH_POLISH,HOLD,FAIL,PASS_WITH_POLISH -> HOLD,"No critical routing, clipping, eye, or life-stage issue found in the full-size visual pass. Recognizable within the established stylized family language. The portrait relies on a generic torpedo fish. Correct body depth, head/mouth position, dorsal/anal/pectoral fin shape, caudal fin, markings and any diagnostic appendage.",Mako_Shark.png
fauna,Mamba,Mamba,PASS_WITH_POLISH,HOLD,FAIL,PASS_WITH_POLISH -> HOLD,"No critical routing, clipping, eye, or life-stage issue found in the full-size visual pass. Recognizable within the established stylized family language. Verify skull/head profile, limb state, body thickness, scale texture, tail and any crest/frill/horn; do not rely on color alone.",Mamba.png
fauna,Mandrill,Mandrill,PASS_WITH_POLISH,HOLD,FAIL,PASS_WITH_POLISH -> HOLD,"No critical routing, clipping, eye, or life-stage issue found in the full-size visual pass. Recognizable within the established stylized family language. Verify torso posture, arm/leg ratio, hands/feet, face shape and tail state for the named primate.",Mandrill.png
fauna,Maned_Wolf,Maned Wolf,PASS_WITH_POLISH,HOLD,FAIL,PASS_WITH_POLISH -> HOLD,"No critical routing, clipping, eye, or life-stage issue found in the full-size visual pass. Recognizable within the established stylized family language. The catalog repeatedly uses a deer-like quadruped for canids. Use a deep canine chest, digitigrade paws/hocks, canine skull and muzzle, and a properly furred tail.",Maned_Wolf.png
fauna,Manta_Ray,Manta Ray,PASS_WITH_POLISH,HOLD,FAIL,PASS_WITH_POLISH -> HOLD,"No critical routing, clipping, eye, or life-stage issue found in the full-size visual pass. Recognizable within the established stylized family language. Broad family routing may be usable, but Manta Ray still needs an unlabeled silhouette check for body plan, head, eyes/sensory structures, appendages and rear/terminal anatomy.",Manta_Ray.png
fauna,Mara,Mara,PASS_WITH_POLISH,HOLD,FAIL,PASS_WITH_POLISH -> HOLD,"No critical routing, clipping, eye, or life-stage issue found in the full-size visual pass. Recognizable within the established stylized family language. Verify rodent/lagomorph skull, incisors/muzzle, fore/hind foot proportions, body posture and tail; several currently inherit the rabbit-like template.",Mara.png
fauna,Marine_Iguana,Marine Iguana,PASS_WITH_POLISH,HOLD,FAIL,PASS_WITH_POLISH -> HOLD,"No critical routing, clipping, eye, or life-stage issue found in the full-size visual pass. Recognizable within the established stylized family language. Verify skull/head profile, limb state, body thickness, scale texture, tail and any crest/frill/horn; do not rely on color alone.",Marine_Iguana.png
fauna,Marine_Worm,Marine Worm,PASS_WITH_POLISH,HOLD,FAIL,PASS_WITH_POLISH -> HOLD,"No critical routing, clipping, eye, or life-stage issue found in the full-size visual pass. Recognizable within the established stylized family language. Broad family routing may be usable, but Marine Worm still needs an unlabeled silhouette check for body plan, head, eyes/sensory structures, appendages and rear/terminal anatomy.",Marine_Worm.png
fauna,Marlin,Marlin,PASS_WITH_POLISH,HOLD,FAIL,PASS_WITH_POLISH -> HOLD,"No critical routing, clipping, eye, or life-stage issue found in the full-size visual pass. Recognizable within the established stylized family language. The portrait relies on a generic torpedo fish. Correct body depth, head/mouth position, dorsal/anal/pectoral fin shape, caudal fin, markings and any diagnostic appendage.",Marlin.png
fauna,Marmoset,Marmoset,PASS_WITH_POLISH,HOLD,FAIL,PASS_WITH_POLISH -> HOLD,"No critical routing, clipping, eye, or life-stage issue found in the full-size visual pass. Recognizable within the established stylized family language. Verify torso posture, arm/leg ratio, hands/feet, face shape and tail state for the named primate.",Marmoset.png
fauna,Marmot,Marmot,PASS_WITH_POLISH,HOLD,FAIL,PASS_WITH_POLISH -> HOLD,"No critical routing, clipping, eye, or life-stage issue found in the full-size visual pass. Recognizable within the established stylized family language. Verify rodent/lagomorph skull, incisors/muzzle, fore/hind foot proportions, body posture and tail; several currently inherit the rabbit-like template.",Marmot.png
fauna,Marsh_Rodent,Marsh Rodent,PASS_WITH_POLISH,HOLD,FAIL,PASS_WITH_POLISH -> HOLD,"No critical routing, clipping, eye, or life-stage issue found in the full-size visual pass. Recognizable within the established stylized family language. Broad family routing may be usable, but Marsh Rodent still needs an unlabeled silhouette check for body plan, head, eyes/sensory structures, appendages and rear/terminal anatomy.",Marsh_Rodent.png
fauna,Marten,Marten,PASS_WITH_POLISH,HOLD,FAIL,PASS_WITH_POLISH -> HOLD,"No critical routing, clipping, eye, or life-stage issue found in the full-size visual pass. Recognizable within the established stylized family language. Use the correct low flexible carnivoran torso, pawed limbs, skull/muzzle, and species-specific tail instead of one shared long-body template.",Marten.png
fauna,Mayfly,Mayfly,PASS_WITH_POLISH,HOLD,FAIL,PASS_WITH_POLISH -> HOLD,"No critical routing, clipping, eye, or life-stage issue found in the full-size visual pass. Recognizable within the established stylized family language. Use correct insect anatomy: distinct head/thorax/abdomen, six articulated legs, correct wing count and attachment, antennae, mouthparts and species-specific shell/body proportions.",Mayfly.png
fauna,Millipede,Millipede,PASS_WITH_POLISH,HOLD,FAIL,PASS_WITH_POLISH -> HOLD,"No critical routing, clipping, eye, or life-stage issue found in the full-size visual pass. Recognizable within the established stylized family language. Use correct insect anatomy: distinct head/thorax/abdomen, six articulated legs, correct wing count and attachment, antennae, mouthparts and species-specific shell/body proportions.",Millipede.png
fauna,Mink,Mink,PASS_WITH_POLISH,HOLD,FAIL,PASS_WITH_POLISH -> HOLD,"No critical routing, clipping, eye, or life-stage issue found in the full-size visual pass. Recognizable within the established stylized family language. Use the correct low flexible carnivoran torso, pawed limbs, skull/muzzle, and species-specific tail instead of one shared long-body template.",Mink.png
fauna,Minnow,Minnow,PASS_WITH_POLISH,HOLD,FAIL,PASS_WITH_POLISH -> HOLD,"No critical routing, clipping, eye, or life-stage issue found in the full-size visual pass. Recognizable within the established stylized family language. The portrait relies on a generic torpedo fish. Correct body depth, head/mouth position, dorsal/anal/pectoral fin shape, caudal fin, markings and any diagnostic appendage.",Minnow.png
fauna,Mite,Mite,PASS_WITH_POLISH,HOLD,FAIL,PASS_WITH_POLISH -> HOLD,"No critical routing, clipping, eye, or life-stage issue found in the full-size visual pass. Recognizable within the established stylized family language. Use correct insect anatomy: distinct head/thorax/abdomen, six articulated legs, correct wing count and attachment, antennae, mouthparts and species-specific shell/body proportions.",Mite.png
fauna,Mongoose,Mongoose,PASS_WITH_POLISH,HOLD,FAIL,PASS_WITH_POLISH -> HOLD,"No critical routing, clipping, eye, or life-stage issue found in the full-size visual pass. Recognizable within the established stylized family language. Use the correct low flexible carnivoran torso, pawed limbs, skull/muzzle, and species-specific tail instead of one shared long-body template.",Mongoose.png
fauna,Monitor_Lizard,Monitor Lizard,PASS_WITH_POLISH,HOLD,FAIL,PASS_WITH_POLISH -> HOLD,"No critical routing, clipping, eye, or life-stage issue found in the full-size visual pass. Recognizable within the established stylized family language. Verify skull/head profile, limb state, body thickness, scale texture, tail and any crest/frill/horn; do not rely on color alone.",Monitor_Lizard.png
fauna,Monkey,Monkey,PASS_WITH_POLISH,HOLD,FAIL,PASS_WITH_POLISH -> HOLD,"No critical routing, clipping, eye, or life-stage issue found in the full-size visual pass. Recognizable within the established stylized family language. Verify torso posture, arm/leg ratio, hands/feet, face shape and tail state for the named primate.",Monkey.png
fauna,Monkfish,Monkfish,PASS_WITH_POLISH,HOLD,FAIL,PASS_WITH_POLISH -> HOLD,"No critical routing, clipping, eye, or life-stage issue found in the full-size visual pass. Recognizable within the established stylized family language. The portrait relies on a generic torpedo fish. Correct body depth, head/mouth position, dorsal/anal/pectoral fin shape, caudal fin, markings and any diagnostic appendage.",Monkfish.png
fauna,Moorhen,Moorhen,PASS_WITH_POLISH,HOLD,FAIL,PASS_WITH_POLISH -> HOLD,"No critical routing, clipping, eye, or life-stage issue found in the full-size visual pass. Recognizable within the established stylized family language. Broad family routing may be usable, but Moorhen still needs an unlabeled silhouette check for body plan, head, eyes/sensory structures, appendages and rear/terminal anatomy.",Moorhen.png
fauna,Moose,Moose,PASS_WITH_POLISH,HOLD,FAIL,PASS_WITH_POLISH -> HOLD,"Antlers are present; make them broader/palmate and increase muzzle/shoulder mass. The ungulate base is usable, but the named species must have correct horn/antler geometry, neck, shoulder/croup mass, leg length, hooves, head and tail.",Moose.png
fauna,Moray_Eel,Moray Eel,PASS_WITH_POLISH,HOLD,FAIL,PASS_WITH_POLISH -> HOLD,"No critical routing, clipping, eye, or life-stage issue found in the full-size visual pass. Recognizable within the established stylized family language. Broad family routing may be usable, but Moray Eel still needs an unlabeled silhouette check for body plan, head, eyes/sensory structures, appendages and rear/terminal anatomy.",Moray_Eel.png
fauna,Moth,Moth,PASS_WITH_POLISH,HOLD,FAIL,PASS_WITH_POLISH -> HOLD,"No critical routing, clipping, eye, or life-stage issue found in the full-size visual pass. Recognizable within the established stylized family language. Use correct insect anatomy: distinct head/thorax/abdomen, six articulated legs, correct wing count and attachment, antennae, mouthparts and species-specific shell/body proportions.",Moth.png
fauna,Mountain_Goat,Mountain Goat,PASS_WITH_POLISH,HOLD,FAIL,PASS_WITH_POLISH -> HOLD,"No critical routing, clipping, eye, or life-stage issue found in the full-size visual pass. Recognizable within the established stylized family language. Broad family routing may be usable, but Mountain Goat still needs an unlabeled silhouette check for body plan, head, eyes/sensory structures, appendages and rear/terminal anatomy.",Mountain_Goat.png
fauna,Mountain_Lizard,Mountain Lizard,PASS_WITH_POLISH,HOLD,FAIL,PASS_WITH_POLISH -> HOLD,"No critical routing, clipping, eye, or life-stage issue found in the full-size visual pass. Recognizable within the established stylized family language. Verify skull/head profile, limb state, body thickness, scale texture, tail and any crest/frill/horn; do not rely on color alone.",Mountain_Lizard.png
fauna,Mountain_Tapir,Mountain Tapir,PASS_WITH_POLISH,HOLD,FAIL,PASS_WITH_POLISH -> HOLD,"No critical routing, clipping, eye, or life-stage issue found in the full-size visual pass. Recognizable within the established stylized family language. Broad family routing may be usable, but Mountain Tapir still needs an unlabeled silhouette check for body plan, head, eyes/sensory structures, appendages and rear/terminal anatomy.",Mountain_Tapir.png
fauna,Mountain_Viper,Mountain Viper,PASS_WITH_POLISH,HOLD,FAIL,PASS_WITH_POLISH -> HOLD,"No critical routing, clipping, eye, or life-stage issue found in the full-size visual pass. Recognizable within the established stylized family language. Verify skull/head profile, limb state, body thickness, scale texture, tail and any crest/frill/horn; do not rely on color alone.",Mountain_Viper.png
fauna,Mouse,Mouse,PASS_WITH_POLISH,HOLD,FAIL,PASS_WITH_POLISH -> HOLD,"No critical routing, clipping, eye, or life-stage issue found in the full-size visual pass. Recognizable within the established stylized family language. Verify rodent/lagomorph skull, incisors/muzzle, fore/hind foot proportions, body posture and tail; several currently inherit the rabbit-like template.",Mouse.png
fauna,Mud_Crab,Mud Crab,PASS_WITH_POLISH,HOLD,FAIL,PASS_WITH_POLISH -> HOLD,"No critical routing, clipping, eye, or life-stage issue found in the full-size visual pass. Recognizable within the established stylized family language. Verify segmented carapace, correct leg/claw count, antennae, abdomen/tail fan and the named species’ defining asymmetry or shell form.",Mud_Crab.png
fauna,Mudminnow,Mudminnow,PASS_WITH_POLISH,HOLD,FAIL,PASS_WITH_POLISH -> HOLD,"No critical routing, clipping, eye, or life-stage issue found in the full-size visual pass. Recognizable within the established stylized family language. Broad family routing may be usable, but Mudminnow still needs an unlabeled silhouette check for body plan, head, eyes/sensory structures, appendages and rear/terminal anatomy.",Mudminnow.png
fauna,Mullet,Mullet,PASS_WITH_POLISH,HOLD,FAIL,PASS_WITH_POLISH -> HOLD,"No critical routing, clipping, eye, or life-stage issue found in the full-size visual pass. Recognizable within the established stylized family language. The portrait relies on a generic torpedo fish. Correct body depth, head/mouth position, dorsal/anal/pectoral fin shape, caudal fin, markings and any diagnostic appendage.",Mullet.png
fauna,Musk_Ox,Musk Ox,PASS_WITH_POLISH,HOLD,FAIL,PASS_WITH_POLISH -> HOLD,"No critical routing, clipping, eye, or life-stage issue found in the full-size visual pass. Recognizable within the established stylized family language. The ungulate base is usable, but the named species must have correct horn/antler geometry, neck, shoulder/croup mass, leg length, hooves, head and tail.",Musk_Ox.png
fauna,Mussel,Mussel,PASS_WITH_POLISH,HOLD,FAIL,PASS_WITH_POLISH -> HOLD,"No critical routing, clipping, eye, or life-stage issue found in the full-size visual pass. Recognizable within the established stylized family language. Broad family routing may be usable, but Mussel still needs an unlabeled silhouette check for body plan, head, eyes/sensory structures, appendages and rear/terminal anatomy.",Mussel.png
fauna,Nautilus,Nautilus,PASS_WITH_POLISH,HOLD,FAIL,PASS_WITH_POLISH -> HOLD,"No critical routing, clipping, eye, or life-stage issue found in the full-size visual pass. Recognizable within the established stylized family language. Verify mantle form, eye/head placement, arm count, feeding tentacles, fin skirt/fins and rear mantle taper for the named cephalopod.",Nautilus.png
fauna,Newt,Newt,PASS_WITH_POLISH,HOLD,FAIL,PASS_WITH_POLISH -> HOLD,"No critical routing, clipping, eye, or life-stage issue found in the full-size visual pass. Recognizable within the established stylized family language. Broad family routing may be usable, but Newt still needs an unlabeled silhouette check for body plan, head, eyes/sensory structures, appendages and rear/terminal anatomy.",Newt.png
fauna,Nudibranch,Nudibranch,PASS_WITH_POLISH,HOLD,FAIL,PASS_WITH_POLISH -> HOLD,"No critical routing, clipping, eye, or life-stage issue found in the full-size visual pass. Recognizable within the established stylized family language. Broad family routing may be usable, but Nudibranch still needs an unlabeled silhouette check for body plan, head, eyes/sensory structures, appendages and rear/terminal anatomy.",Nudibranch.png
fauna,Oarfish,Oarfish,PASS_WITH_POLISH,HOLD,FAIL,PASS_WITH_POLISH -> HOLD,"No critical routing, clipping, eye, or life-stage issue found in the full-size visual pass. Recognizable within the established stylized family language. The portrait relies on a generic torpedo fish. Correct body depth, head/mouth position, dorsal/anal/pectoral fin shape, caudal fin, markings and any diagnostic appendage.",Oarfish.png
fauna,Ocean_Sunfish,Ocean Sunfish,PASS_WITH_POLISH,HOLD,FAIL,PASS_WITH_POLISH -> HOLD,"Broad truncated body reads; enlarge dorsal/anal fins and reduce tail. Broad family routing may be usable, but Ocean Sunfish still needs an unlabeled silhouette check for body plan, head, eyes/sensory structures, appendages and rear/terminal anatomy.",Ocean_Sunfish.png
fauna,Octopus,Octopus,PASS_WITH_POLISH,HOLD,FAIL,PASS_WITH_POLISH -> HOLD,"No critical routing, clipping, eye, or life-stage issue found in the full-size visual pass. Recognizable within the established stylized family language. Verify mantle form, eye/head placement, arm count, feeding tentacles, fin skirt/fins and rear mantle taper for the named cephalopod.",Octopus.png
fauna,Okapi,Okapi,PASS_WITH_POLISH,HOLD,FAIL,PASS_WITH_POLISH -> HOLD,"No critical routing, clipping, eye, or life-stage issue found in the full-size visual pass. Recognizable within the established stylized family language. The ungulate base is usable, but the named species must have correct horn/antler geometry, neck, shoulder/croup mass, leg length, hooves, head and tail.",Okapi.png
fauna,Olm,Olm,PASS_WITH_POLISH,HOLD,FAIL,PASS_WITH_POLISH -> HOLD,"No critical routing, clipping, eye, or life-stage issue found in the full-size visual pass. Recognizable within the established stylized family language. Broad family routing may be usable, but Olm still needs an unlabeled silhouette check for body plan, head, eyes/sensory structures, appendages and rear/terminal anatomy.",Olm.png
fauna,Orangutan,Orangutan,PASS_WITH_POLISH,HOLD,FAIL,PASS_WITH_POLISH -> HOLD,"No critical routing, clipping, eye, or life-stage issue found in the full-size visual pass. Recognizable within the established stylized family language. Verify torso posture, arm/leg ratio, hands/feet, face shape and tail state for the named primate.",Orangutan.png
fauna,Oryx,Oryx,PASS_WITH_POLISH,HOLD,FAIL,PASS_WITH_POLISH -> HOLD,"No critical routing, clipping, eye, or life-stage issue found in the full-size visual pass. Recognizable within the established stylized family language. The ungulate base is usable, but the named species must have correct horn/antler geometry, neck, shoulder/croup mass, leg length, hooves, head and tail.",Oryx.png
fauna,Osprey,Osprey,PASS_WITH_POLISH,HOLD,FAIL,PASS_WITH_POLISH -> HOLD,"No critical routing, clipping, eye, or life-stage issue found in the full-size visual pass. Recognizable within the established stylized family language. Replace the generic compact bird body with species-correct raptor mass, hooked bill, wing proportions, talons, tail and head/crest.",Osprey.png
fauna,Otter,Otter,PASS_WITH_POLISH,HOLD,FAIL,PASS_WITH_POLISH -> HOLD,"No critical routing, clipping, eye, or life-stage issue found in the full-size visual pass. Recognizable within the established stylized family language. Use the correct low flexible carnivoran torso, pawed limbs, skull/muzzle, and species-specific tail instead of one shared long-body template.",Otter.png
fauna,Owl,Owl,PASS_WITH_POLISH,HOLD,FAIL,PASS_WITH_POLISH -> HOLD,"No critical routing, clipping, eye, or life-stage issue found in the full-size visual pass. Recognizable within the established stylized family language. Replace the generic compact bird body with species-correct raptor mass, hooked bill, wing proportions, talons, tail and head/crest.",Owl.png
fauna,Oyster,Oyster,PASS_WITH_POLISH,HOLD,FAIL,PASS_WITH_POLISH -> HOLD,"No critical routing, clipping, eye, or life-stage issue found in the full-size visual pass. Recognizable within the established stylized family language. Broad family routing may be usable, but Oyster still needs an unlabeled silhouette check for body plan, head, eyes/sensory structures, appendages and rear/terminal anatomy.",Oyster.png
fauna,Oystercatcher,Oystercatcher,PASS_WITH_POLISH,HOLD,FAIL,PASS_WITH_POLISH -> HOLD,"Use a long bright bill and black/white shorebird body. Keep the wader family but correct the exact bill geometry, neck length, leg/foot proportions, body depth and tail for the named species.",Oystercatcher.png
fauna,Pacu,Pacu,PASS_WITH_POLISH,HOLD,FAIL,PASS_WITH_POLISH -> HOLD,"No critical routing, clipping, eye, or life-stage issue found in the full-size visual pass. Recognizable within the established stylized family language. Broad family routing may be usable, but Pacu still needs an unlabeled silhouette check for body plan, head, eyes/sensory structures, appendages and rear/terminal anatomy.",Pacu.png
fauna,Pampas_Fox,Pampas Fox,PASS_WITH_POLISH,HOLD,FAIL,PASS_WITH_POLISH -> HOLD,"No critical routing, clipping, eye, or life-stage issue found in the full-size visual pass. Recognizable within the established stylized family language. The catalog repeatedly uses a deer-like quadruped for canids. Use a deep canine chest, digitigrade paws/hocks, canine skull and muzzle, and a properly furred tail.",Pampas_Fox.png
fauna,Pangolin,Pangolin,PASS_WITH_POLISH,HOLD,FAIL,PASS_WITH_POLISH -> HOLD,"No critical routing, clipping, eye, or life-stage issue found in the full-size visual pass. Recognizable within the established stylized family language. Broad family routing may be usable, but Pangolin still needs an unlabeled silhouette check for body plan, head, eyes/sensory structures, appendages and rear/terminal anatomy.",Pangolin.png
fauna,Parrotfish,Parrotfish,PASS_WITH_POLISH,HOLD,FAIL,PASS_WITH_POLISH -> HOLD,"No critical routing, clipping, eye, or life-stage issue found in the full-size visual pass. Recognizable within the established stylized family language. The portrait relies on a generic torpedo fish. Correct body depth, head/mouth position, dorsal/anal/pectoral fin shape, caudal fin, markings and any diagnostic appendage.",Parrotfish.png
fauna,Partridge,Partridge,PASS_WITH_POLISH,HOLD,FAIL,PASS_WITH_POLISH -> HOLD,"No critical routing, clipping, eye, or life-stage issue found in the full-size visual pass. Recognizable within the established stylized family language. The named bird relies too heavily on the shared side-bird template. Correct the bill, neck, body depth, wing length, leg type, tail and crest/display structures for the species.",Partridge.png
fauna,Peacock,Peacock,PASS_WITH_POLISH,HOLD,FAIL,PASS_WITH_POLISH -> HOLD,"No critical routing, clipping, eye, or life-stage issue found in the full-size visual pass. Recognizable within the established stylized family language. The named bird relies too heavily on the shared side-bird template. Correct the bill, neck, body depth, wing length, leg type, tail and crest/display structures for the species.",Peacock.png
fauna,Peccary,Peccary,PASS_WITH_POLISH,HOLD,FAIL,PASS_WITH_POLISH -> HOLD,"No critical routing, clipping, eye, or life-stage issue found in the full-size visual pass. Recognizable within the established stylized family language. Broad family routing may be usable, but Peccary still needs an unlabeled silhouette check for body plan, head, eyes/sensory structures, appendages and rear/terminal anatomy.",Peccary.png
fauna,Pelican,Pelican,PASS_WITH_POLISH,HOLD,FAIL,PASS_WITH_POLISH -> HOLD,"No critical routing, clipping, eye, or life-stage issue found in the full-size visual pass. Recognizable within the established stylized family language. Broad family routing may be usable, but Pelican still needs an unlabeled silhouette check for body plan, head, eyes/sensory structures, appendages and rear/terminal anatomy.",Pelican.png
fauna,Penguin,Penguin,PASS_WITH_POLISH,HOLD,FAIL,PASS_WITH_POLISH -> HOLD,"No critical routing, clipping, eye, or life-stage issue found in the full-size visual pass. Recognizable within the established stylized family language. Use the species-specific flightless body: correct torso mass, neck length, vestigial wings/flippers, leg proportions, feet, tail and head ornaments.",Penguin.png
fauna,Perch,Perch,PASS_WITH_POLISH,HOLD,FAIL,PASS_WITH_POLISH -> HOLD,"No critical routing, clipping, eye, or life-stage issue found in the full-size visual pass. Recognizable within the established stylized family language. The portrait relies on a generic torpedo fish. Correct body depth, head/mouth position, dorsal/anal/pectoral fin shape, caudal fin, markings and any diagnostic appendage.",Perch.png
fauna,Petrel,Petrel,PASS_WITH_POLISH,HOLD,FAIL,PASS_WITH_POLISH -> HOLD,"No critical routing, clipping, eye, or life-stage issue found in the full-size visual pass. Recognizable within the established stylized family language. The named bird relies too heavily on the shared side-bird template. Correct the bill, neck, body depth, wing length, leg type, tail and crest/display structures for the species.",Petrel.png
fauna,Pheasant,Pheasant,PASS_WITH_POLISH,HOLD,FAIL,PASS_WITH_POLISH -> HOLD,"No critical routing, clipping, eye, or life-stage issue found in the full-size visual pass. Recognizable within the established stylized family language. The named bird relies too heavily on the shared side-bird template. Correct the bill, neck, body depth, wing length, leg type, tail and crest/display structures for the species.",Pheasant.png
fauna,Pig,Pig,PASS_WITH_POLISH,HOLD,FAIL,PASS_WITH_POLISH -> HOLD,"No critical routing, clipping, eye, or life-stage issue found in the full-size visual pass. Recognizable within the established stylized family language. Broad family routing may be usable, but Pig still needs an unlabeled silhouette check for body plan, head, eyes/sensory structures, appendages and rear/terminal anatomy.",Pig.png
fauna,Pigeon,Pigeon,PASS_WITH_POLISH,HOLD,FAIL,PASS_WITH_POLISH -> HOLD,"No critical routing, clipping, eye, or life-stage issue found in the full-size visual pass. Recognizable within the established stylized family language. The named bird relies too heavily on the shared side-bird template. Correct the bill, neck, body depth, wing length, leg type, tail and crest/display structures for the species.",Pigeon.png
fauna,Pika,Pika,PASS_WITH_POLISH,HOLD,FAIL,PASS_WITH_POLISH -> HOLD,"No critical routing, clipping, eye, or life-stage issue found in the full-size visual pass. Recognizable within the established stylized family language. Broad family routing may be usable, but Pika still needs an unlabeled silhouette check for body plan, head, eyes/sensory structures, appendages and rear/terminal anatomy.",Pika.png
fauna,Pike,Pike,PASS_WITH_POLISH,HOLD,FAIL,PASS_WITH_POLISH -> HOLD,"No critical routing, clipping, eye, or life-stage issue found in the full-size visual pass. Recognizable within the established stylized family language. The portrait relies on a generic torpedo fish. Correct body depth, head/mouth position, dorsal/anal/pectoral fin shape, caudal fin, markings and any diagnostic appendage.",Pike.png
fauna,Pilot_Whale,Pilot Whale,PASS_WITH_POLISH,HOLD,FAIL,PASS_WITH_POLISH -> HOLD,"No critical routing, clipping, eye, or life-stage issue found in the full-size visual pass. Recognizable within the established stylized family language. Strengthen real marine-mammal proportions: streamlined body, species-correct rostrum/head, dorsal fin placement, pectoral flippers, peduncle and horizontal flukes.",Pilot_Whale.png
fauna,Pipefish,Pipefish,PASS_WITH_POLISH,HOLD,FAIL,PASS_WITH_POLISH -> HOLD,"No critical routing, clipping, eye, or life-stage issue found in the full-size visual pass. Recognizable within the established stylized family language. Use a dedicated equid scaffold: deep barrel torso, withers, sloped shoulder, muscular croup, long wedge-shaped head, articulated knees/hocks/fetlocks, hooves, mane, and flowing or tufted tail.",Pipefish.png
fauna,Piranha,Piranha,PASS_WITH_POLISH,HOLD,FAIL,PASS_WITH_POLISH -> HOLD,"No critical routing, clipping, eye, or life-stage issue found in the full-size visual pass. Recognizable within the established stylized family language. Broad family routing may be usable, but Piranha still needs an unlabeled silhouette check for body plan, head, eyes/sensory structures, appendages and rear/terminal anatomy.",Piranha.png
fauna,Platypus,Platypus,PASS_WITH_POLISH,HOLD,FAIL,PASS_WITH_POLISH -> HOLD,"Bill and flat tail are present; increase webbed feet and lower aquatic posture. Broad family routing may be usable, but Platypus still needs an unlabeled silhouette check for body plan, head, eyes/sensory structures, appendages and rear/terminal anatomy.",Platypus.png
fauna,Plover,Plover,PASS_WITH_POLISH,HOLD,FAIL,PASS_WITH_POLISH -> HOLD,"No critical routing, clipping, eye, or life-stage issue found in the full-size visual pass. Recognizable within the established stylized family language. Keep the wader family but correct the exact bill geometry, neck length, leg/foot proportions, body depth and tail for the named species.",Plover.png
fauna,Polar_Bear,Polar Bear,PASS_WITH_POLISH,HOLD,FAIL,PASS_WITH_POLISH -> HOLD,"No critical routing, clipping, eye, or life-stage issue found in the full-size visual pass. Recognizable within the established stylized family language. Replace the pig/ungulate scaffold with a heavy plantigrade bear body: broad shoulders, thick torso, short tail, large paws, and ursid skull.",Polar_Bear.png
fauna,Pollock,Pollock,PASS_WITH_POLISH,HOLD,FAIL,PASS_WITH_POLISH -> HOLD,"No critical routing, clipping, eye, or life-stage issue found in the full-size visual pass. Recognizable within the established stylized family language. The portrait relies on a generic torpedo fish. Correct body depth, head/mouth position, dorsal/anal/pectoral fin shape, caudal fin, markings and any diagnostic appendage.",Pollock.png
fauna,Polychaete_Worm,Polychaete Worm,PASS_WITH_POLISH,HOLD,FAIL,PASS_WITH_POLISH -> HOLD,"No critical routing, clipping, eye, or life-stage issue found in the full-size visual pass. Recognizable within the established stylized family language. Broad family routing may be usable, but Polychaete Worm still needs an unlabeled silhouette check for body plan, head, eyes/sensory structures, appendages and rear/terminal anatomy.",Polychaete_Worm.png
fauna,Pond_Turtle,Pond Turtle,PASS_WITH_POLISH,HOLD,FAIL,PASS_WITH_POLISH -> HOLD,"No critical routing, clipping, eye, or life-stage issue found in the full-size visual pass. Recognizable within the established stylized family language. Use species-correct shell profile, neck/head, limb type (flipper, webbed foot or columnar leg), tail and shell texture rather than one generic turtle.",Pond_Turtle.png
fauna,Porcupine,Porcupine,PASS_WITH_POLISH,HOLD,FAIL,PASS_WITH_POLISH -> HOLD,"No critical routing, clipping, eye, or life-stage issue found in the full-size visual pass. Recognizable within the established stylized family language. Verify rodent/lagomorph skull, incisors/muzzle, fore/hind foot proportions, body posture and tail; several currently inherit the rabbit-like template.",Porcupine.png
fauna,Porpoise,Porpoise,PASS_WITH_POLISH,HOLD,FAIL,PASS_WITH_POLISH -> HOLD,"No critical routing, clipping, eye, or life-stage issue found in the full-size visual pass. Recognizable within the established stylized family language. Strengthen real marine-mammal proportions: streamlined body, species-correct rostrum/head, dorsal fin placement, pectoral flippers, peduncle and horizontal flukes.",Porpoise.png
fauna,Portuguese_Man-of-War,Portuguese Man of War,PASS_WITH_POLISH,HOLD,FAIL,PASS_WITH_POLISH -> HOLD,"No critical routing, clipping, eye, or life-stage issue found in the full-size visual pass. Recognizable within the established stylized family language. Broad family routing may be usable, but Portuguese Man of War still needs an unlabeled silhouette check for body plan, head, eyes/sensory structures, appendages and rear/terminal anatomy.",Portuguese_Man-of-War.png
fauna,Possum,Possum,PASS_WITH_POLISH,HOLD,FAIL,PASS_WITH_POLISH -> HOLD,"No critical routing, clipping, eye, or life-stage issue found in the full-size visual pass. Recognizable within the established stylized family language. Broad family routing may be usable, but Possum still needs an unlabeled silhouette check for body plan, head, eyes/sensory structures, appendages and rear/terminal anatomy.",Possum.png
fauna,Prairie_Dog,Prairie Dog,PASS_WITH_POLISH,HOLD,FAIL,PASS_WITH_POLISH -> HOLD,"No critical routing, clipping, eye, or life-stage issue found in the full-size visual pass. Recognizable within the established stylized family language. Verify rodent/lagomorph skull, incisors/muzzle, fore/hind foot proportions, body posture and tail; several currently inherit the rabbit-like template.",Prairie_Dog.png
fauna,Prawn,Prawn,PASS_WITH_POLISH,HOLD,FAIL,PASS_WITH_POLISH -> HOLD,"No critical routing, clipping, eye, or life-stage issue found in the full-size visual pass. Recognizable within the established stylized family language. Use correct insect anatomy: distinct head/thorax/abdomen, six articulated legs, correct wing count and attachment, antennae, mouthparts and species-specific shell/body proportions.",Prawn.png
fauna,Proboscis_Monkey,Proboscis Monkey,PASS_WITH_POLISH,HOLD,FAIL,PASS_WITH_POLISH -> HOLD,"No critical routing, clipping, eye, or life-stage issue found in the full-size visual pass. Recognizable within the established stylized family language. Verify torso posture, arm/leg ratio, hands/feet, face shape and tail state for the named primate.",Proboscis_Monkey.png
fauna,Pronghorn,Pronghorn,PASS_WITH_POLISH,HOLD,FAIL,PASS_WITH_POLISH -> HOLD,"No critical routing, clipping, eye, or life-stage issue found in the full-size visual pass. Recognizable within the established stylized family language. Broad family routing may be usable, but Pronghorn still needs an unlabeled silhouette check for body plan, head, eyes/sensory structures, appendages and rear/terminal anatomy.",Pronghorn.png
fauna,Pseudoscorpion,Pseudoscorpion,PASS_WITH_POLISH,HOLD,FAIL,PASS_WITH_POLISH -> HOLD,"No critical routing, clipping, eye, or life-stage issue found in the full-size visual pass. Recognizable within the established stylized family language. Use correct insect anatomy: distinct head/thorax/abdomen, six articulated legs, correct wing count and attachment, antennae, mouthparts and species-specific shell/body proportions.",Pseudoscorpion.png
fauna,Ptarmigan,Ptarmigan,PASS_WITH_POLISH,HOLD,FAIL,PASS_WITH_POLISH -> HOLD,"No critical routing, clipping, eye, or life-stage issue found in the full-size visual pass. Recognizable within the established stylized family language. The named bird relies too heavily on the shared side-bird template. Correct the bill, neck, body depth, wing length, leg type, tail and crest/display structures for the species.",Ptarmigan.png
fauna,Pufferfish,Pufferfish,PASS_WITH_POLISH,HOLD,FAIL,PASS_WITH_POLISH -> HOLD,"No critical routing, clipping, eye, or life-stage issue found in the full-size visual pass. Recognizable within the established stylized family language. The portrait relies on a generic torpedo fish. Correct body depth, head/mouth position, dorsal/anal/pectoral fin shape, caudal fin, markings and any diagnostic appendage.",Pufferfish.png
fauna,Puffin,Puffin,PASS_WITH_POLISH,HOLD,FAIL,PASS_WITH_POLISH -> HOLD,"No critical routing, clipping, eye, or life-stage issue found in the full-size visual pass. Recognizable within the established stylized family language. The named bird relies too heavily on the shared side-bird template. Correct the bill, neck, body depth, wing length, leg type, tail and crest/display structures for the species.",Puffin.png
fauna,Python,Python,PASS_WITH_POLISH,HOLD,FAIL,PASS_WITH_POLISH -> HOLD,"No critical routing, clipping, eye, or life-stage issue found in the full-size visual pass. Recognizable within the established stylized family language. Verify skull/head profile, limb state, body thickness, scale texture, tail and any crest/frill/horn; do not rely on color alone.",Python.png
fauna,Quail,Quail,PASS_WITH_POLISH,HOLD,FAIL,PASS_WITH_POLISH -> HOLD,"No critical routing, clipping, eye, or life-stage issue found in the full-size visual pass. Recognizable within the established stylized family language. The named bird relies too heavily on the shared side-bird template. Correct the bill, neck, body depth, wing length, leg type, tail and crest/display structures for the species.",Quail.png
fauna,Quetzal,Quetzal,PASS_WITH_POLISH,HOLD,FAIL,PASS_WITH_POLISH -> HOLD,"No critical routing, clipping, eye, or life-stage issue found in the full-size visual pass. Recognizable within the established stylized family language. The named bird relies too heavily on the shared side-bird template. Correct the bill, neck, body depth, wing length, leg type, tail and crest/display structures for the species.",Quetzal.png
fauna,Quoll,Quoll,PASS_WITH_POLISH,HOLD,FAIL,PASS_WITH_POLISH -> HOLD,"No critical routing, clipping, eye, or life-stage issue found in the full-size visual pass. Recognizable within the established stylized family language. Broad family routing may be usable, but Quoll still needs an unlabeled silhouette check for body plan, head, eyes/sensory structures, appendages and rear/terminal anatomy.",Quoll.png
fauna,Rabbit,Rabbit,PASS_WITH_POLISH,HOLD,FAIL,PASS_WITH_POLISH -> HOLD,"No critical routing, clipping, eye, or life-stage issue found in the full-size visual pass. Recognizable within the established stylized family language. Broad family routing may be usable, but Rabbit still needs an unlabeled silhouette check for body plan, head, eyes/sensory structures, appendages and rear/terminal anatomy.",Rabbit.png
fauna,Rabbitfish,Rabbitfish,PASS_WITH_POLISH,HOLD,FAIL,PASS_WITH_POLISH -> HOLD,"No critical routing, clipping, eye, or life-stage issue found in the full-size visual pass. Recognizable within the established stylized family language. The portrait relies on a generic torpedo fish. Correct body depth, head/mouth position, dorsal/anal/pectoral fin shape, caudal fin, markings and any diagnostic appendage.",Rabbitfish.png
fauna,Raccoon,Raccoon,PASS_WITH_POLISH,HOLD,FAIL,PASS_WITH_POLISH -> HOLD,"No critical routing, clipping, eye, or life-stage issue found in the full-size visual pass. Recognizable within the established stylized family language. Use the correct low flexible carnivoran torso, pawed limbs, skull/muzzle, and species-specific tail instead of one shared long-body template.",Raccoon.png
fauna,Racer,Racer,PASS_WITH_POLISH,HOLD,FAIL,PASS_WITH_POLISH -> HOLD,"No critical routing, clipping, eye, or life-stage issue found in the full-size visual pass. Recognizable within the established stylized family language. Verify skull/head profile, limb state, body thickness, scale texture, tail and any crest/frill/horn; do not rely on color alone.",Racer.png
fauna,Rail,Rail,PASS_WITH_POLISH,HOLD,FAIL,PASS_WITH_POLISH -> HOLD,"No critical routing, clipping, eye, or life-stage issue found in the full-size visual pass. Recognizable within the established stylized family language. Broad family routing may be usable, but Rail still needs an unlabeled silhouette check for body plan, head, eyes/sensory structures, appendages and rear/terminal anatomy.",Rail.png
fauna,Rat,Rat,PASS_WITH_POLISH,HOLD,FAIL,PASS_WITH_POLISH -> HOLD,"No critical routing, clipping, eye, or life-stage issue found in the full-size visual pass. Recognizable within the established stylized family language. Verify rodent/lagomorph skull, incisors/muzzle, fore/hind foot proportions, body posture and tail; several currently inherit the rabbit-like template.",Rat.png
fauna,Rat_Snake,Rat Snake,PASS_WITH_POLISH,HOLD,FAIL,PASS_WITH_POLISH -> HOLD,"No critical routing, clipping, eye, or life-stage issue found in the full-size visual pass. Recognizable within the established stylized family language. Verify skull/head profile, limb state, body thickness, scale texture, tail and any crest/frill/horn; do not rely on color alone.",Rat_Snake.png
fauna,Rattlesnake,Rattlesnake,PASS_WITH_POLISH,HOLD,FAIL,PASS_WITH_POLISH -> HOLD,"No critical routing, clipping, eye, or life-stage issue found in the full-size visual pass. Recognizable within the established stylized family language. Verify skull/head profile, limb state, body thickness, scale texture, tail and any crest/frill/horn; do not rely on color alone.",Rattlesnake.png
fauna,Raven,Raven,PASS_WITH_POLISH,HOLD,FAIL,PASS_WITH_POLISH -> HOLD,"No critical routing, clipping, eye, or life-stage issue found in the full-size visual pass. Recognizable within the established stylized family language. The named bird relies too heavily on the shared side-bird template. Correct the bill, neck, body depth, wing length, leg type, tail and crest/display structures for the species.",Raven.png
fauna,Ray,Ray,PASS_WITH_POLISH,HOLD,FAIL,PASS_WITH_POLISH -> HOLD,"No critical routing, clipping, eye, or life-stage issue found in the full-size visual pass. Recognizable within the established stylized family language. Broad family routing may be usable, but Ray still needs an unlabeled silhouette check for body plan, head, eyes/sensory structures, appendages and rear/terminal anatomy.",Ray.png
fauna,Razor_Clam,Razor Clam,PASS_WITH_POLISH,HOLD,FAIL,PASS_WITH_POLISH -> HOLD,"No critical routing, clipping, eye, or life-stage issue found in the full-size visual pass. Recognizable within the established stylized family language. Broad family routing may be usable, but Razor Clam still needs an unlabeled silhouette check for body plan, head, eyes/sensory structures, appendages and rear/terminal anatomy.",Razor_Clam.png
fauna,Red_Fox,Red Fox,PASS_WITH_POLISH,HOLD,FAIL,PASS_WITH_POLISH -> HOLD,"No critical routing, clipping, eye, or life-stage issue found in the full-size visual pass. Recognizable within the established stylized family language. The catalog repeatedly uses a deer-like quadruped for canids. Use a deep canine chest, digitigrade paws/hocks, canine skull and muzzle, and a properly furred tail.",Red_Fox.png
fauna,Red_Panda,Red Panda,PASS_WITH_POLISH,HOLD,FAIL,PASS_WITH_POLISH -> HOLD,"No critical routing, clipping, eye, or life-stage issue found in the full-size visual pass. Recognizable within the established stylized family language. Use the correct low flexible carnivoran torso, pawed limbs, skull/muzzle, and species-specific tail instead of one shared long-body template.",Red_Panda.png
fauna,Reef_Fish,Reef Fish,PASS_WITH_POLISH,HOLD,FAIL,PASS_WITH_POLISH -> HOLD,"No critical routing, clipping, eye, or life-stage issue found in the full-size visual pass. Recognizable within the established stylized family language. The portrait relies on a generic torpedo fish. Correct body depth, head/mouth position, dorsal/anal/pectoral fin shape, caudal fin, markings and any diagnostic appendage.",Reef_Fish.png
fauna,Reef_Shark,Reef Shark,PASS_WITH_POLISH,HOLD,FAIL,PASS_WITH_POLISH -> HOLD,"No critical routing, clipping, eye, or life-stage issue found in the full-size visual pass. Recognizable within the established stylized family language. The portrait relies on a generic torpedo fish. Correct body depth, head/mouth position, dorsal/anal/pectoral fin shape, caudal fin, markings and any diagnostic appendage.",Reef_Shark.png
fauna,Reindeer,Reindeer,PASS_WITH_POLISH,HOLD,FAIL,PASS_WITH_POLISH -> HOLD,"No critical routing, clipping, eye, or life-stage issue found in the full-size visual pass. Recognizable within the established stylized family language. The ungulate base is usable, but the named species must have correct horn/antler geometry, neck, shoulder/croup mass, leg length, hooves, head and tail.",Reindeer.png
fauna,Remora,Remora,PASS_WITH_POLISH,HOLD,FAIL,PASS_WITH_POLISH -> HOLD,"No critical routing, clipping, eye, or life-stage issue found in the full-size visual pass. Recognizable within the established stylized family language. Broad family routing may be usable, but Remora still needs an unlabeled silhouette check for body plan, head, eyes/sensory structures, appendages and rear/terminal anatomy.",Remora.png
fauna,Rhinoceros,Rhinoceros,PASS_WITH_POLISH,HOLD,FAIL,PASS_WITH_POLISH -> HOLD,"No critical routing, clipping, eye, or life-stage issue found in the full-size visual pass. Recognizable within the established stylized family language. Use a dedicated equid scaffold: deep barrel torso, withers, sloped shoulder, muscular croup, long wedge-shaped head, articulated knees/hocks/fetlocks, hooves, mane, and flowing or tufted tail.",Rhinoceros.png
fauna,River_Dolphin,River Dolphin,PASS_WITH_POLISH,HOLD,FAIL,PASS_WITH_POLISH -> HOLD,"Add a much longer narrow beak and more slender river-dolphin body. Strengthen real marine-mammal proportions: streamlined body, species-correct rostrum/head, dorsal fin placement, pectoral flippers, peduncle and horizontal flukes.",River_Dolphin.png
fauna,River_Otter,River Otter,PASS_WITH_POLISH,HOLD,FAIL,PASS_WITH_POLISH -> HOLD,"No critical routing, clipping, eye, or life-stage issue found in the full-size visual pass. Recognizable within the established stylized family language. Broad family routing may be usable, but River Otter still needs an unlabeled silhouette check for body plan, head, eyes/sensory structures, appendages and rear/terminal anatomy.",River_Otter.png
fauna,Roadrunner,Roadrunner,PASS_WITH_POLISH,HOLD,FAIL,PASS_WITH_POLISH -> HOLD,"No critical routing, clipping, eye, or life-stage issue found in the full-size visual pass. Recognizable within the established stylized family language. Broad family routing may be usable, but Roadrunner still needs an unlabeled silhouette check for body plan, head, eyes/sensory structures, appendages and rear/terminal anatomy.",Roadrunner.png
fauna,Robin,Robin,PASS_WITH_POLISH,HOLD,FAIL,PASS_WITH_POLISH -> HOLD,"No critical routing, clipping, eye, or life-stage issue found in the full-size visual pass. Recognizable within the established stylized family language. The named bird relies too heavily on the shared side-bird template. Correct the bill, neck, body depth, wing length, leg type, tail and crest/display structures for the species.",Robin.png
fauna,Sailfish,Sailfish,PASS_WITH_POLISH,HOLD,FAIL,PASS_WITH_POLISH -> HOLD,"No critical routing, clipping, eye, or life-stage issue found in the full-size visual pass. Recognizable within the established stylized family language. The portrait relies on a generic torpedo fish. Correct body depth, head/mouth position, dorsal/anal/pectoral fin shape, caudal fin, markings and any diagnostic appendage.",Sailfish.png
fauna,Salamander,Salamander,PASS_WITH_POLISH,HOLD,FAIL,PASS_WITH_POLISH -> HOLD,"No critical routing, clipping, eye, or life-stage issue found in the full-size visual pass. Recognizable within the established stylized family language. Verify body width, head/mouth, eye placement, fore/hind limb proportions, toes, tail state and skin texture; color alone should not define the species.",Salamander.png
fauna,Salmon,Salmon,PASS_WITH_POLISH,HOLD,FAIL,PASS_WITH_POLISH -> HOLD,"No critical routing, clipping, eye, or life-stage issue found in the full-size visual pass. Recognizable within the established stylized family language. The portrait relies on a generic torpedo fish. Correct body depth, head/mouth position, dorsal/anal/pectoral fin shape, caudal fin, markings and any diagnostic appendage.",Salmon.png
fauna,Sand_Boa,Sand Boa,PASS_WITH_POLISH,HOLD,FAIL,PASS_WITH_POLISH -> HOLD,"No critical routing, clipping, eye, or life-stage issue found in the full-size visual pass. Recognizable within the established stylized family language. Verify skull/head profile, limb state, body thickness, scale texture, tail and any crest/frill/horn; do not rely on color alone.",Sand_Boa.png
fauna,Sand_Dollar,Sand Dollar,PASS_WITH_POLISH,HOLD,FAIL,PASS_WITH_POLISH -> HOLD,"No critical routing, clipping, eye, or life-stage issue found in the full-size visual pass. Recognizable within the established stylized family language. Broad family routing may be usable, but Sand Dollar still needs an unlabeled silhouette check for body plan, head, eyes/sensory structures, appendages and rear/terminal anatomy.",Sand_Dollar.png
fauna,Sandgrouse,Sandgrouse,PASS_WITH_POLISH,HOLD,FAIL,PASS_WITH_POLISH -> HOLD,"No critical routing, clipping, eye, or life-stage issue found in the full-size visual pass. Recognizable within the established stylized family language. Broad family routing may be usable, but Sandgrouse still needs an unlabeled silhouette check for body plan, head, eyes/sensory structures, appendages and rear/terminal anatomy.",Sandgrouse.png
fauna,Sandpiper,Sandpiper,PASS_WITH_POLISH,HOLD,FAIL,PASS_WITH_POLISH -> HOLD,"No critical routing, clipping, eye, or life-stage issue found in the full-size visual pass. Recognizable within the established stylized family language. Keep the wader family but correct the exact bill geometry, neck length, leg/foot proportions, body depth and tail for the named species.",Sandpiper.png
fauna,Sardine,Sardine,PASS_WITH_POLISH,HOLD,FAIL,PASS_WITH_POLISH -> HOLD,"No critical routing, clipping, eye, or life-stage issue found in the full-size visual pass. Recognizable within the established stylized family language. The portrait relies on a generic torpedo fish. Correct body depth, head/mouth position, dorsal/anal/pectoral fin shape, caudal fin, markings and any diagnostic appendage.",Sardine.png
fauna,Scale_Worm,Scale Worm,PASS_WITH_POLISH,HOLD,FAIL,PASS_WITH_POLISH -> HOLD,"No critical routing, clipping, eye, or life-stage issue found in the full-size visual pass. Recognizable within the established stylized family language. Broad family routing may be usable, but Scale Worm still needs an unlabeled silhouette check for body plan, head, eyes/sensory structures, appendages and rear/terminal anatomy.",Scale_Worm.png
fauna,Scallop,Scallop,PASS_WITH_POLISH,HOLD,FAIL,PASS_WITH_POLISH -> HOLD,"No critical routing, clipping, eye, or life-stage issue found in the full-size visual pass. Recognizable within the established stylized family language. Broad family routing may be usable, but Scallop still needs an unlabeled silhouette check for body plan, head, eyes/sensory structures, appendages and rear/terminal anatomy.",Scallop.png
fauna,Scorpion,Scorpion,PASS_WITH_POLISH,HOLD,FAIL,PASS_WITH_POLISH -> HOLD,"No critical routing, clipping, eye, or life-stage issue found in the full-size visual pass. Recognizable within the established stylized family language. Use correct insect anatomy: distinct head/thorax/abdomen, six articulated legs, correct wing count and attachment, antennae, mouthparts and species-specific shell/body proportions.",Scorpion.png
fauna,Screamer,Screamer,PASS_WITH_POLISH,HOLD,FAIL,PASS_WITH_POLISH -> HOLD,"No critical routing, clipping, eye, or life-stage issue found in the full-size visual pass. Recognizable within the established stylized family language. The named bird relies too heavily on the shared side-bird template. Correct the bill, neck, body depth, wing length, leg type, tail and crest/display structures for the species.",Screamer.png
fauna,Sculpin,Sculpin,PASS_WITH_POLISH,HOLD,FAIL,PASS_WITH_POLISH -> HOLD,"No critical routing, clipping, eye, or life-stage issue found in the full-size visual pass. Recognizable within the established stylized family language. The portrait relies on a generic torpedo fish. Correct body depth, head/mouth position, dorsal/anal/pectoral fin shape, caudal fin, markings and any diagnostic appendage.",Sculpin.png
fauna,Sea_Anemone,Sea Anemone,PASS_WITH_POLISH,HOLD,FAIL,PASS_WITH_POLISH -> HOLD,"No critical routing, clipping, eye, or life-stage issue found in the full-size visual pass. Recognizable within the established stylized family language. Broad family routing may be usable, but Sea Anemone still needs an unlabeled silhouette check for body plan, head, eyes/sensory structures, appendages and rear/terminal anatomy.",Sea_Anemone.png
fauna,Sea_Bass,Sea Bass,PASS_WITH_POLISH,HOLD,FAIL,PASS_WITH_POLISH -> HOLD,"No critical routing, clipping, eye, or life-stage issue found in the full-size visual pass. Recognizable within the established stylized family language. Broad family routing may be usable, but Sea Bass still needs an unlabeled silhouette check for body plan, head, eyes/sensory structures, appendages and rear/terminal anatomy.",Sea_Bass.png
fauna,Sea_Cucumber,Sea Cucumber,PASS_WITH_POLISH,HOLD,FAIL,PASS_WITH_POLISH -> HOLD,"No critical routing, clipping, eye, or life-stage issue found in the full-size visual pass. Recognizable within the established stylized family language. Broad family routing may be usable, but Sea Cucumber still needs an unlabeled silhouette check for body plan, head, eyes/sensory structures, appendages and rear/terminal anatomy.",Sea_Cucumber.png
fauna,Sea_Lion,Sea Lion,PASS_WITH_POLISH,HOLD,FAIL,PASS_WITH_POLISH -> HOLD,"No critical routing, clipping, eye, or life-stage issue found in the full-size visual pass. Recognizable within the established stylized family language. Strengthen real marine-mammal proportions: streamlined body, species-correct rostrum/head, dorsal fin placement, pectoral flippers, peduncle and horizontal flukes.",Sea_Lion.png
fauna,Sea_Otter,Sea Otter,PASS_WITH_POLISH,HOLD,FAIL,PASS_WITH_POLISH -> HOLD,"No critical routing, clipping, eye, or life-stage issue found in the full-size visual pass. Recognizable within the established stylized family language. Use the correct low flexible carnivoran torso, pawed limbs, skull/muzzle, and species-specific tail instead of one shared long-body template.",Sea_Otter.png
fauna,Sea_Snail,Sea Snail,PASS_WITH_POLISH,HOLD,FAIL,PASS_WITH_POLISH -> HOLD,"No critical routing, clipping, eye, or life-stage issue found in the full-size visual pass. Recognizable within the established stylized family language. Broad family routing may be usable, but Sea Snail still needs an unlabeled silhouette check for body plan, head, eyes/sensory structures, appendages and rear/terminal anatomy.",Sea_Snail.png
fauna,Sea_Spider,Sea Spider,PASS_WITH_POLISH,HOLD,FAIL,PASS_WITH_POLISH -> HOLD,"No critical routing, clipping, eye, or life-stage issue found in the full-size visual pass. Recognizable within the established stylized family language. Broad family routing may be usable, but Sea Spider still needs an unlabeled silhouette check for body plan, head, eyes/sensory structures, appendages and rear/terminal anatomy.",Sea_Spider.png
fauna,Sea_Turtle,Sea Turtle,PASS_WITH_POLISH,HOLD,FAIL,PASS_WITH_POLISH -> HOLD,"No critical routing, clipping, eye, or life-stage issue found in the full-size visual pass. Recognizable within the established stylized family language. Use species-correct shell profile, neck/head, limb type (flipper, webbed foot or columnar leg), tail and shell texture rather than one generic turtle.",Sea_Turtle.png
fauna,Sea_Urchin,Sea Urchin,PASS_WITH_POLISH,HOLD,FAIL,PASS_WITH_POLISH -> HOLD,"No critical routing, clipping, eye, or life-stage issue found in the full-size visual pass. Recognizable within the established stylized family language. Broad family routing may be usable, but Sea Urchin still needs an unlabeled silhouette check for body plan, head, eyes/sensory structures, appendages and rear/terminal anatomy.",Sea_Urchin.png
fauna,Seabird,Seabird,PASS_WITH_POLISH,HOLD,FAIL,PASS_WITH_POLISH -> HOLD,"No critical routing, clipping, eye, or life-stage issue found in the full-size visual pass. Recognizable within the established stylized family language. The named bird relies too heavily on the shared side-bird template. Correct the bill, neck, body depth, wing length, leg type, tail and crest/display structures for the species.",Seabird.png
fauna,Seahorse,Seahorse,PASS_WITH_POLISH,HOLD,FAIL,PASS_WITH_POLISH -> HOLD,"No critical routing, clipping, eye, or life-stage issue found in the full-size visual pass. Recognizable within the established stylized family language. Use a dedicated equid scaffold: deep barrel torso, withers, sloped shoulder, muscular croup, long wedge-shaped head, articulated knees/hocks/fetlocks, hooves, mane, and flowing or tufted tail.",Seahorse.png
fauna,Seal,Seal,PASS_WITH_POLISH,HOLD,FAIL,PASS_WITH_POLISH -> HOLD,"No critical routing, clipping, eye, or life-stage issue found in the full-size visual pass. Recognizable within the established stylized family language. Strengthen real marine-mammal proportions: streamlined body, species-correct rostrum/head, dorsal fin placement, pectoral flippers, peduncle and horizontal flukes.",Seal.png
fauna,Seriema,Seriema,PASS_WITH_POLISH,HOLD,FAIL,PASS_WITH_POLISH -> HOLD,"No critical routing, clipping, eye, or life-stage issue found in the full-size visual pass. Recognizable within the established stylized family language. Broad family routing may be usable, but Seriema still needs an unlabeled silhouette check for body plan, head, eyes/sensory structures, appendages and rear/terminal anatomy.",Seriema.png
fauna,Serow,Serow,PASS_WITH_POLISH,HOLD,FAIL,PASS_WITH_POLISH -> HOLD,"No critical routing, clipping, eye, or life-stage issue found in the full-size visual pass. Recognizable within the established stylized family language. Broad family routing may be usable, but Serow still needs an unlabeled silhouette check for body plan, head, eyes/sensory structures, appendages and rear/terminal anatomy.",Serow.png
fauna,Serval,Serval,PASS_WITH_POLISH,HOLD,FAIL,PASS_WITH_POLISH -> HOLD,"No critical routing, clipping, eye, or life-stage issue found in the full-size visual pass. Recognizable within the established stylized family language. The catalog repeatedly uses an ungulate-like torso and straight hoof-like legs for felids. Use a feline ribcage/shoulder line, digitigrade legs with paws, feline skull and muzzle, flexible spine, and species-correct tail.",Serval.png
fauna,Shrew,Shrew,PASS_WITH_POLISH,HOLD,FAIL,PASS_WITH_POLISH -> HOLD,"No critical routing, clipping, eye, or life-stage issue found in the full-size visual pass. Recognizable within the established stylized family language. Use correct insect anatomy: distinct head/thorax/abdomen, six articulated legs, correct wing count and attachment, antennae, mouthparts and species-specific shell/body proportions.",Shrew.png
fauna,Shrimp,Shrimp,PASS_WITH_POLISH,HOLD,FAIL,PASS_WITH_POLISH -> HOLD,"No critical routing, clipping, eye, or life-stage issue found in the full-size visual pass. Recognizable within the established stylized family language. Use correct insect anatomy: distinct head/thorax/abdomen, six articulated legs, correct wing count and attachment, antennae, mouthparts and species-specific shell/body proportions.",Shrimp.png
fauna,Skink,Skink,PASS_WITH_POLISH,HOLD,FAIL,PASS_WITH_POLISH -> HOLD,"No critical routing, clipping, eye, or life-stage issue found in the full-size visual pass. Recognizable within the established stylized family language. Verify skull/head profile, limb state, body thickness, scale texture, tail and any crest/frill/horn; do not rely on color alone.",Skink.png
fauna,Skua,Skua,PASS_WITH_POLISH,HOLD,FAIL,PASS_WITH_POLISH -> HOLD,"No critical routing, clipping, eye, or life-stage issue found in the full-size visual pass. Recognizable within the established stylized family language. The named bird relies too heavily on the shared side-bird template. Correct the bill, neck, body depth, wing length, leg type, tail and crest/display structures for the species.",Skua.png
fauna,Small_Fish,Small Fish,PASS_WITH_POLISH,HOLD,FAIL,PASS_WITH_POLISH -> HOLD,"No critical routing, clipping, eye, or life-stage issue found in the full-size visual pass. Recognizable within the established stylized family language. The portrait relies on a generic torpedo fish. Correct body depth, head/mouth position, dorsal/anal/pectoral fin shape, caudal fin, markings and any diagnostic appendage.",Small_Fish.png
fauna,Snail,Snail,PASS_WITH_POLISH,HOLD,FAIL,PASS_WITH_POLISH -> HOLD,"No critical routing, clipping, eye, or life-stage issue found in the full-size visual pass. Recognizable within the established stylized family language. Broad family routing may be usable, but Snail still needs an unlabeled silhouette check for body plan, head, eyes/sensory structures, appendages and rear/terminal anatomy.",Snail.png
fauna,Snailfish,Snailfish,PASS_WITH_POLISH,HOLD,FAIL,PASS_WITH_POLISH -> HOLD,"No critical routing, clipping, eye, or life-stage issue found in the full-size visual pass. Recognizable within the established stylized family language. Broad family routing may be usable, but Snailfish still needs an unlabeled silhouette check for body plan, head, eyes/sensory structures, appendages and rear/terminal anatomy.",Snailfish.png
fauna,Snake,Snake,PASS_WITH_POLISH,HOLD,FAIL,PASS_WITH_POLISH -> HOLD,"No critical routing, clipping, eye, or life-stage issue found in the full-size visual pass. Recognizable within the established stylized family language. Verify skull/head profile, limb state, body thickness, scale texture, tail and any crest/frill/horn; do not rely on color alone.",Snake.png
fauna,Snapper,Snapper,PASS_WITH_POLISH,HOLD,FAIL,PASS_WITH_POLISH -> HOLD,"No critical routing, clipping, eye, or life-stage issue found in the full-size visual pass. Recognizable within the established stylized family language. Broad family routing may be usable, but Snapper still needs an unlabeled silhouette check for body plan, head, eyes/sensory structures, appendages and rear/terminal anatomy.",Snapper.png
fauna,Snipe,Snipe,PASS_WITH_POLISH,HOLD,FAIL,PASS_WITH_POLISH -> HOLD,"Increase very long straight bill. Keep the wader family but correct the exact bill geometry, neck length, leg/foot proportions, body depth and tail for the named species.",Snipe.png
fauna,Snow_Petrel,Snow Petrel,PASS_WITH_POLISH,HOLD,FAIL,PASS_WITH_POLISH -> HOLD,"No critical routing, clipping, eye, or life-stage issue found in the full-size visual pass. Recognizable within the established stylized family language. The named bird relies too heavily on the shared side-bird template. Correct the bill, neck, body depth, wing length, leg type, tail and crest/display structures for the species.",Snow_Petrel.png
fauna,Snowshoe_Hare,Snowshoe Hare,PASS_WITH_POLISH,HOLD,FAIL,PASS_WITH_POLISH -> HOLD,"No critical routing, clipping, eye, or life-stage issue found in the full-size visual pass. Recognizable within the established stylized family language. Verify rodent/lagomorph skull, incisors/muzzle, fore/hind foot proportions, body posture and tail; several currently inherit the rabbit-like template.",Snowshoe_Hare.png
fauna,Snowy_Owl,Snowy Owl,PASS_WITH_POLISH,HOLD,FAIL,PASS_WITH_POLISH -> HOLD,"No critical routing, clipping, eye, or life-stage issue found in the full-size visual pass. Recognizable within the established stylized family language. Broad family routing may be usable, but Snowy Owl still needs an unlabeled silhouette check for body plan, head, eyes/sensory structures, appendages and rear/terminal anatomy.",Snowy_Owl.png
fauna,Sparrow,Sparrow,PASS_WITH_POLISH,HOLD,FAIL,PASS_WITH_POLISH -> HOLD,"No critical routing, clipping, eye, or life-stage issue found in the full-size visual pass. Recognizable within the established stylized family language. The named bird relies too heavily on the shared side-bird template. Correct the bill, neck, body depth, wing length, leg type, tail and crest/display structures for the species.",Sparrow.png
fauna,Sperm_Whale,Sperm Whale,PASS_WITH_POLISH,HOLD,FAIL,PASS_WITH_POLISH -> HOLD,"No critical routing, clipping, eye, or life-stage issue found in the full-size visual pass. Recognizable within the established stylized family language. Strengthen real marine-mammal proportions: streamlined body, species-correct rostrum/head, dorsal fin placement, pectoral flippers, peduncle and horizontal flukes.",Sperm_Whale.png
fauna,Spider,Spider,PASS_WITH_POLISH,HOLD,FAIL,PASS_WITH_POLISH -> HOLD,"No critical routing, clipping, eye, or life-stage issue found in the full-size visual pass. Recognizable within the established stylized family language. Use correct insect anatomy: distinct head/thorax/abdomen, six articulated legs, correct wing count and attachment, antennae, mouthparts and species-specific shell/body proportions.",Spider.png
fauna,Spider_Monkey,Spider Monkey,PASS_WITH_POLISH,HOLD,FAIL,PASS_WITH_POLISH -> HOLD,"No critical routing, clipping, eye, or life-stage issue found in the full-size visual pass. Recognizable within the established stylized family language. Verify torso posture, arm/leg ratio, hands/feet, face shape and tail state for the named primate.",Spider_Monkey.png
fauna,Sponge,Sponge,PASS_WITH_POLISH,HOLD,FAIL,PASS_WITH_POLISH -> HOLD,"No critical routing, clipping, eye, or life-stage issue found in the full-size visual pass. Recognizable within the established stylized family language. Broad family routing may be usable, but Sponge still needs an unlabeled silhouette check for body plan, head, eyes/sensory structures, appendages and rear/terminal anatomy.",Sponge.png
fauna,Springbok,Springbok,PASS_WITH_POLISH,HOLD,FAIL,PASS_WITH_POLISH -> HOLD,"No critical routing, clipping, eye, or life-stage issue found in the full-size visual pass. Recognizable within the established stylized family language. Broad family routing may be usable, but Springbok still needs an unlabeled silhouette check for body plan, head, eyes/sensory structures, appendages and rear/terminal anatomy.",Springbok.png
fauna,Squid,Squid,PASS_WITH_POLISH,HOLD,FAIL,PASS_WITH_POLISH -> HOLD,"No critical routing, clipping, eye, or life-stage issue found in the full-size visual pass. Recognizable within the established stylized family language. Verify mantle form, eye/head placement, arm count, feeding tentacles, fin skirt/fins and rear mantle taper for the named cephalopod.",Squid.png
fauna,Squirrel,Squirrel,PASS_WITH_POLISH,HOLD,FAIL,PASS_WITH_POLISH -> HOLD,"No critical routing, clipping, eye, or life-stage issue found in the full-size visual pass. Recognizable within the established stylized family language. Verify rodent/lagomorph skull, incisors/muzzle, fore/hind foot proportions, body posture and tail; several currently inherit the rabbit-like template.",Squirrel.png
fauna,Starfish,Starfish,PASS_WITH_POLISH,HOLD,FAIL,PASS_WITH_POLISH -> HOLD,"No critical routing, clipping, eye, or life-stage issue found in the full-size visual pass. Recognizable within the established stylized family language. Broad family routing may be usable, but Starfish still needs an unlabeled silhouette check for body plan, head, eyes/sensory structures, appendages and rear/terminal anatomy.",Starfish.png
fauna,Starling,Starling,PASS_WITH_POLISH,HOLD,FAIL,PASS_WITH_POLISH -> HOLD,"No critical routing, clipping, eye, or life-stage issue found in the full-size visual pass. Recognizable within the established stylized family language. The named bird relies too heavily on the shared side-bird template. Correct the bill, neck, body depth, wing length, leg type, tail and crest/display structures for the species.",Starling.png
fauna,Stick_Insect,Stick Insect,PASS_WITH_POLISH,HOLD,FAIL,PASS_WITH_POLISH -> HOLD,"No critical routing, clipping, eye, or life-stage issue found in the full-size visual pass. Recognizable within the established stylized family language. Use correct insect anatomy: distinct head/thorax/abdomen, six articulated legs, correct wing count and attachment, antennae, mouthparts and species-specific shell/body proportions.",Stick_Insect.png
fauna,Stingray,Stingray,PASS_WITH_POLISH,HOLD,FAIL,PASS_WITH_POLISH -> HOLD,"No critical routing, clipping, eye, or life-stage issue found in the full-size visual pass. Recognizable within the established stylized family language. Broad family routing may be usable, but Stingray still needs an unlabeled silhouette check for body plan, head, eyes/sensory structures, appendages and rear/terminal anatomy.",Stingray.png
fauna,Stoat,Stoat,PASS_WITH_POLISH,HOLD,FAIL,PASS_WITH_POLISH -> HOLD,"No critical routing, clipping, eye, or life-stage issue found in the full-size visual pass. Recognizable within the established stylized family language. Use the correct low flexible carnivoran torso, pawed limbs, skull/muzzle, and species-specific tail instead of one shared long-body template.",Stoat.png
fauna,Stonefly,Stonefly,PASS_WITH_POLISH,HOLD,FAIL,PASS_WITH_POLISH -> HOLD,"No critical routing, clipping, eye, or life-stage issue found in the full-size visual pass. Recognizable within the established stylized family language. Use correct insect anatomy: distinct head/thorax/abdomen, six articulated legs, correct wing count and attachment, antennae, mouthparts and species-specific shell/body proportions.",Stonefly.png
fauna,Stork,Stork,PASS_WITH_POLISH,HOLD,FAIL,PASS_WITH_POLISH -> HOLD,"No critical routing, clipping, eye, or life-stage issue found in the full-size visual pass. Recognizable within the established stylized family language. Keep the wader family but correct the exact bill geometry, neck length, leg/foot proportions, body depth and tail for the named species.",Stork.png
fauna,Sunfish,Sunfish,PASS_WITH_POLISH,HOLD,FAIL,PASS_WITH_POLISH -> HOLD,"No critical routing, clipping, eye, or life-stage issue found in the full-size visual pass. Recognizable within the established stylized family language. The portrait relies on a generic torpedo fish. Correct body depth, head/mouth position, dorsal/anal/pectoral fin shape, caudal fin, markings and any diagnostic appendage.",Sunfish.png
fauna,Surgeonfish,Surgeonfish,PASS_WITH_POLISH,HOLD,FAIL,PASS_WITH_POLISH -> HOLD,"No critical routing, clipping, eye, or life-stage issue found in the full-size visual pass. Recognizable within the established stylized family language. The portrait relies on a generic torpedo fish. Correct body depth, head/mouth position, dorsal/anal/pectoral fin shape, caudal fin, markings and any diagnostic appendage.",Surgeonfish.png
fauna,Swallow,Swallow,PASS_WITH_POLISH,HOLD,FAIL,PASS_WITH_POLISH -> HOLD,"No critical routing, clipping, eye, or life-stage issue found in the full-size visual pass. Recognizable within the established stylized family language. The named bird relies too heavily on the shared side-bird template. Correct the bill, neck, body depth, wing length, leg type, tail and crest/display structures for the species.",Swallow.png
fauna,Swan,Swan,PASS_WITH_POLISH,HOLD,FAIL,PASS_WITH_POLISH -> HOLD,"Long neck is present; broaden waterfowl body and wing mass. Broad family routing may be usable, but Swan still needs an unlabeled silhouette check for body plan, head, eyes/sensory structures, appendages and rear/terminal anatomy.",Swan.png
fauna,Swift,Swift,PASS_WITH_POLISH,HOLD,FAIL,PASS_WITH_POLISH -> HOLD,"No critical routing, clipping, eye, or life-stage issue found in the full-size visual pass. Recognizable within the established stylized family language. The named bird relies too heavily on the shared side-bird template. Correct the bill, neck, body depth, wing length, leg type, tail and crest/display structures for the species.",Swift.png
fauna,Swordfish,Swordfish,PASS_WITH_POLISH,HOLD,FAIL,PASS_WITH_POLISH -> HOLD,"No critical routing, clipping, eye, or life-stage issue found in the full-size visual pass. Recognizable within the established stylized family language. The portrait relies on a generic torpedo fish. Correct body depth, head/mouth position, dorsal/anal/pectoral fin shape, caudal fin, markings and any diagnostic appendage.",Swordfish.png
fauna,Tadpole_Shrimp,Tadpole Shrimp,PASS_WITH_POLISH,HOLD,FAIL,PASS_WITH_POLISH -> HOLD,"No critical routing, clipping, eye, or life-stage issue found in the full-size visual pass. Recognizable within the established stylized family language. Verify segmented carapace, correct leg/claw count, antennae, abdomen/tail fan and the named species’ defining asymmetry or shell form.",Tadpole_Shrimp.png
fauna,Tahr,Tahr,PASS_WITH_POLISH,HOLD,FAIL,PASS_WITH_POLISH -> HOLD,"No critical routing, clipping, eye, or life-stage issue found in the full-size visual pass. Recognizable within the established stylized family language. Broad family routing may be usable, but Tahr still needs an unlabeled silhouette check for body plan, head, eyes/sensory structures, appendages and rear/terminal anatomy.",Tahr.png
fauna,Takin,Takin,PASS_WITH_POLISH,HOLD,FAIL,PASS_WITH_POLISH -> HOLD,"No critical routing, clipping, eye, or life-stage issue found in the full-size visual pass. Recognizable within the established stylized family language. The ungulate base is usable, but the named species must have correct horn/antler geometry, neck, shoulder/croup mass, leg length, hooves, head and tail.",Takin.png
fauna,Tamarin,Tamarin,PASS_WITH_POLISH,HOLD,FAIL,PASS_WITH_POLISH -> HOLD,"No critical routing, clipping, eye, or life-stage issue found in the full-size visual pass. Recognizable within the established stylized family language. Verify torso posture, arm/leg ratio, hands/feet, face shape and tail state for the named primate.",Tamarin.png
fauna,Tanager,Tanager,PASS_WITH_POLISH,HOLD,FAIL,PASS_WITH_POLISH -> HOLD,"No critical routing, clipping, eye, or life-stage issue found in the full-size visual pass. Recognizable within the established stylized family language. The named bird relies too heavily on the shared side-bird template. Correct the bill, neck, body depth, wing length, leg type, tail and crest/display structures for the species.",Tanager.png
fauna,Tang,Tang,PASS_WITH_POLISH,HOLD,FAIL,PASS_WITH_POLISH -> HOLD,"No critical routing, clipping, eye, or life-stage issue found in the full-size visual pass. Recognizable within the established stylized family language. The portrait relies on a generic torpedo fish. Correct body depth, head/mouth position, dorsal/anal/pectoral fin shape, caudal fin, markings and any diagnostic appendage.",Tang.png
fauna,Tapir,Tapir,PASS_WITH_POLISH,HOLD,FAIL,PASS_WITH_POLISH -> HOLD,"No critical routing, clipping, eye, or life-stage issue found in the full-size visual pass. Recognizable within the established stylized family language. Use a dedicated equid scaffold: deep barrel torso, withers, sloped shoulder, muscular croup, long wedge-shaped head, articulated knees/hocks/fetlocks, hooves, mane, and flowing or tufted tail.",Tapir.png
fauna,Tarantula,Tarantula,PASS_WITH_POLISH,HOLD,FAIL,PASS_WITH_POLISH -> HOLD,"No critical routing, clipping, eye, or life-stage issue found in the full-size visual pass. Recognizable within the established stylized family language. Use correct insect anatomy: distinct head/thorax/abdomen, six articulated legs, correct wing count and attachment, antennae, mouthparts and species-specific shell/body proportions.",Tarantula.png
fauna,Tarpon,Tarpon,PASS_WITH_POLISH,HOLD,FAIL,PASS_WITH_POLISH -> HOLD,"No critical routing, clipping, eye, or life-stage issue found in the full-size visual pass. Recognizable within the established stylized family language. The portrait relies on a generic torpedo fish. Correct body depth, head/mouth position, dorsal/anal/pectoral fin shape, caudal fin, markings and any diagnostic appendage.",Tarpon.png
fauna,Tegu,Tegu,PASS_WITH_POLISH,HOLD,FAIL,PASS_WITH_POLISH -> HOLD,"No critical routing, clipping, eye, or life-stage issue found in the full-size visual pass. Recognizable within the established stylized family language. Verify skull/head profile, limb state, body thickness, scale texture, tail and any crest/frill/horn; do not rely on color alone.",Tegu.png
fauna,Termite,Termite,PASS_WITH_POLISH,HOLD,FAIL,PASS_WITH_POLISH -> HOLD,"No critical routing, clipping, eye, or life-stage issue found in the full-size visual pass. Recognizable within the established stylized family language. Use correct insect anatomy: distinct head/thorax/abdomen, six articulated legs, correct wing count and attachment, antennae, mouthparts and species-specific shell/body proportions.",Termite.png
fauna,Tern,Tern,PASS_WITH_POLISH,HOLD,FAIL,PASS_WITH_POLISH -> HOLD,"No critical routing, clipping, eye, or life-stage issue found in the full-size visual pass. Recognizable within the established stylized family language. The named bird relies too heavily on the shared side-bird template. Correct the bill, neck, body depth, wing length, leg type, tail and crest/display structures for the species.",Tern.png
fauna,Tetra,Tetra,PASS_WITH_POLISH,HOLD,FAIL,PASS_WITH_POLISH -> HOLD,"No critical routing, clipping, eye, or life-stage issue found in the full-size visual pass. Recognizable within the established stylized family language. Broad family routing may be usable, but Tetra still needs an unlabeled silhouette check for body plan, head, eyes/sensory structures, appendages and rear/terminal anatomy.",Tetra.png
fauna,Thrips,Thrips,PASS_WITH_POLISH,HOLD,FAIL,PASS_WITH_POLISH -> HOLD,"No critical routing, clipping, eye, or life-stage issue found in the full-size visual pass. Recognizable within the established stylized family language. Use correct insect anatomy: distinct head/thorax/abdomen, six articulated legs, correct wing count and attachment, antennae, mouthparts and species-specific shell/body proportions.",Thrips.png
fauna,Tiger_Shark,Tiger Shark,PASS_WITH_POLISH,HOLD,FAIL,PASS_WITH_POLISH -> HOLD,"No critical routing, clipping, eye, or life-stage issue found in the full-size visual pass. Recognizable within the established stylized family language. The portrait relies on a generic torpedo fish. Correct body depth, head/mouth position, dorsal/anal/pectoral fin shape, caudal fin, markings and any diagnostic appendage.",Tiger_Shark.png
fauna,Tigerfish,Tigerfish,PASS_WITH_POLISH,HOLD,FAIL,PASS_WITH_POLISH -> HOLD,"No critical routing, clipping, eye, or life-stage issue found in the full-size visual pass. Recognizable within the established stylized family language. Broad family routing may be usable, but Tigerfish still needs an unlabeled silhouette check for body plan, head, eyes/sensory structures, appendages and rear/terminal anatomy.",Tigerfish.png
fauna,Tilapia,Tilapia,PASS_WITH_POLISH,HOLD,FAIL,PASS_WITH_POLISH -> HOLD,"No critical routing, clipping, eye, or life-stage issue found in the full-size visual pass. Recognizable within the established stylized family language. Broad family routing may be usable, but Tilapia still needs an unlabeled silhouette check for body plan, head, eyes/sensory structures, appendages and rear/terminal anatomy.",Tilapia.png
fauna,Toad,Toad,PASS_WITH_POLISH,HOLD,FAIL,PASS_WITH_POLISH -> HOLD,"No critical routing, clipping, eye, or life-stage issue found in the full-size visual pass. Recognizable within the established stylized family language. Verify body width, head/mouth, eye placement, fore/hind limb proportions, toes, tail state and skin texture; color alone should not define the species.",Toad.png
fauna,Toucan,Toucan,PASS_WITH_POLISH,HOLD,FAIL,PASS_WITH_POLISH -> HOLD,"No critical routing, clipping, eye, or life-stage issue found in the full-size visual pass. Recognizable within the established stylized family language. Broad family routing may be usable, but Toucan still needs an unlabeled silhouette check for body plan, head, eyes/sensory structures, appendages and rear/terminal anatomy.",Toucan.png
fauna,Tree_Frog,Tree Frog,PASS_WITH_POLISH,HOLD,FAIL,PASS_WITH_POLISH -> HOLD,"No critical routing, clipping, eye, or life-stage issue found in the full-size visual pass. Recognizable within the established stylized family language. Verify body width, head/mouth, eye placement, fore/hind limb proportions, toes, tail state and skin texture; color alone should not define the species.",Tree_Frog.png
fauna,Tree_Shrew,Tree Shrew,PASS_WITH_POLISH,HOLD,FAIL,PASS_WITH_POLISH -> HOLD,"No critical routing, clipping, eye, or life-stage issue found in the full-size visual pass. Recognizable within the established stylized family language. Broad family routing may be usable, but Tree Shrew still needs an unlabeled silhouette check for body plan, head, eyes/sensory structures, appendages and rear/terminal anatomy.",Tree_Shrew.png
fauna,Tree_Snake,Tree Snake,PASS_WITH_POLISH,HOLD,FAIL,PASS_WITH_POLISH -> HOLD,"No critical routing, clipping, eye, or life-stage issue found in the full-size visual pass. Recognizable within the established stylized family language. Verify skull/head profile, limb state, body thickness, scale texture, tail and any crest/frill/horn; do not rely on color alone.",Tree_Snake.png
fauna,Triggerfish,Triggerfish,PASS_WITH_POLISH,HOLD,FAIL,PASS_WITH_POLISH -> HOLD,"No critical routing, clipping, eye, or life-stage issue found in the full-size visual pass. Recognizable within the established stylized family language. The portrait relies on a generic torpedo fish. Correct body depth, head/mouth position, dorsal/anal/pectoral fin shape, caudal fin, markings and any diagnostic appendage.",Triggerfish.png
fauna,Tropicbird,Tropicbird,PASS_WITH_POLISH,HOLD,FAIL,PASS_WITH_POLISH -> HOLD,"No critical routing, clipping, eye, or life-stage issue found in the full-size visual pass. Recognizable within the established stylized family language. Broad family routing may be usable, but Tropicbird still needs an unlabeled silhouette check for body plan, head, eyes/sensory structures, appendages and rear/terminal anatomy.",Tropicbird.png
fauna,Trout,Trout,PASS_WITH_POLISH,HOLD,FAIL,PASS_WITH_POLISH -> HOLD,"No critical routing, clipping, eye, or life-stage issue found in the full-size visual pass. Recognizable within the established stylized family language. The portrait relies on a generic torpedo fish. Correct body depth, head/mouth position, dorsal/anal/pectoral fin shape, caudal fin, markings and any diagnostic appendage.",Trout.png
fauna,Tube_Worm,Tube Worm,PASS_WITH_POLISH,HOLD,FAIL,PASS_WITH_POLISH -> HOLD,"No critical routing, clipping, eye, or life-stage issue found in the full-size visual pass. Recognizable within the established stylized family language. Broad family routing may be usable, but Tube Worm still needs an unlabeled silhouette check for body plan, head, eyes/sensory structures, appendages and rear/terminal anatomy.",Tube_Worm.png
fauna,Tuna,Tuna,PASS_WITH_POLISH,HOLD,FAIL,PASS_WITH_POLISH -> HOLD,"No critical routing, clipping, eye, or life-stage issue found in the full-size visual pass. Recognizable within the established stylized family language. The portrait relies on a generic torpedo fish. Correct body depth, head/mouth position, dorsal/anal/pectoral fin shape, caudal fin, markings and any diagnostic appendage.",Tuna.png
fauna,Turkey,Turkey,PASS_WITH_POLISH,HOLD,FAIL,PASS_WITH_POLISH -> HOLD,"No critical routing, clipping, eye, or life-stage issue found in the full-size visual pass. Recognizable within the established stylized family language. The named bird relies too heavily on the shared side-bird template. Correct the bill, neck, body depth, wing length, leg type, tail and crest/display structures for the species.",Turkey.png
fauna,Turtle,Turtle,PASS_WITH_POLISH,HOLD,FAIL,PASS_WITH_POLISH -> HOLD,"No critical routing, clipping, eye, or life-stage issue found in the full-size visual pass. Recognizable within the established stylized family language. Use species-correct shell profile, neck/head, limb type (flipper, webbed foot or columnar leg), tail and shell texture rather than one generic turtle.",Turtle.png
fauna,Vampire_Bat,Vampire Bat,PASS_WITH_POLISH,HOLD,FAIL,PASS_WITH_POLISH -> HOLD,"No critical routing, clipping, eye, or life-stage issue found in the full-size visual pass. Recognizable within the established stylized family language. Broad family routing may be usable, but Vampire Bat still needs an unlabeled silhouette check for body plan, head, eyes/sensory structures, appendages and rear/terminal anatomy.",Vampire_Bat.png
fauna,Vent_Crab,Vent Crab,PASS_WITH_POLISH,HOLD,FAIL,PASS_WITH_POLISH -> HOLD,"No critical routing, clipping, eye, or life-stage issue found in the full-size visual pass. Recognizable within the established stylized family language. Verify segmented carapace, correct leg/claw count, antennae, abdomen/tail fan and the named species’ defining asymmetry or shell form.",Vent_Crab.png
fauna,Vent_Shrimp,Vent Shrimp,PASS_WITH_POLISH,HOLD,FAIL,PASS_WITH_POLISH -> HOLD,"No critical routing, clipping, eye, or life-stage issue found in the full-size visual pass. Recognizable within the established stylized family language. Verify segmented carapace, correct leg/claw count, antennae, abdomen/tail fan and the named species’ defining asymmetry or shell form.",Vent_Shrimp.png
fauna,Vine_Snake,Vine Snake,PASS_WITH_POLISH,HOLD,FAIL,PASS_WITH_POLISH -> HOLD,"No critical routing, clipping, eye, or life-stage issue found in the full-size visual pass. Recognizable within the established stylized family language. Verify skull/head profile, limb state, body thickness, scale texture, tail and any crest/frill/horn; do not rely on color alone.",Vine_Snake.png
fauna,Viper,Viper,PASS_WITH_POLISH,HOLD,FAIL,PASS_WITH_POLISH -> HOLD,"No critical routing, clipping, eye, or life-stage issue found in the full-size visual pass. Recognizable within the established stylized family language. Verify skull/head profile, limb state, body thickness, scale texture, tail and any crest/frill/horn; do not rely on color alone.",Viper.png
fauna,Vole,Vole,PASS_WITH_POLISH,HOLD,FAIL,PASS_WITH_POLISH -> HOLD,"No critical routing, clipping, eye, or life-stage issue found in the full-size visual pass. Recognizable within the established stylized family language. Verify rodent/lagomorph skull, incisors/muzzle, fore/hind foot proportions, body posture and tail; several currently inherit the rabbit-like template.",Vole.png
fauna,Wahoo,Wahoo,PASS_WITH_POLISH,HOLD,FAIL,PASS_WITH_POLISH -> HOLD,"No critical routing, clipping, eye, or life-stage issue found in the full-size visual pass. Recognizable within the established stylized family language. The portrait relies on a generic torpedo fish. Correct body depth, head/mouth position, dorsal/anal/pectoral fin shape, caudal fin, markings and any diagnostic appendage.",Wahoo.png
fauna,Wall_Lizard,Wall Lizard,PASS_WITH_POLISH,HOLD,FAIL,PASS_WITH_POLISH -> HOLD,"No critical routing, clipping, eye, or life-stage issue found in the full-size visual pass. Recognizable within the established stylized family language. Verify skull/head profile, limb state, body thickness, scale texture, tail and any crest/frill/horn; do not rely on color alone.",Wall_Lizard.png
fauna,Wallaby,Wallaby,PASS_WITH_POLISH,HOLD,FAIL,PASS_WITH_POLISH -> HOLD,"No critical routing, clipping, eye, or life-stage issue found in the full-size visual pass. Recognizable within the established stylized family language. Broad family routing may be usable, but Wallaby still needs an unlabeled silhouette check for body plan, head, eyes/sensory structures, appendages and rear/terminal anatomy.",Wallaby.png
fauna,Walleye,Walleye,PASS_WITH_POLISH,HOLD,FAIL,PASS_WITH_POLISH -> HOLD,"No critical routing, clipping, eye, or life-stage issue found in the full-size visual pass. Recognizable within the established stylized family language. The portrait relies on a generic torpedo fish. Correct body depth, head/mouth position, dorsal/anal/pectoral fin shape, caudal fin, markings and any diagnostic appendage.",Walleye.png
fauna,Warthog,Warthog,PASS_WITH_POLISH,HOLD,FAIL,PASS_WITH_POLISH -> HOLD,"No critical routing, clipping, eye, or life-stage issue found in the full-size visual pass. Recognizable within the established stylized family language. Broad family routing may be usable, but Warthog still needs an unlabeled silhouette check for body plan, head, eyes/sensory structures, appendages and rear/terminal anatomy.",Warthog.png
fauna,Water_Beetle,Water Beetle,PASS_WITH_POLISH,HOLD,FAIL,PASS_WITH_POLISH -> HOLD,"No critical routing, clipping, eye, or life-stage issue found in the full-size visual pass. Recognizable within the established stylized family language. Use correct insect anatomy: distinct head/thorax/abdomen, six articulated legs, correct wing count and attachment, antennae, mouthparts and species-specific shell/body proportions.",Water_Beetle.png
fauna,Water_Buffalo,Water Buffalo,PASS_WITH_POLISH,HOLD,FAIL,PASS_WITH_POLISH -> HOLD,"No critical routing, clipping, eye, or life-stage issue found in the full-size visual pass. Recognizable within the established stylized family language. The ungulate base is usable, but the named species must have correct horn/antler geometry, neck, shoulder/croup mass, leg length, hooves, head and tail.",Water_Buffalo.png
fauna,Water_Flea,Water Flea,PASS_WITH_POLISH,HOLD,FAIL,PASS_WITH_POLISH -> HOLD,"No critical routing, clipping, eye, or life-stage issue found in the full-size visual pass. Recognizable within the established stylized family language. Use correct insect anatomy: distinct head/thorax/abdomen, six articulated legs, correct wing count and attachment, antennae, mouthparts and species-specific shell/body proportions.",Water_Flea.png
fauna,Water_Snail,Water Snail,PASS_WITH_POLISH,HOLD,FAIL,PASS_WITH_POLISH -> HOLD,"No critical routing, clipping, eye, or life-stage issue found in the full-size visual pass. Recognizable within the established stylized family language. Broad family routing may be usable, but Water Snail still needs an unlabeled silhouette check for body plan, head, eyes/sensory structures, appendages and rear/terminal anatomy.",Water_Snail.png
fauna,Water_Snake,Water Snake,PASS_WITH_POLISH,HOLD,FAIL,PASS_WITH_POLISH -> HOLD,"No critical routing, clipping, eye, or life-stage issue found in the full-size visual pass. Recognizable within the established stylized family language. Verify skull/head profile, limb state, body thickness, scale texture, tail and any crest/frill/horn; do not rely on color alone.",Water_Snake.png
fauna,Water_Vole,Water Vole,PASS_WITH_POLISH,HOLD,FAIL,PASS_WITH_POLISH -> HOLD,"No critical routing, clipping, eye, or life-stage issue found in the full-size visual pass. Recognizable within the established stylized family language. Verify rodent/lagomorph skull, incisors/muzzle, fore/hind foot proportions, body posture and tail; several currently inherit the rabbit-like template.",Water_Vole.png
fauna,Weasel,Weasel,PASS_WITH_POLISH,HOLD,FAIL,PASS_WITH_POLISH -> HOLD,"No critical routing, clipping, eye, or life-stage issue found in the full-size visual pass. Recognizable within the established stylized family language. Use the correct low flexible carnivoran torso, pawed limbs, skull/muzzle, and species-specific tail instead of one shared long-body template.",Weasel.png
fauna,Weaverbird,Weaverbird,PASS_WITH_POLISH,HOLD,FAIL,PASS_WITH_POLISH -> HOLD,"No critical routing, clipping, eye, or life-stage issue found in the full-size visual pass. Recognizable within the established stylized family language. Broad family routing may be usable, but Weaverbird still needs an unlabeled silhouette check for body plan, head, eyes/sensory structures, appendages and rear/terminal anatomy.",Weaverbird.png
fauna,Whip_Snake,Whip Snake,PASS_WITH_POLISH,HOLD,FAIL,PASS_WITH_POLISH -> HOLD,"No critical routing, clipping, eye, or life-stage issue found in the full-size visual pass. Recognizable within the established stylized family language. Verify skull/head profile, limb state, body thickness, scale texture, tail and any crest/frill/horn; do not rely on color alone.",Whip_Snake.png
fauna,Whiptail,Whiptail,PASS_WITH_POLISH,HOLD,FAIL,PASS_WITH_POLISH -> HOLD,"No critical routing, clipping, eye, or life-stage issue found in the full-size visual pass. Recognizable within the established stylized family language. Verify skull/head profile, limb state, body thickness, scale texture, tail and any crest/frill/horn; do not rely on color alone.",Whiptail.png
fauna,Whitefish,Whitefish,PASS_WITH_POLISH,HOLD,FAIL,PASS_WITH_POLISH -> HOLD,"No critical routing, clipping, eye, or life-stage issue found in the full-size visual pass. Recognizable within the established stylized family language. The portrait relies on a generic torpedo fish. Correct body depth, head/mouth position, dorsal/anal/pectoral fin shape, caudal fin, markings and any diagnostic appendage.",Whitefish.png
fauna,Wild_Ass,Wild Ass,PASS_WITH_POLISH,HOLD,FAIL,PASS_WITH_POLISH -> HOLD,"No critical routing, clipping, eye, or life-stage issue found in the full-size visual pass. Recognizable within the established stylized family language. Use a dedicated equid scaffold: deep barrel torso, withers, sloped shoulder, muscular croup, long wedge-shaped head, articulated knees/hocks/fetlocks, hooves, mane, and flowing or tufted tail.",Wild_Ass.png
fauna,Wild_Boar,Wild Boar,PASS_WITH_POLISH,HOLD,FAIL,PASS_WITH_POLISH -> HOLD,"No critical routing, clipping, eye, or life-stage issue found in the full-size visual pass. Recognizable within the established stylized family language. Broad family routing may be usable, but Wild Boar still needs an unlabeled silhouette check for body plan, head, eyes/sensory structures, appendages and rear/terminal anatomy.",Wild_Boar.png
fauna,Wild_Pig,Wild Pig,PASS_WITH_POLISH,HOLD,FAIL,PASS_WITH_POLISH -> HOLD,"No critical routing, clipping, eye, or life-stage issue found in the full-size visual pass. Recognizable within the established stylized family language. Broad family routing may be usable, but Wild Pig still needs an unlabeled silhouette check for body plan, head, eyes/sensory structures, appendages and rear/terminal anatomy.",Wild_Pig.png
fauna,Wild_Pony,Wild Pony,PASS_WITH_POLISH,HOLD,FAIL,PASS_WITH_POLISH -> HOLD,"No critical routing, clipping, eye, or life-stage issue found in the full-size visual pass. Recognizable within the established stylized family language. Use a dedicated equid scaffold: deep barrel torso, withers, sloped shoulder, muscular croup, long wedge-shaped head, articulated knees/hocks/fetlocks, hooves, mane, and flowing or tufted tail.",Wild_Pony.png
fauna,Wild_Sheep,Wild Sheep,PASS_WITH_POLISH,HOLD,FAIL,PASS_WITH_POLISH -> HOLD,"No critical routing, clipping, eye, or life-stage issue found in the full-size visual pass. Recognizable within the established stylized family language. Broad family routing may be usable, but Wild Sheep still needs an unlabeled silhouette check for body plan, head, eyes/sensory structures, appendages and rear/terminal anatomy.",Wild_Sheep.png
fauna,Wildebeest,Wildebeest,PASS_WITH_POLISH,HOLD,FAIL,PASS_WITH_POLISH -> HOLD,"No critical routing, clipping, eye, or life-stage issue found in the full-size visual pass. Recognizable within the established stylized family language. The ungulate base is usable, but the named species must have correct horn/antler geometry, neck, shoulder/croup mass, leg length, hooves, head and tail.",Wildebeest.png
fauna,Wolverine,Wolverine,PASS_WITH_POLISH,HOLD,FAIL,PASS_WITH_POLISH -> HOLD,"No critical routing, clipping, eye, or life-stage issue found in the full-size visual pass. Recognizable within the established stylized family language. Use the correct low flexible carnivoran torso, pawed limbs, skull/muzzle, and species-specific tail instead of one shared long-body template.",Wolverine.png
fauna,Wombat,Wombat,PASS_WITH_POLISH,HOLD,FAIL,PASS_WITH_POLISH -> HOLD,"No critical routing, clipping, eye, or life-stage issue found in the full-size visual pass. Recognizable within the established stylized family language. Broad family routing may be usable, but Wombat still needs an unlabeled silhouette check for body plan, head, eyes/sensory structures, appendages and rear/terminal anatomy.",Wombat.png
fauna,Wood_Frog,Wood Frog,PASS_WITH_POLISH,HOLD,FAIL,PASS_WITH_POLISH -> HOLD,"No critical routing, clipping, eye, or life-stage issue found in the full-size visual pass. Recognizable within the established stylized family language. Verify body width, head/mouth, eye placement, fore/hind limb proportions, toes, tail state and skin texture; color alone should not define the species.",Wood_Frog.png
fauna,Wrasse,Wrasse,PASS_WITH_POLISH,HOLD,FAIL,PASS_WITH_POLISH -> HOLD,"No critical routing, clipping, eye, or life-stage issue found in the full-size visual pass. Recognizable within the established stylized family language. The portrait relies on a generic torpedo fish. Correct body depth, head/mouth position, dorsal/anal/pectoral fin shape, caudal fin, markings and any diagnostic appendage.",Wrasse.png
fauna,Yak,Yak,PASS_WITH_POLISH,HOLD,FAIL,PASS_WITH_POLISH -> HOLD,"No critical routing, clipping, eye, or life-stage issue found in the full-size visual pass. Recognizable within the established stylized family language. The ungulate base is usable, but the named species must have correct horn/antler geometry, neck, shoulder/croup mass, leg length, hooves, head and tail.",Yak.png
fauna,Zebra,Zebra,PASS_WITH_POLISH,HOLD,FAIL,PASS_WITH_POLISH -> HOLD,"No critical routing, clipping, eye, or life-stage issue found in the full-size visual pass. Recognizable within the established stylized family language. Use a dedicated equid scaffold: deep barrel torso, withers, sloped shoulder, muscular croup, long wedge-shaped head, articulated knees/hocks/fetlocks, hooves, mane, and flowing or tufted tail.",Zebra.png
flora,Acacia,Acacia,PASS_WITH_POLISH,HOLD,FAIL,PASS_WITH_POLISH -> HOLD,"Flat-topped savanna canopy reads; increase crown width/branch structure slightly. The catalog overuses a round canopy on a straight trunk. Match the species’ trunk habit, branching architecture, crown shape, leaf masses, bark and fruit/flower attachment.",Acacia.png
flora,Acorn,Acorn,PASS_WITH_POLISH,HOLD,FAIL,PASS_WITH_POLISH -> HOLD,"Clarify this as a harvest item rather than a fruiting tree portrait, or link it explicitly to Oak. Acorn needs a species-specific growth-form check: roots/attachment, stem or trunk, leaf/frond arrangement, flower/fruit/spore organ and overall scale.",Acorn.png
flora,African_Ginger,African Ginger,PASS_WITH_POLISH,HOLD,FAIL,PASS_WITH_POLISH -> HOLD,"No critical duplicate, clipping, or gross growth-family error found. Broad growth form is usable; species-level botanical specificity may still be simplified. African Ginger needs a species-specific growth-form check: roots/attachment, stem or trunk, leaf/frond arrangement, flower/fruit/spore organ and overall scale.",African_Ginger.png
flora,Agave,Agave,PASS_WITH_POLISH,HOLD,FAIL,PASS_WITH_POLISH -> HOLD,"No critical duplicate, clipping, or gross growth-family error found. Broad growth form is usable; species-level botanical specificity may still be simplified. Match stem geometry, branching/rosette habit, pads/ribs, spines, flower and fruit placement for the named cactus or succulent.",Agave.png
flora,Air_Plant,Air Plant,PASS_WITH_POLISH,HOLD,FAIL,PASS_WITH_POLISH -> HOLD,"No critical duplicate, clipping, or gross growth-family error found. Broad growth form is usable; species-level botanical specificity may still be simplified. Air Plant needs a species-specific growth-form check: roots/attachment, stem or trunk, leaf/frond arrangement, flower/fruit/spore organ and overall scale.",Air_Plant.png
flora,Alfalfa,Alfalfa,PASS_WITH_POLISH,HOLD,FAIL,PASS_WITH_POLISH -> HOLD,"No critical duplicate, clipping, or gross growth-family error found. Broad growth form is usable; species-level botanical specificity may still be simplified. Alfalfa needs a species-specific growth-form check: roots/attachment, stem or trunk, leaf/frond arrangement, flower/fruit/spore organ and overall scale.",Alfalfa.png
flora,Aloe,Aloe,PASS_WITH_POLISH,HOLD,FAIL,PASS_WITH_POLISH -> HOLD,"No critical duplicate, clipping, or gross growth-family error found. Broad growth form is usable; species-level botanical specificity may still be simplified. Match stem geometry, branching/rosette habit, pads/ribs, spines, flower and fruit placement for the named cactus or succulent.",Aloe.png
flora,Alpine_Mint,Alpine Mint,PASS_WITH_POLISH,HOLD,FAIL,PASS_WITH_POLISH -> HOLD,"No critical duplicate, clipping, or gross growth-family error found. Broad growth form is usable; species-level botanical specificity may still be simplified. Alpine Mint needs a species-specific growth-form check: roots/attachment, stem or trunk, leaf/frond arrangement, flower/fruit/spore organ and overall scale.",Alpine_Mint.png
flora,Alpine_Sorrel,Alpine Sorrel,PASS_WITH_POLISH,HOLD,FAIL,PASS_WITH_POLISH -> HOLD,"No critical duplicate, clipping, or gross growth-family error found. Broad growth form is usable; species-level botanical specificity may still be simplified. Alpine Sorrel needs a species-specific growth-form check: roots/attachment, stem or trunk, leaf/frond arrangement, flower/fruit/spore organ and overall scale.",Alpine_Sorrel.png
flora,Amaranth,Amaranth,PASS_WITH_POLISH,HOLD,FAIL,PASS_WITH_POLISH -> HOLD,"No critical duplicate, clipping, or gross growth-family error found. Broad growth form is usable; species-level botanical specificity may still be simplified. Correct the culm, leaf arrangement and species-specific seed head/inflorescence; many grains currently share one generic spike or grass tuft.",Amaranth.png
flora,Angelica,Angelica,PASS_WITH_POLISH,HOLD,FAIL,PASS_WITH_POLISH -> HOLD,"Add compound umbels and broader herb structure. Angelica needs a species-specific growth-form check: roots/attachment, stem or trunk, leaf/frond arrangement, flower/fruit/spore organ and overall scale.",Angelica.png
flora,Anise,Anise,PASS_WITH_POLISH,HOLD,FAIL,PASS_WITH_POLISH -> HOLD,"No critical duplicate, clipping, or gross growth-family error found. Broad growth form is usable; species-level botanical specificity may still be simplified. Anise needs a species-specific growth-form check: roots/attachment, stem or trunk, leaf/frond arrangement, flower/fruit/spore organ and overall scale.",Anise.png
flora,Apple,Apple,PASS_WITH_POLISH,HOLD,FAIL,PASS_WITH_POLISH -> HOLD,"No critical duplicate, clipping, or gross growth-family error found. Broad growth form is usable; species-level botanical specificity may still be simplified. The catalog overuses a round canopy on a straight trunk. Match the species’ trunk habit, branching architecture, crown shape, leaf masses, bark and fruit/flower attachment.",Apple.png
flora,Apricot,Apricot,PASS_WITH_POLISH,HOLD,FAIL,PASS_WITH_POLISH -> HOLD,"No critical duplicate, clipping, or gross growth-family error found. Broad growth form is usable; species-level botanical specificity may still be simplified. The catalog overuses a round canopy on a straight trunk. Match the species’ trunk habit, branching architecture, crown shape, leaf masses, bark and fruit/flower attachment.",Apricot.png
flora,Arctic_Blueberry,Arctic Blueberry,PASS_WITH_POLISH,HOLD,FAIL,PASS_WITH_POLISH -> HOLD,"No critical duplicate, clipping, or gross growth-family error found. Broad growth form is usable; species-level botanical specificity may still be simplified. Arctic Blueberry needs a species-specific growth-form check: roots/attachment, stem or trunk, leaf/frond arrangement, flower/fruit/spore organ and overall scale.",Arctic_Blueberry.png
flora,Arctic_Sorrel,Arctic Sorrel,PASS_WITH_POLISH,HOLD,FAIL,PASS_WITH_POLISH -> HOLD,"No critical duplicate, clipping, or gross growth-family error found. Broad growth form is usable; species-level botanical specificity may still be simplified. Arctic Sorrel needs a species-specific growth-form check: roots/attachment, stem or trunk, leaf/frond arrangement, flower/fruit/spore organ and overall scale.",Arctic_Sorrel.png
flora,Arctic_Willow,Arctic Willow,PASS_WITH_POLISH,HOLD,FAIL,PASS_WITH_POLISH -> HOLD,"No critical duplicate, clipping, or gross growth-family error found. Broad growth form is usable; species-level botanical specificity may still be simplified. Arctic Willow needs a species-specific growth-form check: roots/attachment, stem or trunk, leaf/frond arrangement, flower/fruit/spore organ and overall scale.",Arctic_Willow.png
flora,Arnica,Arnica,PASS_WITH_POLISH,HOLD,FAIL,PASS_WITH_POLISH -> HOLD,"No critical duplicate, clipping, or gross growth-family error found. Broad growth form is usable; species-level botanical specificity may still be simplified. Arnica needs a species-specific growth-form check: roots/attachment, stem or trunk, leaf/frond arrangement, flower/fruit/spore organ and overall scale.",Arnica.png
flora,Arrowhead,Arrowhead,PASS_WITH_POLISH,HOLD,FAIL,PASS_WITH_POLISH -> HOLD,"Current organ-like blobs read as harvest items; source plant should show aquatic arrow-shaped leaves. Arrowhead needs a species-specific growth-form check: roots/attachment, stem or trunk, leaf/frond arrangement, flower/fruit/spore organ and overall scale.",Arrowhead.png
flora,Arrowroot,Arrowroot,PASS_WITH_POLISH,HOLD,FAIL,PASS_WITH_POLISH -> HOLD,"Current rosette lacks the broad tropical leaves and rhizome/source relationship. Correct the culm, leaf arrangement and species-specific seed head/inflorescence; many grains currently share one generic spike or grass tuft.",Arrowroot.png
flora,Avocado,Avocado,PASS_WITH_POLISH,HOLD,FAIL,PASS_WITH_POLISH -> HOLD,"No critical duplicate, clipping, or gross growth-family error found. Broad growth form is usable; species-level botanical specificity may still be simplified. The catalog overuses a round canopy on a straight trunk. Match the species’ trunk habit, branching architecture, crown shape, leaf masses, bark and fruit/flower attachment.",Avocado.png
flora,Bamboo_Shoots,Bamboo Shoots,PASS_WITH_POLISH,HOLD,FAIL,PASS_WITH_POLISH -> HOLD,"Clarify as a harvest item with conical shoots rather than a generic grass tuft. Bamboo Shoots needs a species-specific growth-form check: roots/attachment, stem or trunk, leaf/frond arrangement, flower/fruit/spore organ and overall scale.",Bamboo_Shoots.png
flora,Barley,Barley,PASS_WITH_POLISH,HOLD,FAIL,PASS_WITH_POLISH -> HOLD,"Add a distinct long-awned grain head. Correct the culm, leaf arrangement and species-specific seed head/inflorescence; many grains currently share one generic spike or grass tuft.",Barley.png
flora,Barrel_Cactus_Fruit,Barrel Cactus Fruit,PASS_WITH_POLISH,HOLD,FAIL,PASS_WITH_POLISH -> HOLD,"No critical duplicate, clipping, or gross growth-family error found. Broad growth form is usable; species-level botanical specificity may still be simplified. Barrel Cactus Fruit needs a species-specific growth-form check: roots/attachment, stem or trunk, leaf/frond arrangement, flower/fruit/spore organ and overall scale.",Barrel_Cactus_Fruit.png
flora,Bay_Laurel,Bay Laurel,PASS_WITH_POLISH,HOLD,FAIL,PASS_WITH_POLISH -> HOLD,"No critical duplicate, clipping, or gross growth-family error found. Broad growth form is usable; species-level botanical specificity may still be simplified. Bay Laurel needs a species-specific growth-form check: roots/attachment, stem or trunk, leaf/frond arrangement, flower/fruit/spore organ and overall scale.",Bay_Laurel.png
flora,Beach_Pea,Beach Pea,PASS_WITH_POLISH,HOLD,FAIL,PASS_WITH_POLISH -> HOLD,"No critical duplicate, clipping, or gross growth-family error found. Broad growth form is usable; species-level botanical specificity may still be simplified. Beach Pea needs a species-specific growth-form check: roots/attachment, stem or trunk, leaf/frond arrangement, flower/fruit/spore organ and overall scale.",Beach_Pea.png
flora,Beach_Plum,Beach Plum,PASS_WITH_POLISH,HOLD,FAIL,PASS_WITH_POLISH -> HOLD,"No critical duplicate, clipping, or gross growth-family error found. Broad growth form is usable; species-level botanical specificity may still be simplified. Beach Plum needs a species-specific growth-form check: roots/attachment, stem or trunk, leaf/frond arrangement, flower/fruit/spore organ and overall scale.",Beach_Plum.png
flora,Bearberry,Bearberry,PASS_WITH_POLISH,HOLD,FAIL,PASS_WITH_POLISH -> HOLD,"No critical duplicate, clipping, or gross growth-family error found. Broad growth form is usable; species-level botanical specificity may still be simplified. Bearberry needs a species-specific growth-form check: roots/attachment, stem or trunk, leaf/frond arrangement, flower/fruit/spore organ and overall scale.",Bearberry.png
flora,Beet,Beet,PASS_WITH_POLISH,HOLD,FAIL,PASS_WITH_POLISH -> HOLD,"No critical duplicate, clipping, or gross growth-family error found. Broad growth form is usable; species-level botanical specificity may still be simplified. Show the source plant and the correct underground storage organ, leaf top and harvest relationship rather than an isolated generic bulb.",Beet.png
flora,Belladonna,Belladonna,PASS_WITH_POLISH,HOLD,FAIL,PASS_WITH_POLISH -> HOLD,"No critical duplicate, clipping, or gross growth-family error found. Broad growth form is usable; species-level botanical specificity may still be simplified. Belladonna needs a species-specific growth-form check: roots/attachment, stem or trunk, leaf/frond arrangement, flower/fruit/spore organ and overall scale.",Belladonna.png
flora,Bergamot,Bergamot,PASS_WITH_POLISH,HOLD,FAIL,PASS_WITH_POLISH -> HOLD,"No critical duplicate, clipping, or gross growth-family error found. Broad growth form is usable; species-level botanical specificity may still be simplified. Bergamot needs a species-specific growth-form check: roots/attachment, stem or trunk, leaf/frond arrangement, flower/fruit/spore organ and overall scale.",Bergamot.png
flora,Bilberry,Bilberry,PASS_WITH_POLISH,HOLD,FAIL,PASS_WITH_POLISH -> HOLD,"No critical duplicate, clipping, or gross growth-family error found. Broad growth form is usable; species-level botanical specificity may still be simplified. Bilberry needs a species-specific growth-form check: roots/attachment, stem or trunk, leaf/frond arrangement, flower/fruit/spore organ and overall scale.",Bilberry.png
flora,Birch_Sap,Birch Sap,PASS_WITH_POLISH,HOLD,FAIL,PASS_WITH_POLISH -> HOLD,"No critical duplicate, clipping, or gross growth-family error found. Broad growth form is usable; species-level botanical specificity may still be simplified. Birch Sap needs a species-specific growth-form check: roots/attachment, stem or trunk, leaf/frond arrangement, flower/fruit/spore organ and overall scale.",Birch_Sap.png
flora,Bitterroot,Bitterroot,PASS_WITH_POLISH,HOLD,FAIL,PASS_WITH_POLISH -> HOLD,"No critical duplicate, clipping, or gross growth-family error found. Broad growth form is usable; species-level botanical specificity may still be simplified. Bitterroot needs a species-specific growth-form check: roots/attachment, stem or trunk, leaf/frond arrangement, flower/fruit/spore organ and overall scale.",Bitterroot.png
flora,Black-Eyed_Susan,Black Eyed Susan,PASS_WITH_POLISH,HOLD,FAIL,PASS_WITH_POLISH -> HOLD,"No critical duplicate, clipping, or gross growth-family error found. Broad growth form is usable; species-level botanical specificity may still be simplified. Black Eyed Susan needs a species-specific growth-form check: roots/attachment, stem or trunk, leaf/frond arrangement, flower/fruit/spore organ and overall scale.",Black-Eyed_Susan.png
flora,Black_Grape,Black Grape,PASS_WITH_POLISH,HOLD,FAIL,PASS_WITH_POLISH -> HOLD,"No critical duplicate, clipping, or gross growth-family error found. Broad growth form is usable; species-level botanical specificity may still be simplified. Black Grape needs a species-specific growth-form check: roots/attachment, stem or trunk, leaf/frond arrangement, flower/fruit/spore organ and overall scale.",Black_Grape.png
flora,Blackberry,Blackberry,PASS_WITH_POLISH,HOLD,FAIL,PASS_WITH_POLISH -> HOLD,"No critical duplicate, clipping, or gross growth-family error found. Broad growth form is usable; species-level botanical specificity may still be simplified. Blackberry needs a species-specific growth-form check: roots/attachment, stem or trunk, leaf/frond arrangement, flower/fruit/spore organ and overall scale.",Blackberry.png
flora,Blueberry,Blueberry,PASS_WITH_POLISH,HOLD,FAIL,PASS_WITH_POLISH -> HOLD,"No critical duplicate, clipping, or gross growth-family error found. Broad growth form is usable; species-level botanical specificity may still be simplified. Blueberry needs a species-specific growth-form check: roots/attachment, stem or trunk, leaf/frond arrangement, flower/fruit/spore organ and overall scale.",Blueberry.png
flora,Bog_Myrtle,Bog Myrtle,PASS_WITH_POLISH,HOLD,FAIL,PASS_WITH_POLISH -> HOLD,"No critical duplicate, clipping, or gross growth-family error found. Broad growth form is usable; species-level botanical specificity may still be simplified. Bog Myrtle needs a species-specific growth-form check: roots/attachment, stem or trunk, leaf/frond arrangement, flower/fruit/spore organ and overall scale.",Bog_Myrtle.png
flora,Bog_Rosemary,Bog Rosemary,PASS_WITH_POLISH,HOLD,FAIL,PASS_WITH_POLISH -> HOLD,"No critical duplicate, clipping, or gross growth-family error found. Broad growth form is usable; species-level botanical specificity may still be simplified. Bog Rosemary needs a species-specific growth-form check: roots/attachment, stem or trunk, leaf/frond arrangement, flower/fruit/spore organ and overall scale.",Bog_Rosemary.png
flora,Brazil_Nut,Brazil Nut,PASS_WITH_POLISH,HOLD,FAIL,PASS_WITH_POLISH -> HOLD,"No critical duplicate, clipping, or gross growth-family error found. Broad growth form is usable; species-level botanical specificity may still be simplified. The catalog overuses a round canopy on a straight trunk. Match the species’ trunk habit, branching architecture, crown shape, leaf masses, bark and fruit/flower attachment.",Brazil_Nut.png
flora,Breadfruit,Breadfruit,PASS_WITH_POLISH,HOLD,FAIL,PASS_WITH_POLISH -> HOLD,"No critical duplicate, clipping, or gross growth-family error found. Broad growth form is usable; species-level botanical specificity may still be simplified. Breadfruit needs a species-specific growth-form check: roots/attachment, stem or trunk, leaf/frond arrangement, flower/fruit/spore organ and overall scale.",Breadfruit.png
flora,Breadnut,Breadnut,PASS_WITH_POLISH,HOLD,FAIL,PASS_WITH_POLISH -> HOLD,"No critical duplicate, clipping, or gross growth-family error found. Broad growth form is usable; species-level botanical specificity may still be simplified. Breadnut needs a species-specific growth-form check: roots/attachment, stem or trunk, leaf/frond arrangement, flower/fruit/spore organ and overall scale.",Breadnut.png
flora,Bromeliad,Bromeliad,PASS_WITH_POLISH,HOLD,FAIL,PASS_WITH_POLISH -> HOLD,"No critical duplicate, clipping, or gross growth-family error found. Broad growth form is usable; species-level botanical specificity may still be simplified. Match the named plant’s actual growth habit, leaf arrangement, flower/seed structure and scale; many currently use one vertical leaf-ladder or color-only herb template.",Bromeliad.png
flora,Brooklime,Brooklime,PASS_WITH_POLISH,HOLD,FAIL,PASS_WITH_POLISH -> HOLD,"No critical duplicate, clipping, or gross growth-family error found. Broad growth form is usable; species-level botanical specificity may still be simplified. Brooklime needs a species-specific growth-form check: roots/attachment, stem or trunk, leaf/frond arrangement, flower/fruit/spore organ and overall scale.",Brooklime.png
flora,Bull_Kelp,Bull Kelp,PASS_WITH_POLISH,HOLD,FAIL,PASS_WITH_POLISH -> HOLD,"Add a long stipe, large gas bladder, and broad blades. Bull Kelp needs a species-specific growth-form check: roots/attachment, stem or trunk, leaf/frond arrangement, flower/fruit/spore organ and overall scale.",Bull_Kelp.png
flora,Buttercup,Buttercup,PASS_WITH_POLISH,HOLD,FAIL,PASS_WITH_POLISH -> HOLD,"No critical duplicate, clipping, or gross growth-family error found. Broad growth form is usable; species-level botanical specificity may still be simplified. Match the named plant’s actual growth habit, leaf arrangement, flower/seed structure and scale; many currently use one vertical leaf-ladder or color-only herb template.",Buttercup.png
flora,Cacao,Cacao,PASS_WITH_POLISH,HOLD,FAIL,PASS_WITH_POLISH -> HOLD,"No critical duplicate, clipping, or gross growth-family error found. Broad growth form is usable; species-level botanical specificity may still be simplified. Cacao needs a species-specific growth-form check: roots/attachment, stem or trunk, leaf/frond arrangement, flower/fruit/spore organ and overall scale.",Cacao.png
flora,Calotropis,Calotropis,PASS_WITH_POLISH,HOLD,FAIL,PASS_WITH_POLISH -> HOLD,"No critical duplicate, clipping, or gross growth-family error found. Broad growth form is usable; species-level botanical specificity may still be simplified. Calotropis needs a species-specific growth-form check: roots/attachment, stem or trunk, leaf/frond arrangement, flower/fruit/spore organ and overall scale.",Calotropis.png
flora,Camphor_Tree,Camphor Tree,PASS_WITH_POLISH,HOLD,FAIL,PASS_WITH_POLISH -> HOLD,"No critical duplicate, clipping, or gross growth-family error found. Broad growth form is usable; species-level botanical specificity may still be simplified. Camphor Tree needs a species-specific growth-form check: roots/attachment, stem or trunk, leaf/frond arrangement, flower/fruit/spore organ and overall scale.",Camphor_Tree.png
flora,Canola,Canola,PASS_WITH_POLISH,HOLD,FAIL,PASS_WITH_POLISH -> HOLD,"Add branching stems with clusters of small yellow flowers. Canola needs a species-specific growth-form check: roots/attachment, stem or trunk, leaf/frond arrangement, flower/fruit/spore organ and overall scale.",Canola.png
flora,Canopy_Vine,Canopy Vine,PASS_WITH_POLISH,HOLD,FAIL,PASS_WITH_POLISH -> HOLD,"No critical duplicate, clipping, or gross growth-family error found. Broad growth form is usable; species-level botanical specificity may still be simplified. Canopy Vine needs a species-specific growth-form check: roots/attachment, stem or trunk, leaf/frond arrangement, flower/fruit/spore organ and overall scale.",Canopy_Vine.png
flora,Carob,Carob,PASS_WITH_POLISH,HOLD,FAIL,PASS_WITH_POLISH -> HOLD,"No critical duplicate, clipping, or gross growth-family error found. Broad growth form is usable; species-level botanical specificity may still be simplified. Carob needs a species-specific growth-form check: roots/attachment, stem or trunk, leaf/frond arrangement, flower/fruit/spore organ and overall scale.",Carob.png
flora,Cashew,Cashew,PASS_WITH_POLISH,HOLD,FAIL,PASS_WITH_POLISH -> HOLD,"No critical duplicate, clipping, or gross growth-family error found. Broad growth form is usable; species-level botanical specificity may still be simplified. The catalog overuses a round canopy on a straight trunk. Match the species’ trunk habit, branching architecture, crown shape, leaf masses, bark and fruit/flower attachment.",Cashew.png
flora,Cassava,Cassava,PASS_WITH_POLISH,HOLD,FAIL,PASS_WITH_POLISH -> HOLD,"Add palmate leaves and clearer root-crop identity. Correct the culm, leaf arrangement and species-specific seed head/inflorescence; many grains currently share one generic spike or grass tuft.",Cassava.png
flora,Castor_Bean,Castor Bean,PASS_WITH_POLISH,HOLD,FAIL,PASS_WITH_POLISH -> HOLD,"No critical duplicate, clipping, or gross growth-family error found. Broad growth form is usable; species-level botanical specificity may still be simplified. Castor Bean needs a species-specific growth-form check: roots/attachment, stem or trunk, leaf/frond arrangement, flower/fruit/spore organ and overall scale.",Castor_Bean.png
flora,Cattail,Cattail,PASS_WITH_POLISH,HOLD,FAIL,PASS_WITH_POLISH -> HOLD,"Add brown cylindrical seed heads; current grass alone is insufficient. Use the correct holdfast/rooting, blade/frond form, branching, air bladders and water-growth habit instead of a single generic ribbon or blob.",Cattail.png
flora,Cave_Fern,Cave Fern,PASS_WITH_POLISH,HOLD,FAIL,PASS_WITH_POLISH -> HOLD,"No critical duplicate, clipping, or gross growth-family error found. Broad growth form is usable; species-level botanical specificity may still be simplified. Cave Fern needs a species-specific growth-form check: roots/attachment, stem or trunk, leaf/frond arrangement, flower/fruit/spore organ and overall scale.",Cave_Fern.png
flora,Cedar,Cedar,PASS_WITH_POLISH,HOLD,FAIL,PASS_WITH_POLISH -> HOLD,"No critical duplicate, clipping, or gross growth-family error found. Broad growth form is usable; species-level botanical specificity may still be simplified. Cedar needs a species-specific growth-form check: roots/attachment, stem or trunk, leaf/frond arrangement, flower/fruit/spore organ and overall scale.",Cedar.png
flora,Chamomile,Chamomile,PASS_WITH_POLISH,HOLD,FAIL,PASS_WITH_POLISH -> HOLD,"No critical duplicate, clipping, or gross growth-family error found. Broad growth form is usable; species-level botanical specificity may still be simplified. Match the named plant’s actual growth habit, leaf arrangement, flower/seed structure and scale; many currently use one vertical leaf-ladder or color-only herb template.",Chamomile.png
flora,Cherry,Cherry,PASS_WITH_POLISH,HOLD,FAIL,PASS_WITH_POLISH -> HOLD,"No critical duplicate, clipping, or gross growth-family error found. Broad growth form is usable; species-level botanical specificity may still be simplified. The catalog overuses a round canopy on a straight trunk. Match the species’ trunk habit, branching architecture, crown shape, leaf masses, bark and fruit/flower attachment.",Cherry.png
flora,Chestnut,Chestnut,PASS_WITH_POLISH,HOLD,FAIL,PASS_WITH_POLISH -> HOLD,"No critical duplicate, clipping, or gross growth-family error found. Broad growth form is usable; species-level botanical specificity may still be simplified. The catalog overuses a round canopy on a straight trunk. Match the species’ trunk habit, branching architecture, crown shape, leaf masses, bark and fruit/flower attachment.",Chestnut.png
flora,Chicory,Chicory,PASS_WITH_POLISH,HOLD,FAIL,PASS_WITH_POLISH -> HOLD,"No critical duplicate, clipping, or gross growth-family error found. Broad growth form is usable; species-level botanical specificity may still be simplified. Chicory needs a species-specific growth-form check: roots/attachment, stem or trunk, leaf/frond arrangement, flower/fruit/spore organ and overall scale.",Chicory.png
flora,Chili_Pepper,Chili Pepper,PASS_WITH_POLISH,HOLD,FAIL,PASS_WITH_POLISH -> HOLD,"No critical duplicate, clipping, or gross growth-family error found. Broad growth form is usable; species-level botanical specificity may still be simplified. Match the source plant, leaf habit and attached fruit/harvest organ. Fruit should be connected to stems/branches and not carry identity by label alone.",Chili_Pepper.png
flora,Chokecherry,Chokecherry,PASS_WITH_POLISH,HOLD,FAIL,PASS_WITH_POLISH -> HOLD,"No critical duplicate, clipping, or gross growth-family error found. Broad growth form is usable; species-level botanical specificity may still be simplified. Chokecherry needs a species-specific growth-form check: roots/attachment, stem or trunk, leaf/frond arrangement, flower/fruit/spore organ and overall scale.",Chokecherry.png
flora,Cliff_Rose,Cliff Rose,PASS_WITH_POLISH,HOLD,FAIL,PASS_WITH_POLISH -> HOLD,"No critical duplicate, clipping, or gross growth-family error found. Broad growth form is usable; species-level botanical specificity may still be simplified. Cliff Rose needs a species-specific growth-form check: roots/attachment, stem or trunk, leaf/frond arrangement, flower/fruit/spore organ and overall scale.",Cliff_Rose.png
flora,Cloudberry,Cloudberry,PASS_WITH_POLISH,HOLD,FAIL,PASS_WITH_POLISH -> HOLD,"No critical duplicate, clipping, or gross growth-family error found. Broad growth form is usable; species-level botanical specificity may still be simplified. Cloudberry needs a species-specific growth-form check: roots/attachment, stem or trunk, leaf/frond arrangement, flower/fruit/spore organ and overall scale.",Cloudberry.png
flora,Clove,Clove,PASS_WITH_POLISH,HOLD,FAIL,PASS_WITH_POLISH -> HOLD,"Add recognizable flower-bud clusters on a woody tree/shrub. Match the named plant’s actual growth habit, leaf arrangement, flower/seed structure and scale; many currently use one vertical leaf-ladder or color-only herb template.",Clove.png
flora,Clover,Clover,PASS_WITH_POLISH,HOLD,FAIL,PASS_WITH_POLISH -> HOLD,"No critical duplicate, clipping, or gross growth-family error found. Broad growth form is usable; species-level botanical specificity may still be simplified. Match the named plant’s actual growth habit, leaf arrangement, flower/seed structure and scale; many currently use one vertical leaf-ladder or color-only herb template.",Clover.png
flora,Coastal_Sage,Coastal Sage,PASS_WITH_POLISH,HOLD,FAIL,PASS_WITH_POLISH -> HOLD,"No critical duplicate, clipping, or gross growth-family error found. Broad growth form is usable; species-level botanical specificity may still be simplified. Coastal Sage needs a species-specific growth-form check: roots/attachment, stem or trunk, leaf/frond arrangement, flower/fruit/spore organ and overall scale.",Coastal_Sage.png
flora,Coffee,Coffee,PASS_WITH_POLISH,HOLD,FAIL,PASS_WITH_POLISH -> HOLD,"No critical duplicate, clipping, or gross growth-family error found. Broad growth form is usable; species-level botanical specificity may still be simplified. Coffee needs a species-specific growth-form check: roots/attachment, stem or trunk, leaf/frond arrangement, flower/fruit/spore organ and overall scale.",Coffee.png
flora,Coralline_Algae,Coralline Algae,PASS_WITH_POLISH,HOLD,FAIL,PASS_WITH_POLISH -> HOLD,"No critical duplicate, clipping, or gross growth-family error found. Broad growth form is usable; species-level botanical specificity may still be simplified. Coralline Algae needs a species-specific growth-form check: roots/attachment, stem or trunk, leaf/frond arrangement, flower/fruit/spore organ and overall scale.",Coralline_Algae.png
flora,Crabapple,Crabapple,PASS_WITH_POLISH,HOLD,FAIL,PASS_WITH_POLISH -> HOLD,"No critical duplicate, clipping, or gross growth-family error found. Broad growth form is usable; species-level botanical specificity may still be simplified. Crabapple needs a species-specific growth-form check: roots/attachment, stem or trunk, leaf/frond arrangement, flower/fruit/spore organ and overall scale.",Crabapple.png
flora,Cranberry,Cranberry,PASS_WITH_POLISH,HOLD,FAIL,PASS_WITH_POLISH -> HOLD,"No critical duplicate, clipping, or gross growth-family error found. Broad growth form is usable; species-level botanical specificity may still be simplified. Cranberry needs a species-specific growth-form check: roots/attachment, stem or trunk, leaf/frond arrangement, flower/fruit/spore organ and overall scale.",Cranberry.png
flora,Creosote_Bush,Creosote Bush,PASS_WITH_POLISH,HOLD,FAIL,PASS_WITH_POLISH -> HOLD,"No critical duplicate, clipping, or gross growth-family error found. Broad growth form is usable; species-level botanical specificity may still be simplified. Creosote Bush needs a species-specific growth-form check: roots/attachment, stem or trunk, leaf/frond arrangement, flower/fruit/spore organ and overall scale.",Creosote_Bush.png
flora,Crowberry,Crowberry,PASS_WITH_POLISH,HOLD,FAIL,PASS_WITH_POLISH -> HOLD,"No critical duplicate, clipping, or gross growth-family error found. Broad growth form is usable; species-level botanical specificity may still be simplified. Crowberry needs a species-specific growth-form check: roots/attachment, stem or trunk, leaf/frond arrangement, flower/fruit/spore organ and overall scale.",Crowberry.png
flora,Currant,Currant,PASS_WITH_POLISH,HOLD,FAIL,PASS_WITH_POLISH -> HOLD,"No critical duplicate, clipping, or gross growth-family error found. Broad growth form is usable; species-level botanical specificity may still be simplified. Currant needs a species-specific growth-form check: roots/attachment, stem or trunk, leaf/frond arrangement, flower/fruit/spore organ and overall scale.",Currant.png
flora,Curry_Leaf,Curry Leaf,PASS_WITH_POLISH,HOLD,FAIL,PASS_WITH_POLISH -> HOLD,"No critical duplicate, clipping, or gross growth-family error found. Broad growth form is usable; species-level botanical specificity may still be simplified. Curry Leaf needs a species-specific growth-form check: roots/attachment, stem or trunk, leaf/frond arrangement, flower/fruit/spore organ and overall scale.",Curry_Leaf.png
flora,Daisy,Daisy,PASS_WITH_POLISH,HOLD,FAIL,PASS_WITH_POLISH -> HOLD,"No critical duplicate, clipping, or gross growth-family error found. Broad growth form is usable; species-level botanical specificity may still be simplified. Match the named plant’s actual growth habit, leaf arrangement, flower/seed structure and scale; many currently use one vertical leaf-ladder or color-only herb template.",Daisy.png
flora,Dandelion,Dandelion,PASS_WITH_POLISH,HOLD,FAIL,PASS_WITH_POLISH -> HOLD,"No critical duplicate, clipping, or gross growth-family error found. Broad growth form is usable; species-level botanical specificity may still be simplified. Match the named plant’s actual growth habit, leaf arrangement, flower/seed structure and scale; many currently use one vertical leaf-ladder or color-only herb template.",Dandelion.png
flora,Date,Date,PASS_WITH_POLISH,HOLD,FAIL,PASS_WITH_POLISH -> HOLD,"Clarify as a harvest item linked to Date Palm rather than a second full palm portrait. Date needs a species-specific growth-form check: roots/attachment, stem or trunk, leaf/frond arrangement, flower/fruit/spore organ and overall scale.",Date.png
flora,Date_Palm,Date Palm,PASS_WITH_POLISH,HOLD,FAIL,PASS_WITH_POLISH -> HOLD,"No critical duplicate, clipping, or gross growth-family error found. Broad growth form is usable; species-level botanical specificity may still be simplified. Date Palm needs a species-specific growth-form check: roots/attachment, stem or trunk, leaf/frond arrangement, flower/fruit/spore organ and overall scale.",Date_Palm.png
flora,Date_Plum,Date Plum,PASS_WITH_POLISH,HOLD,FAIL,PASS_WITH_POLISH -> HOLD,"No critical duplicate, clipping, or gross growth-family error found. Broad growth form is usable; species-level botanical specificity may still be simplified. Date Plum needs a species-specific growth-form check: roots/attachment, stem or trunk, leaf/frond arrangement, flower/fruit/spore organ and overall scale.",Date_Plum.png
flora,Desert_Melon,Desert Melon,PASS_WITH_POLISH,HOLD,FAIL,PASS_WITH_POLISH -> HOLD,"No critical duplicate, clipping, or gross growth-family error found. Broad growth form is usable; species-level botanical specificity may still be simplified. Desert Melon needs a species-specific growth-form check: roots/attachment, stem or trunk, leaf/frond arrangement, flower/fruit/spore organ and overall scale.",Desert_Melon.png
flora,Desert_Mint,Desert Mint,PASS_WITH_POLISH,HOLD,FAIL,PASS_WITH_POLISH -> HOLD,"No critical duplicate, clipping, or gross growth-family error found. Broad growth form is usable; species-level botanical specificity may still be simplified. Desert Mint needs a species-specific growth-form check: roots/attachment, stem or trunk, leaf/frond arrangement, flower/fruit/spore organ and overall scale.",Desert_Mint.png
flora,Desert_Rose,Desert Rose,PASS_WITH_POLISH,HOLD,FAIL,PASS_WITH_POLISH -> HOLD,"No critical duplicate, clipping, or gross growth-family error found. Broad growth form is usable; species-level botanical specificity may still be simplified. Match stem geometry, branching/rosette habit, pads/ribs, spines, flower and fruit placement for the named cactus or succulent.",Desert_Rose.png
flora,Desert_Sage,Desert Sage,PASS_WITH_POLISH,HOLD,FAIL,PASS_WITH_POLISH -> HOLD,"No critical duplicate, clipping, or gross growth-family error found. Broad growth form is usable; species-level botanical specificity may still be simplified. Desert Sage needs a species-specific growth-form check: roots/attachment, stem or trunk, leaf/frond arrangement, flower/fruit/spore organ and overall scale.",Desert_Sage.png
flora,Devil's_Claw,Devil's Claw,PASS_WITH_POLISH,HOLD,FAIL,PASS_WITH_POLISH -> HOLD,"No critical duplicate, clipping, or gross growth-family error found. Broad growth form is usable; species-level botanical specificity may still be simplified. Devil's Claw needs a species-specific growth-form check: roots/attachment, stem or trunk, leaf/frond arrangement, flower/fruit/spore organ and overall scale.",Devil's_Claw.png
flora,Devil's_Club,Devil's Club,PASS_WITH_POLISH,HOLD,FAIL,PASS_WITH_POLISH -> HOLD,"No critical duplicate, clipping, or gross growth-family error found. Broad growth form is usable; species-level botanical specificity may still be simplified. Devil's Club needs a species-specific growth-form check: roots/attachment, stem or trunk, leaf/frond arrangement, flower/fruit/spore organ and overall scale.",Devil's_Club.png
flora,Duckweed,Duckweed,PASS_WITH_POLISH,HOLD,FAIL,PASS_WITH_POLISH -> HOLD,"Use a surface mat of many tiny floating leaves rather than a few large pods. Use the correct holdfast/rooting, blade/frond form, branching, air bladders and water-growth habit instead of a single generic ribbon or blob.",Duckweed.png
flora,Dulse,Dulse,PASS_WITH_POLISH,HOLD,FAIL,PASS_WITH_POLISH -> HOLD,"Use broad reddish sheet/frond morphology and marine attachment. Dulse needs a species-specific growth-form check: roots/attachment, stem or trunk, leaf/frond arrangement, flower/fruit/spore organ and overall scale.",Dulse.png
flora,Durian,Durian,PASS_WITH_POLISH,HOLD,FAIL,PASS_WITH_POLISH -> HOLD,"No critical duplicate, clipping, or gross growth-family error found. Broad growth form is usable; species-level botanical specificity may still be simplified. The catalog overuses a round canopy on a straight trunk. Match the species’ trunk habit, branching architecture, crown shape, leaf masses, bark and fruit/flower attachment.",Durian.png
flora,Echinacea,Echinacea,PASS_WITH_POLISH,HOLD,FAIL,PASS_WITH_POLISH -> HOLD,"No critical duplicate, clipping, or gross growth-family error found. Broad growth form is usable; species-level botanical specificity may still be simplified. Match the named plant’s actual growth habit, leaf arrangement, flower/seed structure and scale; many currently use one vertical leaf-ladder or color-only herb template.",Echinacea.png
flora,Edelweiss,Edelweiss,PASS_WITH_POLISH,HOLD,FAIL,PASS_WITH_POLISH -> HOLD,"No critical duplicate, clipping, or gross growth-family error found. Broad growth form is usable; species-level botanical specificity may still be simplified. Edelweiss needs a species-specific growth-form check: roots/attachment, stem or trunk, leaf/frond arrangement, flower/fruit/spore organ and overall scale.",Edelweiss.png
flora,Elderberry,Elderberry,PASS_WITH_POLISH,HOLD,FAIL,PASS_WITH_POLISH -> HOLD,"No critical duplicate, clipping, or gross growth-family error found. Broad growth form is usable; species-level botanical specificity may still be simplified. Elderberry needs a species-specific growth-form check: roots/attachment, stem or trunk, leaf/frond arrangement, flower/fruit/spore organ and overall scale.",Elderberry.png
flora,Ephedra,Ephedra,PASS_WITH_POLISH,HOLD,FAIL,PASS_WITH_POLISH -> HOLD,"No critical duplicate, clipping, or gross growth-family error found. Broad growth form is usable; species-level botanical specificity may still be simplified. Ephedra needs a species-specific growth-form check: roots/attachment, stem or trunk, leaf/frond arrangement, flower/fruit/spore organ and overall scale.",Ephedra.png
flora,Eucalyptus,Eucalyptus,PASS_WITH_POLISH,HOLD,FAIL,PASS_WITH_POLISH -> HOLD,"No critical duplicate, clipping, or gross growth-family error found. Broad growth form is usable; species-level botanical specificity may still be simplified. The catalog overuses a round canopy on a straight trunk. Match the species’ trunk habit, branching architecture, crown shape, leaf masses, bark and fruit/flower attachment.",Eucalyptus.png
flora,Fennel,Fennel,PASS_WITH_POLISH,HOLD,FAIL,PASS_WITH_POLISH -> HOLD,"No critical duplicate, clipping, or gross growth-family error found. Broad growth form is usable; species-level botanical specificity may still be simplified. Show the source plant and the correct underground storage organ, leaf top and harvest relationship rather than an isolated generic bulb.",Fennel.png
flora,Fenugreek,Fenugreek,PASS_WITH_POLISH,HOLD,FAIL,PASS_WITH_POLISH -> HOLD,"No critical duplicate, clipping, or gross growth-family error found. Broad growth form is usable; species-level botanical specificity may still be simplified. Fenugreek needs a species-specific growth-form check: roots/attachment, stem or trunk, leaf/frond arrangement, flower/fruit/spore organ and overall scale.",Fenugreek.png
flora,Fiddlehead_Fern,Fiddlehead Fern,PASS_WITH_POLISH,HOLD,FAIL,PASS_WITH_POLISH -> HOLD,"No critical duplicate, clipping, or gross growth-family error found. Broad growth form is usable; species-level botanical specificity may still be simplified. Fiddlehead Fern needs a species-specific growth-form check: roots/attachment, stem or trunk, leaf/frond arrangement, flower/fruit/spore organ and overall scale.",Fiddlehead_Fern.png
flora,Fig,Fig,PASS_WITH_POLISH,HOLD,FAIL,PASS_WITH_POLISH -> HOLD,"No critical duplicate, clipping, or gross growth-family error found. Broad growth form is usable; species-level botanical specificity may still be simplified. The catalog overuses a round canopy on a straight trunk. Match the species’ trunk habit, branching architecture, crown shape, leaf masses, bark and fruit/flower attachment.",Fig.png
flora,Fireweed,Fireweed,PASS_WITH_POLISH,HOLD,FAIL,PASS_WITH_POLISH -> HOLD,"No critical duplicate, clipping, or gross growth-family error found. Broad growth form is usable; species-level botanical specificity may still be simplified. Fireweed needs a species-specific growth-form check: roots/attachment, stem or trunk, leaf/frond arrangement, flower/fruit/spore organ and overall scale.",Fireweed.png
flora,Flax,Flax,PASS_WITH_POLISH,HOLD,FAIL,PASS_WITH_POLISH -> HOLD,"Add slender branched stems and small blue flowers; current vertical ear is crop-generic. Flax needs a species-specific growth-form check: roots/attachment, stem or trunk, leaf/frond arrangement, flower/fruit/spore organ and overall scale.",Flax.png
flora,Floating_Green_Algae,Floating Green Algae,PASS_WITH_POLISH,HOLD,FAIL,PASS_WITH_POLISH -> HOLD,"Use a floating mat/filament mass rather than large ribbon shapes if this is planktonic algae. Floating Green Algae needs a species-specific growth-form check: roots/attachment, stem or trunk, leaf/frond arrangement, flower/fruit/spore organ and overall scale.",Floating_Green_Algae.png
flora,Foxglove,Foxglove,PASS_WITH_POLISH,HOLD,FAIL,PASS_WITH_POLISH -> HOLD,"No critical duplicate, clipping, or gross growth-family error found. Broad growth form is usable; species-level botanical specificity may still be simplified. Match the named plant’s actual growth habit, leaf arrangement, flower/seed structure and scale; many currently use one vertical leaf-ladder or color-only herb template.",Foxglove.png
flora,Garlic,Garlic,PASS_WITH_POLISH,HOLD,FAIL,PASS_WITH_POLISH -> HOLD,"No critical duplicate, clipping, or gross growth-family error found. Broad growth form is usable; species-level botanical specificity may still be simplified. Show the source plant and the correct underground storage organ, leaf top and harvest relationship rather than an isolated generic bulb.",Garlic.png
flora,Gentian,Gentian,PASS_WITH_POLISH,HOLD,FAIL,PASS_WITH_POLISH -> HOLD,"No critical duplicate, clipping, or gross growth-family error found. Broad growth form is usable; species-level botanical specificity may still be simplified. Gentian needs a species-specific growth-form check: roots/attachment, stem or trunk, leaf/frond arrangement, flower/fruit/spore organ and overall scale.",Gentian.png
flora,Giant_Kelp,Giant Kelp,PASS_WITH_POLISH,HOLD,FAIL,PASS_WITH_POLISH -> HOLD,"Add long stipes, holdfast, gas bladders, and broad blades. Giant Kelp needs a species-specific growth-form check: roots/attachment, stem or trunk, leaf/frond arrangement, flower/fruit/spore organ and overall scale.",Giant_Kelp.png
flora,Ginger,Ginger,PASS_WITH_POLISH,HOLD,FAIL,PASS_WITH_POLISH -> HOLD,"No critical duplicate, clipping, or gross growth-family error found. Broad growth form is usable; species-level botanical specificity may still be simplified. Match the named plant’s actual growth habit, leaf arrangement, flower/seed structure and scale; many currently use one vertical leaf-ladder or color-only herb template.",Ginger.png
flora,Ginseng,Ginseng,PASS_WITH_POLISH,HOLD,FAIL,PASS_WITH_POLISH -> HOLD,"No critical duplicate, clipping, or gross growth-family error found. Broad growth form is usable; species-level botanical specificity may still be simplified. Match the named plant’s actual growth habit, leaf arrangement, flower/seed structure and scale; many currently use one vertical leaf-ladder or color-only herb template.",Ginseng.png
flora,Glasswort,Glasswort,PASS_WITH_POLISH,HOLD,FAIL,PASS_WITH_POLISH -> HOLD,"No critical duplicate, clipping, or gross growth-family error found. Broad growth form is usable; species-level botanical specificity may still be simplified. Glasswort needs a species-specific growth-form check: roots/attachment, stem or trunk, leaf/frond arrangement, flower/fruit/spore organ and overall scale.",Glasswort.png
flora,Goldenrod,Goldenrod,PASS_WITH_POLISH,HOLD,FAIL,PASS_WITH_POLISH -> HOLD,"No critical duplicate, clipping, or gross growth-family error found. Broad growth form is usable; species-level botanical specificity may still be simplified. Match the named plant’s actual growth habit, leaf arrangement, flower/seed structure and scale; many currently use one vertical leaf-ladder or color-only herb template.",Goldenrod.png
flora,Gooseberry,Gooseberry,PASS_WITH_POLISH,HOLD,FAIL,PASS_WITH_POLISH -> HOLD,"No critical duplicate, clipping, or gross growth-family error found. Broad growth form is usable; species-level botanical specificity may still be simplified. Gooseberry needs a species-specific growth-form check: roots/attachment, stem or trunk, leaf/frond arrangement, flower/fruit/spore organ and overall scale.",Gooseberry.png
flora,Grape,Grape,PASS_WITH_POLISH,HOLD,FAIL,PASS_WITH_POLISH -> HOLD,"No critical duplicate, clipping, or gross growth-family error found. Broad growth form is usable; species-level botanical specificity may still be simplified. Grape needs a species-specific growth-form check: roots/attachment, stem or trunk, leaf/frond arrangement, flower/fruit/spore organ and overall scale.",Grape.png
flora,Guava,Guava,PASS_WITH_POLISH,HOLD,FAIL,PASS_WITH_POLISH -> HOLD,"No critical duplicate, clipping, or gross growth-family error found. Broad growth form is usable; species-level botanical specificity may still be simplified. The catalog overuses a round canopy on a straight trunk. Match the species’ trunk habit, branching architecture, crown shape, leaf masses, bark and fruit/flower attachment.",Guava.png
flora,Hardy_Fern,Hardy Fern,PASS_WITH_POLISH,HOLD,FAIL,PASS_WITH_POLISH -> HOLD,"No critical duplicate, clipping, or gross growth-family error found. Broad growth form is usable; species-level botanical specificity may still be simplified. Hardy Fern needs a species-specific growth-form check: roots/attachment, stem or trunk, leaf/frond arrangement, flower/fruit/spore organ and overall scale.",Hardy_Fern.png
flora,Hazelnut,Hazelnut,PASS_WITH_POLISH,HOLD,FAIL,PASS_WITH_POLISH -> HOLD,"No critical duplicate, clipping, or gross growth-family error found. Broad growth form is usable; species-level botanical specificity may still be simplified. The catalog overuses a round canopy on a straight trunk. Match the species’ trunk habit, branching architecture, crown shape, leaf masses, bark and fruit/flower attachment.",Hazelnut.png
flora,Heather,Heather,PASS_WITH_POLISH,HOLD,FAIL,PASS_WITH_POLISH -> HOLD,"No critical duplicate, clipping, or gross growth-family error found. Broad growth form is usable; species-level botanical specificity may still be simplified. Heather needs a species-specific growth-form check: roots/attachment, stem or trunk, leaf/frond arrangement, flower/fruit/spore organ and overall scale.",Heather.png
flora,Hemlock,Hemlock,PASS_WITH_POLISH,HOLD,FAIL,PASS_WITH_POLISH -> HOLD,"No critical duplicate, clipping, or gross growth-family error found. Broad growth form is usable; species-level botanical specificity may still be simplified. Hemlock needs a species-specific growth-form check: roots/attachment, stem or trunk, leaf/frond arrangement, flower/fruit/spore organ and overall scale.",Hemlock.png
flora,Holy_Basil,Holy Basil,PASS_WITH_POLISH,HOLD,FAIL,PASS_WITH_POLISH -> HOLD,"No critical duplicate, clipping, or gross growth-family error found. Broad growth form is usable; species-level botanical specificity may still be simplified. Holy Basil needs a species-specific growth-form check: roots/attachment, stem or trunk, leaf/frond arrangement, flower/fruit/spore organ and overall scale.",Holy_Basil.png
flora,Huckleberry,Huckleberry,PASS_WITH_POLISH,HOLD,FAIL,PASS_WITH_POLISH -> HOLD,"No critical duplicate, clipping, or gross growth-family error found. Broad growth form is usable; species-level botanical specificity may still be simplified. Huckleberry needs a species-specific growth-form check: roots/attachment, stem or trunk, leaf/frond arrangement, flower/fruit/spore organ and overall scale.",Huckleberry.png
flora,Ice_Algae,Ice Algae,PASS_WITH_POLISH,HOLD,FAIL,PASS_WITH_POLISH -> HOLD,"Surface colony on ice is now represented; clarify whether this is a microalga and align ownership with the microbe taxonomy model. Ice Algae needs a species-specific growth-form check: roots/attachment, stem or trunk, leaf/frond arrangement, flower/fruit/spore organ and overall scale.",Ice_Algae.png
flora,Indian_Gooseberry,Indian Gooseberry,PASS_WITH_POLISH,HOLD,FAIL,PASS_WITH_POLISH -> HOLD,"No critical duplicate, clipping, or gross growth-family error found. Broad growth form is usable; species-level botanical specificity may still be simplified. Indian Gooseberry needs a species-specific growth-form check: roots/attachment, stem or trunk, leaf/frond arrangement, flower/fruit/spore organ and overall scale.",Indian_Gooseberry.png
flora,Jackfruit,Jackfruit,PASS_WITH_POLISH,HOLD,FAIL,PASS_WITH_POLISH -> HOLD,"No critical duplicate, clipping, or gross growth-family error found. Broad growth form is usable; species-level botanical specificity may still be simplified. The catalog overuses a round canopy on a straight trunk. Match the species’ trunk habit, branching architecture, crown shape, leaf masses, bark and fruit/flower attachment.",Jackfruit.png
flora,Joshua_Tree,Joshua Tree,PASS_WITH_POLISH,HOLD,FAIL,PASS_WITH_POLISH -> HOLD,"Branching trunk is now present; enlarge terminal spiky rosettes and irregular branching. Joshua Tree needs a species-specific growth-form check: roots/attachment, stem or trunk, leaf/frond arrangement, flower/fruit/spore organ and overall scale.",Joshua_Tree.png
flora,Jujube,Jujube,PASS_WITH_POLISH,HOLD,FAIL,PASS_WITH_POLISH -> HOLD,"No critical duplicate, clipping, or gross growth-family error found. Broad growth form is usable; species-level botanical specificity may still be simplified. The catalog overuses a round canopy on a straight trunk. Match the species’ trunk habit, branching architecture, crown shape, leaf masses, bark and fruit/flower attachment.",Jujube.png
flora,Juniper,Juniper,PASS_WITH_POLISH,HOLD,FAIL,PASS_WITH_POLISH -> HOLD,"No critical duplicate, clipping, or gross growth-family error found. Broad growth form is usable; species-level botanical specificity may still be simplified. Juniper needs a species-specific growth-form check: roots/attachment, stem or trunk, leaf/frond arrangement, flower/fruit/spore organ and overall scale.",Juniper.png
flora,Juniper_Berries,Juniper Berries,PASS_WITH_POLISH,HOLD,FAIL,PASS_WITH_POLISH -> HOLD,"No critical duplicate, clipping, or gross growth-family error found. Broad growth form is usable; species-level botanical specificity may still be simplified. Juniper Berries needs a species-specific growth-form check: roots/attachment, stem or trunk, leaf/frond arrangement, flower/fruit/spore organ and overall scale.",Juniper_Berries.png
flora,Kelp,Kelp,PASS_WITH_POLISH,HOLD,FAIL,PASS_WITH_POLISH -> HOLD,"Add broad blades and a holdfast; current narrow vertical ribbon is too minimal. Use the correct holdfast/rooting, blade/frond form, branching, air bladders and water-growth habit instead of a single generic ribbon or blob.",Kelp.png
flora,Labrador_Tea,Labrador Tea,PASS_WITH_POLISH,HOLD,FAIL,PASS_WITH_POLISH -> HOLD,"No critical duplicate, clipping, or gross growth-family error found. Broad growth form is usable; species-level botanical specificity may still be simplified. Labrador Tea needs a species-specific growth-form check: roots/attachment, stem or trunk, leaf/frond arrangement, flower/fruit/spore organ and overall scale.",Labrador_Tea.png
flora,Lavender,Lavender,PASS_WITH_POLISH,HOLD,FAIL,PASS_WITH_POLISH -> HOLD,"No critical duplicate, clipping, or gross growth-family error found. Broad growth form is usable; species-level botanical specificity may still be simplified. Match the named plant’s actual growth habit, leaf arrangement, flower/seed structure and scale; many currently use one vertical leaf-ladder or color-only herb template.",Lavender.png
flora,Lemon,Lemon,PASS_WITH_POLISH,HOLD,FAIL,PASS_WITH_POLISH -> HOLD,"No critical duplicate, clipping, or gross growth-family error found. Broad growth form is usable; species-level botanical specificity may still be simplified. The catalog overuses a round canopy on a straight trunk. Match the species’ trunk habit, branching architecture, crown shape, leaf masses, bark and fruit/flower attachment.",Lemon.png
flora,Lichen,Lichen,PASS_WITH_POLISH,HOLD,FAIL,PASS_WITH_POLISH -> HOLD,"Clarify crustose/foliose lichen mat rather than a generic spiky rosette. Lichen needs a species-specific growth-form check: roots/attachment, stem or trunk, leaf/frond arrangement, flower/fruit/spore organ and overall scale.",Lichen.png
flora,Licorice,Licorice,PASS_WITH_POLISH,HOLD,FAIL,PASS_WITH_POLISH -> HOLD,"No critical duplicate, clipping, or gross growth-family error found. Broad growth form is usable; species-level botanical specificity may still be simplified. Licorice needs a species-specific growth-form check: roots/attachment, stem or trunk, leaf/frond arrangement, flower/fruit/spore organ and overall scale.",Licorice.png
flora,Licorice_Fern,Licorice Fern,PASS_WITH_POLISH,HOLD,FAIL,PASS_WITH_POLISH -> HOLD,"No critical duplicate, clipping, or gross growth-family error found. Broad growth form is usable; species-level botanical specificity may still be simplified. Licorice Fern needs a species-specific growth-form check: roots/attachment, stem or trunk, leaf/frond arrangement, flower/fruit/spore organ and overall scale.",Licorice_Fern.png
flora,Licorice_Root,Licorice Root,PASS_WITH_POLISH,HOLD,FAIL,PASS_WITH_POLISH -> HOLD,"No critical duplicate, clipping, or gross growth-family error found. Broad growth form is usable; species-level botanical specificity may still be simplified. Licorice Root needs a species-specific growth-form check: roots/attachment, stem or trunk, leaf/frond arrangement, flower/fruit/spore organ and overall scale.",Licorice_Root.png
flora,Lime,Lime,PASS_WITH_POLISH,HOLD,FAIL,PASS_WITH_POLISH -> HOLD,"No critical duplicate, clipping, or gross growth-family error found. Broad growth form is usable; species-level botanical specificity may still be simplified. The catalog overuses a round canopy on a straight trunk. Match the species’ trunk habit, branching architecture, crown shape, leaf masses, bark and fruit/flower attachment.",Lime.png
flora,Lingonberry,Lingonberry,PASS_WITH_POLISH,HOLD,FAIL,PASS_WITH_POLISH -> HOLD,"No critical duplicate, clipping, or gross growth-family error found. Broad growth form is usable; species-level botanical specificity may still be simplified. Lingonberry needs a species-specific growth-form check: roots/attachment, stem or trunk, leaf/frond arrangement, flower/fruit/spore organ and overall scale.",Lingonberry.png
flora,Lychee,Lychee,PASS_WITH_POLISH,HOLD,FAIL,PASS_WITH_POLISH -> HOLD,"No critical duplicate, clipping, or gross growth-family error found. Broad growth form is usable; species-level botanical specificity may still be simplified. The catalog overuses a round canopy on a straight trunk. Match the species’ trunk habit, branching architecture, crown shape, leaf masses, bark and fruit/flower attachment.",Lychee.png
flora,Maidenhair_Fern,Maidenhair Fern,PASS_WITH_POLISH,HOLD,FAIL,PASS_WITH_POLISH -> HOLD,"No critical duplicate, clipping, or gross growth-family error found. Broad growth form is usable; species-level botanical specificity may still be simplified. Use the correct frond or mat structure, branching/pinnae pattern, growth habit and attachment; avoid recoloring one fan-fern.",Maidenhair_Fern.png
flora,Mango,Mango,PASS_WITH_POLISH,HOLD,FAIL,PASS_WITH_POLISH -> HOLD,"No critical duplicate, clipping, or gross growth-family error found. Broad growth form is usable; species-level botanical specificity may still be simplified. The catalog overuses a round canopy on a straight trunk. Match the species’ trunk habit, branching architecture, crown shape, leaf masses, bark and fruit/flower attachment.",Mango.png
flora,Mangosteen,Mangosteen,PASS_WITH_POLISH,HOLD,FAIL,PASS_WITH_POLISH -> HOLD,"No critical duplicate, clipping, or gross growth-family error found. Broad growth form is usable; species-level botanical specificity may still be simplified. Mangosteen needs a species-specific growth-form check: roots/attachment, stem or trunk, leaf/frond arrangement, flower/fruit/spore organ and overall scale.",Mangosteen.png
flora,Mangrove_Leaves,Mangrove Leaves,PASS_WITH_POLISH,HOLD,FAIL,PASS_WITH_POLISH -> HOLD,"No critical duplicate, clipping, or gross growth-family error found. Broad growth form is usable; species-level botanical specificity may still be simplified. Mangrove Leaves needs a species-specific growth-form check: roots/attachment, stem or trunk, leaf/frond arrangement, flower/fruit/spore organ and overall scale.",Mangrove_Leaves.png
flora,Maple_Sap,Maple Sap,PASS_WITH_POLISH,HOLD,FAIL,PASS_WITH_POLISH -> HOLD,"No critical duplicate, clipping, or gross growth-family error found. Broad growth form is usable; species-level botanical specificity may still be simplified. Maple Sap needs a species-specific growth-form check: roots/attachment, stem or trunk, leaf/frond arrangement, flower/fruit/spore organ and overall scale.",Maple_Sap.png
flora,Marsh_Rosemary,Marsh Rosemary,PASS_WITH_POLISH,HOLD,FAIL,PASS_WITH_POLISH -> HOLD,"No critical duplicate, clipping, or gross growth-family error found. Broad growth form is usable; species-level botanical specificity may still be simplified. Marsh Rosemary needs a species-specific growth-form check: roots/attachment, stem or trunk, leaf/frond arrangement, flower/fruit/spore organ and overall scale.",Marsh_Rosemary.png
flora,Marula,Marula,PASS_WITH_POLISH,HOLD,FAIL,PASS_WITH_POLISH -> HOLD,"No critical duplicate, clipping, or gross growth-family error found. Broad growth form is usable; species-level botanical specificity may still be simplified. Marula needs a species-specific growth-form check: roots/attachment, stem or trunk, leaf/frond arrangement, flower/fruit/spore organ and overall scale.",Marula.png
flora,Meadow_Grass,Meadow Grass,PASS_WITH_POLISH,HOLD,FAIL,PASS_WITH_POLISH -> HOLD,"No critical duplicate, clipping, or gross growth-family error found. Broad growth form is usable; species-level botanical specificity may still be simplified. Correct the culm, leaf arrangement and species-specific seed head/inflorescence; many grains currently share one generic spike or grass tuft.",Meadow_Grass.png
flora,Melon,Melon,PASS_WITH_POLISH,HOLD,FAIL,PASS_WITH_POLISH -> HOLD,"No critical duplicate, clipping, or gross growth-family error found. Broad growth form is usable; species-level botanical specificity may still be simplified. Melon needs a species-specific growth-form check: roots/attachment, stem or trunk, leaf/frond arrangement, flower/fruit/spore organ and overall scale.",Melon.png
flora,Mesquite,Mesquite,PASS_WITH_POLISH,HOLD,FAIL,PASS_WITH_POLISH -> HOLD,"No critical duplicate, clipping, or gross growth-family error found. Broad growth form is usable; species-level botanical specificity may still be simplified. Mesquite needs a species-specific growth-form check: roots/attachment, stem or trunk, leaf/frond arrangement, flower/fruit/spore organ and overall scale.",Mesquite.png
flora,Milkweed,Milkweed,PASS_WITH_POLISH,HOLD,FAIL,PASS_WITH_POLISH -> HOLD,"Add broad paired leaves and distinctive flower/seed-pod clusters. Milkweed needs a species-specific growth-form check: roots/attachment, stem or trunk, leaf/frond arrangement, flower/fruit/spore organ and overall scale.",Milkweed.png
flora,Millet,Millet,PASS_WITH_POLISH,HOLD,FAIL,PASS_WITH_POLISH -> HOLD,"Add dense clustered panicles. Correct the culm, leaf arrangement and species-specific seed head/inflorescence; many grains currently share one generic spike or grass tuft.",Millet.png
flora,Miner's_Lettuce,Miner's Lettuce,PASS_WITH_POLISH,HOLD,FAIL,PASS_WITH_POLISH -> HOLD,"No critical duplicate, clipping, or gross growth-family error found. Broad growth form is usable; species-level botanical specificity may still be simplified. Miner's Lettuce needs a species-specific growth-form check: roots/attachment, stem or trunk, leaf/frond arrangement, flower/fruit/spore organ and overall scale.",Miner's_Lettuce.png
flora,Mint,Mint,PASS_WITH_POLISH,HOLD,FAIL,PASS_WITH_POLISH -> HOLD,"No critical duplicate, clipping, or gross growth-family error found. Broad growth form is usable; species-level botanical specificity may still be simplified. Match the named plant’s actual growth habit, leaf arrangement, flower/seed structure and scale; many currently use one vertical leaf-ladder or color-only herb template.",Mint.png
flora,Monkshood,Monkshood,PASS_WITH_POLISH,HOLD,FAIL,PASS_WITH_POLISH -> HOLD,"No critical duplicate, clipping, or gross growth-family error found. Broad growth form is usable; species-level botanical specificity may still be simplified. Monkshood needs a species-specific growth-form check: roots/attachment, stem or trunk, leaf/frond arrangement, flower/fruit/spore organ and overall scale.",Monkshood.png
flora,Mormon_Tea,Mormon Tea,PASS_WITH_POLISH,HOLD,FAIL,PASS_WITH_POLISH -> HOLD,"No critical duplicate, clipping, or gross growth-family error found. Broad growth form is usable; species-level botanical specificity may still be simplified. Mormon Tea needs a species-specific growth-form check: roots/attachment, stem or trunk, leaf/frond arrangement, flower/fruit/spore organ and overall scale.",Mormon_Tea.png
flora,Mountain_Blueberry,Mountain Blueberry,PASS_WITH_POLISH,HOLD,FAIL,PASS_WITH_POLISH -> HOLD,"No critical duplicate, clipping, or gross growth-family error found. Broad growth form is usable; species-level botanical specificity may still be simplified. Mountain Blueberry needs a species-specific growth-form check: roots/attachment, stem or trunk, leaf/frond arrangement, flower/fruit/spore organ and overall scale.",Mountain_Blueberry.png
flora,Mountain_Cranberry,Mountain Cranberry,PASS_WITH_POLISH,HOLD,FAIL,PASS_WITH_POLISH -> HOLD,"No critical duplicate, clipping, or gross growth-family error found. Broad growth form is usable; species-level botanical specificity may still be simplified. Mountain Cranberry needs a species-specific growth-form check: roots/attachment, stem or trunk, leaf/frond arrangement, flower/fruit/spore organ and overall scale.",Mountain_Cranberry.png
flora,Mountain_Mint,Mountain Mint,PASS_WITH_POLISH,HOLD,FAIL,PASS_WITH_POLISH -> HOLD,"No critical duplicate, clipping, or gross growth-family error found. Broad growth form is usable; species-level botanical specificity may still be simplified. Mountain Mint needs a species-specific growth-form check: roots/attachment, stem or trunk, leaf/frond arrangement, flower/fruit/spore organ and overall scale.",Mountain_Mint.png
flora,Mountain_Papaya,Mountain Papaya,PASS_WITH_POLISH,HOLD,FAIL,PASS_WITH_POLISH -> HOLD,"No critical duplicate, clipping, or gross growth-family error found. Broad growth form is usable; species-level botanical specificity may still be simplified. Mountain Papaya needs a species-specific growth-form check: roots/attachment, stem or trunk, leaf/frond arrangement, flower/fruit/spore organ and overall scale.",Mountain_Papaya.png
flora,Mountain_Sorrel,Mountain Sorrel,PASS_WITH_POLISH,HOLD,FAIL,PASS_WITH_POLISH -> HOLD,"No critical duplicate, clipping, or gross growth-family error found. Broad growth form is usable; species-level botanical specificity may still be simplified. Mountain Sorrel needs a species-specific growth-form check: roots/attachment, stem or trunk, leaf/frond arrangement, flower/fruit/spore organ and overall scale.",Mountain_Sorrel.png
flora,Mountain_Thyme,Mountain Thyme,PASS_WITH_POLISH,HOLD,FAIL,PASS_WITH_POLISH -> HOLD,"No critical duplicate, clipping, or gross growth-family error found. Broad growth form is usable; species-level botanical specificity may still be simplified. Mountain Thyme needs a species-specific growth-form check: roots/attachment, stem or trunk, leaf/frond arrangement, flower/fruit/spore organ and overall scale.",Mountain_Thyme.png
flora,Mugwort,Mugwort,PASS_WITH_POLISH,HOLD,FAIL,PASS_WITH_POLISH -> HOLD,"No critical duplicate, clipping, or gross growth-family error found. Broad growth form is usable; species-level botanical specificity may still be simplified. Mugwort needs a species-specific growth-form check: roots/attachment, stem or trunk, leaf/frond arrangement, flower/fruit/spore organ and overall scale.",Mugwort.png
flora,Mulberry,Mulberry,PASS_WITH_POLISH,HOLD,FAIL,PASS_WITH_POLISH -> HOLD,"No critical duplicate, clipping, or gross growth-family error found. Broad growth form is usable; species-level botanical specificity may still be simplified. The catalog overuses a round canopy on a straight trunk. Match the species’ trunk habit, branching architecture, crown shape, leaf masses, bark and fruit/flower attachment.",Mulberry.png
flora,Neem,Neem,PASS_WITH_POLISH,HOLD,FAIL,PASS_WITH_POLISH -> HOLD,"No critical duplicate, clipping, or gross growth-family error found. Broad growth form is usable; species-level botanical specificity may still be simplified. Neem needs a species-specific growth-form check: roots/attachment, stem or trunk, leaf/frond arrangement, flower/fruit/spore organ and overall scale.",Neem.png
flora,Nettle,Nettle,PASS_WITH_POLISH,HOLD,FAIL,PASS_WITH_POLISH -> HOLD,"No critical duplicate, clipping, or gross growth-family error found. Broad growth form is usable; species-level botanical specificity may still be simplified. Nettle needs a species-specific growth-form check: roots/attachment, stem or trunk, leaf/frond arrangement, flower/fruit/spore organ and overall scale.",Nettle.png
flora,Nipa_Palm_Fruit,Nipa Palm Fruit,PASS_WITH_POLISH,HOLD,FAIL,PASS_WITH_POLISH -> HOLD,"No critical duplicate, clipping, or gross growth-family error found. Broad growth form is usable; species-level botanical specificity may still be simplified. Nipa Palm Fruit needs a species-specific growth-form check: roots/attachment, stem or trunk, leaf/frond arrangement, flower/fruit/spore organ and overall scale.",Nipa_Palm_Fruit.png
flora,Nutmeg,Nutmeg,PASS_WITH_POLISH,HOLD,FAIL,PASS_WITH_POLISH -> HOLD,"No critical duplicate, clipping, or gross growth-family error found. Broad growth form is usable; species-level botanical specificity may still be simplified. Match the named plant’s actual growth habit, leaf arrangement, flower/seed structure and scale; many currently use one vertical leaf-ladder or color-only herb template.",Nutmeg.png
flora,Oak,Oak,PASS_WITH_POLISH,HOLD,FAIL,PASS_WITH_POLISH -> HOLD,"No critical duplicate, clipping, or gross growth-family error found. Broad growth form is usable; species-level botanical specificity may still be simplified. The catalog overuses a round canopy on a straight trunk. Match the species’ trunk habit, branching architecture, crown shape, leaf masses, bark and fruit/flower attachment.",Oak.png
flora,Oats,Oats,PASS_WITH_POLISH,HOLD,FAIL,PASS_WITH_POLISH -> HOLD,"Add loose hanging panicles. Correct the culm, leaf arrangement and species-specific seed head/inflorescence; many grains currently share one generic spike or grass tuft.",Oats.png
flora,Oleander,Oleander,PASS_WITH_POLISH,HOLD,FAIL,PASS_WITH_POLISH -> HOLD,"No critical duplicate, clipping, or gross growth-family error found. Broad growth form is usable; species-level botanical specificity may still be simplified. Oleander needs a species-specific growth-form check: roots/attachment, stem or trunk, leaf/frond arrangement, flower/fruit/spore organ and overall scale.",Oleander.png
flora,Olive,Olive,PASS_WITH_POLISH,HOLD,FAIL,PASS_WITH_POLISH -> HOLD,"No critical duplicate, clipping, or gross growth-family error found. Broad growth form is usable; species-level botanical specificity may still be simplified. The catalog overuses a round canopy on a straight trunk. Match the species’ trunk habit, branching architecture, crown shape, leaf masses, bark and fruit/flower attachment.",Olive.png
flora,Onion,Onion,PASS_WITH_POLISH,HOLD,FAIL,PASS_WITH_POLISH -> HOLD,"No critical duplicate, clipping, or gross growth-family error found. Broad growth form is usable; species-level botanical specificity may still be simplified. Show the source plant and the correct underground storage organ, leaf top and harvest relationship rather than an isolated generic bulb.",Onion.png
flora,Orange,Orange,PASS_WITH_POLISH,HOLD,FAIL,PASS_WITH_POLISH -> HOLD,"No critical duplicate, clipping, or gross growth-family error found. Broad growth form is usable; species-level botanical specificity may still be simplified. The catalog overuses a round canopy on a straight trunk. Match the species’ trunk habit, branching architecture, crown shape, leaf masses, bark and fruit/flower attachment.",Orange.png
flora,Orchid_Pods,Orchid Pods,PASS_WITH_POLISH,HOLD,FAIL,PASS_WITH_POLISH -> HOLD,"No critical duplicate, clipping, or gross growth-family error found. Broad growth form is usable; species-level botanical specificity may still be simplified. Orchid Pods needs a species-specific growth-form check: roots/attachment, stem or trunk, leaf/frond arrangement, flower/fruit/spore organ and overall scale.",Orchid_Pods.png
flora,Oregano,Oregano,PASS_WITH_POLISH,HOLD,FAIL,PASS_WITH_POLISH -> HOLD,"No critical duplicate, clipping, or gross growth-family error found. Broad growth form is usable; species-level botanical specificity may still be simplified. Match the named plant’s actual growth habit, leaf arrangement, flower/seed structure and scale; many currently use one vertical leaf-ladder or color-only herb template.",Oregano.png
flora,Pampas_Herb,Pampas Herb,PASS_WITH_POLISH,HOLD,FAIL,PASS_WITH_POLISH -> HOLD,"No critical duplicate, clipping, or gross growth-family error found. Broad growth form is usable; species-level botanical specificity may still be simplified. Pampas Herb needs a species-specific growth-form check: roots/attachment, stem or trunk, leaf/frond arrangement, flower/fruit/spore organ and overall scale.",Pampas_Herb.png
flora,Pandanus_Fruit,Pandanus Fruit,PASS_WITH_POLISH,HOLD,FAIL,PASS_WITH_POLISH -> HOLD,"No critical duplicate, clipping, or gross growth-family error found. Broad growth form is usable; species-level botanical specificity may still be simplified. Pandanus Fruit needs a species-specific growth-form check: roots/attachment, stem or trunk, leaf/frond arrangement, flower/fruit/spore organ and overall scale.",Pandanus_Fruit.png
flora,Papaya,Papaya,PASS_WITH_POLISH,HOLD,FAIL,PASS_WITH_POLISH -> HOLD,"No critical duplicate, clipping, or gross growth-family error found. Broad growth form is usable; species-level botanical specificity may still be simplified. The catalog overuses a round canopy on a straight trunk. Match the species’ trunk habit, branching architecture, crown shape, leaf masses, bark and fruit/flower attachment.",Papaya.png
flora,Papyrus,Papyrus,PASS_WITH_POLISH,HOLD,FAIL,PASS_WITH_POLISH -> HOLD,"No critical duplicate, clipping, or gross growth-family error found. Broad growth form is usable; species-level botanical specificity may still be simplified. Use the correct holdfast/rooting, blade/frond form, branching, air bladders and water-growth habit instead of a single generic ribbon or blob.",Papyrus.png
flora,Papyrus_Shoots,Papyrus Shoots,PASS_WITH_POLISH,HOLD,FAIL,PASS_WITH_POLISH -> HOLD,"No critical duplicate, clipping, or gross growth-family error found. Broad growth form is usable; species-level botanical specificity may still be simplified. Papyrus Shoots needs a species-specific growth-form check: roots/attachment, stem or trunk, leaf/frond arrangement, flower/fruit/spore organ and overall scale.",Papyrus_Shoots.png
flora,Passionflower,Passionflower,PASS_WITH_POLISH,HOLD,FAIL,PASS_WITH_POLISH -> HOLD,"No critical duplicate, clipping, or gross growth-family error found. Broad growth form is usable; species-level botanical specificity may still be simplified. Show the correct climbing/twining habit, support attachment, tendrils, leaf arrangement and attached flowers/fruit rather than floating clusters or an upright shrub.",Passionflower.png
flora,Passionfruit,Passionfruit,PASS_WITH_POLISH,HOLD,FAIL,PASS_WITH_POLISH -> HOLD,"No critical duplicate, clipping, or gross growth-family error found. Broad growth form is usable; species-level botanical specificity may still be simplified. Passionfruit needs a species-specific growth-form check: roots/attachment, stem or trunk, leaf/frond arrangement, flower/fruit/spore organ and overall scale.",Passionfruit.png
flora,Peach,Peach,PASS_WITH_POLISH,HOLD,FAIL,PASS_WITH_POLISH -> HOLD,"No critical duplicate, clipping, or gross growth-family error found. Broad growth form is usable; species-level botanical specificity may still be simplified. The catalog overuses a round canopy on a straight trunk. Match the species’ trunk habit, branching architecture, crown shape, leaf masses, bark and fruit/flower attachment.",Peach.png
flora,Pear,Pear,PASS_WITH_POLISH,HOLD,FAIL,PASS_WITH_POLISH -> HOLD,"No critical duplicate, clipping, or gross growth-family error found. Broad growth form is usable; species-level botanical specificity may still be simplified. The catalog overuses a round canopy on a straight trunk. Match the species’ trunk habit, branching architecture, crown shape, leaf masses, bark and fruit/flower attachment.",Pear.png
flora,Persimmon,Persimmon,PASS_WITH_POLISH,HOLD,FAIL,PASS_WITH_POLISH -> HOLD,"No critical duplicate, clipping, or gross growth-family error found. Broad growth form is usable; species-level botanical specificity may still be simplified. The catalog overuses a round canopy on a straight trunk. Match the species’ trunk habit, branching architecture, crown shape, leaf masses, bark and fruit/flower attachment.",Persimmon.png
flora,Pickerelweed,Pickerelweed,PASS_WITH_POLISH,HOLD,FAIL,PASS_WITH_POLISH -> HOLD,"No critical duplicate, clipping, or gross growth-family error found. Broad growth form is usable; species-level botanical specificity may still be simplified. Pickerelweed needs a species-specific growth-form check: roots/attachment, stem or trunk, leaf/frond arrangement, flower/fruit/spore organ and overall scale.",Pickerelweed.png
flora,Pigeon_Pea,Pigeon Pea,PASS_WITH_POLISH,HOLD,FAIL,PASS_WITH_POLISH -> HOLD,"No critical duplicate, clipping, or gross growth-family error found. Broad growth form is usable; species-level botanical specificity may still be simplified. Pigeon Pea needs a species-specific growth-form check: roots/attachment, stem or trunk, leaf/frond arrangement, flower/fruit/spore organ and overall scale.",Pigeon_Pea.png
flora,Pine_Nuts,Pine Nuts,PASS_WITH_POLISH,HOLD,FAIL,PASS_WITH_POLISH -> HOLD,"No critical duplicate, clipping, or gross growth-family error found. Broad growth form is usable; species-level botanical specificity may still be simplified. Pine Nuts needs a species-specific growth-form check: roots/attachment, stem or trunk, leaf/frond arrangement, flower/fruit/spore organ and overall scale.",Pine_Nuts.png
flora,Pinyon_Pine,Pinyon Pine,PASS_WITH_POLISH,HOLD,FAIL,PASS_WITH_POLISH -> HOLD,"No critical duplicate, clipping, or gross growth-family error found. Broad growth form is usable; species-level botanical specificity may still be simplified. Pinyon Pine needs a species-specific growth-form check: roots/attachment, stem or trunk, leaf/frond arrangement, flower/fruit/spore organ and overall scale.",Pinyon_Pine.png
flora,Pitcher_Plant,Pitcher Plant,PASS_WITH_POLISH,HOLD,FAIL,PASS_WITH_POLISH -> HOLD,"No critical duplicate, clipping, or gross growth-family error found. Broad growth form is usable; species-level botanical specificity may still be simplified. Pitcher Plant needs a species-specific growth-form check: roots/attachment, stem or trunk, leaf/frond arrangement, flower/fruit/spore organ and overall scale.",Pitcher_Plant.png
flora,Plantain,Plantain,PASS_WITH_POLISH,HOLD,FAIL,PASS_WITH_POLISH -> HOLD,"No critical duplicate, clipping, or gross growth-family error found. Broad growth form is usable; species-level botanical specificity may still be simplified. The catalog overuses a round canopy on a straight trunk. Match the species’ trunk habit, branching architecture, crown shape, leaf masses, bark and fruit/flower attachment.",Plantain.png
flora,Plantain_Herb,Plantain Herb,PASS_WITH_POLISH,HOLD,FAIL,PASS_WITH_POLISH -> HOLD,"No critical duplicate, clipping, or gross growth-family error found. Broad growth form is usable; species-level botanical specificity may still be simplified. Plantain Herb needs a species-specific growth-form check: roots/attachment, stem or trunk, leaf/frond arrangement, flower/fruit/spore organ and overall scale.",Plantain_Herb.png
flora,Plum,Plum,PASS_WITH_POLISH,HOLD,FAIL,PASS_WITH_POLISH -> HOLD,"No critical duplicate, clipping, or gross growth-family error found. Broad growth form is usable; species-level botanical specificity may still be simplified. The catalog overuses a round canopy on a straight trunk. Match the species’ trunk habit, branching architecture, crown shape, leaf masses, bark and fruit/flower attachment.",Plum.png
flora,Pomegranate,Pomegranate,PASS_WITH_POLISH,HOLD,FAIL,PASS_WITH_POLISH -> HOLD,"No critical duplicate, clipping, or gross growth-family error found. Broad growth form is usable; species-level botanical specificity may still be simplified. The catalog overuses a round canopy on a straight trunk. Match the species’ trunk habit, branching architecture, crown shape, leaf masses, bark and fruit/flower attachment.",Pomegranate.png
flora,Poppy,Poppy,PASS_WITH_POLISH,HOLD,FAIL,PASS_WITH_POLISH -> HOLD,"No critical duplicate, clipping, or gross growth-family error found. Broad growth form is usable; species-level botanical specificity may still be simplified. Match the named plant’s actual growth habit, leaf arrangement, flower/seed structure and scale; many currently use one vertical leaf-ladder or color-only herb template.",Poppy.png
flora,Potato,Potato,PASS_WITH_POLISH,HOLD,FAIL,PASS_WITH_POLISH -> HOLD,"No critical duplicate, clipping, or gross growth-family error found. Broad growth form is usable; species-level botanical specificity may still be simplified. Correct the culm, leaf arrangement and species-specific seed head/inflorescence; many grains currently share one generic spike or grass tuft.",Potato.png
flora,Prairie_Turnip,Prairie Turnip,PASS_WITH_POLISH,HOLD,FAIL,PASS_WITH_POLISH -> HOLD,"No critical duplicate, clipping, or gross growth-family error found. Broad growth form is usable; species-level botanical specificity may still be simplified. Prairie Turnip needs a species-specific growth-form check: roots/attachment, stem or trunk, leaf/frond arrangement, flower/fruit/spore organ and overall scale.",Prairie_Turnip.png
flora,Prickly_Pear,Prickly Pear,PASS_WITH_POLISH,HOLD,FAIL,PASS_WITH_POLISH -> HOLD,"No critical duplicate, clipping, or gross growth-family error found. Broad growth form is usable; species-level botanical specificity may still be simplified. Match stem geometry, branching/rosette habit, pads/ribs, spines, flower and fruit placement for the named cactus or succulent.",Prickly_Pear.png
flora,Purple_Saxifrage,Purple Saxifrage,PASS_WITH_POLISH,HOLD,FAIL,PASS_WITH_POLISH -> HOLD,"No critical duplicate, clipping, or gross growth-family error found. Broad growth form is usable; species-level botanical specificity may still be simplified. Purple Saxifrage needs a species-specific growth-form check: roots/attachment, stem or trunk, leaf/frond arrangement, flower/fruit/spore organ and overall scale.",Purple_Saxifrage.png
flora,Quinoa,Quinoa,PASS_WITH_POLISH,HOLD,FAIL,PASS_WITH_POLISH -> HOLD,"Add broad branched seed head rather than a cylindrical cereal spike. Correct the culm, leaf arrangement and species-specific seed head/inflorescence; many grains currently share one generic spike or grass tuft.",Quinoa.png
flora,Rabbitbrush,Rabbitbrush,PASS_WITH_POLISH,HOLD,FAIL,PASS_WITH_POLISH -> HOLD,"No critical duplicate, clipping, or gross growth-family error found. Broad growth form is usable; species-level botanical specificity may still be simplified. Rabbitbrush needs a species-specific growth-form check: roots/attachment, stem or trunk, leaf/frond arrangement, flower/fruit/spore organ and overall scale.",Rabbitbrush.png
flora,Rainforest_Nettle,Rainforest Nettle,PASS_WITH_POLISH,HOLD,FAIL,PASS_WITH_POLISH -> HOLD,"No critical duplicate, clipping, or gross growth-family error found. Broad growth form is usable; species-level botanical specificity may still be simplified. Rainforest Nettle needs a species-specific growth-form check: roots/attachment, stem or trunk, leaf/frond arrangement, flower/fruit/spore organ and overall scale.",Rainforest_Nettle.png
flora,Rambutan,Rambutan,PASS_WITH_POLISH,HOLD,FAIL,PASS_WITH_POLISH -> HOLD,"No critical duplicate, clipping, or gross growth-family error found. Broad growth form is usable; species-level botanical specificity may still be simplified. The catalog overuses a round canopy on a straight trunk. Match the species’ trunk habit, branching architecture, crown shape, leaf masses, bark and fruit/flower attachment.",Rambutan.png
flora,Raspberry,Raspberry,PASS_WITH_POLISH,HOLD,FAIL,PASS_WITH_POLISH -> HOLD,"No critical duplicate, clipping, or gross growth-family error found. Broad growth form is usable; species-level botanical specificity may still be simplified. Raspberry needs a species-specific growth-form check: roots/attachment, stem or trunk, leaf/frond arrangement, flower/fruit/spore organ and overall scale.",Raspberry.png
flora,Rattan,Rattan,PASS_WITH_POLISH,HOLD,FAIL,PASS_WITH_POLISH -> HOLD,"No critical duplicate, clipping, or gross growth-family error found. Broad growth form is usable; species-level botanical specificity may still be simplified. Show the correct climbing/twining habit, support attachment, tendrils, leaf arrangement and attached flowers/fruit rather than floating clusters or an upright shrub.",Rattan.png
flora,Red_Algae,Red Algae,PASS_WITH_POLISH,HOLD,FAIL,PASS_WITH_POLISH -> HOLD,"No critical duplicate, clipping, or gross growth-family error found. Broad growth form is usable; species-level botanical specificity may still be simplified. Use the correct holdfast/rooting, blade/frond form, branching, air bladders and water-growth habit instead of a single generic ribbon or blob.",Red_Algae.png
flora,Red_Grape,Red Grape,PASS_WITH_POLISH,HOLD,FAIL,PASS_WITH_POLISH -> HOLD,"No critical duplicate, clipping, or gross growth-family error found. Broad growth form is usable; species-level botanical specificity may still be simplified. Red Grape needs a species-specific growth-form check: roots/attachment, stem or trunk, leaf/frond arrangement, flower/fruit/spore organ and overall scale.",Red_Grape.png
flora,Redwood,Redwood,PASS_WITH_POLISH,HOLD,FAIL,PASS_WITH_POLISH -> HOLD,"Tall conifer read is clear; increase columnar crown/trunk scale relationship. Redwood needs a species-specific growth-form check: roots/attachment, stem or trunk, leaf/frond arrangement, flower/fruit/spore organ and overall scale.",Redwood.png
flora,Rhubarb,Rhubarb,PASS_WITH_POLISH,HOLD,FAIL,PASS_WITH_POLISH -> HOLD,"Red petioles are improved; add large broad basal leaves. Rhubarb needs a species-specific growth-form check: roots/attachment, stem or trunk, leaf/frond arrangement, flower/fruit/spore organ and overall scale.",Rhubarb.png
flora,Rice,Rice,PASS_WITH_POLISH,HOLD,FAIL,PASS_WITH_POLISH -> HOLD,"Add drooping branched panicles and wetland/rice-stalk identity. Correct the culm, leaf arrangement and species-specific seed head/inflorescence; many grains currently share one generic spike or grass tuft.",Rice.png
flora,Riverbank_Nettle,Riverbank Nettle,PASS_WITH_POLISH,HOLD,FAIL,PASS_WITH_POLISH -> HOLD,"No critical duplicate, clipping, or gross growth-family error found. Broad growth form is usable; species-level botanical specificity may still be simplified. Riverbank Nettle needs a species-specific growth-form check: roots/attachment, stem or trunk, leaf/frond arrangement, flower/fruit/spore organ and overall scale.",Riverbank_Nettle.png
flora,Rose_Hip,Rose Hip,PASS_WITH_POLISH,HOLD,FAIL,PASS_WITH_POLISH -> HOLD,"No critical duplicate, clipping, or gross growth-family error found. Broad growth form is usable; species-level botanical specificity may still be simplified. Rose Hip needs a species-specific growth-form check: roots/attachment, stem or trunk, leaf/frond arrangement, flower/fruit/spore organ and overall scale.",Rose_Hip.png
flora,Roselle,Roselle,PASS_WITH_POLISH,HOLD,FAIL,PASS_WITH_POLISH -> HOLD,"No critical duplicate, clipping, or gross growth-family error found. Broad growth form is usable; species-level botanical specificity may still be simplified. Roselle needs a species-specific growth-form check: roots/attachment, stem or trunk, leaf/frond arrangement, flower/fruit/spore organ and overall scale.",Roselle.png
flora,Rosemary,Rosemary,PASS_WITH_POLISH,HOLD,FAIL,PASS_WITH_POLISH -> HOLD,"No critical duplicate, clipping, or gross growth-family error found. Broad growth form is usable; species-level botanical specificity may still be simplified. Match the named plant’s actual growth habit, leaf arrangement, flower/seed structure and scale; many currently use one vertical leaf-ladder or color-only herb template.",Rosemary.png
flora,Rush_Shoots,Rush Shoots,PASS_WITH_POLISH,HOLD,FAIL,PASS_WITH_POLISH -> HOLD,"No critical duplicate, clipping, or gross growth-family error found. Broad growth form is usable; species-level botanical specificity may still be simplified. Rush Shoots needs a species-specific growth-form check: roots/attachment, stem or trunk, leaf/frond arrangement, flower/fruit/spore organ and overall scale.",Rush_Shoots.png
flora,Rye,Rye,PASS_WITH_POLISH,HOLD,FAIL,PASS_WITH_POLISH -> HOLD,"Add a slender elongated spike. Correct the culm, leaf arrangement and species-specific seed head/inflorescence; many grains currently share one generic spike or grass tuft.",Rye.png
flora,Sage,Sage,PASS_WITH_POLISH,HOLD,FAIL,PASS_WITH_POLISH -> HOLD,"No critical duplicate, clipping, or gross growth-family error found. Broad growth form is usable; species-level botanical specificity may still be simplified. Match the named plant’s actual growth habit, leaf arrangement, flower/seed structure and scale; many currently use one vertical leaf-ladder or color-only herb template.",Sage.png
flora,Sagebrush,Sagebrush,PASS_WITH_POLISH,HOLD,FAIL,PASS_WITH_POLISH -> HOLD,"No critical duplicate, clipping, or gross growth-family error found. Broad growth form is usable; species-level botanical specificity may still be simplified. Sagebrush needs a species-specific growth-form check: roots/attachment, stem or trunk, leaf/frond arrangement, flower/fruit/spore organ and overall scale.",Sagebrush.png
flora,Salmonberry,Salmonberry,PASS_WITH_POLISH,HOLD,FAIL,PASS_WITH_POLISH -> HOLD,"No critical duplicate, clipping, or gross growth-family error found. Broad growth form is usable; species-level botanical specificity may still be simplified. Salmonberry needs a species-specific growth-form check: roots/attachment, stem or trunk, leaf/frond arrangement, flower/fruit/spore organ and overall scale.",Salmonberry.png
flora,Saltbush,Saltbush,PASS_WITH_POLISH,HOLD,FAIL,PASS_WITH_POLISH -> HOLD,"No critical duplicate, clipping, or gross growth-family error found. Broad growth form is usable; species-level botanical specificity may still be simplified. Saltbush needs a species-specific growth-form check: roots/attachment, stem or trunk, leaf/frond arrangement, flower/fruit/spore organ and overall scale.",Saltbush.png
flora,Saltgrass,Saltgrass,PASS_WITH_POLISH,HOLD,FAIL,PASS_WITH_POLISH -> HOLD,"No critical duplicate, clipping, or gross growth-family error found. Broad growth form is usable; species-level botanical specificity may still be simplified. Saltgrass needs a species-specific growth-form check: roots/attachment, stem or trunk, leaf/frond arrangement, flower/fruit/spore organ and overall scale.",Saltgrass.png
flora,Samphire,Samphire,PASS_WITH_POLISH,HOLD,FAIL,PASS_WITH_POLISH -> HOLD,"No critical duplicate, clipping, or gross growth-family error found. Broad growth form is usable; species-level botanical specificity may still be simplified. Samphire needs a species-specific growth-form check: roots/attachment, stem or trunk, leaf/frond arrangement, flower/fruit/spore organ and overall scale.",Samphire.png
flora,Scurvy_Grass,Scurvy Grass,PASS_WITH_POLISH,HOLD,FAIL,PASS_WITH_POLISH -> HOLD,"No critical duplicate, clipping, or gross growth-family error found. Broad growth form is usable; species-level botanical specificity may still be simplified. Scurvy Grass needs a species-specific growth-form check: roots/attachment, stem or trunk, leaf/frond arrangement, flower/fruit/spore organ and overall scale.",Scurvy_Grass.png
flora,Sea_Beet,Sea Beet,PASS_WITH_POLISH,HOLD,FAIL,PASS_WITH_POLISH -> HOLD,"No critical duplicate, clipping, or gross growth-family error found. Broad growth form is usable; species-level botanical specificity may still be simplified. Sea Beet needs a species-specific growth-form check: roots/attachment, stem or trunk, leaf/frond arrangement, flower/fruit/spore organ and overall scale.",Sea_Beet.png
flora,Sea_Buckthorn,Sea Buckthorn,PASS_WITH_POLISH,HOLD,FAIL,PASS_WITH_POLISH -> HOLD,"No critical duplicate, clipping, or gross growth-family error found. Broad growth form is usable; species-level botanical specificity may still be simplified. Sea Buckthorn needs a species-specific growth-form check: roots/attachment, stem or trunk, leaf/frond arrangement, flower/fruit/spore organ and overall scale.",Sea_Buckthorn.png
flora,Sea_Fennel,Sea Fennel,PASS_WITH_POLISH,HOLD,FAIL,PASS_WITH_POLISH -> HOLD,"No critical duplicate, clipping, or gross growth-family error found. Broad growth form is usable; species-level botanical specificity may still be simplified. Sea Fennel needs a species-specific growth-form check: roots/attachment, stem or trunk, leaf/frond arrangement, flower/fruit/spore organ and overall scale.",Sea_Fennel.png
flora,Sea_Grape,Sea Grape,PASS_WITH_POLISH,HOLD,FAIL,PASS_WITH_POLISH -> HOLD,"No critical duplicate, clipping, or gross growth-family error found. Broad growth form is usable; species-level botanical specificity may still be simplified. The catalog overuses a round canopy on a straight trunk. Match the species’ trunk habit, branching architecture, crown shape, leaf masses, bark and fruit/flower attachment.",Sea_Grape.png
flora,Sea_Grapes_Algae,Sea Grapes Algae,PASS_WITH_POLISH,HOLD,FAIL,PASS_WITH_POLISH -> HOLD,"No critical duplicate, clipping, or gross growth-family error found. Broad growth form is usable; species-level botanical specificity may still be simplified. Sea Grapes Algae needs a species-specific growth-form check: roots/attachment, stem or trunk, leaf/frond arrangement, flower/fruit/spore organ and overall scale.",Sea_Grapes_Algae.png
flora,Sea_Kale,Sea Kale,PASS_WITH_POLISH,HOLD,FAIL,PASS_WITH_POLISH -> HOLD,"No critical duplicate, clipping, or gross growth-family error found. Broad growth form is usable; species-level botanical specificity may still be simplified. Sea Kale needs a species-specific growth-form check: roots/attachment, stem or trunk, leaf/frond arrangement, flower/fruit/spore organ and overall scale.",Sea_Kale.png
flora,Sea_Lavender,Sea Lavender,PASS_WITH_POLISH,HOLD,FAIL,PASS_WITH_POLISH -> HOLD,"No critical duplicate, clipping, or gross growth-family error found. Broad growth form is usable; species-level botanical specificity may still be simplified. Sea Lavender needs a species-specific growth-form check: roots/attachment, stem or trunk, leaf/frond arrangement, flower/fruit/spore organ and overall scale.",Sea_Lavender.png
flora,Sea_Purslane,Sea Purslane,PASS_WITH_POLISH,HOLD,FAIL,PASS_WITH_POLISH -> HOLD,"No critical duplicate, clipping, or gross growth-family error found. Broad growth form is usable; species-level botanical specificity may still be simplified. Sea Purslane needs a species-specific growth-form check: roots/attachment, stem or trunk, leaf/frond arrangement, flower/fruit/spore organ and overall scale.",Sea_Purslane.png
flora,Sea_Rocket,Sea Rocket,PASS_WITH_POLISH,HOLD,FAIL,PASS_WITH_POLISH -> HOLD,"No critical duplicate, clipping, or gross growth-family error found. Broad growth form is usable; species-level botanical specificity may still be simplified. Sea Rocket needs a species-specific growth-form check: roots/attachment, stem or trunk, leaf/frond arrangement, flower/fruit/spore organ and overall scale.",Sea_Rocket.png
flora,Seagrass,Seagrass,PASS_WITH_POLISH,HOLD,FAIL,PASS_WITH_POLISH -> HOLD,"Use a denser underwater meadow of narrow blades and rhizome/holdfast context. Use the correct holdfast/rooting, blade/frond form, branching, air bladders and water-growth habit instead of a single generic ribbon or blob.",Seagrass.png
flora,Serviceberry,Serviceberry,PASS_WITH_POLISH,HOLD,FAIL,PASS_WITH_POLISH -> HOLD,"No critical duplicate, clipping, or gross growth-family error found. Broad growth form is usable; species-level botanical specificity may still be simplified. Serviceberry needs a species-specific growth-form check: roots/attachment, stem or trunk, leaf/frond arrangement, flower/fruit/spore organ and overall scale.",Serviceberry.png
flora,Sesame,Sesame,PASS_WITH_POLISH,HOLD,FAIL,PASS_WITH_POLISH -> HOLD,"Add branched herb with tubular flowers and seed capsules. Sesame needs a species-specific growth-form check: roots/attachment, stem or trunk, leaf/frond arrangement, flower/fruit/spore organ and overall scale.",Sesame.png
flora,Solomon's_Seal,Solomon's Seal,PASS_WITH_POLISH,HOLD,FAIL,PASS_WITH_POLISH -> HOLD,"No critical duplicate, clipping, or gross growth-family error found. Broad growth form is usable; species-level botanical specificity may still be simplified. Solomon's Seal needs a species-specific growth-form check: roots/attachment, stem or trunk, leaf/frond arrangement, flower/fruit/spore organ and overall scale.",Solomon's_Seal.png
flora,Sorghum,Sorghum,PASS_WITH_POLISH,HOLD,FAIL,PASS_WITH_POLISH -> HOLD,"Add broad branching seed clusters. Correct the culm, leaf arrangement and species-specific seed head/inflorescence; many grains currently share one generic spike or grass tuft.",Sorghum.png
flora,Sorrel,Sorrel,PASS_WITH_POLISH,HOLD,FAIL,PASS_WITH_POLISH -> HOLD,"No critical duplicate, clipping, or gross growth-family error found. Broad growth form is usable; species-level botanical specificity may still be simplified. Sorrel needs a species-specific growth-form check: roots/attachment, stem or trunk, leaf/frond arrangement, flower/fruit/spore organ and overall scale.",Sorrel.png
flora,Soursop,Soursop,PASS_WITH_POLISH,HOLD,FAIL,PASS_WITH_POLISH -> HOLD,"No critical duplicate, clipping, or gross growth-family error found. Broad growth form is usable; species-level botanical specificity may still be simplified. The catalog overuses a round canopy on a straight trunk. Match the species’ trunk habit, branching architecture, crown shape, leaf masses, bark and fruit/flower attachment.",Soursop.png
flora,Spruce_Tips,Spruce Tips,PASS_WITH_POLISH,HOLD,FAIL,PASS_WITH_POLISH -> HOLD,"No critical duplicate, clipping, or gross growth-family error found. Broad growth form is usable; species-level botanical specificity may still be simplified. Spruce Tips needs a species-specific growth-form check: roots/attachment, stem or trunk, leaf/frond arrangement, flower/fruit/spore organ and overall scale.",Spruce_Tips.png
flora,Star_Anise,Star Anise,PASS_WITH_POLISH,HOLD,FAIL,PASS_WITH_POLISH -> HOLD,"No critical duplicate, clipping, or gross growth-family error found. Broad growth form is usable; species-level botanical specificity may still be simplified. Star Anise needs a species-specific growth-form check: roots/attachment, stem or trunk, leaf/frond arrangement, flower/fruit/spore organ and overall scale.",Star_Anise.png
flora,Starfruit,Starfruit,PASS_WITH_POLISH,HOLD,FAIL,PASS_WITH_POLISH -> HOLD,"No critical duplicate, clipping, or gross growth-family error found. Broad growth form is usable; species-level botanical specificity may still be simplified. The catalog overuses a round canopy on a straight trunk. Match the species’ trunk habit, branching architecture, crown shape, leaf masses, bark and fruit/flower attachment.",Starfruit.png
flora,Steppe_Tulip,Steppe Tulip,PASS_WITH_POLISH,HOLD,FAIL,PASS_WITH_POLISH -> HOLD,"No critical duplicate, clipping, or gross growth-family error found. Broad growth form is usable; species-level botanical specificity may still be simplified. Steppe Tulip needs a species-specific growth-form check: roots/attachment, stem or trunk, leaf/frond arrangement, flower/fruit/spore organ and overall scale.",Steppe_Tulip.png
flora,Sugar_Kelp,Sugar Kelp,PASS_WITH_POLISH,HOLD,FAIL,PASS_WITH_POLISH -> HOLD,"Add broad undulating blade and holdfast. Sugar Kelp needs a species-specific growth-form check: roots/attachment, stem or trunk, leaf/frond arrangement, flower/fruit/spore organ and overall scale.",Sugar_Kelp.png
flora,Sundew,Sundew,PASS_WITH_POLISH,HOLD,FAIL,PASS_WITH_POLISH -> HOLD,"No critical duplicate, clipping, or gross growth-family error found. Broad growth form is usable; species-level botanical specificity may still be simplified. Sundew needs a species-specific growth-form check: roots/attachment, stem or trunk, leaf/frond arrangement, flower/fruit/spore organ and overall scale.",Sundew.png
flora,Sunflower,Sunflower,PASS_WITH_POLISH,HOLD,FAIL,PASS_WITH_POLISH -> HOLD,"No critical duplicate, clipping, or gross growth-family error found. Broad growth form is usable; species-level botanical specificity may still be simplified. Match the named plant’s actual growth habit, leaf arrangement, flower/seed structure and scale; many currently use one vertical leaf-ladder or color-only herb template.",Sunflower.png
flora,Swamp_Mint,Swamp Mint,PASS_WITH_POLISH,HOLD,FAIL,PASS_WITH_POLISH -> HOLD,"No critical duplicate, clipping, or gross growth-family error found. Broad growth form is usable; species-level botanical specificity may still be simplified. Swamp Mint needs a species-specific growth-form check: roots/attachment, stem or trunk, leaf/frond arrangement, flower/fruit/spore organ and overall scale.",Swamp_Mint.png
flora,Sweet_Flag,Sweet Flag,PASS_WITH_POLISH,HOLD,FAIL,PASS_WITH_POLISH -> HOLD,"No critical duplicate, clipping, or gross growth-family error found. Broad growth form is usable; species-level botanical specificity may still be simplified. Sweet Flag needs a species-specific growth-form check: roots/attachment, stem or trunk, leaf/frond arrangement, flower/fruit/spore organ and overall scale.",Sweet_Flag.png
flora,Sweet_Potato,Sweet Potato,PASS_WITH_POLISH,HOLD,FAIL,PASS_WITH_POLISH -> HOLD,"No critical duplicate, clipping, or gross growth-family error found. Broad growth form is usable; species-level botanical specificity may still be simplified. Correct the culm, leaf arrangement and species-specific seed head/inflorescence; many grains currently share one generic spike or grass tuft.",Sweet_Potato.png
flora,Sword_Fern,Sword Fern,PASS_WITH_POLISH,HOLD,FAIL,PASS_WITH_POLISH -> HOLD,"No critical duplicate, clipping, or gross growth-family error found. Broad growth form is usable; species-level botanical specificity may still be simplified. Use the correct frond or mat structure, branching/pinnae pattern, growth habit and attachment; avoid recoloring one fan-fern.",Sword_Fern.png
flora,Tamarind,Tamarind,PASS_WITH_POLISH,HOLD,FAIL,PASS_WITH_POLISH -> HOLD,"No critical duplicate, clipping, or gross growth-family error found. Broad growth form is usable; species-level botanical specificity may still be simplified. The catalog overuses a round canopy on a straight trunk. Match the species’ trunk habit, branching architecture, crown shape, leaf masses, bark and fruit/flower attachment.",Tamarind.png
flora,Tamarisk,Tamarisk,PASS_WITH_POLISH,HOLD,FAIL,PASS_WITH_POLISH -> HOLD,"No critical duplicate, clipping, or gross growth-family error found. Broad growth form is usable; species-level botanical specificity may still be simplified. Tamarisk needs a species-specific growth-form check: roots/attachment, stem or trunk, leaf/frond arrangement, flower/fruit/spore organ and overall scale.",Tamarisk.png
flora,Taro,Taro,PASS_WITH_POLISH,HOLD,FAIL,PASS_WITH_POLISH -> HOLD,"No critical duplicate, clipping, or gross growth-family error found. Broad growth form is usable; species-level botanical specificity may still be simplified. Correct the culm, leaf arrangement and species-specific seed head/inflorescence; many grains currently share one generic spike or grass tuft.",Taro.png
flora,Tea,Tea,PASS_WITH_POLISH,HOLD,FAIL,PASS_WITH_POLISH -> HOLD,"No critical duplicate, clipping, or gross growth-family error found. Broad growth form is usable; species-level botanical specificity may still be simplified. Tea needs a species-specific growth-form check: roots/attachment, stem or trunk, leaf/frond arrangement, flower/fruit/spore organ and overall scale.",Tea.png
flora,Thyme,Thyme,PASS_WITH_POLISH,HOLD,FAIL,PASS_WITH_POLISH -> HOLD,"No critical duplicate, clipping, or gross growth-family error found. Broad growth form is usable; species-level botanical specificity may still be simplified. Match the named plant’s actual growth habit, leaf arrangement, flower/seed structure and scale; many currently use one vertical leaf-ladder or color-only herb template.",Thyme.png
flora,Tree_Fern_Shoots,Tree Fern Shoots,PASS_WITH_POLISH,HOLD,FAIL,PASS_WITH_POLISH -> HOLD,"No critical duplicate, clipping, or gross growth-family error found. Broad growth form is usable; species-level botanical specificity may still be simplified. Tree Fern Shoots needs a species-specific growth-form check: roots/attachment, stem or trunk, leaf/frond arrangement, flower/fruit/spore organ and overall scale.",Tree_Fern_Shoots.png
flora,Tree_Tomato,Tree Tomato,PASS_WITH_POLISH,HOLD,FAIL,PASS_WITH_POLISH -> HOLD,"No critical duplicate, clipping, or gross growth-family error found. Broad growth form is usable; species-level botanical specificity may still be simplified. Tree Tomato needs a species-specific growth-form check: roots/attachment, stem or trunk, leaf/frond arrangement, flower/fruit/spore organ and overall scale.",Tree_Tomato.png
flora,Turmeric,Turmeric,PASS_WITH_POLISH,HOLD,FAIL,PASS_WITH_POLISH -> HOLD,"No critical duplicate, clipping, or gross growth-family error found. Broad growth form is usable; species-level botanical specificity may still be simplified. Match the named plant’s actual growth habit, leaf arrangement, flower/seed structure and scale; many currently use one vertical leaf-ladder or color-only herb template.",Turmeric.png
flora,Tussock_Grass,Tussock Grass,PASS_WITH_POLISH,HOLD,FAIL,PASS_WITH_POLISH -> HOLD,"No critical duplicate, clipping, or gross growth-family error found. Broad growth form is usable; species-level botanical specificity may still be simplified. Tussock Grass needs a species-specific growth-form check: roots/attachment, stem or trunk, leaf/frond arrangement, flower/fruit/spore organ and overall scale.",Tussock_Grass.png
flora,Valerian,Valerian,PASS_WITH_POLISH,HOLD,FAIL,PASS_WITH_POLISH -> HOLD,"No critical duplicate, clipping, or gross growth-family error found. Broad growth form is usable; species-level botanical specificity may still be simplified. Match the named plant’s actual growth habit, leaf arrangement, flower/seed structure and scale; many currently use one vertical leaf-ladder or color-only herb template.",Valerian.png
flora,Vanilla_Orchid,Vanilla Orchid,PASS_WITH_POLISH,HOLD,FAIL,PASS_WITH_POLISH -> HOLD,"Vine identity reads; add more orchid flower/pod specificity. Vanilla Orchid needs a species-specific growth-form check: roots/attachment, stem or trunk, leaf/frond arrangement, flower/fruit/spore organ and overall scale.",Vanilla_Orchid.png
flora,Venus_Flytrap,Venus Flytrap,PASS_WITH_POLISH,HOLD,FAIL,PASS_WITH_POLISH -> HOLD,"No critical duplicate, clipping, or gross growth-family error found. Broad growth form is usable; species-level botanical specificity may still be simplified. Venus Flytrap needs a species-specific growth-form check: roots/attachment, stem or trunk, leaf/frond arrangement, flower/fruit/spore organ and overall scale.",Venus_Flytrap.png
flora,Violet,Violet,PASS_WITH_POLISH,HOLD,FAIL,PASS_WITH_POLISH -> HOLD,"No critical duplicate, clipping, or gross growth-family error found. Broad growth form is usable; species-level botanical specificity may still be simplified. Match the named plant’s actual growth habit, leaf arrangement, flower/seed structure and scale; many currently use one vertical leaf-ladder or color-only herb template.",Violet.png
flora,Wakame,Wakame,PASS_WITH_POLISH,HOLD,FAIL,PASS_WITH_POLISH -> HOLD,"No critical duplicate, clipping, or gross growth-family error found. Broad growth form is usable; species-level botanical specificity may still be simplified. Wakame needs a species-specific growth-form check: roots/attachment, stem or trunk, leaf/frond arrangement, flower/fruit/spore organ and overall scale.",Wakame.png
flora,Walnut,Walnut,PASS_WITH_POLISH,HOLD,FAIL,PASS_WITH_POLISH -> HOLD,"No critical duplicate, clipping, or gross growth-family error found. Broad growth form is usable; species-level botanical specificity may still be simplified. The catalog overuses a round canopy on a straight trunk. Match the species’ trunk habit, branching architecture, crown shape, leaf masses, bark and fruit/flower attachment.",Walnut.png
flora,Water_Hemlock,Water Hemlock,PASS_WITH_POLISH,HOLD,FAIL,PASS_WITH_POLISH -> HOLD,"Use branched herb with compound umbels; current stem is too generic. Water Hemlock needs a species-specific growth-form check: roots/attachment, stem or trunk, leaf/frond arrangement, flower/fruit/spore organ and overall scale.",Water_Hemlock.png
flora,Water_Lily,Water Lily,PASS_WITH_POLISH,HOLD,FAIL,PASS_WITH_POLISH -> HOLD,"No critical duplicate, clipping, or gross growth-family error found. Broad growth form is usable; species-level botanical specificity may still be simplified. Use the correct holdfast/rooting, blade/frond form, branching, air bladders and water-growth habit instead of a single generic ribbon or blob.",Water_Lily.png
flora,Water_Mint,Water Mint,PASS_WITH_POLISH,HOLD,FAIL,PASS_WITH_POLISH -> HOLD,"No critical duplicate, clipping, or gross growth-family error found. Broad growth form is usable; species-level botanical specificity may still be simplified. Water Mint needs a species-specific growth-form check: roots/attachment, stem or trunk, leaf/frond arrangement, flower/fruit/spore organ and overall scale.",Water_Mint.png
flora,Water_Spinach,Water Spinach,PASS_WITH_POLISH,HOLD,FAIL,PASS_WITH_POLISH -> HOLD,"No critical duplicate, clipping, or gross growth-family error found. Broad growth form is usable; species-level botanical specificity may still be simplified. Water Spinach needs a species-specific growth-form check: roots/attachment, stem or trunk, leaf/frond arrangement, flower/fruit/spore organ and overall scale.",Water_Spinach.png
flora,Watercress,Watercress,PASS_WITH_POLISH,HOLD,FAIL,PASS_WITH_POLISH -> HOLD,"No critical duplicate, clipping, or gross growth-family error found. Broad growth form is usable; species-level botanical specificity may still be simplified. Match the source plant, leaf habit and attached fruit/harvest organ. Fruit should be connected to stems/branches and not carry identity by label alone.",Watercress.png
flora,Wheat,Wheat,PASS_WITH_POLISH,HOLD,FAIL,PASS_WITH_POLISH -> HOLD,"Add compact grain spikes with awns; current grass tuft is too generic. Correct the culm, leaf arrangement and species-specific seed head/inflorescence; many grains currently share one generic spike or grass tuft.",Wheat.png
flora,White_Grape,White Grape,PASS_WITH_POLISH,HOLD,FAIL,PASS_WITH_POLISH -> HOLD,"No critical duplicate, clipping, or gross growth-family error found. Broad growth form is usable; species-level botanical specificity may still be simplified. White Grape needs a species-specific growth-form check: roots/attachment, stem or trunk, leaf/frond arrangement, flower/fruit/spore organ and overall scale.",White_Grape.png
flora,Wild_Blueberry,Wild Blueberry,PASS_WITH_POLISH,HOLD,FAIL,PASS_WITH_POLISH -> HOLD,"No critical duplicate, clipping, or gross growth-family error found. Broad growth form is usable; species-level botanical specificity may still be simplified. Wild Blueberry needs a species-specific growth-form check: roots/attachment, stem or trunk, leaf/frond arrangement, flower/fruit/spore organ and overall scale.",Wild_Blueberry.png
flora,Wild_Cherry,Wild Cherry,PASS_WITH_POLISH,HOLD,FAIL,PASS_WITH_POLISH -> HOLD,"No critical duplicate, clipping, or gross growth-family error found. Broad growth form is usable; species-level botanical specificity may still be simplified. Wild Cherry needs a species-specific growth-form check: roots/attachment, stem or trunk, leaf/frond arrangement, flower/fruit/spore organ and overall scale.",Wild_Cherry.png
flora,Wild_Chili,Wild Chili,PASS_WITH_POLISH,HOLD,FAIL,PASS_WITH_POLISH -> HOLD,"No critical duplicate, clipping, or gross growth-family error found. Broad growth form is usable; species-level botanical specificity may still be simplified. Wild Chili needs a species-specific growth-form check: roots/attachment, stem or trunk, leaf/frond arrangement, flower/fruit/spore organ and overall scale.",Wild_Chili.png
flora,Wild_Chive,Wild Chive,PASS_WITH_POLISH,HOLD,FAIL,PASS_WITH_POLISH -> HOLD,"No critical duplicate, clipping, or gross growth-family error found. Broad growth form is usable; species-level botanical specificity may still be simplified. Wild Chive needs a species-specific growth-form check: roots/attachment, stem or trunk, leaf/frond arrangement, flower/fruit/spore organ and overall scale.",Wild_Chive.png
flora,Wild_Fig,Wild Fig,PASS_WITH_POLISH,HOLD,FAIL,PASS_WITH_POLISH -> HOLD,"No critical duplicate, clipping, or gross growth-family error found. Broad growth form is usable; species-level botanical specificity may still be simplified. Wild Fig needs a species-specific growth-form check: roots/attachment, stem or trunk, leaf/frond arrangement, flower/fruit/spore organ and overall scale.",Wild_Fig.png
flora,Wild_Garlic,Wild Garlic,PASS_WITH_POLISH,HOLD,FAIL,PASS_WITH_POLISH -> HOLD,"No critical duplicate, clipping, or gross growth-family error found. Broad growth form is usable; species-level botanical specificity may still be simplified. Wild Garlic needs a species-specific growth-form check: roots/attachment, stem or trunk, leaf/frond arrangement, flower/fruit/spore organ and overall scale.",Wild_Garlic.png
flora,Wild_Ginger,Wild Ginger,PASS_WITH_POLISH,HOLD,FAIL,PASS_WITH_POLISH -> HOLD,"No critical duplicate, clipping, or gross growth-family error found. Broad growth form is usable; species-level botanical specificity may still be simplified. Wild Ginger needs a species-specific growth-form check: roots/attachment, stem or trunk, leaf/frond arrangement, flower/fruit/spore organ and overall scale.",Wild_Ginger.png
flora,Wild_Guava,Wild Guava,PASS_WITH_POLISH,HOLD,FAIL,PASS_WITH_POLISH -> HOLD,"No critical duplicate, clipping, or gross growth-family error found. Broad growth form is usable; species-level botanical specificity may still be simplified. Wild Guava needs a species-specific growth-form check: roots/attachment, stem or trunk, leaf/frond arrangement, flower/fruit/spore organ and overall scale.",Wild_Guava.png
flora,Wild_Mango,Wild Mango,PASS_WITH_POLISH,HOLD,FAIL,PASS_WITH_POLISH -> HOLD,"No critical duplicate, clipping, or gross growth-family error found. Broad growth form is usable; species-level botanical specificity may still be simplified. Wild Mango needs a species-specific growth-form check: roots/attachment, stem or trunk, leaf/frond arrangement, flower/fruit/spore organ and overall scale.",Wild_Mango.png
flora,Wild_Melon,Wild Melon,PASS_WITH_POLISH,HOLD,FAIL,PASS_WITH_POLISH -> HOLD,"No critical duplicate, clipping, or gross growth-family error found. Broad growth form is usable; species-level botanical specificity may still be simplified. Wild Melon needs a species-specific growth-form check: roots/attachment, stem or trunk, leaf/frond arrangement, flower/fruit/spore organ and overall scale.",Wild_Melon.png
flora,Wild_Mint,Wild Mint,PASS_WITH_POLISH,HOLD,FAIL,PASS_WITH_POLISH -> HOLD,"No critical duplicate, clipping, or gross growth-family error found. Broad growth form is usable; species-level botanical specificity may still be simplified. Wild Mint needs a species-specific growth-form check: roots/attachment, stem or trunk, leaf/frond arrangement, flower/fruit/spore organ and overall scale.",Wild_Mint.png
flora,Wild_Mustard,Wild Mustard,PASS_WITH_POLISH,HOLD,FAIL,PASS_WITH_POLISH -> HOLD,"No critical duplicate, clipping, or gross growth-family error found. Broad growth form is usable; species-level botanical specificity may still be simplified. Wild Mustard needs a species-specific growth-form check: roots/attachment, stem or trunk, leaf/frond arrangement, flower/fruit/spore organ and overall scale.",Wild_Mustard.png
flora,Wild_Onion,Wild Onion,PASS_WITH_POLISH,HOLD,FAIL,PASS_WITH_POLISH -> HOLD,"No critical duplicate, clipping, or gross growth-family error found. Broad growth form is usable; species-level botanical specificity may still be simplified. Wild Onion needs a species-specific growth-form check: roots/attachment, stem or trunk, leaf/frond arrangement, flower/fruit/spore organ and overall scale.",Wild_Onion.png
flora,Wild_Rhubarb,Wild Rhubarb,PASS_WITH_POLISH,HOLD,FAIL,PASS_WITH_POLISH -> HOLD,"No critical duplicate, clipping, or gross growth-family error found. Broad growth form is usable; species-level botanical specificity may still be simplified. Wild Rhubarb needs a species-specific growth-form check: roots/attachment, stem or trunk, leaf/frond arrangement, flower/fruit/spore organ and overall scale.",Wild_Rhubarb.png
flora,Wild_Rice,Wild Rice,PASS_WITH_POLISH,HOLD,FAIL,PASS_WITH_POLISH -> HOLD,"No critical duplicate, clipping, or gross growth-family error found. Broad growth form is usable; species-level botanical specificity may still be simplified. Use the correct holdfast/rooting, blade/frond form, branching, air bladders and water-growth habit instead of a single generic ribbon or blob.",Wild_Rice.png
flora,Wild_Rye,Wild Rye,PASS_WITH_POLISH,HOLD,FAIL,PASS_WITH_POLISH -> HOLD,"No critical duplicate, clipping, or gross growth-family error found. Broad growth form is usable; species-level botanical specificity may still be simplified. Wild Rye needs a species-specific growth-form check: roots/attachment, stem or trunk, leaf/frond arrangement, flower/fruit/spore organ and overall scale.",Wild_Rye.png
flora,Wild_Sesame,Wild Sesame,PASS_WITH_POLISH,HOLD,FAIL,PASS_WITH_POLISH -> HOLD,"No critical duplicate, clipping, or gross growth-family error found. Broad growth form is usable; species-level botanical specificity may still be simplified. Wild Sesame needs a species-specific growth-form check: roots/attachment, stem or trunk, leaf/frond arrangement, flower/fruit/spore organ and overall scale.",Wild_Sesame.png
flora,Wild_Taro,Wild Taro,PASS_WITH_POLISH,HOLD,FAIL,PASS_WITH_POLISH -> HOLD,"Current tuber form reads as a harvest item; source plant should show large heart-shaped leaves. Wild Taro needs a species-specific growth-form check: roots/attachment, stem or trunk, leaf/frond arrangement, flower/fruit/spore organ and overall scale.",Wild_Taro.png
flora,Wild_Thyme,Wild Thyme,PASS_WITH_POLISH,HOLD,FAIL,PASS_WITH_POLISH -> HOLD,"No critical duplicate, clipping, or gross growth-family error found. Broad growth form is usable; species-level botanical specificity may still be simplified. Wild Thyme needs a species-specific growth-form check: roots/attachment, stem or trunk, leaf/frond arrangement, flower/fruit/spore organ and overall scale.",Wild_Thyme.png
flora,Wild_Yam,Wild Yam,PASS_WITH_POLISH,HOLD,FAIL,PASS_WITH_POLISH -> HOLD,"No critical duplicate, clipping, or gross growth-family error found. Broad growth form is usable; species-level botanical specificity may still be simplified. Wild Yam needs a species-specific growth-form check: roots/attachment, stem or trunk, leaf/frond arrangement, flower/fruit/spore organ and overall scale.",Wild_Yam.png
flora,Willow,Willow,PASS_WITH_POLISH,HOLD,FAIL,PASS_WITH_POLISH -> HOLD,"Drooping habit reads; add more branching and leaf texture. The catalog overuses a round canopy on a straight trunk. Match the species’ trunk habit, branching architecture, crown shape, leaf masses, bark and fruit/flower attachment.",Willow.png
flora,Wood_Sorrel,Wood Sorrel,PASS_WITH_POLISH,HOLD,FAIL,PASS_WITH_POLISH -> HOLD,"No critical duplicate, clipping, or gross growth-family error found. Broad growth form is usable; species-level botanical specificity may still be simplified. Wood Sorrel needs a species-specific growth-form check: roots/attachment, stem or trunk, leaf/frond arrangement, flower/fruit/spore organ and overall scale.",Wood_Sorrel.png
flora,Wormwood,Wormwood,PASS_WITH_POLISH,HOLD,FAIL,PASS_WITH_POLISH -> HOLD,"No critical duplicate, clipping, or gross growth-family error found. Broad growth form is usable; species-level botanical specificity may still be simplified. Wormwood needs a species-specific growth-form check: roots/attachment, stem or trunk, leaf/frond arrangement, flower/fruit/spore organ and overall scale.",Wormwood.png
flora,Yarrow,Yarrow,PASS_WITH_POLISH,HOLD,FAIL,PASS_WITH_POLISH -> HOLD,"No critical duplicate, clipping, or gross growth-family error found. Broad growth form is usable; species-level botanical specificity may still be simplified. Match the named plant’s actual growth habit, leaf arrangement, flower/seed structure and scale; many currently use one vertical leaf-ladder or color-only herb template.",Yarrow.png
flora,Yerba_Mate,Yerba Mate,PASS_WITH_POLISH,HOLD,FAIL,PASS_WITH_POLISH -> HOLD,"No critical duplicate, clipping, or gross growth-family error found. Broad growth form is usable; species-level botanical specificity may still be simplified. Yerba Mate needs a species-specific growth-form check: roots/attachment, stem or trunk, leaf/frond arrangement, flower/fruit/spore organ and overall scale.",Yerba_Mate.png
flora,Yew,Yew,PASS_WITH_POLISH,HOLD,FAIL,PASS_WITH_POLISH -> HOLD,"No critical duplicate, clipping, or gross growth-family error found. Broad growth form is usable; species-level botanical specificity may still be simplified. Yew needs a species-specific growth-form check: roots/attachment, stem or trunk, leaf/frond arrangement, flower/fruit/spore organ and overall scale.",Yew.png
flora,Yucca,Yucca,PASS_WITH_POLISH,HOLD,FAIL,PASS_WITH_POLISH -> HOLD,"No critical duplicate, clipping, or gross growth-family error found. Broad growth form is usable; species-level botanical specificity may still be simplified. Match stem geometry, branching/rosette habit, pads/ribs, spines, flower and fruit placement for the named cactus or succulent.",Yucca.png
fungi,Cordyceps,Cordyceps,PASS_WITH_POLISH,HOLD,FAIL,PASS_WITH_POLISH -> HOLD,Club-like fruiting bodies are present; add host/substrate relationship and more irregular clubs.,Cordyceps.png
fungi,Maitake,Maitake,PASS_WITH_POLISH,HOLD,FAIL,PASS_WITH_POLISH -> HOLD,Overlapping rosette fronds are present; increase leaf-like fan layering.,Maitake.png
fungi,Mildew,Mildew,PASS_WITH_POLISH,HOLD,FAIL,PASS_WITH_POLISH -> HOLD,Powdery colony concept is present; make it a thin surface patch rather than a mound.,Mildew.png
fungi,Mold,Mold,PASS_WITH_POLISH,HOLD,FAIL,PASS_WITH_POLISH -> HOLD,Fuzzy colony concept is present; show spreading hyphae and surface growth rather than a mound.,Mold.png
fungi,Porcini,Porcini,PASS_WITH_POLISH,HOLD,FAIL,PASS_WITH_POLISH -> HOLD,Thick bolete form is present; use a broader brown cap and stout pale stem.,Porcini.png
fungi,Stinkhorn,Stinkhorn,PASS_WITH_POLISH,HOLD,FAIL,PASS_WITH_POLISH -> HOLD,Tall stalk and dark cap are present; add a more irregular slimy gleba and volva.,Stinkhorn.png
fungi,Turkey_Tail,Turkey Tail,PASS_WITH_POLISH,HOLD,FAIL,PASS_WITH_POLISH -> HOLD,Layered shelves are correct; add multicolored concentric banding and fan texture.,Turkey_Tail.png
microbe,Acidophile,Acidophile,PASS_WITH_POLISH,HOLD,FAIL,PASS_WITH_POLISH -> HOLD,"Acceptable as an environmental microbe colony, but morphology remains generic; pair the ecology label with a canonical cell type.",Acidophile.png
microbe,Bioluminescent_Plankton,Bioluminescent Plankton,PASS_WITH_POLISH,HOLD,FAIL,PASS_WITH_POLISH -> HOLD,Glow field reads; add more planktonic diversity such as flagellates or dinoflagellate shapes.,Bioluminescent_Plankton.png
microbe,Cryophile,Cryophile,PASS_WITH_POLISH,HOLD,FAIL,PASS_WITH_POLISH -> HOLD,"Environmental colony reads, but morphology is generic; add a defined cell family.",Cryophile.png
microbe,Dinoflagellate,Dinoflagellate,PASS_WITH_POLISH,HOLD,FAIL,PASS_WITH_POLISH -> HOLD,Armored radial cell is readable; add transverse groove and visible flagella.,Dinoflagellate.png
microbe,Halophile,Halophile,PASS_WITH_POLISH,HOLD,FAIL,PASS_WITH_POLISH -> HOLD,"Environmental colony reads, but morphology is generic; add a defined archaeal/cell family.",Halophile.png
microbe,Iron-Oxidizing_Bacteria,Iron Oxidizing Bacteria,PASS_WITH_POLISH,HOLD,FAIL,PASS_WITH_POLISH -> HOLD,Colony is readable but generic; add filament/stalk or mineral-associated growth.,Iron-Oxidizing_Bacteria.png
microbe,Methanogen,Methanogen,PASS_WITH_POLISH,HOLD,FAIL,PASS_WITH_POLISH -> HOLD,Colony is readable but generic; add rod/coccus/chain morphology tied to the phenotype.,Methanogen.png
microbe,Nitrogen-Fixing_Bacteria,Nitrogen Fixing Bacteria,PASS_WITH_POLISH,HOLD,FAIL,PASS_WITH_POLISH -> HOLD,Colony is readable but generic; add rods/chains and optional root-nodule context.,Nitrogen-Fixing_Bacteria.png
microbe,Radiation-Resistant_Microbe,Radiation Resistant Microbe,PASS_WITH_POLISH,HOLD,FAIL,PASS_WITH_POLISH -> HOLD,Colony is readable but generic; add tetrad/cluster morphology and stronger radiation-shielding cues.,Radiation-Resistant_Microbe.png
microbe,Radiolarian,Radiolarian,PASS_WITH_POLISH,HOLD,FAIL,PASS_WITH_POLISH -> HOLD,Radial shell grid is present; add more intricate spines and lattice structure.,Radiolarian.png
microbe,Red-Tide_Algae,Red Tide Algae,PASS_WITH_POLISH,HOLD,FAIL,PASS_WITH_POLISH -> HOLD,Pigmented colony reads; add dinoflagellate or algal cell morphology rather than only colored spheres.,Red-Tide_Algae.png
microbe,Sulfur-Oxidizing_Bacteria,Sulfur Oxidizing Bacteria,PASS_WITH_POLISH,HOLD,FAIL,PASS_WITH_POLISH -> HOLD,Colony is readable but generic; add filament/mat morphology and sulfur granules.,Sulfur-Oxidizing_Bacteria.png
microbe,Thermophile,Thermophile,PASS_WITH_POLISH,HOLD,FAIL,PASS_WITH_POLISH -> HOLD,"Environmental colony reads, but morphology is generic; add a canonical cell family and heat-adaptation cues.",Thermophile.png
procedural,fauna-h0-s0,,PASS_WITH_POLISH,PASS,PASS,PASS_WITH_POLISH -> PASS,PASS — Trait blend is coherent for a procedural organism. Earth-species accuracy is not required.,fauna-h0-s0.png
procedural,fauna-h0-s1,,PASS_WITH_POLISH,PASS,PASS,PASS_WITH_POLISH -> PASS,PASS — Trait blend is coherent for a procedural organism. Earth-species accuracy is not required.,fauna-h0-s1.png
procedural,fauna-h0-s10,,PASS_WITH_POLISH,PASS,PASS,PASS_WITH_POLISH -> PASS,PASS — Trait blend is coherent for a procedural organism. Earth-species accuracy is not required.,fauna-h0-s10.png
procedural,fauna-h0-s11,,PASS_WITH_POLISH,PASS,PASS,PASS_WITH_POLISH -> PASS,PASS — Trait blend is coherent for a procedural organism. Earth-species accuracy is not required.,fauna-h0-s11.png
procedural,fauna-h0-s12,,PASS_WITH_POLISH,PASS,PASS,PASS_WITH_POLISH -> PASS,PASS — Trait blend is coherent for a procedural organism. Earth-species accuracy is not required.,fauna-h0-s12.png
procedural,fauna-h0-s13,,PASS_WITH_POLISH,PASS,PASS,PASS_WITH_POLISH -> PASS,PASS — Trait blend is coherent for a procedural organism. Earth-species accuracy is not required.,fauna-h0-s13.png
procedural,fauna-h0-s14,,PASS_WITH_POLISH,PASS,PASS,PASS_WITH_POLISH -> PASS,PASS — Trait blend is coherent for a procedural organism. Earth-species accuracy is not required.,fauna-h0-s14.png
procedural,fauna-h0-s15,,PASS_WITH_POLISH,PASS,PASS,PASS_WITH_POLISH -> PASS,PASS — Trait blend is coherent for a procedural organism. Earth-species accuracy is not required.,fauna-h0-s15.png
procedural,fauna-h0-s16,,PASS_WITH_POLISH,PASS,PASS,PASS_WITH_POLISH -> PASS,PASS — Trait blend is coherent for a procedural organism. Earth-species accuracy is not required.,fauna-h0-s16.png
procedural,fauna-h0-s17,,PASS_WITH_POLISH,PASS,PASS,PASS_WITH_POLISH -> PASS,PASS — Trait blend is coherent for a procedural organism. Earth-species accuracy is not required.,fauna-h0-s17.png
procedural,fauna-h0-s18,,PASS_WITH_POLISH,PASS,PASS,PASS_WITH_POLISH -> PASS,PASS — Trait blend is coherent for a procedural organism. Earth-species accuracy is not required.,fauna-h0-s18.png
procedural,fauna-h0-s19,,PASS_WITH_POLISH,PASS,PASS,PASS_WITH_POLISH -> PASS,PASS — Trait blend is coherent for a procedural organism. Earth-species accuracy is not required.,fauna-h0-s19.png
procedural,fauna-h0-s2,,PASS_WITH_POLISH,PASS,PASS,PASS_WITH_POLISH -> PASS,PASS — Trait blend is coherent for a procedural organism. Earth-species accuracy is not required.,fauna-h0-s2.png
procedural,fauna-h0-s3,,PASS_WITH_POLISH,PASS,PASS,PASS_WITH_POLISH -> PASS,PASS — Trait blend is coherent for a procedural organism. Earth-species accuracy is not required.,fauna-h0-s3.png
procedural,fauna-h0-s4,,PASS_WITH_POLISH,PASS,PASS,PASS_WITH_POLISH -> PASS,PASS — Trait blend is coherent for a procedural organism. Earth-species accuracy is not required.,fauna-h0-s4.png
procedural,fauna-h0-s5,,PASS_WITH_POLISH,PASS,PASS,PASS_WITH_POLISH -> PASS,PASS — Trait blend is coherent for a procedural organism. Earth-species accuracy is not required.,fauna-h0-s5.png
procedural,fauna-h0-s6,,PASS_WITH_POLISH,PASS,PASS,PASS_WITH_POLISH -> PASS,PASS — Trait blend is coherent for a procedural organism. Earth-species accuracy is not required.,fauna-h0-s6.png
procedural,fauna-h0-s7,,PASS_WITH_POLISH,PASS,PASS,PASS_WITH_POLISH -> PASS,PASS — Trait blend is coherent for a procedural organism. Earth-species accuracy is not required.,fauna-h0-s7.png
procedural,fauna-h0-s8,,PASS_WITH_POLISH,PASS,PASS,PASS_WITH_POLISH -> PASS,PASS — Trait blend is coherent for a procedural organism. Earth-species accuracy is not required.,fauna-h0-s8.png
procedural,fauna-h0-s9,,PASS_WITH_POLISH,PASS,PASS,PASS_WITH_POLISH -> PASS,PASS — Trait blend is coherent for a procedural organism. Earth-species accuracy is not required.,fauna-h0-s9.png
procedural,fauna-h1-s0,,PASS_WITH_POLISH,PASS,PASS,PASS_WITH_POLISH -> PASS,PASS — Trait blend is coherent for a procedural organism. Earth-species accuracy is not required.,fauna-h1-s0.png
procedural,fauna-h1-s1,,PASS_WITH_POLISH,PASS,PASS,PASS_WITH_POLISH -> PASS,PASS — Trait blend is coherent for a procedural organism. Earth-species accuracy is not required.,fauna-h1-s1.png
procedural,fauna-h1-s10,,PASS_WITH_POLISH,PASS,PASS,PASS_WITH_POLISH -> PASS,PASS — Trait blend is coherent for a procedural organism. Earth-species accuracy is not required.,fauna-h1-s10.png
procedural,fauna-h1-s11,,PASS_WITH_POLISH,PASS,PASS,PASS_WITH_POLISH -> PASS,PASS — Trait blend is coherent for a procedural organism. Earth-species accuracy is not required.,fauna-h1-s11.png
procedural,fauna-h1-s12,,PASS_WITH_POLISH,PASS,PASS,PASS_WITH_POLISH -> PASS,PASS — Trait blend is coherent for a procedural organism. Earth-species accuracy is not required.,fauna-h1-s12.png
procedural,fauna-h1-s13,,PASS_WITH_POLISH,PASS,PASS,PASS_WITH_POLISH -> PASS,PASS — Trait blend is coherent for a procedural organism. Earth-species accuracy is not required.,fauna-h1-s13.png
procedural,fauna-h1-s14,,PASS_WITH_POLISH,PASS,PASS,PASS_WITH_POLISH -> PASS,PASS — Trait blend is coherent for a procedural organism. Earth-species accuracy is not required.,fauna-h1-s14.png
procedural,fauna-h1-s15,,PASS_WITH_POLISH,PASS,PASS,PASS_WITH_POLISH -> PASS,PASS — Trait blend is coherent for a procedural organism. Earth-species accuracy is not required.,fauna-h1-s15.png
procedural,fauna-h1-s16,,PASS_WITH_POLISH,PASS,PASS,PASS_WITH_POLISH -> PASS,PASS — Trait blend is coherent for a procedural organism. Earth-species accuracy is not required.,fauna-h1-s16.png
procedural,fauna-h1-s17,,PASS_WITH_POLISH,PASS,PASS,PASS_WITH_POLISH -> PASS,PASS — Trait blend is coherent for a procedural organism. Earth-species accuracy is not required.,fauna-h1-s17.png
procedural,fauna-h1-s18,,PASS_WITH_POLISH,PASS,PASS,PASS_WITH_POLISH -> PASS,PASS — Trait blend is coherent for a procedural organism. Earth-species accuracy is not required.,fauna-h1-s18.png
procedural,fauna-h1-s19,,PASS_WITH_POLISH,PASS,PASS,PASS_WITH_POLISH -> PASS,PASS — Trait blend is coherent for a procedural organism. Earth-species accuracy is not required.,fauna-h1-s19.png
procedural,fauna-h1-s2,,PASS_WITH_POLISH,PASS,PASS,PASS_WITH_POLISH -> PASS,PASS — Trait blend is coherent for a procedural organism. Earth-species accuracy is not required.,fauna-h1-s2.png
procedural,fauna-h1-s3,,PASS_WITH_POLISH,PASS,PASS,PASS_WITH_POLISH -> PASS,PASS — Trait blend is coherent for a procedural organism. Earth-species accuracy is not required.,fauna-h1-s3.png
procedural,fauna-h1-s4,,PASS_WITH_POLISH,PASS,PASS,PASS_WITH_POLISH -> PASS,PASS — Trait blend is coherent for a procedural organism. Earth-species accuracy is not required.,fauna-h1-s4.png
procedural,fauna-h1-s5,,PASS_WITH_POLISH,PASS,PASS,PASS_WITH_POLISH -> PASS,PASS — Trait blend is coherent for a procedural organism. Earth-species accuracy is not required.,fauna-h1-s5.png
procedural,fauna-h1-s6,,PASS_WITH_POLISH,PASS,PASS,PASS_WITH_POLISH -> PASS,PASS — Trait blend is coherent for a procedural organism. Earth-species accuracy is not required.,fauna-h1-s6.png
procedural,fauna-h1-s7,,PASS_WITH_POLISH,PASS,PASS,PASS_WITH_POLISH -> PASS,PASS — Trait blend is coherent for a procedural organism. Earth-species accuracy is not required.,fauna-h1-s7.png
procedural,fauna-h1-s8,,PASS_WITH_POLISH,PASS,PASS,PASS_WITH_POLISH -> PASS,PASS — Trait blend is coherent for a procedural organism. Earth-species accuracy is not required.,fauna-h1-s8.png
procedural,fauna-h1-s9,,PASS_WITH_POLISH,PASS,PASS,PASS_WITH_POLISH -> PASS,PASS — Trait blend is coherent for a procedural organism. Earth-species accuracy is not required.,fauna-h1-s9.png
procedural,fauna-h2-s0,,PASS_WITH_POLISH,PASS,PASS,PASS_WITH_POLISH -> PASS,PASS — Trait blend is coherent for a procedural organism. Earth-species accuracy is not required.,fauna-h2-s0.png
procedural,fauna-h2-s1,,PASS_WITH_POLISH,PASS,PASS,PASS_WITH_POLISH -> PASS,PASS — Trait blend is coherent for a procedural organism. Earth-species accuracy is not required.,fauna-h2-s1.png
procedural,fauna-h2-s10,,PASS_WITH_POLISH,PASS,PASS,PASS_WITH_POLISH -> PASS,PASS — Trait blend is coherent for a procedural organism. Earth-species accuracy is not required.,fauna-h2-s10.png
procedural,fauna-h2-s11,,PASS_WITH_POLISH,PASS,PASS,PASS_WITH_POLISH -> PASS,PASS — Trait blend is coherent for a procedural organism. Earth-species accuracy is not required.,fauna-h2-s11.png
procedural,fauna-h2-s12,,PASS_WITH_POLISH,PASS,PASS,PASS_WITH_POLISH -> PASS,PASS — Trait blend is coherent for a procedural organism. Earth-species accuracy is not required.,fauna-h2-s12.png
procedural,fauna-h2-s13,,PASS_WITH_POLISH,PASS,PASS,PASS_WITH_POLISH -> PASS,PASS — Trait blend is coherent for a procedural organism. Earth-species accuracy is not required.,fauna-h2-s13.png
procedural,fauna-h2-s14,,PASS_WITH_POLISH,PASS,PASS,PASS_WITH_POLISH -> PASS,PASS — Trait blend is coherent for a procedural organism. Earth-species accuracy is not required.,fauna-h2-s14.png
procedural,fauna-h2-s15,,PASS_WITH_POLISH,PASS,PASS,PASS_WITH_POLISH -> PASS,PASS — Trait blend is coherent for a procedural organism. Earth-species accuracy is not required.,fauna-h2-s15.png
procedural,fauna-h2-s16,,PASS_WITH_POLISH,PASS,PASS,PASS_WITH_POLISH -> PASS,PASS — Trait blend is coherent for a procedural organism. Earth-species accuracy is not required.,fauna-h2-s16.png
procedural,fauna-h2-s17,,PASS_WITH_POLISH,PASS,PASS,PASS_WITH_POLISH -> PASS,PASS — Trait blend is coherent for a procedural organism. Earth-species accuracy is not required.,fauna-h2-s17.png
procedural,fauna-h2-s18,,PASS_WITH_POLISH,PASS,PASS,PASS_WITH_POLISH -> PASS,PASS — Trait blend is coherent for a procedural organism. Earth-species accuracy is not required.,fauna-h2-s18.png
procedural,fauna-h2-s19,,PASS_WITH_POLISH,PASS,PASS,PASS_WITH_POLISH -> PASS,PASS — Trait blend is coherent for a procedural organism. Earth-species accuracy is not required.,fauna-h2-s19.png
procedural,fauna-h2-s2,,PASS_WITH_POLISH,PASS,PASS,PASS_WITH_POLISH -> PASS,PASS — Trait blend is coherent for a procedural organism. Earth-species accuracy is not required.,fauna-h2-s2.png
procedural,fauna-h2-s3,,PASS_WITH_POLISH,PASS,PASS,PASS_WITH_POLISH -> PASS,PASS — Trait blend is coherent for a procedural organism. Earth-species accuracy is not required.,fauna-h2-s3.png
procedural,fauna-h2-s4,,PASS_WITH_POLISH,PASS,PASS,PASS_WITH_POLISH -> PASS,PASS — Trait blend is coherent for a procedural organism. Earth-species accuracy is not required.,fauna-h2-s4.png
procedural,fauna-h2-s5,,PASS_WITH_POLISH,PASS,PASS,PASS_WITH_POLISH -> PASS,PASS — Trait blend is coherent for a procedural organism. Earth-species accuracy is not required.,fauna-h2-s5.png
procedural,fauna-h2-s6,,PASS_WITH_POLISH,PASS,PASS,PASS_WITH_POLISH -> PASS,PASS — Trait blend is coherent for a procedural organism. Earth-species accuracy is not required.,fauna-h2-s6.png
procedural,fauna-h2-s7,,PASS_WITH_POLISH,PASS,PASS,PASS_WITH_POLISH -> PASS,PASS — Trait blend is coherent for a procedural organism. Earth-species accuracy is not required.,fauna-h2-s7.png
procedural,fauna-h2-s8,,PASS_WITH_POLISH,PASS,PASS,PASS_WITH_POLISH -> PASS,PASS — Trait blend is coherent for a procedural organism. Earth-species accuracy is not required.,fauna-h2-s8.png
procedural,fauna-h2-s9,,PASS_WITH_POLISH,PASS,PASS,PASS_WITH_POLISH -> PASS,PASS — Trait blend is coherent for a procedural organism. Earth-species accuracy is not required.,fauna-h2-s9.png
procedural,flora-h0-s0,,PASS_WITH_POLISH,PASS,PASS,PASS_WITH_POLISH -> PASS,PASS — Trait blend is coherent for a procedural organism. Earth-species accuracy is not required.,flora-h0-s0.png
procedural,flora-h0-s1,,PASS_WITH_POLISH,PASS,PASS,PASS_WITH_POLISH -> PASS,PASS — Trait blend is coherent for a procedural organism. Earth-species accuracy is not required.,flora-h0-s1.png
procedural,flora-h0-s10,,PASS_WITH_POLISH,PASS,PASS,PASS_WITH_POLISH -> PASS,PASS — Trait blend is coherent for a procedural organism. Earth-species accuracy is not required.,flora-h0-s10.png
procedural,flora-h0-s11,,PASS_WITH_POLISH,PASS,PASS,PASS_WITH_POLISH -> PASS,PASS — Trait blend is coherent for a procedural organism. Earth-species accuracy is not required.,flora-h0-s11.png
procedural,flora-h0-s12,,PASS_WITH_POLISH,PASS,PASS,PASS_WITH_POLISH -> PASS,PASS — Trait blend is coherent for a procedural organism. Earth-species accuracy is not required.,flora-h0-s12.png
procedural,flora-h0-s13,,PASS_WITH_POLISH,PASS,PASS,PASS_WITH_POLISH -> PASS,PASS — Trait blend is coherent for a procedural organism. Earth-species accuracy is not required.,flora-h0-s13.png
procedural,flora-h0-s14,,PASS_WITH_POLISH,PASS,PASS,PASS_WITH_POLISH -> PASS,PASS — Trait blend is coherent for a procedural organism. Earth-species accuracy is not required.,flora-h0-s14.png
procedural,flora-h0-s15,,PASS_WITH_POLISH,PASS,PASS,PASS_WITH_POLISH -> PASS,PASS — Trait blend is coherent for a procedural organism. Earth-species accuracy is not required.,flora-h0-s15.png
procedural,flora-h0-s16,,PASS_WITH_POLISH,PASS,PASS,PASS_WITH_POLISH -> PASS,PASS — Trait blend is coherent for a procedural organism. Earth-species accuracy is not required.,flora-h0-s16.png
procedural,flora-h0-s17,,PASS_WITH_POLISH,PASS,PASS,PASS_WITH_POLISH -> PASS,PASS — Trait blend is coherent for a procedural organism. Earth-species accuracy is not required.,flora-h0-s17.png
procedural,flora-h0-s18,,PASS_WITH_POLISH,PASS,PASS,PASS_WITH_POLISH -> PASS,PASS — Trait blend is coherent for a procedural organism. Earth-species accuracy is not required.,flora-h0-s18.png
procedural,flora-h0-s19,,PASS_WITH_POLISH,PASS,PASS,PASS_WITH_POLISH -> PASS,PASS — Trait blend is coherent for a procedural organism. Earth-species accuracy is not required.,flora-h0-s19.png
procedural,flora-h0-s2,,PASS_WITH_POLISH,PASS,PASS,PASS_WITH_POLISH -> PASS,PASS — Trait blend is coherent for a procedural organism. Earth-species accuracy is not required.,flora-h0-s2.png
procedural,flora-h0-s3,,PASS_WITH_POLISH,PASS,PASS,PASS_WITH_POLISH -> PASS,PASS — Trait blend is coherent for a procedural organism. Earth-species accuracy is not required.,flora-h0-s3.png
procedural,flora-h0-s4,,PASS_WITH_POLISH,PASS,PASS,PASS_WITH_POLISH -> PASS,PASS — Trait blend is coherent for a procedural organism. Earth-species accuracy is not required.,flora-h0-s4.png
procedural,flora-h0-s5,,PASS_WITH_POLISH,PASS,PASS,PASS_WITH_POLISH -> PASS,PASS — Trait blend is coherent for a procedural organism. Earth-species accuracy is not required.,flora-h0-s5.png
procedural,flora-h0-s6,,PASS_WITH_POLISH,PASS,PASS,PASS_WITH_POLISH -> PASS,PASS — Trait blend is coherent for a procedural organism. Earth-species accuracy is not required.,flora-h0-s6.png
procedural,flora-h0-s7,,PASS_WITH_POLISH,PASS,PASS,PASS_WITH_POLISH -> PASS,PASS — Trait blend is coherent for a procedural organism. Earth-species accuracy is not required.,flora-h0-s7.png
procedural,flora-h0-s8,,PASS_WITH_POLISH,PASS,PASS,PASS_WITH_POLISH -> PASS,PASS — Trait blend is coherent for a procedural organism. Earth-species accuracy is not required.,flora-h0-s8.png
procedural,flora-h0-s9,,PASS_WITH_POLISH,PASS,PASS,PASS_WITH_POLISH -> PASS,PASS — Trait blend is coherent for a procedural organism. Earth-species accuracy is not required.,flora-h0-s9.png
procedural,flora-h1-s0,,PASS_WITH_POLISH,PASS,PASS,PASS_WITH_POLISH -> PASS,PASS — Trait blend is coherent for a procedural organism. Earth-species accuracy is not required.,flora-h1-s0.png
procedural,flora-h1-s1,,PASS_WITH_POLISH,PASS,PASS,PASS_WITH_POLISH -> PASS,PASS — Trait blend is coherent for a procedural organism. Earth-species accuracy is not required.,flora-h1-s1.png
procedural,flora-h1-s10,,PASS_WITH_POLISH,PASS,PASS,PASS_WITH_POLISH -> PASS,PASS — Trait blend is coherent for a procedural organism. Earth-species accuracy is not required.,flora-h1-s10.png
procedural,flora-h1-s11,,PASS_WITH_POLISH,PASS,PASS,PASS_WITH_POLISH -> PASS,PASS — Trait blend is coherent for a procedural organism. Earth-species accuracy is not required.,flora-h1-s11.png
procedural,flora-h1-s12,,PASS_WITH_POLISH,PASS,PASS,PASS_WITH_POLISH -> PASS,PASS — Trait blend is coherent for a procedural organism. Earth-species accuracy is not required.,flora-h1-s12.png
procedural,flora-h1-s13,,PASS_WITH_POLISH,PASS,PASS,PASS_WITH_POLISH -> PASS,PASS — Trait blend is coherent for a procedural organism. Earth-species accuracy is not required.,flora-h1-s13.png
procedural,flora-h1-s14,,PASS_WITH_POLISH,PASS,PASS,PASS_WITH_POLISH -> PASS,PASS — Trait blend is coherent for a procedural organism. Earth-species accuracy is not required.,flora-h1-s14.png
procedural,flora-h1-s15,,PASS_WITH_POLISH,PASS,PASS,PASS_WITH_POLISH -> PASS,PASS — Trait blend is coherent for a procedural organism. Earth-species accuracy is not required.,flora-h1-s15.png
procedural,flora-h1-s16,,PASS_WITH_POLISH,PASS,PASS,PASS_WITH_POLISH -> PASS,PASS — Trait blend is coherent for a procedural organism. Earth-species accuracy is not required.,flora-h1-s16.png
procedural,flora-h1-s17,,PASS_WITH_POLISH,PASS,PASS,PASS_WITH_POLISH -> PASS,PASS — Trait blend is coherent for a procedural organism. Earth-species accuracy is not required.,flora-h1-s17.png
procedural,flora-h1-s18,,PASS_WITH_POLISH,PASS,PASS,PASS_WITH_POLISH -> PASS,PASS — Trait blend is coherent for a procedural organism. Earth-species accuracy is not required.,flora-h1-s18.png
procedural,flora-h1-s19,,PASS_WITH_POLISH,PASS,PASS,PASS_WITH_POLISH -> PASS,PASS — Trait blend is coherent for a procedural organism. Earth-species accuracy is not required.,flora-h1-s19.png
procedural,flora-h1-s2,,PASS_WITH_POLISH,PASS,PASS,PASS_WITH_POLISH -> PASS,PASS — Trait blend is coherent for a procedural organism. Earth-species accuracy is not required.,flora-h1-s2.png
procedural,flora-h1-s3,,PASS_WITH_POLISH,PASS,PASS,PASS_WITH_POLISH -> PASS,PASS — Trait blend is coherent for a procedural organism. Earth-species accuracy is not required.,flora-h1-s3.png
procedural,flora-h1-s4,,PASS_WITH_POLISH,PASS,PASS,PASS_WITH_POLISH -> PASS,PASS — Trait blend is coherent for a procedural organism. Earth-species accuracy is not required.,flora-h1-s4.png
procedural,flora-h1-s5,,PASS_WITH_POLISH,PASS,PASS,PASS_WITH_POLISH -> PASS,PASS — Trait blend is coherent for a procedural organism. Earth-species accuracy is not required.,flora-h1-s5.png
procedural,flora-h1-s6,,PASS_WITH_POLISH,PASS,PASS,PASS_WITH_POLISH -> PASS,PASS — Trait blend is coherent for a procedural organism. Earth-species accuracy is not required.,flora-h1-s6.png
procedural,flora-h1-s7,,PASS_WITH_POLISH,PASS,PASS,PASS_WITH_POLISH -> PASS,PASS — Trait blend is coherent for a procedural organism. Earth-species accuracy is not required.,flora-h1-s7.png
procedural,flora-h1-s8,,PASS_WITH_POLISH,PASS,PASS,PASS_WITH_POLISH -> PASS,PASS — Trait blend is coherent for a procedural organism. Earth-species accuracy is not required.,flora-h1-s8.png
procedural,flora-h1-s9,,PASS_WITH_POLISH,PASS,PASS,PASS_WITH_POLISH -> PASS,PASS — Trait blend is coherent for a procedural organism. Earth-species accuracy is not required.,flora-h1-s9.png
procedural,flora-h2-s0,,PASS_WITH_POLISH,PASS,PASS,PASS_WITH_POLISH -> PASS,PASS — Trait blend is coherent for a procedural organism. Earth-species accuracy is not required.,flora-h2-s0.png
procedural,flora-h2-s1,,PASS_WITH_POLISH,PASS,PASS,PASS_WITH_POLISH -> PASS,PASS — Trait blend is coherent for a procedural organism. Earth-species accuracy is not required.,flora-h2-s1.png
procedural,flora-h2-s10,,PASS_WITH_POLISH,PASS,PASS,PASS_WITH_POLISH -> PASS,PASS — Trait blend is coherent for a procedural organism. Earth-species accuracy is not required.,flora-h2-s10.png
procedural,flora-h2-s11,,PASS_WITH_POLISH,PASS,PASS,PASS_WITH_POLISH -> PASS,PASS — Trait blend is coherent for a procedural organism. Earth-species accuracy is not required.,flora-h2-s11.png
procedural,flora-h2-s12,,PASS_WITH_POLISH,PASS,PASS,PASS_WITH_POLISH -> PASS,PASS — Trait blend is coherent for a procedural organism. Earth-species accuracy is not required.,flora-h2-s12.png
procedural,flora-h2-s13,,PASS_WITH_POLISH,PASS,PASS,PASS_WITH_POLISH -> PASS,PASS — Trait blend is coherent for a procedural organism. Earth-species accuracy is not required.,flora-h2-s13.png
procedural,flora-h2-s14,,PASS_WITH_POLISH,PASS,PASS,PASS_WITH_POLISH -> PASS,PASS — Trait blend is coherent for a procedural organism. Earth-species accuracy is not required.,flora-h2-s14.png
procedural,flora-h2-s15,,PASS_WITH_POLISH,PASS,PASS,PASS_WITH_POLISH -> PASS,PASS — Trait blend is coherent for a procedural organism. Earth-species accuracy is not required.,flora-h2-s15.png
procedural,flora-h2-s16,,PASS_WITH_POLISH,PASS,PASS,PASS_WITH_POLISH -> PASS,PASS — Trait blend is coherent for a procedural organism. Earth-species accuracy is not required.,flora-h2-s16.png
procedural,flora-h2-s17,,PASS_WITH_POLISH,PASS,PASS,PASS_WITH_POLISH -> PASS,PASS — Trait blend is coherent for a procedural organism. Earth-species accuracy is not required.,flora-h2-s17.png
procedural,flora-h2-s18,,PASS_WITH_POLISH,PASS,PASS,PASS_WITH_POLISH -> PASS,PASS — Trait blend is coherent for a procedural organism. Earth-species accuracy is not required.,flora-h2-s18.png
procedural,flora-h2-s19,,PASS_WITH_POLISH,PASS,PASS,PASS_WITH_POLISH -> PASS,PASS — Trait blend is coherent for a procedural organism. Earth-species accuracy is not required.,flora-h2-s19.png
procedural,flora-h2-s2,,PASS_WITH_POLISH,PASS,PASS,PASS_WITH_POLISH -> PASS,PASS — Trait blend is coherent for a procedural organism. Earth-species accuracy is not required.,flora-h2-s2.png
procedural,flora-h2-s3,,PASS_WITH_POLISH,PASS,PASS,PASS_WITH_POLISH -> PASS,PASS — Trait blend is coherent for a procedural organism. Earth-species accuracy is not required.,flora-h2-s3.png
procedural,flora-h2-s4,,PASS_WITH_POLISH,PASS,PASS,PASS_WITH_POLISH -> PASS,PASS — Trait blend is coherent for a procedural organism. Earth-species accuracy is not required.,flora-h2-s4.png
procedural,flora-h2-s5,,PASS_WITH_POLISH,PASS,PASS,PASS_WITH_POLISH -> PASS,PASS — Trait blend is coherent for a procedural organism. Earth-species accuracy is not required.,flora-h2-s5.png
procedural,flora-h2-s6,,PASS_WITH_POLISH,PASS,PASS,PASS_WITH_POLISH -> PASS,PASS — Trait blend is coherent for a procedural organism. Earth-species accuracy is not required.,flora-h2-s6.png
procedural,flora-h2-s7,,PASS_WITH_POLISH,PASS,PASS,PASS_WITH_POLISH -> PASS,PASS — Trait blend is coherent for a procedural organism. Earth-species accuracy is not required.,flora-h2-s7.png
procedural,flora-h2-s8,,PASS_WITH_POLISH,PASS,PASS,PASS_WITH_POLISH -> PASS,PASS — Trait blend is coherent for a procedural organism. Earth-species accuracy is not required.,flora-h2-s8.png
procedural,flora-h2-s9,,PASS_WITH_POLISH,PASS,PASS,PASS_WITH_POLISH -> PASS,PASS — Trait blend is coherent for a procedural organism. Earth-species accuracy is not required.,flora-h2-s9.png
procedural,fungi-h0-s0,,PASS_WITH_POLISH,PASS,PASS,PASS_WITH_POLISH -> PASS,PASS — Trait blend is coherent for a procedural organism. Earth-species accuracy is not required.,fungi-h0-s0.png
procedural,fungi-h0-s1,,PASS_WITH_POLISH,PASS,PASS,PASS_WITH_POLISH -> PASS,PASS — Trait blend is coherent for a procedural organism. Earth-species accuracy is not required.,fungi-h0-s1.png
procedural,fungi-h0-s10,,PASS_WITH_POLISH,PASS,PASS,PASS_WITH_POLISH -> PASS,PASS — Trait blend is coherent for a procedural organism. Earth-species accuracy is not required.,fungi-h0-s10.png
procedural,fungi-h0-s11,,PASS_WITH_POLISH,PASS,PASS,PASS_WITH_POLISH -> PASS,PASS — Trait blend is coherent for a procedural organism. Earth-species accuracy is not required.,fungi-h0-s11.png
procedural,fungi-h0-s12,,PASS_WITH_POLISH,PASS,PASS,PASS_WITH_POLISH -> PASS,PASS — Trait blend is coherent for a procedural organism. Earth-species accuracy is not required.,fungi-h0-s12.png
procedural,fungi-h0-s13,,PASS_WITH_POLISH,PASS,PASS,PASS_WITH_POLISH -> PASS,PASS — Trait blend is coherent for a procedural organism. Earth-species accuracy is not required.,fungi-h0-s13.png
procedural,fungi-h0-s14,,PASS_WITH_POLISH,PASS,PASS,PASS_WITH_POLISH -> PASS,PASS — Trait blend is coherent for a procedural organism. Earth-species accuracy is not required.,fungi-h0-s14.png
procedural,fungi-h0-s15,,PASS_WITH_POLISH,PASS,PASS,PASS_WITH_POLISH -> PASS,PASS — Trait blend is coherent for a procedural organism. Earth-species accuracy is not required.,fungi-h0-s15.png
procedural,fungi-h0-s16,,PASS_WITH_POLISH,PASS,PASS,PASS_WITH_POLISH -> PASS,PASS — Trait blend is coherent for a procedural organism. Earth-species accuracy is not required.,fungi-h0-s16.png
procedural,fungi-h0-s17,,PASS_WITH_POLISH,PASS,PASS,PASS_WITH_POLISH -> PASS,PASS — Trait blend is coherent for a procedural organism. Earth-species accuracy is not required.,fungi-h0-s17.png
procedural,fungi-h0-s18,,PASS_WITH_POLISH,PASS,PASS,PASS_WITH_POLISH -> PASS,PASS — Trait blend is coherent for a procedural organism. Earth-species accuracy is not required.,fungi-h0-s18.png
procedural,fungi-h0-s19,,PASS_WITH_POLISH,PASS,PASS,PASS_WITH_POLISH -> PASS,PASS — Trait blend is coherent for a procedural organism. Earth-species accuracy is not required.,fungi-h0-s19.png
procedural,fungi-h0-s2,,PASS_WITH_POLISH,PASS,PASS,PASS_WITH_POLISH -> PASS,PASS — Trait blend is coherent for a procedural organism. Earth-species accuracy is not required.,fungi-h0-s2.png
procedural,fungi-h0-s3,,PASS_WITH_POLISH,PASS,PASS,PASS_WITH_POLISH -> PASS,PASS — Trait blend is coherent for a procedural organism. Earth-species accuracy is not required.,fungi-h0-s3.png
procedural,fungi-h0-s4,,PASS_WITH_POLISH,PASS,PASS,PASS_WITH_POLISH -> PASS,PASS — Trait blend is coherent for a procedural organism. Earth-species accuracy is not required.,fungi-h0-s4.png
procedural,fungi-h0-s5,,PASS_WITH_POLISH,PASS,PASS,PASS_WITH_POLISH -> PASS,PASS — Trait blend is coherent for a procedural organism. Earth-species accuracy is not required.,fungi-h0-s5.png
procedural,fungi-h0-s6,,PASS_WITH_POLISH,PASS,PASS,PASS_WITH_POLISH -> PASS,PASS — Trait blend is coherent for a procedural organism. Earth-species accuracy is not required.,fungi-h0-s6.png
procedural,fungi-h0-s7,,PASS_WITH_POLISH,PASS,PASS,PASS_WITH_POLISH -> PASS,PASS — Trait blend is coherent for a procedural organism. Earth-species accuracy is not required.,fungi-h0-s7.png
procedural,fungi-h0-s8,,PASS_WITH_POLISH,PASS,PASS,PASS_WITH_POLISH -> PASS,PASS — Trait blend is coherent for a procedural organism. Earth-species accuracy is not required.,fungi-h0-s8.png
procedural,fungi-h0-s9,,PASS_WITH_POLISH,PASS,PASS,PASS_WITH_POLISH -> PASS,PASS — Trait blend is coherent for a procedural organism. Earth-species accuracy is not required.,fungi-h0-s9.png
procedural,fungi-h1-s1,,PASS_WITH_POLISH,PASS,PASS,PASS_WITH_POLISH -> PASS,PASS — Trait blend is coherent for a procedural organism. Earth-species accuracy is not required.,fungi-h1-s1.png
procedural,fungi-h1-s10,,PASS_WITH_POLISH,PASS,PASS,PASS_WITH_POLISH -> PASS,PASS — Trait blend is coherent for a procedural organism. Earth-species accuracy is not required.,fungi-h1-s10.png
procedural,fungi-h1-s11,,PASS_WITH_POLISH,PASS,PASS,PASS_WITH_POLISH -> PASS,PASS — Trait blend is coherent for a procedural organism. Earth-species accuracy is not required.,fungi-h1-s11.png
procedural,fungi-h1-s12,,PASS_WITH_POLISH,PASS,PASS,PASS_WITH_POLISH -> PASS,PASS — Trait blend is coherent for a procedural organism. Earth-species accuracy is not required.,fungi-h1-s12.png
procedural,fungi-h1-s13,,PASS_WITH_POLISH,PASS,PASS,PASS_WITH_POLISH -> PASS,PASS — Trait blend is coherent for a procedural organism. Earth-species accuracy is not required.,fungi-h1-s13.png
procedural,fungi-h1-s15,,PASS_WITH_POLISH,PASS,PASS,PASS_WITH_POLISH -> PASS,PASS — Trait blend is coherent for a procedural organism. Earth-species accuracy is not required.,fungi-h1-s15.png
procedural,fungi-h1-s16,,PASS_WITH_POLISH,PASS,PASS,PASS_WITH_POLISH -> PASS,PASS — Trait blend is coherent for a procedural organism. Earth-species accuracy is not required.,fungi-h1-s16.png
procedural,fungi-h1-s17,,PASS_WITH_POLISH,PASS,PASS,PASS_WITH_POLISH -> PASS,PASS — Trait blend is coherent for a procedural organism. Earth-species accuracy is not required.,fungi-h1-s17.png
procedural,fungi-h1-s18,,PASS_WITH_POLISH,PASS,PASS,PASS_WITH_POLISH -> PASS,PASS — Trait blend is coherent for a procedural organism. Earth-species accuracy is not required.,fungi-h1-s18.png
procedural,fungi-h1-s19,,PASS_WITH_POLISH,PASS,PASS,PASS_WITH_POLISH -> PASS,PASS — Trait blend is coherent for a procedural organism. Earth-species accuracy is not required.,fungi-h1-s19.png
procedural,fungi-h1-s2,,PASS_WITH_POLISH,PASS,PASS,PASS_WITH_POLISH -> PASS,PASS — Trait blend is coherent for a procedural organism. Earth-species accuracy is not required.,fungi-h1-s2.png
procedural,fungi-h1-s3,,PASS_WITH_POLISH,PASS,PASS,PASS_WITH_POLISH -> PASS,PASS — Trait blend is coherent for a procedural organism. Earth-species accuracy is not required.,fungi-h1-s3.png
procedural,fungi-h1-s4,,PASS_WITH_POLISH,PASS,PASS,PASS_WITH_POLISH -> PASS,PASS — Trait blend is coherent for a procedural organism. Earth-species accuracy is not required.,fungi-h1-s4.png
procedural,fungi-h1-s5,,PASS_WITH_POLISH,PASS,PASS,PASS_WITH_POLISH -> PASS,PASS — Trait blend is coherent for a procedural organism. Earth-species accuracy is not required.,fungi-h1-s5.png
procedural,fungi-h1-s6,,PASS_WITH_POLISH,PASS,PASS,PASS_WITH_POLISH -> PASS,PASS — Trait blend is coherent for a procedural organism. Earth-species accuracy is not required.,fungi-h1-s6.png
procedural,fungi-h1-s7,,PASS_WITH_POLISH,PASS,PASS,PASS_WITH_POLISH -> PASS,PASS — Trait blend is coherent for a procedural organism. Earth-species accuracy is not required.,fungi-h1-s7.png
procedural,fungi-h1-s8,,PASS_WITH_POLISH,PASS,PASS,PASS_WITH_POLISH -> PASS,PASS — Trait blend is coherent for a procedural organism. Earth-species accuracy is not required.,fungi-h1-s8.png
procedural,fungi-h1-s9,,PASS_WITH_POLISH,PASS,PASS,PASS_WITH_POLISH -> PASS,PASS — Trait blend is coherent for a procedural organism. Earth-species accuracy is not required.,fungi-h1-s9.png
procedural,fungi-h2-s0,,PASS_WITH_POLISH,PASS,PASS,PASS_WITH_POLISH -> PASS,PASS — Trait blend is coherent for a procedural organism. Earth-species accuracy is not required.,fungi-h2-s0.png
procedural,fungi-h2-s1,,PASS_WITH_POLISH,PASS,PASS,PASS_WITH_POLISH -> PASS,PASS — Trait blend is coherent for a procedural organism. Earth-species accuracy is not required.,fungi-h2-s1.png
procedural,fungi-h2-s10,,PASS_WITH_POLISH,PASS,PASS,PASS_WITH_POLISH -> PASS,PASS — Trait blend is coherent for a procedural organism. Earth-species accuracy is not required.,fungi-h2-s10.png
procedural,fungi-h2-s11,,PASS_WITH_POLISH,PASS,PASS,PASS_WITH_POLISH -> PASS,PASS — Trait blend is coherent for a procedural organism. Earth-species accuracy is not required.,fungi-h2-s11.png
procedural,fungi-h2-s12,,PASS_WITH_POLISH,PASS,PASS,PASS_WITH_POLISH -> PASS,PASS — Trait blend is coherent for a procedural organism. Earth-species accuracy is not required.,fungi-h2-s12.png
procedural,fungi-h2-s13,,PASS_WITH_POLISH,PASS,PASS,PASS_WITH_POLISH -> PASS,PASS — Trait blend is coherent for a procedural organism. Earth-species accuracy is not required.,fungi-h2-s13.png
procedural,fungi-h2-s14,,PASS_WITH_POLISH,PASS,PASS,PASS_WITH_POLISH -> PASS,PASS — Trait blend is coherent for a procedural organism. Earth-species accuracy is not required.,fungi-h2-s14.png
procedural,fungi-h2-s15,,PASS_WITH_POLISH,PASS,PASS,PASS_WITH_POLISH -> PASS,PASS — Trait blend is coherent for a procedural organism. Earth-species accuracy is not required.,fungi-h2-s15.png
procedural,fungi-h2-s16,,PASS_WITH_POLISH,PASS,PASS,PASS_WITH_POLISH -> PASS,PASS — Trait blend is coherent for a procedural organism. Earth-species accuracy is not required.,fungi-h2-s16.png
procedural,fungi-h2-s17,,PASS_WITH_POLISH,PASS,PASS,PASS_WITH_POLISH -> PASS,PASS — Trait blend is coherent for a procedural organism. Earth-species accuracy is not required.,fungi-h2-s17.png
procedural,fungi-h2-s18,,PASS_WITH_POLISH,PASS,PASS,PASS_WITH_POLISH -> PASS,PASS — Trait blend is coherent for a procedural organism. Earth-species accuracy is not required.,fungi-h2-s18.png
procedural,fungi-h2-s19,,PASS_WITH_POLISH,PASS,PASS,PASS_WITH_POLISH -> PASS,PASS — Trait blend is coherent for a procedural organism. Earth-species accuracy is not required.,fungi-h2-s19.png
procedural,fungi-h2-s2,,PASS_WITH_POLISH,PASS,PASS,PASS_WITH_POLISH -> PASS,PASS — Trait blend is coherent for a procedural organism. Earth-species accuracy is not required.,fungi-h2-s2.png
procedural,fungi-h2-s3,,PASS_WITH_POLISH,PASS,PASS,PASS_WITH_POLISH -> PASS,PASS — Trait blend is coherent for a procedural organism. Earth-species accuracy is not required.,fungi-h2-s3.png
procedural,fungi-h2-s4,,PASS_WITH_POLISH,PASS,PASS,PASS_WITH_POLISH -> PASS,PASS — Trait blend is coherent for a procedural organism. Earth-species accuracy is not required.,fungi-h2-s4.png
procedural,fungi-h2-s5,,PASS_WITH_POLISH,PASS,PASS,PASS_WITH_POLISH -> PASS,PASS — Trait blend is coherent for a procedural organism. Earth-species accuracy is not required.,fungi-h2-s5.png
procedural,fungi-h2-s6,,PASS_WITH_POLISH,PASS,PASS,PASS_WITH_POLISH -> PASS,PASS — Trait blend is coherent for a procedural organism. Earth-species accuracy is not required.,fungi-h2-s6.png
procedural,fungi-h2-s7,,PASS_WITH_POLISH,PASS,PASS,PASS_WITH_POLISH -> PASS,PASS — Trait blend is coherent for a procedural organism. Earth-species accuracy is not required.,fungi-h2-s7.png
procedural,fungi-h2-s8,,PASS_WITH_POLISH,PASS,PASS,PASS_WITH_POLISH -> PASS,PASS — Trait blend is coherent for a procedural organism. Earth-species accuracy is not required.,fungi-h2-s8.png
procedural,fungi-h2-s9,,PASS_WITH_POLISH,PASS,PASS,PASS_WITH_POLISH -> PASS,PASS — Trait blend is coherent for a procedural organism. Earth-species accuracy is not required.,fungi-h2-s9.png
procedural,microbe-h0-s0,,PASS_WITH_POLISH,PASS,PASS,PASS_WITH_POLISH -> PASS,PASS — Trait blend is coherent for a procedural organism. Earth-species accuracy is not required.,microbe-h0-s0.png
procedural,microbe-h0-s1,,PASS_WITH_POLISH,PASS,PASS,PASS_WITH_POLISH -> PASS,PASS — Trait blend is coherent for a procedural organism. Earth-species accuracy is not required.,microbe-h0-s1.png
procedural,microbe-h0-s10,,PASS_WITH_POLISH,PASS,PASS,PASS_WITH_POLISH -> PASS,PASS — Trait blend is coherent for a procedural organism. Earth-species accuracy is not required.,microbe-h0-s10.png
procedural,microbe-h0-s11,,PASS_WITH_POLISH,PASS,PASS,PASS_WITH_POLISH -> PASS,PASS — Trait blend is coherent for a procedural organism. Earth-species accuracy is not required.,microbe-h0-s11.png
procedural,microbe-h0-s12,,PASS_WITH_POLISH,PASS,PASS,PASS_WITH_POLISH -> PASS,PASS — Trait blend is coherent for a procedural organism. Earth-species accuracy is not required.,microbe-h0-s12.png
procedural,microbe-h0-s13,,PASS_WITH_POLISH,PASS,PASS,PASS_WITH_POLISH -> PASS,PASS — Trait blend is coherent for a procedural organism. Earth-species accuracy is not required.,microbe-h0-s13.png
procedural,microbe-h0-s14,,PASS_WITH_POLISH,PASS,PASS,PASS_WITH_POLISH -> PASS,PASS — Trait blend is coherent for a procedural organism. Earth-species accuracy is not required.,microbe-h0-s14.png
procedural,microbe-h0-s15,,PASS_WITH_POLISH,PASS,PASS,PASS_WITH_POLISH -> PASS,PASS — Trait blend is coherent for a procedural organism. Earth-species accuracy is not required.,microbe-h0-s15.png
procedural,microbe-h0-s16,,PASS_WITH_POLISH,PASS,PASS,PASS_WITH_POLISH -> PASS,PASS — Trait blend is coherent for a procedural organism. Earth-species accuracy is not required.,microbe-h0-s16.png
procedural,microbe-h0-s17,,PASS_WITH_POLISH,PASS,PASS,PASS_WITH_POLISH -> PASS,PASS — Trait blend is coherent for a procedural organism. Earth-species accuracy is not required.,microbe-h0-s17.png
procedural,microbe-h0-s18,,PASS_WITH_POLISH,PASS,PASS,PASS_WITH_POLISH -> PASS,PASS — Trait blend is coherent for a procedural organism. Earth-species accuracy is not required.,microbe-h0-s18.png
procedural,microbe-h0-s19,,PASS_WITH_POLISH,PASS,PASS,PASS_WITH_POLISH -> PASS,PASS — Trait blend is coherent for a procedural organism. Earth-species accuracy is not required.,microbe-h0-s19.png
procedural,microbe-h0-s2,,PASS_WITH_POLISH,PASS,PASS,PASS_WITH_POLISH -> PASS,PASS — Trait blend is coherent for a procedural organism. Earth-species accuracy is not required.,microbe-h0-s2.png
procedural,microbe-h0-s3,,PASS_WITH_POLISH,PASS,PASS,PASS_WITH_POLISH -> PASS,PASS — Trait blend is coherent for a procedural organism. Earth-species accuracy is not required.,microbe-h0-s3.png
procedural,microbe-h0-s4,,PASS_WITH_POLISH,PASS,PASS,PASS_WITH_POLISH -> PASS,PASS — Trait blend is coherent for a procedural organism. Earth-species accuracy is not required.,microbe-h0-s4.png
procedural,microbe-h0-s6,,PASS_WITH_POLISH,PASS,PASS,PASS_WITH_POLISH -> PASS,PASS — Trait blend is coherent for a procedural organism. Earth-species accuracy is not required.,microbe-h0-s6.png
procedural,microbe-h0-s7,,PASS_WITH_POLISH,PASS,PASS,PASS_WITH_POLISH -> PASS,PASS — Trait blend is coherent for a procedural organism. Earth-species accuracy is not required.,microbe-h0-s7.png
procedural,microbe-h0-s8,,PASS_WITH_POLISH,PASS,PASS,PASS_WITH_POLISH -> PASS,PASS — Trait blend is coherent for a procedural organism. Earth-species accuracy is not required.,microbe-h0-s8.png
procedural,microbe-h0-s9,,PASS_WITH_POLISH,PASS,PASS,PASS_WITH_POLISH -> PASS,PASS — Trait blend is coherent for a procedural organism. Earth-species accuracy is not required.,microbe-h0-s9.png
procedural,microbe-h1-s0,,PASS_WITH_POLISH,PASS,PASS,PASS_WITH_POLISH -> PASS,PASS — Trait blend is coherent for a procedural organism. Earth-species accuracy is not required.,microbe-h1-s0.png
procedural,microbe-h1-s1,,PASS_WITH_POLISH,PASS,PASS,PASS_WITH_POLISH -> PASS,PASS — Trait blend is coherent for a procedural organism. Earth-species accuracy is not required.,microbe-h1-s1.png
procedural,microbe-h1-s10,,PASS_WITH_POLISH,PASS,PASS,PASS_WITH_POLISH -> PASS,PASS — Trait blend is coherent for a procedural organism. Earth-species accuracy is not required.,microbe-h1-s10.png
procedural,microbe-h1-s11,,PASS_WITH_POLISH,PASS,PASS,PASS_WITH_POLISH -> PASS,PASS — Trait blend is coherent for a procedural organism. Earth-species accuracy is not required.,microbe-h1-s11.png
procedural,microbe-h1-s12,,PASS_WITH_POLISH,PASS,PASS,PASS_WITH_POLISH -> PASS,PASS — Trait blend is coherent for a procedural organism. Earth-species accuracy is not required.,microbe-h1-s12.png
procedural,microbe-h1-s13,,PASS_WITH_POLISH,PASS,PASS,PASS_WITH_POLISH -> PASS,PASS — Trait blend is coherent for a procedural organism. Earth-species accuracy is not required.,microbe-h1-s13.png
procedural,microbe-h1-s14,,PASS_WITH_POLISH,PASS,PASS,PASS_WITH_POLISH -> PASS,PASS — Trait blend is coherent for a procedural organism. Earth-species accuracy is not required.,microbe-h1-s14.png
procedural,microbe-h1-s15,,PASS_WITH_POLISH,PASS,PASS,PASS_WITH_POLISH -> PASS,PASS — Trait blend is coherent for a procedural organism. Earth-species accuracy is not required.,microbe-h1-s15.png
procedural,microbe-h1-s16,,PASS_WITH_POLISH,PASS,PASS,PASS_WITH_POLISH -> PASS,PASS — Trait blend is coherent for a procedural organism. Earth-species accuracy is not required.,microbe-h1-s16.png
procedural,microbe-h1-s17,,PASS_WITH_POLISH,PASS,PASS,PASS_WITH_POLISH -> PASS,PASS — Trait blend is coherent for a procedural organism. Earth-species accuracy is not required.,microbe-h1-s17.png
procedural,microbe-h1-s18,,PASS_WITH_POLISH,PASS,PASS,PASS_WITH_POLISH -> PASS,PASS — Trait blend is coherent for a procedural organism. Earth-species accuracy is not required.,microbe-h1-s18.png
procedural,microbe-h1-s19,,PASS_WITH_POLISH,PASS,PASS,PASS_WITH_POLISH -> PASS,PASS — Trait blend is coherent for a procedural organism. Earth-species accuracy is not required.,microbe-h1-s19.png
procedural,microbe-h1-s2,,PASS_WITH_POLISH,PASS,PASS,PASS_WITH_POLISH -> PASS,PASS — Trait blend is coherent for a procedural organism. Earth-species accuracy is not required.,microbe-h1-s2.png
procedural,microbe-h1-s3,,PASS_WITH_POLISH,PASS,PASS,PASS_WITH_POLISH -> PASS,PASS — Trait blend is coherent for a procedural organism. Earth-species accuracy is not required.,microbe-h1-s3.png
procedural,microbe-h1-s4,,PASS_WITH_POLISH,PASS,PASS,PASS_WITH_POLISH -> PASS,PASS — Trait blend is coherent for a procedural organism. Earth-species accuracy is not required.,microbe-h1-s4.png
procedural,microbe-h1-s5,,PASS_WITH_POLISH,PASS,PASS,PASS_WITH_POLISH -> PASS,PASS — Trait blend is coherent for a procedural organism. Earth-species accuracy is not required.,microbe-h1-s5.png
procedural,microbe-h1-s6,,PASS_WITH_POLISH,PASS,PASS,PASS_WITH_POLISH -> PASS,PASS — Trait blend is coherent for a procedural organism. Earth-species accuracy is not required.,microbe-h1-s6.png
procedural,microbe-h1-s7,,PASS_WITH_POLISH,PASS,PASS,PASS_WITH_POLISH -> PASS,PASS — Trait blend is coherent for a procedural organism. Earth-species accuracy is not required.,microbe-h1-s7.png
procedural,microbe-h1-s8,,PASS_WITH_POLISH,PASS,PASS,PASS_WITH_POLISH -> PASS,PASS — Trait blend is coherent for a procedural organism. Earth-species accuracy is not required.,microbe-h1-s8.png
procedural,microbe-h1-s9,,PASS_WITH_POLISH,PASS,PASS,PASS_WITH_POLISH -> PASS,PASS — Trait blend is coherent for a procedural organism. Earth-species accuracy is not required.,microbe-h1-s9.png
procedural,microbe-h2-s0,,PASS_WITH_POLISH,PASS,PASS,PASS_WITH_POLISH -> PASS,PASS — Trait blend is coherent for a procedural organism. Earth-species accuracy is not required.,microbe-h2-s0.png
procedural,microbe-h2-s1,,PASS_WITH_POLISH,PASS,PASS,PASS_WITH_POLISH -> PASS,PASS — Trait blend is coherent for a procedural organism. Earth-species accuracy is not required.,microbe-h2-s1.png
procedural,microbe-h2-s10,,PASS_WITH_POLISH,PASS,PASS,PASS_WITH_POLISH -> PASS,PASS — Trait blend is coherent for a procedural organism. Earth-species accuracy is not required.,microbe-h2-s10.png
procedural,microbe-h2-s11,,PASS_WITH_POLISH,PASS,PASS,PASS_WITH_POLISH -> PASS,PASS — Trait blend is coherent for a procedural organism. Earth-species accuracy is not required.,microbe-h2-s11.png
procedural,microbe-h2-s12,,PASS_WITH_POLISH,PASS,PASS,PASS_WITH_POLISH -> PASS,PASS — Trait blend is coherent for a procedural organism. Earth-species accuracy is not required.,microbe-h2-s12.png
procedural,microbe-h2-s13,,PASS_WITH_POLISH,PASS,PASS,PASS_WITH_POLISH -> PASS,PASS — Trait blend is coherent for a procedural organism. Earth-species accuracy is not required.,microbe-h2-s13.png
procedural,microbe-h2-s14,,PASS_WITH_POLISH,PASS,PASS,PASS_WITH_POLISH -> PASS,PASS — Trait blend is coherent for a procedural organism. Earth-species accuracy is not required.,microbe-h2-s14.png
procedural,microbe-h2-s15,,PASS_WITH_POLISH,PASS,PASS,PASS_WITH_POLISH -> PASS,PASS — Trait blend is coherent for a procedural organism. Earth-species accuracy is not required.,microbe-h2-s15.png
procedural,microbe-h2-s16,,PASS_WITH_POLISH,PASS,PASS,PASS_WITH_POLISH -> PASS,PASS — Trait blend is coherent for a procedural organism. Earth-species accuracy is not required.,microbe-h2-s16.png
procedural,microbe-h2-s18,,PASS_WITH_POLISH,PASS,PASS,PASS_WITH_POLISH -> PASS,PASS — Trait blend is coherent for a procedural organism. Earth-species accuracy is not required.,microbe-h2-s18.png
procedural,microbe-h2-s19,,PASS_WITH_POLISH,PASS,PASS,PASS_WITH_POLISH -> PASS,PASS — Trait blend is coherent for a procedural organism. Earth-species accuracy is not required.,microbe-h2-s19.png
procedural,microbe-h2-s2,,PASS_WITH_POLISH,PASS,PASS,PASS_WITH_POLISH -> PASS,PASS — Trait blend is coherent for a procedural organism. Earth-species accuracy is not required.,microbe-h2-s2.png
procedural,microbe-h2-s3,,PASS_WITH_POLISH,PASS,PASS,PASS_WITH_POLISH -> PASS,PASS — Trait blend is coherent for a procedural organism. Earth-species accuracy is not required.,microbe-h2-s3.png
procedural,microbe-h2-s4,,PASS_WITH_POLISH,PASS,PASS,PASS_WITH_POLISH -> PASS,PASS — Trait blend is coherent for a procedural organism. Earth-species accuracy is not required.,microbe-h2-s4.png
procedural,microbe-h2-s6,,PASS_WITH_POLISH,PASS,PASS,PASS_WITH_POLISH -> PASS,PASS — Trait blend is coherent for a procedural organism. Earth-species accuracy is not required.,microbe-h2-s6.png
procedural,microbe-h2-s7,,PASS_WITH_POLISH,PASS,PASS,PASS_WITH_POLISH -> PASS,PASS — Trait blend is coherent for a procedural organism. Earth-species accuracy is not required.,microbe-h2-s7.png
procedural,microbe-h2-s8,,PASS_WITH_POLISH,PASS,PASS,PASS_WITH_POLISH -> PASS,PASS — Trait blend is coherent for a procedural organism. Earth-species accuracy is not required.,microbe-h2-s8.png
