asset_id,display_name,binary_result,review_band,body_plan,torso,head,eyes,legs_wings_appendages,rear_tail_flukes,signature_traits,global_body_template_risk,near_identical_silhouette_neighbors,assessment_and_required_fix,changed_since_previous_pass,filename,width,height,mode,sha256,exact_duplicate_with,prior_review_band,expected_body_family,strict_status,manual_recheck_note,template_family_note,strict_assessment,binary_gate,status_change_from_prior
Aardvark,Aardvark,FAIL,FAIL,FAIL,FAIL,FAIL,PASS,FAIL,FAIL,FAIL,HIGH,,"Current body is a deer/rabbit-like quadruped. Add a long tubular snout, arched back, powerful digging forelimbs, large ears, and a thick tapering tail.",True,Aardvark.png,440,440,RGBA,def503f353511e828047c30463a5d7b425af325c0673b1af85872987d637246e,,FAIL,Unusual African mammals,FAIL,,"Broad family routing may be usable, but Aardvark still needs an unlabeled silhouette check for body plan, head, eyes/sensory structures, appendages and rear/terminal anatomy.","Current body is a deer/rabbit-like quadruped. Add a long tubular snout, arched back, powerful digging forelimbs, large ears, and a thick tapering tail. Broad family routing may be usable, but Aardvark still needs an unlabeled silhouette check for body plan, head, eyes/sensory structures, appendages and rear/terminal anatomy.",FAIL,UNCHANGED
Abalone,Abalone,PASS,PASS,PASS,PASS,PASS,PASS,PASS,PASS,All major regions and defining features are readable at the current stylized scale.,LOW,,Flattened ear-shaped shell and respiratory holes are represented.,False,Abalone.png,440,440,RGBA,1ff811aca9ae33b2dbee083ce93e531543e5cc5fb28ff21a2fe3f7be2b40e622,,PASS,Gastropods,PASS,,"Broad family routing may be usable, but Abalone still needs an unlabeled silhouette check for body plan, head, eyes/sensory structures, appendages and rear/terminal anatomy.",PASS — Leave alone at the current stylized resolution. Major body regions and defining silhouette are sufficiently represented.,PASS,UNCHANGED
African_Elephant,African Elephant,PASS,PASS_WITH_POLISH,PASS,POLISH,POLISH,PASS,POLISH,POLISH,"Broad family anatomy is usable, but the portrait still shares simplified global body templates and should retain stronger species markers.",MEDIUM,,"Differentiate more strongly from Asian Elephant: larger ears, more concave back, heavier body.",True,African_Elephant.png,440,440,RGBA,b3971439341ed10ca90408fbf358b7202ccb02de34594c0d59bb75428a3bbdce,,PASS_WITH_POLISH,Elephants and relatives,HOLD,,"Use correct insect anatomy: distinct head/thorax/abdomen, six articulated legs, correct wing count and attachment, antennae, mouthparts and species-specific shell/body proportions.","Differentiate more strongly from Asian Elephant: larger ears, more concave back, heavier body. Use correct insect anatomy: distinct head/thorax/abdomen, six articulated legs, correct wing count and attachment, antennae, mouthparts and species-specific shell/body proportions.",FAIL,PASS_WITH_POLISH -> HOLD
African_Wild_Dog,African Wild Dog,FAIL,FAIL,FAIL,FAIL,FAIL,PASS,FAIL,FAIL,FAIL,HIGH,,"Current deer-like torso and legs do not read canine. Add a deep chest, dog paws, long muzzle, huge rounded ears, and white-tipped tail.",True,African_Wild_Dog.png,440,440,RGBA,d4e64ee2bd1b988182f416ee80fd238699c67e2c01fb4ebc34e4c81681139dc3,,FAIL,Dogs and dog-like mammals,FAIL,,"The catalog repeatedly uses a deer-like quadruped for canids. Use a deep canine chest, digitigrade paws/hocks, canine skull and muzzle, and a properly furred tail.","Current deer-like torso and legs do not read canine. Add a deep chest, dog paws, long muzzle, huge rounded ears, and white-tipped tail. The catalog repeatedly uses a deer-like quadruped for canids. Use a deep canine chest, digitigrade paws/hocks, canine skull and muzzle, and a properly furred tail.",FAIL,UNCHANGED
Agama,Agama,PASS,PASS_WITH_POLISH,PASS,POLISH,POLISH,POLISH,POLISH,POLISH,"Broad family anatomy is usable, but the portrait still shares simplified global body templates and should retain stronger species markers.",MEDIUM,,"No critical routing, clipping, eye, or life-stage issue found in the full-size visual pass. Recognizable within the established stylized family language.",True,Agama.png,440,440,RGBA,b8c2ce3a3ab9035a8df5266bfc4837bcacc92b35880127e74a0efb94a29c9002,,PASS_WITH_POLISH,Medium and small lizards,HOLD,,"Verify skull/head profile, limb state, body thickness, scale texture, tail and any crest/frill/horn; do not rely on color alone.","No critical routing, clipping, eye, or life-stage issue found in the full-size visual pass. Recognizable within the established stylized family language. Verify skull/head profile, limb state, body thickness, scale texture, tail and any crest/frill/horn; do not rely on color alone.",FAIL,PASS_WITH_POLISH -> HOLD
Agouti,Agouti,PASS,PASS_WITH_POLISH,PASS,POLISH,POLISH,POLISH,POLISH,POLISH,"Broad family anatomy is usable, but the portrait still shares simplified global body templates and should retain stronger species markers.",MEDIUM,,"No critical routing, clipping, eye, or life-stage issue found in the full-size visual pass. Recognizable within the established stylized family language.",False,Agouti.png,440,440,RGBA,f56281cceb3864a8928485ea5cff521428a5d0f752a6463451a3343626d1b810,,PASS_WITH_POLISH,Rodents,HOLD,,"Verify rodent/lagomorph skull, incisors/muzzle, fore/hind foot proportions, body posture and tail; several currently inherit the rabbit-like template.","No critical routing, clipping, eye, or life-stage issue found in the full-size visual pass. Recognizable within the established stylized family language. Verify rodent/lagomorph skull, incisors/muzzle, fore/hind foot proportions, body posture and tail; several currently inherit the rabbit-like template.",FAIL,PASS_WITH_POLISH -> HOLD
Albatross,Albatross,FAIL,FAIL,FAIL,FAIL,FAIL,PASS,FAIL,FAIL,FAIL,HIGH,,"Current compact grounded bird does not show the defining long-winged oceanic body. Use an extremely long wingspan, long seabird bill, and flight/glide posture.",True,Albatross.png,440,440,RGBA,62d380f69641125b065b16acf138b069394afabe3c9de1bedd749c13d392e9b6,,FAIL,Seabirds,FAIL,,"The named bird relies too heavily on the shared side-bird template. Correct the bill, neck, body depth, wing length, leg type, tail and crest/display structures for the species.","Current compact grounded bird does not show the defining long-winged oceanic body. Use an extremely long wingspan, long seabird bill, and flight/glide posture. The named bird relies too heavily on the shared side-bird template. Correct the bill, neck, body depth, wing length, leg type, tail and crest/display structures for the species.",FAIL,UNCHANGED
Alligator,Alligator,FAIL,FAIL,FAIL,FAIL,FAIL,PASS,FAIL,FAIL,FAIL,HIGH,,"Current arrow-like body lacks a broad crocodilian torso, four legs, heavy head, and muscular tail.",False,Alligator.png,440,440,RGBA,7c078afddc082ea5c1aaf78967ba28e1328d86dfbe17eb4cc0090eb9fb6bea73,,FAIL,Crocodilians,FAIL,,"Current narrow arrow-like body is not crocodilian. Use a broad low torso, splayed robust limbs, species-correct skull, armored back and thick muscular tail.","Current arrow-like body lacks a broad crocodilian torso, four legs, heavy head, and muscular tail. Current narrow arrow-like body is not crocodilian. Use a broad low torso, splayed robust limbs, species-correct skull, armored back and thick muscular tail.",FAIL,UNCHANGED
Alligator_Lizard,Alligator Lizard,PASS,PASS_WITH_POLISH,PASS,POLISH,POLISH,POLISH,POLISH,POLISH,"Broad family anatomy is usable, but the portrait still shares simplified global body templates and should retain stronger species markers.",MEDIUM,,"No critical routing, clipping, eye, or life-stage issue found in the full-size visual pass. Recognizable within the established stylized family language.",True,Alligator_Lizard.png,440,440,RGBA,38d6fb8a37919cbdde203478bd57c2463a4765d59843c897347fec6791dd1f45,,PASS_WITH_POLISH,Specialized lizards,HOLD,,"Verify skull/head profile, limb state, body thickness, scale texture, tail and any crest/frill/horn; do not rely on color alone.","No critical routing, clipping, eye, or life-stage issue found in the full-size visual pass. Recognizable within the established stylized family language. Verify skull/head profile, limb state, body thickness, scale texture, tail and any crest/frill/horn; do not rely on color alone.",FAIL,PASS_WITH_POLISH -> HOLD
Alpaca,Alpaca,FAIL,FAIL,FAIL,FAIL,FAIL,PASS,FAIL,FAIL,FAIL,HIGH,,"Body is too deer-like. Add dense fleece volume, shorter face, camelid feet, and separate it from llama through ear and head proportions.",True,Alpaca.png,440,440,RGBA,76238edbee977e9722c4080cee7018bc23504463fc75cf284325ca68faf52b2a,,FAIL,Camels,FAIL,,"Current forms read as deer with humps. Build a camelid neck/chest, padded two-toed feet, long camelid head, integrated hump anatomy, and species-correct coat/tail.","Body is too deer-like. Add dense fleece volume, shorter face, camelid feet, and separate it from llama through ear and head proportions. Current forms read as deer with humps. Build a camelid neck/chest, padded two-toed feet, long camelid head, integrated hump anatomy, and species-correct coat/tail.",FAIL,UNCHANGED
Alpine_Salamander,Alpine Salamander,FAIL,FAIL,FAIL,FAIL,FAIL,PASS,FAIL,FAIL,FAIL,HIGH,,"Current body shows too few functional limbs and paddle-like lobes. Use four short salamander limbs, elongated torso, and tapering tail.",False,Alpine_Salamander.png,440,440,RGBA,de7c54054dd24fc10d99a46214a8ac373cb2442f1f1da445c8138e9a7c08d5fe,,FAIL,Salamanders,FAIL,,"Verify body width, head/mouth, eye placement, fore/hind limb proportions, toes, tail state and skin texture; color alone should not define the species.","Current body shows too few functional limbs and paddle-like lobes. Use four short salamander limbs, elongated torso, and tapering tail. Verify body width, head/mouth, eye placement, fore/hind limb proportions, toes, tail state and skin texture; color alone should not define the species.",FAIL,UNCHANGED
Amphipod,Amphipod,PASS,PASS_WITH_POLISH,PASS,POLISH,POLISH,POLISH,POLISH,POLISH,"Broad family anatomy is usable, but the portrait still shares simplified global body templates and should retain stronger species markers.",MEDIUM,,"No critical routing, clipping, eye, or life-stage issue found in the full-size visual pass. Recognizable within the established stylized family language.",False,Amphipod.png,440,440,RGBA,33051489e2e5b207191da5ccec388cb77ebe9ff514229451d88346f7f3b93bf1,,PASS_WITH_POLISH,Ice and cave insects,HOLD,,"Use correct insect anatomy: distinct head/thorax/abdomen, six articulated legs, correct wing count and attachment, antennae, mouthparts and species-specific shell/body proportions.","No critical routing, clipping, eye, or life-stage issue found in the full-size visual pass. Recognizable within the established stylized family language. Use correct insect anatomy: distinct head/thorax/abdomen, six articulated legs, correct wing count and attachment, antennae, mouthparts and species-specific shell/body proportions.",FAIL,PASS_WITH_POLISH -> HOLD
Anaconda,Anaconda,PASS,PASS_WITH_POLISH,PASS,POLISH,POLISH,POLISH,POLISH,POLISH,"Broad family anatomy is usable, but the portrait still shares simplified global body templates and should retain stronger species markers.",HIGH,Whip_Snake,"No critical routing, clipping, eye, or life-stage issue found in the full-size visual pass. Recognizable within the established stylized family language.",False,Anaconda.png,440,440,RGBA,99942b6487b7ea119cca972973a9a494c26e9f67591208afab51027bf87eddb2,,PASS_WITH_POLISH,Constricting snakes,HOLD,,"Verify skull/head profile, limb state, body thickness, scale texture, tail and any crest/frill/horn; do not rely on color alone.","No critical routing, clipping, eye, or life-stage issue found in the full-size visual pass. Recognizable within the established stylized family language. Verify skull/head profile, limb state, body thickness, scale texture, tail and any crest/frill/horn; do not rely on color alone.",FAIL,PASS_WITH_POLISH -> HOLD
Anchovy,Anchovy,PASS,PASS_WITH_POLISH,PASS,POLISH,POLISH,POLISH,POLISH,POLISH,"Broad family anatomy is usable, but the portrait still shares simplified global body templates and should retain stronger species markers.",MEDIUM,,"No critical routing, clipping, eye, or life-stage issue found in the full-size visual pass. Recognizable within the established stylized family language.",False,Anchovy.png,440,440,RGBA,693926de234c91d8bc76f75cfccbfbe5dfaa00c1ef20273e5e52eee28e661284,,PASS_WITH_POLISH,Schooling ocean fish,HOLD,,"The portrait relies on a generic torpedo fish. Correct body depth, head/mouth position, dorsal/anal/pectoral fin shape, caudal fin, markings and any diagnostic appendage.","No critical routing, clipping, eye, or life-stage issue found in the full-size visual pass. Recognizable within the established stylized family language. The portrait relies on a generic torpedo fish. Correct body depth, head/mouth position, dorsal/anal/pectoral fin shape, caudal fin, markings and any diagnostic appendage.",FAIL,PASS_WITH_POLISH -> HOLD
Angelfish,Angelfish,PASS,PASS_WITH_POLISH,PASS,POLISH,POLISH,POLISH,POLISH,POLISH,"Broad family anatomy is usable, but the portrait still shares simplified global body templates and should retain stronger species markers.",MEDIUM,,"No critical routing, clipping, eye, or life-stage issue found in the full-size visual pass. Recognizable within the established stylized family language.",False,Angelfish.png,440,440,RGBA,ef2db5927387819acb45fecf8eecb0aa5c0b807e48d19f1bc8ce87aec5a98ca3,,PASS_WITH_POLISH,Reef fish,HOLD,,"The portrait relies on a generic torpedo fish. Correct body depth, head/mouth position, dorsal/anal/pectoral fin shape, caudal fin, markings and any diagnostic appendage.","No critical routing, clipping, eye, or life-stage issue found in the full-size visual pass. Recognizable within the established stylized family language. The portrait relies on a generic torpedo fish. Correct body depth, head/mouth position, dorsal/anal/pectoral fin shape, caudal fin, markings and any diagnostic appendage.",FAIL,PASS_WITH_POLISH -> HOLD
Anglerfish,Anglerfish,PASS,PASS_WITH_POLISH,PASS,POLISH,POLISH,POLISH,POLISH,POLISH,"Broad family anatomy is usable, but the portrait still shares simplified global body templates and should retain stronger species markers.",MEDIUM,,"No critical routing, clipping, eye, or life-stage issue found in the full-size visual pass. Recognizable within the established stylized family language.",False,Anglerfish.png,440,440,RGBA,95c2521c4a45eefd92951001b8cda5fe33684c2c67ad479f537c42fb29dabc40,,PASS_WITH_POLISH,Strange deep-sea fish,HOLD,,"The portrait relies on a generic torpedo fish. Correct body depth, head/mouth position, dorsal/anal/pectoral fin shape, caudal fin, markings and any diagnostic appendage.","No critical routing, clipping, eye, or life-stage issue found in the full-size visual pass. Recognizable within the established stylized family language. The portrait relies on a generic torpedo fish. Correct body depth, head/mouth position, dorsal/anal/pectoral fin shape, caudal fin, markings and any diagnostic appendage.",FAIL,PASS_WITH_POLISH -> HOLD
Anole,Anole,PASS,PASS_WITH_POLISH,PASS,POLISH,POLISH,POLISH,POLISH,POLISH,"Broad family anatomy is usable, but the portrait still shares simplified global body templates and should retain stronger species markers.",MEDIUM,,"No critical routing, clipping, eye, or life-stage issue found in the full-size visual pass. Recognizable within the established stylized family language.",True,Anole.png,440,440,RGBA,ff83e5b73ad97206cd4c7cf7f95686c00560dce4c1a963b1437564d34c8093bd,,PASS_WITH_POLISH,Medium and small lizards,HOLD,,"Verify skull/head profile, limb state, body thickness, scale texture, tail and any crest/frill/horn; do not rely on color alone.","No critical routing, clipping, eye, or life-stage issue found in the full-size visual pass. Recognizable within the established stylized family language. Verify skull/head profile, limb state, body thickness, scale texture, tail and any crest/frill/horn; do not rely on color alone.",FAIL,PASS_WITH_POLISH -> HOLD
Ant,Ant,PASS,PASS_WITH_POLISH,PASS,POLISH,POLISH,POLISH,POLISH,POLISH,"Broad family anatomy is usable, but the portrait still shares simplified global body templates and should retain stronger species markers.",MEDIUM,,"No critical routing, clipping, eye, or life-stage issue found in the full-size visual pass. Recognizable within the established stylized family language.",False,Ant.png,440,440,RGBA,89e84b2f81c0d4df6950810490d946be2137d9d693f6f932ffba8819b8deb0d8,,PASS_WITH_POLISH,Insects,HOLD,,"Use correct insect anatomy: distinct head/thorax/abdomen, six articulated legs, correct wing count and attachment, antennae, mouthparts and species-specific shell/body proportions.","No critical routing, clipping, eye, or life-stage issue found in the full-size visual pass. Recognizable within the established stylized family language. Use correct insect anatomy: distinct head/thorax/abdomen, six articulated legs, correct wing count and attachment, antennae, mouthparts and species-specific shell/body proportions.",FAIL,PASS_WITH_POLISH -> HOLD
Antelope,Antelope,PASS,PASS_WITH_POLISH,PASS,POLISH,POLISH,POLISH,POLISH,POLISH,"Broad family anatomy is usable, but the portrait still shares simplified global body templates and should retain stronger species markers.",MEDIUM,,"No critical routing, clipping, eye, or life-stage issue found in the full-size visual pass. Recognizable within the established stylized family language.",True,Antelope.png,440,440,RGBA,d9e08092f77d78578522347bd2012f6f93e317b23cb0c417f34c73893a6c5e3d,,PASS_WITH_POLISH,Cattle and bovids,HOLD,,"The ungulate base is usable, but the named species must have correct horn/antler geometry, neck, shoulder/croup mass, leg length, hooves, head and tail.","No critical routing, clipping, eye, or life-stage issue found in the full-size visual pass. Recognizable within the established stylized family language. The ungulate base is usable, but the named species must have correct horn/antler geometry, neck, shoulder/croup mass, leg length, hooves, head and tail.",FAIL,PASS_WITH_POLISH -> HOLD
Aphid,Aphid,PASS,PASS_WITH_POLISH,PASS,POLISH,POLISH,POLISH,POLISH,POLISH,"Broad family anatomy is usable, but the portrait still shares simplified global body templates and should retain stronger species markers.",HIGH,Black_Fly | Cicada | Cold-Adapted_Insect | Orchid_Bee | Termite | Thrips,"No critical routing, clipping, eye, or life-stage issue found in the full-size visual pass. Recognizable within the established stylized family language.",False,Aphid.png,440,440,RGBA,c96a679532a4f60348ae884826f2fa54ce5d5b2d513ad01edc44f12b0ba37b16,,PASS_WITH_POLISH,True bugs,HOLD,,"Use correct insect anatomy: distinct head/thorax/abdomen, six articulated legs, correct wing count and attachment, antennae, mouthparts and species-specific shell/body proportions.","No critical routing, clipping, eye, or life-stage issue found in the full-size visual pass. Recognizable within the established stylized family language. Use correct insect anatomy: distinct head/thorax/abdomen, six articulated legs, correct wing count and attachment, antennae, mouthparts and species-specific shell/body proportions.",FAIL,PASS_WITH_POLISH -> HOLD
Arapaima,Arapaima,PASS,PASS_WITH_POLISH,PASS,POLISH,POLISH,POLISH,POLISH,POLISH,"Broad family anatomy is usable, but the portrait still shares simplified global body templates and should retain stronger species markers.",MEDIUM,,"No critical routing, clipping, eye, or life-stage issue found in the full-size visual pass. Recognizable within the established stylized family language.",False,Arapaima.png,440,440,RGBA,a1210baf8bfe220b52bb9864915a3840655a5944bf170c004bdce84a59890c0a,,PASS_WITH_POLISH,Predatory tropical freshwater fish,HOLD,,"The portrait relies on a generic torpedo fish. Correct body depth, head/mouth position, dorsal/anal/pectoral fin shape, caudal fin, markings and any diagnostic appendage.","No critical routing, clipping, eye, or life-stage issue found in the full-size visual pass. Recognizable within the established stylized family language. The portrait relies on a generic torpedo fish. Correct body depth, head/mouth position, dorsal/anal/pectoral fin shape, caudal fin, markings and any diagnostic appendage.",FAIL,PASS_WITH_POLISH -> HOLD
Archerfish,Archerfish,PASS,PASS_WITH_POLISH,PASS,POLISH,POLISH,POLISH,POLISH,POLISH,"Broad family anatomy is usable, but the portrait still shares simplified global body templates and should retain stronger species markers.",MEDIUM,,"No critical routing, clipping, eye, or life-stage issue found in the full-size visual pass. Recognizable within the established stylized family language.",False,Archerfish.png,440,440,RGBA,cc5ab17598bc066c6be10b7c4b9a631b22f8643760f1d12c446062dde506c2b4,,PASS_WITH_POLISH,Other or uncertain,HOLD,,"Broad family routing may be usable, but Archerfish still needs an unlabeled silhouette check for body plan, head, eyes/sensory structures, appendages and rear/terminal anatomy.","No critical routing, clipping, eye, or life-stage issue found in the full-size visual pass. Recognizable within the established stylized family language. Broad family routing may be usable, but Archerfish still needs an unlabeled silhouette check for body plan, head, eyes/sensory structures, appendages and rear/terminal anatomy.",FAIL,PASS_WITH_POLISH -> HOLD
Arctic_Cod,Arctic Cod,PASS,PASS_WITH_POLISH,PASS,POLISH,POLISH,POLISH,POLISH,POLISH,"Broad family anatomy is usable, but the portrait still shares simplified global body templates and should retain stronger species markers.",MEDIUM,,"No critical routing, clipping, eye, or life-stage issue found in the full-size visual pass. Recognizable within the established stylized family language.",False,Arctic_Cod.png,440,440,RGBA,7bd5df60eb3969d88ec5333a95f38b412996526e1f172c5cc32b5ec01cb302c2,,PASS_WITH_POLISH,Fish,HOLD,,"The portrait relies on a generic torpedo fish. Correct body depth, head/mouth position, dorsal/anal/pectoral fin shape, caudal fin, markings and any diagnostic appendage.","No critical routing, clipping, eye, or life-stage issue found in the full-size visual pass. Recognizable within the established stylized family language. The portrait relies on a generic torpedo fish. Correct body depth, head/mouth position, dorsal/anal/pectoral fin shape, caudal fin, markings and any diagnostic appendage.",FAIL,PASS_WITH_POLISH -> HOLD
Arctic_Fox,Arctic Fox,PASS,PASS_WITH_POLISH,PASS,POLISH,POLISH,POLISH,POLISH,POLISH,"Broad family anatomy is usable, but the portrait still shares simplified global body templates and should retain stronger species markers.",MEDIUM,,"No critical routing, clipping, eye, or life-stage issue found in the full-size visual pass. Recognizable within the established stylized family language.",True,Arctic_Fox.png,440,440,RGBA,b8b7dd3640c2759a43def16b91ab103d1e2f95a7a073b1df0d1cd605c7ae32a6,,PASS_WITH_POLISH,Dogs and dog-like mammals,HOLD,,"The catalog repeatedly uses a deer-like quadruped for canids. Use a deep canine chest, digitigrade paws/hocks, canine skull and muzzle, and a properly furred tail.","No critical routing, clipping, eye, or life-stage issue found in the full-size visual pass. Recognizable within the established stylized family language. The catalog repeatedly uses a deer-like quadruped for canids. Use a deep canine chest, digitigrade paws/hocks, canine skull and muzzle, and a properly furred tail.",FAIL,PASS_WITH_POLISH -> HOLD
Arctic_Hare,Arctic Hare,PASS,PASS_WITH_POLISH,PASS,POLISH,POLISH,POLISH,POLISH,POLISH,"Broad family anatomy is usable, but the portrait still shares simplified global body templates and should retain stronger species markers.",MEDIUM,,"No critical routing, clipping, eye, or life-stage issue found in the full-size visual pass. Recognizable within the established stylized family language.",False,Arctic_Hare.png,440,440,RGBA,1a7456bb0c55e966b6222f7f812374a57a4515b2c1ae2ffddbc8392cc4c69c70,,PASS_WITH_POLISH,Lagomorphs,HOLD,,"Verify rodent/lagomorph skull, incisors/muzzle, fore/hind foot proportions, body posture and tail; several currently inherit the rabbit-like template.","No critical routing, clipping, eye, or life-stage issue found in the full-size visual pass. Recognizable within the established stylized family language. Verify rodent/lagomorph skull, incisors/muzzle, fore/hind foot proportions, body posture and tail; several currently inherit the rabbit-like template.",FAIL,PASS_WITH_POLISH -> HOLD
Armadillo,Armadillo,PASS,PASS,PASS,PASS,PASS,PASS,PASS,PASS,All major regions and defining features are readable at the current stylized scale.,LOW,,"Banded armor, pointed head, low torso, and armored tail are clear.",True,Armadillo.png,440,440,RGBA,82cb6c346f40c005ac0dfe20c7df8d85a1c48bc77b571f81f11bbad5126b2c23,,PASS,Armadillos and relatives,PASS,,"Broad family routing may be usable, but Armadillo still needs an unlabeled silhouette check for body plan, head, eyes/sensory structures, appendages and rear/terminal anatomy.",PASS — Leave alone at the current stylized resolution. Major body regions and defining silhouette are sufficiently represented.,PASS,UNCHANGED
Arowana,Arowana,PASS,PASS_WITH_POLISH,PASS,POLISH,POLISH,PASS,POLISH,POLISH,"Broad family anatomy is usable, but the portrait still shares simplified global body templates and should retain stronger species markers.",MEDIUM,,"Add upturned mouth, long dorsal/anal fins, and larger metallic scales.",False,Arowana.png,440,440,RGBA,f180eeb2a1908d1cc292a2c5862fe7fbbcf5a4c6abf26dd62263257f55b22655,,PASS_WITH_POLISH,Predatory tropical freshwater fish,HOLD,,"The portrait relies on a generic torpedo fish. Correct body depth, head/mouth position, dorsal/anal/pectoral fin shape, caudal fin, markings and any diagnostic appendage.","Add upturned mouth, long dorsal/anal fins, and larger metallic scales. The portrait relies on a generic torpedo fish. Correct body depth, head/mouth position, dorsal/anal/pectoral fin shape, caudal fin, markings and any diagnostic appendage.",FAIL,PASS_WITH_POLISH -> HOLD
Asian_Elephant,Asian Elephant,PASS,PASS_WITH_POLISH,PASS,POLISH,POLISH,PASS,POLISH,POLISH,"Broad family anatomy is usable, but the portrait still shares simplified global body templates and should retain stronger species markers.",MEDIUM,,"Differentiate from African Elephant: smaller rounded ears, domed head, arched back.",True,Asian_Elephant.png,440,440,RGBA,e31136c00d19f54a7d1e572a3f44c128dba89b178106e23e50412292e652b6ae,,PASS_WITH_POLISH,Elephants and relatives,HOLD,,"Use correct insect anatomy: distinct head/thorax/abdomen, six articulated legs, correct wing count and attachment, antennae, mouthparts and species-specific shell/body proportions.","Differentiate from African Elephant: smaller rounded ears, domed head, arched back. Use correct insect anatomy: distinct head/thorax/abdomen, six articulated legs, correct wing count and attachment, antennae, mouthparts and species-specific shell/body proportions.",FAIL,PASS_WITH_POLISH -> HOLD
Auk,Auk,PASS,PASS_WITH_POLISH,PASS,POLISH,POLISH,PASS,POLISH,POLISH,"Broad family anatomy is usable, but the portrait still shares simplified global body templates and should retain stronger species markers.",MEDIUM,,Strengthen compact diving-bird body and short wings.,False,Auk.png,440,440,RGBA,61eb6d6153c56326d8999f125b2c00e88d1e8aeaed402f78af3767233f83aa54,,PASS_WITH_POLISH,Seabirds,HOLD,,"The named bird relies too heavily on the shared side-bird template. Correct the bill, neck, body depth, wing length, leg type, tail and crest/display structures for the species.","Strengthen compact diving-bird body and short wings. The named bird relies too heavily on the shared side-bird template. Correct the bill, neck, body depth, wing length, leg type, tail and crest/display structures for the species.",FAIL,PASS_WITH_POLISH -> HOLD
Avocet,Avocet,PASS,PASS_WITH_POLISH,PASS,POLISH,POLISH,PASS,POLISH,POLISH,"Broad family anatomy is usable, but the portrait still shares simplified global body templates and should retain stronger species markers.",MEDIUM,,Strengthen the signature upcurved bill and long-legged wader posture.,False,Avocet.png,440,440,RGBA,c14e4bbbdf1b8ae62e93ef3d42fcc7dcd0ab67d88718b57be8b2de635733b06a,,PASS_WITH_POLISH,Shorebirds,HOLD,,"Keep the wader family but correct the exact bill geometry, neck length, leg/foot proportions, body depth and tail for the named species.","Strengthen the signature upcurved bill and long-legged wader posture. Keep the wader family but correct the exact bill geometry, neck length, leg/foot proportions, body depth and tail for the named species.",FAIL,PASS_WITH_POLISH -> HOLD
Axolotl,Axolotl,PASS,PASS_WITH_POLISH,PASS,POLISH,POLISH,POLISH,POLISH,POLISH,"Broad family anatomy is usable, but the portrait still shares simplified global body templates and should retain stronger species markers.",MEDIUM,,"No critical routing, clipping, eye, or life-stage issue found in the full-size visual pass. Recognizable within the established stylized family language.",False,Axolotl.png,440,440,RGBA,29351b9849fcf0c13cdb3f09e613f7f4b577c6876f863a042165cba112391ba2,,PASS_WITH_POLISH,Permanently aquatic amphibians,HOLD,,"Broad family routing may be usable, but Axolotl still needs an unlabeled silhouette check for body plan, head, eyes/sensory structures, appendages and rear/terminal anatomy.","No critical routing, clipping, eye, or life-stage issue found in the full-size visual pass. Recognizable within the established stylized family language. Broad family routing may be usable, but Axolotl still needs an unlabeled silhouette check for body plan, head, eyes/sensory structures, appendages and rear/terminal anatomy.",FAIL,PASS_WITH_POLISH -> HOLD
Aye-Aye,Aye Aye,PASS,PASS_WITH_POLISH,PASS,POLISH,POLISH,POLISH,POLISH,POLISH,"Broad family anatomy is usable, but the portrait still shares simplified global body templates and should retain stronger species markers.",MEDIUM,,"No critical routing, clipping, eye, or life-stage issue found in the full-size visual pass. Recognizable within the established stylized family language.",False,Aye-Aye.png,440,440,RGBA,036247ebaf082c4fad80f1b954529e0761e18a3a576263be352aeec52365b76f,,PASS_WITH_POLISH,Other or uncertain,HOLD,,"Broad family routing may be usable, but Aye Aye still needs an unlabeled silhouette check for body plan, head, eyes/sensory structures, appendages and rear/terminal anatomy.","No critical routing, clipping, eye, or life-stage issue found in the full-size visual pass. Recognizable within the established stylized family language. Broad family routing may be usable, but Aye Aye still needs an unlabeled silhouette check for body plan, head, eyes/sensory structures, appendages and rear/terminal anatomy.",FAIL,PASS_WITH_POLISH -> HOLD
Baboon,Baboon,PASS,PASS_WITH_POLISH,PASS,POLISH,POLISH,POLISH,POLISH,POLISH,"Broad family anatomy is usable, but the portrait still shares simplified global body templates and should retain stronger species markers.",MEDIUM,,"No critical routing, clipping, eye, or life-stage issue found in the full-size visual pass. Recognizable within the established stylized family language.",False,Baboon.png,440,440,RGBA,b80ae4c06f89b888bd04ca489a4e4f70d9e675b35a46d27e6aee43e56f70ef66,,PASS_WITH_POLISH,Primates,HOLD,,"Verify torso posture, arm/leg ratio, hands/feet, face shape and tail state for the named primate.","No critical routing, clipping, eye, or life-stage issue found in the full-size visual pass. Recognizable within the established stylized family language. Verify torso posture, arm/leg ratio, hands/feet, face shape and tail state for the named primate.",FAIL,PASS_WITH_POLISH -> HOLD
Bactrian_Camel,Bactrian Camel,FAIL,FAIL,FAIL,FAIL,FAIL,PASS,FAIL,FAIL,FAIL,HIGH,,"Two humps are present, but the body is deer-like. Add a long camel head/neck, high chest, padded feet, and integrated humps.",True,Bactrian_Camel.png,440,440,RGBA,0a3ace8887a53ae19721584c21c625ac9df16adccf3c9e1a845fb49e5d95e902,,FAIL,Camels,FAIL,,"Current forms read as deer with humps. Build a camelid neck/chest, padded two-toed feet, long camelid head, integrated hump anatomy, and species-correct coat/tail.","Two humps are present, but the body is deer-like. Add a long camel head/neck, high chest, padded feet, and integrated humps. Current forms read as deer with humps. Build a camelid neck/chest, padded two-toed feet, long camelid head, integrated hump anatomy, and species-correct coat/tail.",FAIL,UNCHANGED
Badger,Badger,PASS,PASS_WITH_POLISH,PASS,POLISH,POLISH,POLISH,POLISH,POLISH,"Broad family anatomy is usable, but the portrait still shares simplified global body templates and should retain stronger species markers.",MEDIUM,,"No critical routing, clipping, eye, or life-stage issue found in the full-size visual pass. Recognizable within the established stylized family language.",True,Badger.png,440,440,RGBA,55626180dc49fb32bbb19e2e6512d31e7a351a5823f1c4ac7e1288f8fbeb37d2,,PASS_WITH_POLISH,Weasels and relatives,HOLD,,"Use the correct low flexible carnivoran torso, pawed limbs, skull/muzzle, and species-specific tail instead of one shared long-body template.","No critical routing, clipping, eye, or life-stage issue found in the full-size visual pass. Recognizable within the established stylized family language. Use the correct low flexible carnivoran torso, pawed limbs, skull/muzzle, and species-specific tail instead of one shared long-body template.",FAIL,PASS_WITH_POLISH -> HOLD
Banana_Slug,Banana Slug,PASS,PASS_WITH_POLISH,PASS,POLISH,POLISH,POLISH,POLISH,POLISH,"Broad family anatomy is usable, but the portrait still shares simplified global body templates and should retain stronger species markers.",MEDIUM,,"No critical routing, clipping, eye, or life-stage issue found in the full-size visual pass. Recognizable within the established stylized family language.",False,Banana_Slug.png,440,440,RGBA,11015061ff2d0f67aee5b8817bb631e7240ac43f14036e03daeb5dfae226aad8,,PASS_WITH_POLISH,Gastropods,HOLD,,"Broad family routing may be usable, but Banana Slug still needs an unlabeled silhouette check for body plan, head, eyes/sensory structures, appendages and rear/terminal anatomy.","No critical routing, clipping, eye, or life-stage issue found in the full-size visual pass. Recognizable within the established stylized family language. Broad family routing may be usable, but Banana Slug still needs an unlabeled silhouette check for body plan, head, eyes/sensory structures, appendages and rear/terminal anatomy.",FAIL,PASS_WITH_POLISH -> HOLD
Banteng,Banteng,PASS,PASS_WITH_POLISH,PASS,POLISH,POLISH,POLISH,POLISH,POLISH,"Broad family anatomy is usable, but the portrait still shares simplified global body templates and should retain stronger species markers.",MEDIUM,,"No critical routing, clipping, eye, or life-stage issue found in the full-size visual pass. Recognizable within the established stylized family language.",True,Banteng.png,440,440,RGBA,170553f18ea7caa9af59778b3b00016bc43435c94f14c609d80bc72fc146344f,,PASS_WITH_POLISH,Cattle and bovids,HOLD,,"The ungulate base is usable, but the named species must have correct horn/antler geometry, neck, shoulder/croup mass, leg length, hooves, head and tail.","No critical routing, clipping, eye, or life-stage issue found in the full-size visual pass. Recognizable within the established stylized family language. The ungulate base is usable, but the named species must have correct horn/antler geometry, neck, shoulder/croup mass, leg length, hooves, head and tail.",FAIL,PASS_WITH_POLISH -> HOLD
Barnacle,Barnacle,PASS,PASS_WITH_POLISH,PASS,POLISH,POLISH,POLISH,POLISH,POLISH,"Broad family anatomy is usable, but the portrait still shares simplified global body templates and should retain stronger species markers.",MEDIUM,,"No critical routing, clipping, eye, or life-stage issue found in the full-size visual pass. Recognizable within the established stylized family language.",False,Barnacle.png,440,440,RGBA,1c02e404fab3d0260c3eb2f2e0841a597b2c51e80de4d514472e073e67c3a8d2,,PASS_WITH_POLISH,Ice and cave insects,HOLD,,"Use correct insect anatomy: distinct head/thorax/abdomen, six articulated legs, correct wing count and attachment, antennae, mouthparts and species-specific shell/body proportions.","No critical routing, clipping, eye, or life-stage issue found in the full-size visual pass. Recognizable within the established stylized family language. Use correct insect anatomy: distinct head/thorax/abdomen, six articulated legs, correct wing count and attachment, antennae, mouthparts and species-specific shell/body proportions.",FAIL,PASS_WITH_POLISH -> HOLD
Barracuda,Barracuda,PASS,PASS_WITH_POLISH,PASS,POLISH,POLISH,POLISH,POLISH,POLISH,"Broad family anatomy is usable, but the portrait still shares simplified global body templates and should retain stronger species markers.",MEDIUM,,"No critical routing, clipping, eye, or life-stage issue found in the full-size visual pass. Recognizable within the established stylized family language.",False,Barracuda.png,440,440,RGBA,05419e3e14588f477f3d968f5113029a4a0761f2e9a938cd94057b2d8296b033,,PASS_WITH_POLISH,Ocean predators,HOLD,,"The portrait relies on a generic torpedo fish. Correct body depth, head/mouth position, dorsal/anal/pectoral fin shape, caudal fin, markings and any diagnostic appendage.","No critical routing, clipping, eye, or life-stage issue found in the full-size visual pass. Recognizable within the established stylized family language. The portrait relies on a generic torpedo fish. Correct body depth, head/mouth position, dorsal/anal/pectoral fin shape, caudal fin, markings and any diagnostic appendage.",FAIL,PASS_WITH_POLISH -> HOLD
Barreleye,Barreleye,PASS,PASS,PASS,PASS,PASS,PASS,PASS,PASS,All major regions and defining features are readable at the current stylized scale.,LOW,,Transparent cranial dome and upward-oriented eyes now define the specialist fish body.,True,Barreleye.png,440,440,RGBA,200370d1d11c33076d9a7c3bb77262a990d7dc8de25d73b56c3ce11fadc756f5,,PASS,Strange deep-sea fish,PASS,,"The portrait relies on a generic torpedo fish. Correct body depth, head/mouth position, dorsal/anal/pectoral fin shape, caudal fin, markings and any diagnostic appendage.",PASS — Leave alone at the current stylized resolution. Major body regions and defining silhouette are sufficiently represented.,PASS,UNCHANGED
Basking_Shark,Basking Shark,PASS,PASS,PASS,PASS,PASS,PASS,PASS,PASS,All major regions and defining features are readable at the current stylized scale.,LOW,,Large open filter-feeding mouth and broad gill region are now visible.,True,Basking_Shark.png,440,440,RGBA,a20a353b277ae280b760fdac912144dc451515ae80debee9bc7709db0d5eb550,,PASS,Sharks,PASS,,"The portrait relies on a generic torpedo fish. Correct body depth, head/mouth position, dorsal/anal/pectoral fin shape, caudal fin, markings and any diagnostic appendage.",PASS — Leave alone at the current stylized resolution. Major body regions and defining silhouette are sufficiently represented.,PASS,UNCHANGED
Bass,Bass,PASS,PASS_WITH_POLISH,PASS,POLISH,POLISH,POLISH,POLISH,POLISH,"Broad family anatomy is usable, but the portrait still shares simplified global body templates and should retain stronger species markers.",MEDIUM,,"No critical routing, clipping, eye, or life-stage issue found in the full-size visual pass. Recognizable within the established stylized family language.",False,Bass.png,440,440,RGBA,0664058e7a97f87a0d81e9bd7de8665fc1f58b126be2259122f7c89abbe7356b,,PASS_WITH_POLISH,Perch-like freshwater fish,HOLD,,"The portrait relies on a generic torpedo fish. Correct body depth, head/mouth position, dorsal/anal/pectoral fin shape, caudal fin, markings and any diagnostic appendage.","No critical routing, clipping, eye, or life-stage issue found in the full-size visual pass. Recognizable within the established stylized family language. The portrait relies on a generic torpedo fish. Correct body depth, head/mouth position, dorsal/anal/pectoral fin shape, caudal fin, markings and any diagnostic appendage.",FAIL,PASS_WITH_POLISH -> HOLD
Bat,Bat,PASS,PASS_WITH_POLISH,PASS,POLISH,POLISH,POLISH,POLISH,POLISH,"Broad family anatomy is usable, but the portrait still shares simplified global body templates and should retain stronger species markers.",MEDIUM,,"No critical routing, clipping, eye, or life-stage issue found in the full-size visual pass. Recognizable within the established stylized family language.",False,Bat.png,440,440,RGBA,d9434bbf47da957c99f9e19ce24192b951abc314da719ed67a66b3f36f864993,,PASS_WITH_POLISH,Flying mammals,HOLD,,"Broad family routing may be usable, but Bat still needs an unlabeled silhouette check for body plan, head, eyes/sensory structures, appendages and rear/terminal anatomy.","No critical routing, clipping, eye, or life-stage issue found in the full-size visual pass. Recognizable within the established stylized family language. Broad family routing may be usable, but Bat still needs an unlabeled silhouette check for body plan, head, eyes/sensory structures, appendages and rear/terminal anatomy.",FAIL,PASS_WITH_POLISH -> HOLD
Beaked_Whale,Beaked Whale,FAIL,FAIL,FAIL,FAIL,FAIL,PASS,FAIL,FAIL,FAIL,LOW,,Add a clear beak/rostrum and a more elongated whale body.,True,Beaked_Whale.png,440,440,RGBA,fa0ec1dc3ec32ac9cea8fbe2b48571e7895a8d1c1eda49752cf6e947f7a1a2bc,,FAIL,Marine mammals,FAIL,,"Strengthen real marine-mammal proportions: streamlined body, species-correct rostrum/head, dorsal fin placement, pectoral flippers, peduncle and horizontal flukes.","Add a clear beak/rostrum and a more elongated whale body. Strengthen real marine-mammal proportions: streamlined body, species-correct rostrum/head, dorsal fin placement, pectoral flippers, peduncle and horizontal flukes.",FAIL,UNCHANGED
Bear,Bear,FAIL,FAIL,FAIL,FAIL,FAIL,PASS,FAIL,FAIL,FAIL,HIGH,,"Current long-legged/pig-like scaffold lacks ursid shoulder mass, plantigrade paws, bear muzzle, and rounded rear.",True,Bear.png,440,440,RGBA,aa3c46e57adb04da492bc206d4c27adbb15cc409795c67c4aaa447e068fc477a,,FAIL,Bears,FAIL,,"Replace the pig/ungulate scaffold with a heavy plantigrade bear body: broad shoulders, thick torso, short tail, large paws, and ursid skull.","Current long-legged/pig-like scaffold lacks ursid shoulder mass, plantigrade paws, bear muzzle, and rounded rear. Replace the pig/ungulate scaffold with a heavy plantigrade bear body: broad shoulders, thick torso, short tail, large paws, and ursid skull.",FAIL,UNCHANGED
Beaver,Beaver,PASS,PASS_WITH_POLISH,PASS,POLISH,POLISH,POLISH,POLISH,POLISH,"Broad family anatomy is usable, but the portrait still shares simplified global body templates and should retain stronger species markers.",MEDIUM,,"No critical routing, clipping, eye, or life-stage issue found in the full-size visual pass. Recognizable within the established stylized family language.",True,Beaver.png,440,440,RGBA,4c12c14c738051ebd657edf6709498fabc465468013b5ea99e71467171fd15ac,,PASS_WITH_POLISH,Rodents,HOLD,,"Verify rodent/lagomorph skull, incisors/muzzle, fore/hind foot proportions, body posture and tail; several currently inherit the rabbit-like template.","No critical routing, clipping, eye, or life-stage issue found in the full-size visual pass. Recognizable within the established stylized family language. Verify rodent/lagomorph skull, incisors/muzzle, fore/hind foot proportions, body posture and tail; several currently inherit the rabbit-like template.",FAIL,PASS_WITH_POLISH -> HOLD
Bee,Bee,FAIL,FAIL,FAIL,FAIL,FAIL,PASS,FAIL,FAIL,FAIL,HIGH,,"Current bead-like insect lacks two wing pairs, thorax/abdomen separation, six legs, and bee body hair.",False,Bee.png,440,440,RGBA,0b0399d907a007fd9da89f0b4d7845346b107f201f6e4b3ded7cec12961f5bdc,,FAIL,Insects,FAIL,,"Use correct insect anatomy: distinct head/thorax/abdomen, six articulated legs, correct wing count and attachment, antennae, mouthparts and species-specific shell/body proportions.","Current bead-like insect lacks two wing pairs, thorax/abdomen separation, six legs, and bee body hair. Use correct insect anatomy: distinct head/thorax/abdomen, six articulated legs, correct wing count and attachment, antennae, mouthparts and species-specific shell/body proportions.",FAIL,UNCHANGED
Beetle,Beetle,PASS,PASS_WITH_POLISH,PASS,POLISH,POLISH,POLISH,POLISH,POLISH,"Broad family anatomy is usable, but the portrait still shares simplified global body templates and should retain stronger species markers.",MEDIUM,,"No critical routing, clipping, eye, or life-stage issue found in the full-size visual pass. Recognizable within the established stylized family language.",False,Beetle.png,440,440,RGBA,64744cd6fe503d1969e189a4943033a15b45ffc7601f96eabc127ed682374097,,PASS_WITH_POLISH,Insects,HOLD,,"Use correct insect anatomy: distinct head/thorax/abdomen, six articulated legs, correct wing count and attachment, antennae, mouthparts and species-specific shell/body proportions.","No critical routing, clipping, eye, or life-stage issue found in the full-size visual pass. Recognizable within the established stylized family language. Use correct insect anatomy: distinct head/thorax/abdomen, six articulated legs, correct wing count and attachment, antennae, mouthparts and species-specific shell/body proportions.",FAIL,PASS_WITH_POLISH -> HOLD
Beluga,Beluga,PASS,PASS_WITH_POLISH,PASS,POLISH,POLISH,POLISH,POLISH,POLISH,"Broad family anatomy is usable, but the portrait still shares simplified global body templates and should retain stronger species markers.",HIGH,Narwhal | Right_Whale | Sperm_Whale,"No critical routing, clipping, eye, or life-stage issue found in the full-size visual pass. Recognizable within the established stylized family language.",False,Beluga.png,440,440,RGBA,0cc86d857865bb6f6fe60a1642d95116dd9d70df16e2ca4267691624f6ce8091,,PASS_WITH_POLISH,Marine mammals,HOLD,,"Strengthen real marine-mammal proportions: streamlined body, species-correct rostrum/head, dorsal fin placement, pectoral flippers, peduncle and horizontal flukes.","No critical routing, clipping, eye, or life-stage issue found in the full-size visual pass. Recognizable within the established stylized family language. Strengthen real marine-mammal proportions: streamlined body, species-correct rostrum/head, dorsal fin placement, pectoral flippers, peduncle and horizontal flukes.",FAIL,PASS_WITH_POLISH -> HOLD
Bison,Bison,PASS,PASS_WITH_POLISH,PASS,POLISH,POLISH,PASS,POLISH,POLISH,"Broad family anatomy is usable, but the portrait still shares simplified global body templates and should retain stronger species markers.",MEDIUM,,"Much improved; push one dominant shoulder hump, lower head, and heavier forequarters.",True,Bison.png,440,440,RGBA,b19a0c31416bfe70fad42dc3329e06e0cef2b9b583115f7ae48887bed8a9de3d,,PASS_WITH_POLISH,Cattle and bovids,HOLD,,"The ungulate base is usable, but the named species must have correct horn/antler geometry, neck, shoulder/croup mass, leg length, hooves, head and tail.","Much improved; push one dominant shoulder hump, lower head, and heavier forequarters. The ungulate base is usable, but the named species must have correct horn/antler geometry, neck, shoulder/croup mass, leg length, hooves, head and tail.",FAIL,PASS_WITH_POLISH -> HOLD
Bittern,Bittern,PASS,PASS_WITH_POLISH,PASS,POLISH,POLISH,PASS,POLISH,POLISH,"Broad family anatomy is usable, but the portrait still shares simplified global body templates and should retain stronger species markers.",MEDIUM,,Use a long-necked cryptic heron silhouette rather than a generic compact bird.,False,Bittern.png,440,440,RGBA,ecf7201b7aeee0b371176925fcb94b603196146cefc2f357c22de67a533d2070,,PASS_WITH_POLISH,Herons and wetland birds,HOLD,,"Keep the wader family but correct the exact bill geometry, neck length, leg/foot proportions, body depth and tail for the named species.","Use a long-necked cryptic heron silhouette rather than a generic compact bird. Keep the wader family but correct the exact bill geometry, neck length, leg/foot proportions, body depth and tail for the named species.",FAIL,PASS_WITH_POLISH -> HOLD
Black_Bear,Black Bear,FAIL,FAIL,FAIL,FAIL,FAIL,PASS,FAIL,FAIL,FAIL,HIGH,,"Current pig-like scaffold lacks ursid shoulders, paws, bear head, and readable dark-face contrast.",True,Black_Bear.png,440,440,RGBA,4bcef068d4e0a92ef15633ba6669943a12aecccab552539a04b8c11b0cd4a543,,FAIL,Bears,FAIL,,"Replace the pig/ungulate scaffold with a heavy plantigrade bear body: broad shoulders, thick torso, short tail, large paws, and ursid skull.","Current pig-like scaffold lacks ursid shoulders, paws, bear head, and readable dark-face contrast. Replace the pig/ungulate scaffold with a heavy plantigrade bear body: broad shoulders, thick torso, short tail, large paws, and ursid skull.",FAIL,UNCHANGED
Black_Fly,Black Fly,FAIL,FAIL,FAIL,FAIL,FAIL,FAIL,FAIL,FAIL,FAIL,HIGH,Aphid | Cicada | Cold-Adapted_Insect | Orchid_Bee | Termite | Thrips,"Current bead-like body lacks readable wings, thorax/abdomen separation, six legs, and fly head/eyes.",False,Black_Fly.png,440,440,RGBA,edf5151f6b49eca10e2e1e69a93e6882ed66c4779352d92a259ed35f6bef4ee3,,FAIL,Mosquitoes and midges,FAIL,,"Broad family routing may be usable, but Black Fly still needs an unlabeled silhouette check for body plan, head, eyes/sensory structures, appendages and rear/terminal anatomy.","Current bead-like body lacks readable wings, thorax/abdomen separation, six legs, and fly head/eyes. Broad family routing may be usable, but Black Fly still needs an unlabeled silhouette check for body plan, head, eyes/sensory structures, appendages and rear/terminal anatomy.",FAIL,UNCHANGED
Blenny,Blenny,PASS,PASS_WITH_POLISH,PASS,POLISH,POLISH,POLISH,POLISH,POLISH,"Broad family anatomy is usable, but the portrait still shares simplified global body templates and should retain stronger species markers.",MEDIUM,,"No critical routing, clipping, eye, or life-stage issue found in the full-size visual pass. Recognizable within the established stylized family language.",False,Blenny.png,440,440,RGBA,6c0d18eca10ab3355c7b4c005df1d8849f53275a724409923c2997b5e90abd7a,,PASS_WITH_POLISH,Reef fish,HOLD,,"The portrait relies on a generic torpedo fish. Correct body depth, head/mouth position, dorsal/anal/pectoral fin shape, caudal fin, markings and any diagnostic appendage.","No critical routing, clipping, eye, or life-stage issue found in the full-size visual pass. Recognizable within the established stylized family language. The portrait relies on a generic torpedo fish. Correct body depth, head/mouth position, dorsal/anal/pectoral fin shape, caudal fin, markings and any diagnostic appendage.",FAIL,PASS_WITH_POLISH -> HOLD
Blind_Fish,Blind Fish,PASS,PASS_WITH_POLISH,PASS,POLISH,POLISH,POLISH,POLISH,POLISH,"Broad family anatomy is usable, but the portrait still shares simplified global body templates and should retain stronger species markers.",HIGH,Wrasse,"No critical routing, clipping, eye, or life-stage issue found in the full-size visual pass. Recognizable within the established stylized family language.",False,Blind_Fish.png,440,440,RGBA,d559e28de9a5b688f5bc43c7522879bda15e514a751e899894d4f8a627840f85,,PASS_WITH_POLISH,Fish,HOLD,,"The portrait relies on a generic torpedo fish. Correct body depth, head/mouth position, dorsal/anal/pectoral fin shape, caudal fin, markings and any diagnostic appendage.","No critical routing, clipping, eye, or life-stage issue found in the full-size visual pass. Recognizable within the established stylized family language. The portrait relies on a generic torpedo fish. Correct body depth, head/mouth position, dorsal/anal/pectoral fin shape, caudal fin, markings and any diagnostic appendage.",FAIL,PASS_WITH_POLISH -> HOLD
Blind_Salamander,Blind Salamander,PASS,PASS_WITH_POLISH,PASS,POLISH,POLISH,POLISH,POLISH,POLISH,"Broad family anatomy is usable, but the portrait still shares simplified global body templates and should retain stronger species markers.",MEDIUM,,"No critical routing, clipping, eye, or life-stage issue found in the full-size visual pass. Recognizable within the established stylized family language.",False,Blind_Salamander.png,440,440,RGBA,dadec0cb7503d561762979dd1b190d65350b00f1ca1aaf850653de831970d2fd,,PASS_WITH_POLISH,Salamanders,HOLD,,"Verify body width, head/mouth, eye placement, fore/hind limb proportions, toes, tail state and skin texture; color alone should not define the species.","No critical routing, clipping, eye, or life-stage issue found in the full-size visual pass. Recognizable within the established stylized family language. Verify body width, head/mouth, eye placement, fore/hind limb proportions, toes, tail state and skin texture; color alone should not define the species.",FAIL,PASS_WITH_POLISH -> HOLD
Blobfish,Blobfish,PASS,PASS,PASS,PASS,PASS,PASS,PASS,PASS,All major regions and defining features are readable at the current stylized scale.,LOW,,The stylized decompressed blobfish form is recognizable; maintain as an intentional presentation choice.,True,Blobfish.png,440,440,RGBA,2a1b157075d7c53c5b59589f9fe8a34661b0f3d09bb157a128711659e22b1c35,,PASS,Strange deep-sea fish,FAIL,Current red oval fish does not preserve the blobfish’s distinctive soft head/face and deep-bodied proportions. Rebuild the head and body rather than relying on color.,"The portrait relies on a generic torpedo fish. Correct body depth, head/mouth position, dorsal/anal/pectoral fin shape, caudal fin, markings and any diagnostic appendage.",Current red oval fish does not preserve the blobfish’s distinctive soft head/face and deep-bodied proportions. Rebuild the head and body rather than relying on color.,FAIL,PASS -> FAIL
Blue_Whale,Blue Whale,PASS,PASS_WITH_POLISH,PASS,POLISH,POLISH,PASS,POLISH,POLISH,"Broad family anatomy is usable, but the portrait still shares simplified global body templates and should retain stronger species markers.",HIGH,Dolphin | River_Dolphin,Lengthen and streamline the body; current profile is short and inflated.,False,Blue_Whale.png,440,440,RGBA,7170fefd4c5c606f8924ff27297796d0535d5925ef48ce6690f642566003eeff,,PASS_WITH_POLISH,Marine mammals,HOLD,,"Strengthen real marine-mammal proportions: streamlined body, species-correct rostrum/head, dorsal fin placement, pectoral flippers, peduncle and horizontal flukes.","Lengthen and streamline the body; current profile is short and inflated. Strengthen real marine-mammal proportions: streamlined body, species-correct rostrum/head, dorsal fin placement, pectoral flippers, peduncle and horizontal flukes.",FAIL,PASS_WITH_POLISH -> HOLD
Boa,Boa,PASS,PASS_WITH_POLISH,PASS,POLISH,POLISH,POLISH,POLISH,POLISH,"Broad family anatomy is usable, but the portrait still shares simplified global body templates and should retain stronger species markers.",MEDIUM,,"No critical routing, clipping, eye, or life-stage issue found in the full-size visual pass. Recognizable within the established stylized family language.",False,Boa.png,440,440,RGBA,e5a0483272b77e3444ee4effbb7d709367afb1fbaae372faddeb69b02aedbfae,,PASS_WITH_POLISH,Constricting snakes,HOLD,,"Verify skull/head profile, limb state, body thickness, scale texture, tail and any crest/frill/horn; do not rely on color alone.","No critical routing, clipping, eye, or life-stage issue found in the full-size visual pass. Recognizable within the established stylized family language. Verify skull/head profile, limb state, body thickness, scale texture, tail and any crest/frill/horn; do not rely on color alone.",FAIL,PASS_WITH_POLISH -> HOLD
Bobcat,Bobcat,FAIL,FAIL,FAIL,FAIL,FAIL,PASS,FAIL,FAIL,FAIL,HIGH,,"Current ungulate-like body lacks feline shoulders, paws, skull, ear tufts, and short bobbed tail.",True,Bobcat.png,440,440,RGBA,3f48a1af929b7a9f5c9fbe9a5c074bd73ed512163b108a63a0e1348d919c9808,,FAIL,Big cats,FAIL,,"The catalog repeatedly uses an ungulate-like torso and straight hoof-like legs for felids. Use a feline ribcage/shoulder line, digitigrade legs with paws, feline skull and muzzle, flexible spine, and species-correct tail.","Current ungulate-like body lacks feline shoulders, paws, skull, ear tufts, and short bobbed tail. The catalog repeatedly uses an ungulate-like torso and straight hoof-like legs for felids. Use a feline ribcage/shoulder line, digitigrade legs with paws, feline skull and muzzle, flexible spine, and species-correct tail.",FAIL,UNCHANGED
Bonefish,Bonefish,PASS,PASS_WITH_POLISH,PASS,POLISH,POLISH,POLISH,POLISH,POLISH,"Broad family anatomy is usable, but the portrait still shares simplified global body templates and should retain stronger species markers.",MEDIUM,,"No critical routing, clipping, eye, or life-stage issue found in the full-size visual pass. Recognizable within the established stylized family language.",False,Bonefish.png,440,440,RGBA,484c5eecdc2d487cc5f2c2d736622427befd8f63f10a90f37bce6804ffdfa069,,PASS_WITH_POLISH,Coastal fish,HOLD,,"The portrait relies on a generic torpedo fish. Correct body depth, head/mouth position, dorsal/anal/pectoral fin shape, caudal fin, markings and any diagnostic appendage.","No critical routing, clipping, eye, or life-stage issue found in the full-size visual pass. Recognizable within the established stylized family language. The portrait relies on a generic torpedo fish. Correct body depth, head/mouth position, dorsal/anal/pectoral fin shape, caudal fin, markings and any diagnostic appendage.",FAIL,PASS_WITH_POLISH -> HOLD
Bongo,Bongo,PASS,PASS_WITH_POLISH,PASS,POLISH,POLISH,POLISH,POLISH,POLISH,"Broad family anatomy is usable, but the portrait still shares simplified global body templates and should retain stronger species markers.",MEDIUM,,"No critical routing, clipping, eye, or life-stage issue found in the full-size visual pass. Recognizable within the established stylized family language.",True,Bongo.png,440,440,RGBA,0236d9fdfe39d8d16b84801cc3ab154823879b7a395abb489c4238be54cf0fb3,,PASS_WITH_POLISH,Other or uncertain,HOLD,,"Broad family routing may be usable, but Bongo still needs an unlabeled silhouette check for body plan, head, eyes/sensory structures, appendages and rear/terminal anatomy.","No critical routing, clipping, eye, or life-stage issue found in the full-size visual pass. Recognizable within the established stylized family language. Broad family routing may be usable, but Bongo still needs an unlabeled silhouette check for body plan, head, eyes/sensory structures, appendages and rear/terminal anatomy.",FAIL,PASS_WITH_POLISH -> HOLD
Booby,Booby,PASS,PASS_WITH_POLISH,PASS,POLISH,POLISH,PASS,POLISH,POLISH,"Broad family anatomy is usable, but the portrait still shares simplified global body templates and should retain stronger species markers.",MEDIUM,,"Strengthen long pointed bill, streamlined seabird body, and webbed feet.",False,Booby.png,440,440,RGBA,c848534a938b237119f9a14f4005b2f8b6bef6b0d25bae5d83e09933d881aaf1,,PASS_WITH_POLISH,Pelicans and diving waterbirds,HOLD,,"Broad family routing may be usable, but Booby still needs an unlabeled silhouette check for body plan, head, eyes/sensory structures, appendages and rear/terminal anatomy.","Strengthen long pointed bill, streamlined seabird body, and webbed feet. Broad family routing may be usable, but Booby still needs an unlabeled silhouette check for body plan, head, eyes/sensory structures, appendages and rear/terminal anatomy.",FAIL,PASS_WITH_POLISH -> HOLD
Bowfin,Bowfin,PASS,PASS_WITH_POLISH,PASS,POLISH,POLISH,POLISH,POLISH,POLISH,"Broad family anatomy is usable, but the portrait still shares simplified global body templates and should retain stronger species markers.",MEDIUM,,"No critical routing, clipping, eye, or life-stage issue found in the full-size visual pass. Recognizable within the established stylized family language.",False,Bowfin.png,440,440,RGBA,b708596686b73f7bccc20f3120c8ee9a0b8bbbb24ae0c65c1cf8608deec12ced,,PASS_WITH_POLISH,Primitive fish,HOLD,,"The portrait relies on a generic torpedo fish. Correct body depth, head/mouth position, dorsal/anal/pectoral fin shape, caudal fin, markings and any diagnostic appendage.","No critical routing, clipping, eye, or life-stage issue found in the full-size visual pass. Recognizable within the established stylized family language. The portrait relies on a generic torpedo fish. Correct body depth, head/mouth position, dorsal/anal/pectoral fin shape, caudal fin, markings and any diagnostic appendage.",FAIL,PASS_WITH_POLISH -> HOLD
Box_Turtle,Box Turtle,PASS,PASS_WITH_POLISH,PASS,POLISH,POLISH,POLISH,POLISH,POLISH,"Broad family anatomy is usable, but the portrait still shares simplified global body templates and should retain stronger species markers.",MEDIUM,,"No critical routing, clipping, eye, or life-stage issue found in the full-size visual pass. Recognizable within the established stylized family language.",False,Box_Turtle.png,440,440,RGBA,7a3c3ad6fc46e1be722b0e160d3c845d4b683018add36b6630bfbf1822de5618,,PASS_WITH_POLISH,Turtles and tortoises,HOLD,,"Use species-correct shell profile, neck/head, limb type (flipper, webbed foot or columnar leg), tail and shell texture rather than one generic turtle.","No critical routing, clipping, eye, or life-stage issue found in the full-size visual pass. Recognizable within the established stylized family language. Use species-correct shell profile, neck/head, limb type (flipper, webbed foot or columnar leg), tail and shell texture rather than one generic turtle.",FAIL,PASS_WITH_POLISH -> HOLD
Boxfish,Boxfish,PASS,PASS_WITH_POLISH,PASS,POLISH,POLISH,POLISH,POLISH,POLISH,"Broad family anatomy is usable, but the portrait still shares simplified global body templates and should retain stronger species markers.",MEDIUM,,"No critical routing, clipping, eye, or life-stage issue found in the full-size visual pass. Recognizable within the established stylized family language.",False,Boxfish.png,440,440,RGBA,ed19717ac50561982ae133c920068cc3646fb5babc6d5801e34cb006a889cbfb,,PASS_WITH_POLISH,Puffer-like fish,HOLD,,"The portrait relies on a generic torpedo fish. Correct body depth, head/mouth position, dorsal/anal/pectoral fin shape, caudal fin, markings and any diagnostic appendage.","No critical routing, clipping, eye, or life-stage issue found in the full-size visual pass. Recognizable within the established stylized family language. The portrait relies on a generic torpedo fish. Correct body depth, head/mouth position, dorsal/anal/pectoral fin shape, caudal fin, markings and any diagnostic appendage.",FAIL,PASS_WITH_POLISH -> HOLD
Brine_Shrimp,Brine Shrimp,PASS,PASS_WITH_POLISH,PASS,POLISH,POLISH,POLISH,POLISH,POLISH,"Broad family anatomy is usable, but the portrait still shares simplified global body templates and should retain stronger species markers.",HIGH,Fairy_Shrimp | Goby | Hummingbird | Lanternfish,"No critical routing, clipping, eye, or life-stage issue found in the full-size visual pass. Recognizable within the established stylized family language.",False,Brine_Shrimp.png,440,440,RGBA,ee1e0c52022c3fd6ccf1c197ac8e118fa3ac05a3b7e6b8183aa4b8b696fb0416,,PASS_WITH_POLISH,Crustaceans,HOLD,,"Verify segmented carapace, correct leg/claw count, antennae, abdomen/tail fan and the named species’ defining asymmetry or shell form.","No critical routing, clipping, eye, or life-stage issue found in the full-size visual pass. Recognizable within the established stylized family language. Verify segmented carapace, correct leg/claw count, antennae, abdomen/tail fan and the named species’ defining asymmetry or shell form.",FAIL,PASS_WITH_POLISH -> HOLD
Brittle_Star,Brittle Star,PASS,PASS_WITH_POLISH,PASS,POLISH,POLISH,POLISH,POLISH,POLISH,"Broad family anatomy is usable, but the portrait still shares simplified global body templates and should retain stronger species markers.",MEDIUM,,"No critical routing, clipping, eye, or life-stage issue found in the full-size visual pass. Recognizable within the established stylized family language.",False,Brittle_Star.png,440,440,RGBA,e7e07205e6ee165c6268a3bbf798f4b07241527a709fcfee57f9be372bb289fc,,PASS_WITH_POLISH,Other mollusks,HOLD,,"Broad family routing may be usable, but Brittle Star still needs an unlabeled silhouette check for body plan, head, eyes/sensory structures, appendages and rear/terminal anatomy.","No critical routing, clipping, eye, or life-stage issue found in the full-size visual pass. Recognizable within the established stylized family language. Broad family routing may be usable, but Brittle Star still needs an unlabeled silhouette check for body plan, head, eyes/sensory structures, appendages and rear/terminal anatomy.",FAIL,PASS_WITH_POLISH -> HOLD
Brown_Bear,Brown Bear,FAIL,FAIL,FAIL,FAIL,FAIL,PASS,FAIL,FAIL,FAIL,HIGH,,"Current long-bodied ungulate/pig scaffold lacks bear shoulders, paws, muzzle, and stocky rear.",True,Brown_Bear.png,440,440,RGBA,0cfd0e3ff50b83f590ed9175af300d7d5e50f05e540ed0632df15c948e08877d,,FAIL,Bears,FAIL,,"Replace the pig/ungulate scaffold with a heavy plantigrade bear body: broad shoulders, thick torso, short tail, large paws, and ursid skull.","Current long-bodied ungulate/pig scaffold lacks bear shoulders, paws, muzzle, and stocky rear. Replace the pig/ungulate scaffold with a heavy plantigrade bear body: broad shoulders, thick torso, short tail, large paws, and ursid skull.",FAIL,UNCHANGED
Buffalo,Buffalo,PASS,PASS_WITH_POLISH,PASS,POLISH,POLISH,POLISH,POLISH,POLISH,"Broad family anatomy is usable, but the portrait still shares simplified global body templates and should retain stronger species markers.",MEDIUM,,"No critical routing, clipping, eye, or life-stage issue found in the full-size visual pass. Recognizable within the established stylized family language.",True,Buffalo.png,440,440,RGBA,0695bd38af5b84d487eae02e0c070713c1670ace699073ff12dac51bb17e8271,,PASS_WITH_POLISH,Cattle and bovids,HOLD,,"The ungulate base is usable, but the named species must have correct horn/antler geometry, neck, shoulder/croup mass, leg length, hooves, head and tail.","No critical routing, clipping, eye, or life-stage issue found in the full-size visual pass. Recognizable within the established stylized family language. The ungulate base is usable, but the named species must have correct horn/antler geometry, neck, shoulder/croup mass, leg length, hooves, head and tail.",FAIL,PASS_WITH_POLISH -> HOLD
Bull,Bull,FAIL,FAIL,FAIL,FAIL,FAIL,PASS,FAIL,FAIL,FAIL,HIGH,,"Current rabbit-eared ungulate scaffold lacks bovine skull, horn bases, muscular neck/chest, cloven hooves, and heavy rear.",True,Bull.png,440,440,RGBA,1a0bea2ee8820686d4ba4f255c92fa68dfbd14952472d4f1b57f447876f1b861,,FAIL,Cattle and bovids,FAIL,,"The ungulate base is usable, but the named species must have correct horn/antler geometry, neck, shoulder/croup mass, leg length, hooves, head and tail.","Current rabbit-eared ungulate scaffold lacks bovine skull, horn bases, muscular neck/chest, cloven hooves, and heavy rear. The ungulate base is usable, but the named species must have correct horn/antler geometry, neck, shoulder/croup mass, leg length, hooves, head and tail.",FAIL,UNCHANGED
Bullfrog,Bullfrog,PASS,PASS_WITH_POLISH,PASS,POLISH,POLISH,POLISH,POLISH,POLISH,"Broad family anatomy is usable, but the portrait still shares simplified global body templates and should retain stronger species markers.",MEDIUM,,"No critical routing, clipping, eye, or life-stage issue found in the full-size visual pass. Recognizable within the established stylized family language.",False,Bullfrog.png,440,440,RGBA,8bb7bb9b70d72d7b427f361b09ded635d0f132ee394600dbceba6c517ea9ae6e,,PASS_WITH_POLISH,Frogs,HOLD,,"Verify body width, head/mouth, eye placement, fore/hind limb proportions, toes, tail state and skin texture; color alone should not define the species.","No critical routing, clipping, eye, or life-stage issue found in the full-size visual pass. Recognizable within the established stylized family language. Verify body width, head/mouth, eye placement, fore/hind limb proportions, toes, tail state and skin texture; color alone should not define the species.",FAIL,PASS_WITH_POLISH -> HOLD
Bumblebee,Bumblebee,FAIL,FAIL,FAIL,FAIL,FAIL,PASS,FAIL,FAIL,FAIL,HIGH,,"Current bead-like insect lacks wings, fuzzy thorax/abdomen, six legs, and bee proportions.",False,Bumblebee.png,440,440,RGBA,c2a54c03668df104b2a01b5754dbdf37f78d06c9eb9b66076f9ce13ceaf13a1c,,FAIL,Bees,FAIL,,"Use correct insect anatomy: distinct head/thorax/abdomen, six articulated legs, correct wing count and attachment, antennae, mouthparts and species-specific shell/body proportions.","Current bead-like insect lacks wings, fuzzy thorax/abdomen, six legs, and bee proportions. Use correct insect anatomy: distinct head/thorax/abdomen, six articulated legs, correct wing count and attachment, antennae, mouthparts and species-specific shell/body proportions.",FAIL,UNCHANGED
Bustard,Bustard,PASS,PASS_WITH_POLISH,PASS,POLISH,POLISH,POLISH,POLISH,POLISH,"Broad family anatomy is usable, but the portrait still shares simplified global body templates and should retain stronger species markers.",MEDIUM,,"No critical routing, clipping, eye, or life-stage issue found in the full-size visual pass. Recognizable within the established stylized family language.",False,Bustard.png,440,440,RGBA,93ae2018515deed8233a6617ee5b26491f487a75fd7f0eeb775e5a75cb504978,,PASS_WITH_POLISH,Other distinctive birds,HOLD,,"Broad family routing may be usable, but Bustard still needs an unlabeled silhouette check for body plan, head, eyes/sensory structures, appendages and rear/terminal anatomy.","No critical routing, clipping, eye, or life-stage issue found in the full-size visual pass. Recognizable within the established stylized family language. Broad family routing may be usable, but Bustard still needs an unlabeled silhouette check for body plan, head, eyes/sensory structures, appendages and rear/terminal anatomy.",FAIL,PASS_WITH_POLISH -> HOLD
Butterfly,Butterfly,PASS,PASS,PASS,PASS,PASS,PASS,PASS,PASS,All major regions and defining features are readable at the current stylized scale.,LOW,,"Paired wings, antennae, frontal eyes, and insect body are clearly readable.",False,Butterfly.png,440,440,RGBA,7d20c738ae3c0f6cb2237eee3c117ae0e30cc9efd765e2edd4bd6cd0d133ee54,,PASS,Insects,PASS,,"Use correct insect anatomy: distinct head/thorax/abdomen, six articulated legs, correct wing count and attachment, antennae, mouthparts and species-specific shell/body proportions.",PASS — Leave alone at the current stylized resolution. Major body regions and defining silhouette are sufficiently represented.,PASS,UNCHANGED
Butterflyfish,Butterflyfish,FAIL,FAIL,FAIL,FAIL,FAIL,PASS,FAIL,FAIL,FAIL,LOW,,Use a deeper laterally compressed reef-fish body and stronger butterflyfish fin/pattern identity.,True,Butterflyfish.png,440,440,RGBA,d1b78f1b6445b05cd1c90ebf3c2c3e945d1beed1eb3686bcb3530e617a6f5f46,,FAIL,Reef fish,FAIL,,"The portrait relies on a generic torpedo fish. Correct body depth, head/mouth position, dorsal/anal/pectoral fin shape, caudal fin, markings and any diagnostic appendage.","Use a deeper laterally compressed reef-fish body and stronger butterflyfish fin/pattern identity. The portrait relies on a generic torpedo fish. Correct body depth, head/mouth position, dorsal/anal/pectoral fin shape, caudal fin, markings and any diagnostic appendage.",FAIL,UNCHANGED
Caddisfly,Caddisfly,PASS,PASS_WITH_POLISH,PASS,POLISH,POLISH,POLISH,POLISH,POLISH,"Broad family anatomy is usable, but the portrait still shares simplified global body templates and should retain stronger species markers.",MEDIUM,,"No critical routing, clipping, eye, or life-stage issue found in the full-size visual pass. Recognizable within the established stylized family language.",True,Caddisfly.png,440,440,RGBA,10427de7dc121d072fff7da210c4a896e0b51ef33777ff936cb4f2d192e5ef62,,PASS_WITH_POLISH,Insects,HOLD,,"Use correct insect anatomy: distinct head/thorax/abdomen, six articulated legs, correct wing count and attachment, antennae, mouthparts and species-specific shell/body proportions.","No critical routing, clipping, eye, or life-stage issue found in the full-size visual pass. Recognizable within the established stylized family language. Use correct insect anatomy: distinct head/thorax/abdomen, six articulated legs, correct wing count and attachment, antennae, mouthparts and species-specific shell/body proportions.",FAIL,PASS_WITH_POLISH -> HOLD
Caecilian,Caecilian,PASS,PASS_WITH_POLISH,PASS,POLISH,POLISH,POLISH,POLISH,POLISH,"Broad family anatomy is usable, but the portrait still shares simplified global body templates and should retain stronger species markers.",MEDIUM,,"No critical routing, clipping, eye, or life-stage issue found in the full-size visual pass. Recognizable within the established stylized family language.",False,Caecilian.png,440,440,RGBA,88a8f0ddb582ae0b253d52b3ca324d86580322ceb4468aa400f52ad8ab5640d9,,PASS_WITH_POLISH,Other or uncertain,HOLD,,"Broad family routing may be usable, but Caecilian still needs an unlabeled silhouette check for body plan, head, eyes/sensory structures, appendages and rear/terminal anatomy.","No critical routing, clipping, eye, or life-stage issue found in the full-size visual pass. Recognizable within the established stylized family language. Broad family routing may be usable, but Caecilian still needs an unlabeled silhouette check for body plan, head, eyes/sensory structures, appendages and rear/terminal anatomy.",FAIL,PASS_WITH_POLISH -> HOLD
Caiman,Caiman,FAIL,FAIL,FAIL,FAIL,FAIL,PASS,FAIL,FAIL,FAIL,HIGH,,"Current arrow-like body lacks a broad armored torso, four legs, blunt head, and muscular tail.",False,Caiman.png,440,440,RGBA,ed108521c830cbdb987d5404ddde1aa4a4d4f1906e053452d543f926dd0cabd0,,FAIL,Crocodilians,FAIL,,"Current narrow arrow-like body is not crocodilian. Use a broad low torso, splayed robust limbs, species-correct skull, armored back and thick muscular tail.","Current arrow-like body lacks a broad armored torso, four legs, blunt head, and muscular tail. Current narrow arrow-like body is not crocodilian. Use a broad low torso, splayed robust limbs, species-correct skull, armored back and thick muscular tail.",FAIL,UNCHANGED
Camel,Camel,FAIL,FAIL,FAIL,FAIL,FAIL,PASS,FAIL,FAIL,FAIL,HIGH,,"Hump is present, but the body is deer-like. Add camel skull, long curved neck, padded feet, and high-chested stance.",True,Camel.png,440,440,RGBA,1afa7ded82a4bacfb5ed4fd3ba0d1d39ed3756b1b2f9294a464ab4280db2bc85,,FAIL,Camels,FAIL,,"Current forms read as deer with humps. Build a camelid neck/chest, padded two-toed feet, long camelid head, integrated hump anatomy, and species-correct coat/tail.","Hump is present, but the body is deer-like. Add camel skull, long curved neck, padded feet, and high-chested stance. Current forms read as deer with humps. Build a camelid neck/chest, padded two-toed feet, long camelid head, integrated hump anatomy, and species-correct coat/tail.",FAIL,UNCHANGED
Camel_Spider,Camel Spider,PASS,PASS_WITH_POLISH,PASS,POLISH,POLISH,POLISH,POLISH,POLISH,"Broad family anatomy is usable, but the portrait still shares simplified global body templates and should retain stronger species markers.",MEDIUM,,"No critical routing, clipping, eye, or life-stage issue found in the full-size visual pass. Recognizable within the established stylized family language.",False,Camel_Spider.png,440,440,RGBA,225a79fe184e37107ae7789df1a491eb357d2f37a49578eb4099fb6da3112dfa,,PASS_WITH_POLISH,Ice and cave insects,HOLD,,"Use correct insect anatomy: distinct head/thorax/abdomen, six articulated legs, correct wing count and attachment, antennae, mouthparts and species-specific shell/body proportions.","No critical routing, clipping, eye, or life-stage issue found in the full-size visual pass. Recognizable within the established stylized family language. Use correct insect anatomy: distinct head/thorax/abdomen, six articulated legs, correct wing count and attachment, antennae, mouthparts and species-specific shell/body proportions.",FAIL,PASS_WITH_POLISH -> HOLD
Capuchin,Capuchin,PASS,PASS_WITH_POLISH,PASS,POLISH,POLISH,POLISH,POLISH,POLISH,"Broad family anatomy is usable, but the portrait still shares simplified global body templates and should retain stronger species markers.",MEDIUM,,"No critical routing, clipping, eye, or life-stage issue found in the full-size visual pass. Recognizable within the established stylized family language.",False,Capuchin.png,440,440,RGBA,f5cd3163d1d0833a956b394682fefe7c4bf886ca2e79e55e900d4b6766983419,,PASS_WITH_POLISH,Primates,HOLD,,"Verify torso posture, arm/leg ratio, hands/feet, face shape and tail state for the named primate.","No critical routing, clipping, eye, or life-stage issue found in the full-size visual pass. Recognizable within the established stylized family language. Verify torso posture, arm/leg ratio, hands/feet, face shape and tail state for the named primate.",FAIL,PASS_WITH_POLISH -> HOLD
Capybara,Capybara,PASS,PASS_WITH_POLISH,PASS,POLISH,POLISH,POLISH,POLISH,POLISH,"Broad family anatomy is usable, but the portrait still shares simplified global body templates and should retain stronger species markers.",MEDIUM,,"No critical routing, clipping, eye, or life-stage issue found in the full-size visual pass. Recognizable within the established stylized family language.",False,Capybara.png,440,440,RGBA,db3d4fb5a5c54577f3b7e5c25d82ded4a4c8fcab0cd8de7df06bcc909edbdf8f,,PASS_WITH_POLISH,Rodents,HOLD,,"Verify rodent/lagomorph skull, incisors/muzzle, fore/hind foot proportions, body posture and tail; several currently inherit the rabbit-like template.","No critical routing, clipping, eye, or life-stage issue found in the full-size visual pass. Recognizable within the established stylized family language. Verify rodent/lagomorph skull, incisors/muzzle, fore/hind foot proportions, body posture and tail; several currently inherit the rabbit-like template.",FAIL,PASS_WITH_POLISH -> HOLD
Caracal,Caracal,FAIL,FAIL,FAIL,FAIL,FAIL,PASS,FAIL,FAIL,FAIL,HIGH,,"Current deer/rabbit-like body lacks a feline torso, paws, short coat, long black ear tufts, and cat tail.",True,Caracal.png,440,440,RGBA,66f6d9e1351f7bad443aa03f540510eff4f567e0ade4394b28dd6ea060db7ede,,FAIL,Big cats,FAIL,,"The catalog repeatedly uses an ungulate-like torso and straight hoof-like legs for felids. Use a feline ribcage/shoulder line, digitigrade legs with paws, feline skull and muzzle, flexible spine, and species-correct tail.","Current deer/rabbit-like body lacks a feline torso, paws, short coat, long black ear tufts, and cat tail. The catalog repeatedly uses an ungulate-like torso and straight hoof-like legs for felids. Use a feline ribcage/shoulder line, digitigrade legs with paws, feline skull and muzzle, flexible spine, and species-correct tail.",FAIL,UNCHANGED
Cardinal,Cardinal,PASS,PASS_WITH_POLISH,PASS,POLISH,POLISH,PASS,POLISH,POLISH,"Broad family anatomy is usable, but the portrait still shares simplified global body templates and should retain stronger species markers.",MEDIUM,,Add crest and cardinal-specific conical bill.,False,Cardinal.png,440,440,RGBA,a529e4d43591c90b2dc5b0c55e72db6a1778e40219061dc30e551ecd0fd3a416,,PASS_WITH_POLISH,Songbirds,HOLD,,"The named bird relies too heavily on the shared side-bird template. Correct the bill, neck, body depth, wing length, leg type, tail and crest/display structures for the species.","Add crest and cardinal-specific conical bill. The named bird relies too heavily on the shared side-bird template. Correct the bill, neck, body depth, wing length, leg type, tail and crest/display structures for the species.",FAIL,PASS_WITH_POLISH -> HOLD
Cardinalfish,Cardinalfish,PASS,PASS_WITH_POLISH,PASS,POLISH,POLISH,POLISH,POLISH,POLISH,"Broad family anatomy is usable, but the portrait still shares simplified global body templates and should retain stronger species markers.",MEDIUM,,"No critical routing, clipping, eye, or life-stage issue found in the full-size visual pass. Recognizable within the established stylized family language.",False,Cardinalfish.png,440,440,RGBA,772946fa20ef1d897b10e2c17d3e238fc5406f890557338745ad7f689bd5f0d7,,PASS_WITH_POLISH,Reef fish,HOLD,,"The portrait relies on a generic torpedo fish. Correct body depth, head/mouth position, dorsal/anal/pectoral fin shape, caudal fin, markings and any diagnostic appendage.","No critical routing, clipping, eye, or life-stage issue found in the full-size visual pass. Recognizable within the established stylized family language. The portrait relies on a generic torpedo fish. Correct body depth, head/mouth position, dorsal/anal/pectoral fin shape, caudal fin, markings and any diagnostic appendage.",FAIL,PASS_WITH_POLISH -> HOLD
Caribou,Caribou,PASS,PASS_WITH_POLISH,PASS,POLISH,POLISH,POLISH,POLISH,POLISH,"Broad family anatomy is usable, but the portrait still shares simplified global body templates and should retain stronger species markers.",MEDIUM,,"No critical routing, clipping, eye, or life-stage issue found in the full-size visual pass. Recognizable within the established stylized family language.",True,Caribou.png,440,440,RGBA,31b3e36298774aaacd38a41db0d8a4f81bbb8004c4bf1f4856ee7cd72385dcb8,,PASS_WITH_POLISH,Deer and relatives,HOLD,,"The ungulate base is usable, but the named species must have correct horn/antler geometry, neck, shoulder/croup mass, leg length, hooves, head and tail.","No critical routing, clipping, eye, or life-stage issue found in the full-size visual pass. Recognizable within the established stylized family language. The ungulate base is usable, but the named species must have correct horn/antler geometry, neck, shoulder/croup mass, leg length, hooves, head and tail.",FAIL,PASS_WITH_POLISH -> HOLD
Carp,Carp,PASS,PASS_WITH_POLISH,PASS,POLISH,POLISH,POLISH,POLISH,POLISH,"Broad family anatomy is usable, but the portrait still shares simplified global body templates and should retain stronger species markers.",MEDIUM,,"No critical routing, clipping, eye, or life-stage issue found in the full-size visual pass. Recognizable within the established stylized family language.",False,Carp.png,440,440,RGBA,29511817ed8bf7e550b2a2d93e0b8b5565046c283ad527b7efe508336e95e728,,PASS_WITH_POLISH,Carp-like fish,HOLD,,"The portrait relies on a generic torpedo fish. Correct body depth, head/mouth position, dorsal/anal/pectoral fin shape, caudal fin, markings and any diagnostic appendage.","No critical routing, clipping, eye, or life-stage issue found in the full-size visual pass. Recognizable within the established stylized family language. The portrait relies on a generic torpedo fish. Correct body depth, head/mouth position, dorsal/anal/pectoral fin shape, caudal fin, markings and any diagnostic appendage.",FAIL,PASS_WITH_POLISH -> HOLD
Carrion_Beetle,Carrion Beetle,PASS,PASS_WITH_POLISH,PASS,POLISH,POLISH,POLISH,POLISH,POLISH,"Broad family anatomy is usable, but the portrait still shares simplified global body templates and should retain stronger species markers.",HIGH,Dung_Beetle | Ladybug,"No critical routing, clipping, eye, or life-stage issue found in the full-size visual pass. Recognizable within the established stylized family language.",False,Carrion_Beetle.png,440,440,RGBA,df20680298fb50c9d7541ae25992fbfc30826cfa0482a87047fed806ba5e9ce6,,PASS_WITH_POLISH,Beetles,HOLD,,"Use correct insect anatomy: distinct head/thorax/abdomen, six articulated legs, correct wing count and attachment, antennae, mouthparts and species-specific shell/body proportions.","No critical routing, clipping, eye, or life-stage issue found in the full-size visual pass. Recognizable within the established stylized family language. Use correct insect anatomy: distinct head/thorax/abdomen, six articulated legs, correct wing count and attachment, antennae, mouthparts and species-specific shell/body proportions.",FAIL,PASS_WITH_POLISH -> HOLD
Cassowary,Cassowary,FAIL,FAIL,FAIL,FAIL,FAIL,PASS,FAIL,FAIL,FAIL,HIGH,,"Current small generic bird lacks a heavy flightless torso, casque, powerful legs, tiny wings, and reduced tail.",False,Cassowary.png,440,440,RGBA,f3091108f6b11d098483a175b5fd7025423b697958a35c8aef2d8b4e48847db8,,FAIL,Flightless birds,FAIL,,"Use the species-specific flightless body: correct torso mass, neck length, vestigial wings/flippers, leg proportions, feet, tail and head ornaments.","Current small generic bird lacks a heavy flightless torso, casque, powerful legs, tiny wings, and reduced tail. Use the species-specific flightless body: correct torso mass, neck length, vestigial wings/flippers, leg proportions, feet, tail and head ornaments.",FAIL,UNCHANGED
Cat,Cat,FAIL,FAIL,FAIL,FAIL,FAIL,PASS,FAIL,FAIL,FAIL,HIGH,,"Current long-legged ungulate-like body lacks feline spine, shoulder/chest, paws, skull, and tail articulation.",True,Cat.png,440,440,RGBA,f07a2ec3b4b407e9af487fb641c28253f339edb29a6246eeb393ebc27b3aed0e,,FAIL,Cats,FAIL,,"The catalog repeatedly uses an ungulate-like torso and straight hoof-like legs for felids. Use a feline ribcage/shoulder line, digitigrade legs with paws, feline skull and muzzle, flexible spine, and species-correct tail.","Current long-legged ungulate-like body lacks feline spine, shoulder/chest, paws, skull, and tail articulation. The catalog repeatedly uses an ungulate-like torso and straight hoof-like legs for felids. Use a feline ribcage/shoulder line, digitigrade legs with paws, feline skull and muzzle, flexible spine, and species-correct tail.",FAIL,UNCHANGED
Catfish,Catfish,PASS,PASS_WITH_POLISH,PASS,POLISH,POLISH,POLISH,POLISH,POLISH,"Broad family anatomy is usable, but the portrait still shares simplified global body templates and should retain stronger species markers.",MEDIUM,,"No critical routing, clipping, eye, or life-stage issue found in the full-size visual pass. Recognizable within the established stylized family language.",False,Catfish.png,440,440,RGBA,9e4b3da85c3408d6f8ec9ae83108325da97930a8066f9384ed698eb3ce03c3f3,,PASS_WITH_POLISH,Other or uncertain,HOLD,,"Broad family routing may be usable, but Catfish still needs an unlabeled silhouette check for body plan, head, eyes/sensory structures, appendages and rear/terminal anatomy.","No critical routing, clipping, eye, or life-stage issue found in the full-size visual pass. Recognizable within the established stylized family language. Broad family routing may be usable, but Catfish still needs an unlabeled silhouette check for body plan, head, eyes/sensory structures, appendages and rear/terminal anatomy.",FAIL,PASS_WITH_POLISH -> HOLD
Cattle,Cattle,FAIL,FAIL,FAIL,FAIL,FAIL,PASS,FAIL,FAIL,FAIL,HIGH,,"Current rabbit-eared generic ungulate does not read as cattle. Use a bovine head, broad torso, cloven hooves, dewlap, and correct tail.",True,Cattle.png,440,440,RGBA,5da405ab7458590f86d50a192381b2e659d5194980d0b36a5e1919914fa30ef6,,FAIL,Other or uncertain,FAIL,,"Broad family routing may be usable, but Cattle still needs an unlabeled silhouette check for body plan, head, eyes/sensory structures, appendages and rear/terminal anatomy.","Current rabbit-eared generic ungulate does not read as cattle. Use a bovine head, broad torso, cloven hooves, dewlap, and correct tail. Broad family routing may be usable, but Cattle still needs an unlabeled silhouette check for body plan, head, eyes/sensory structures, appendages and rear/terminal anatomy.",FAIL,UNCHANGED
Cave_Cricket,Cave Cricket,FAIL,FAIL,FAIL,FAIL,FAIL,PASS,FAIL,FAIL,FAIL,HIGH,,"Current larva-like chain lacks six long legs, enlarged jumping hind legs, antennae, and cricket thorax/abdomen.",False,Cave_Cricket.png,440,440,RGBA,9ae922b9fb669fe74192806f8ca71aa6b700eb6214cba488660e4dbd1d4eb908,,FAIL,Ice and cave insects,FAIL,,"Use correct insect anatomy: distinct head/thorax/abdomen, six articulated legs, correct wing count and attachment, antennae, mouthparts and species-specific shell/body proportions.","Current larva-like chain lacks six long legs, enlarged jumping hind legs, antennae, and cricket thorax/abdomen. Use correct insect anatomy: distinct head/thorax/abdomen, six articulated legs, correct wing count and attachment, antennae, mouthparts and species-specific shell/body proportions.",FAIL,UNCHANGED
Cave_Fish,Cave Fish,PASS,PASS_WITH_POLISH,PASS,POLISH,POLISH,POLISH,POLISH,POLISH,"Broad family anatomy is usable, but the portrait still shares simplified global body templates and should retain stronger species markers.",MEDIUM,,"No critical routing, clipping, eye, or life-stage issue found in the full-size visual pass. Recognizable within the established stylized family language.",False,Cave_Fish.png,440,440,RGBA,66580ec529ff7fbcc4777f66ab106649de5b2a474a6247f3faa5f659299a42a5,,PASS_WITH_POLISH,Fish,HOLD,,"The portrait relies on a generic torpedo fish. Correct body depth, head/mouth position, dorsal/anal/pectoral fin shape, caudal fin, markings and any diagnostic appendage.","No critical routing, clipping, eye, or life-stage issue found in the full-size visual pass. Recognizable within the established stylized family language. The portrait relies on a generic torpedo fish. Correct body depth, head/mouth position, dorsal/anal/pectoral fin shape, caudal fin, markings and any diagnostic appendage.",FAIL,PASS_WITH_POLISH -> HOLD
Cave_Frog,Cave Frog,PASS,PASS_WITH_POLISH,PASS,POLISH,POLISH,POLISH,POLISH,POLISH,"Broad family anatomy is usable, but the portrait still shares simplified global body templates and should retain stronger species markers.",MEDIUM,,"No critical routing, clipping, eye, or life-stage issue found in the full-size visual pass. Recognizable within the established stylized family language.",False,Cave_Frog.png,440,440,RGBA,0da6bdccf2ef7e459a008d569142eb00903ce85728e2cf1cf6151235181a7802,,PASS_WITH_POLISH,Frogs and toads,HOLD,,"Verify body width, head/mouth, eye placement, fore/hind limb proportions, toes, tail state and skin texture; color alone should not define the species.","No critical routing, clipping, eye, or life-stage issue found in the full-size visual pass. Recognizable within the established stylized family language. Verify body width, head/mouth, eye placement, fore/hind limb proportions, toes, tail state and skin texture; color alone should not define the species.",FAIL,PASS_WITH_POLISH -> HOLD
Cave_Shrimp,Cave Shrimp,PASS,PASS_WITH_POLISH,PASS,POLISH,POLISH,POLISH,POLISH,POLISH,"Broad family anatomy is usable, but the portrait still shares simplified global body templates and should retain stronger species markers.",MEDIUM,,"No critical routing, clipping, eye, or life-stage issue found in the full-size visual pass. Recognizable within the established stylized family language.",False,Cave_Shrimp.png,440,440,RGBA,8f0fa781a8cdb85b39705459c03646d4f5f677fbcbe544d4e5b310573dbdab18,,PASS_WITH_POLISH,Crustaceans,HOLD,,"Verify segmented carapace, correct leg/claw count, antennae, abdomen/tail fan and the named species’ defining asymmetry or shell form.","No critical routing, clipping, eye, or life-stage issue found in the full-size visual pass. Recognizable within the established stylized family language. Verify segmented carapace, correct leg/claw count, antennae, abdomen/tail fan and the named species’ defining asymmetry or shell form.",FAIL,PASS_WITH_POLISH -> HOLD
Cave_Snake,Cave Snake,PASS,PASS_WITH_POLISH,PASS,POLISH,POLISH,POLISH,POLISH,POLISH,"Broad family anatomy is usable, but the portrait still shares simplified global body templates and should retain stronger species markers.",HIGH,Cottonmouth,"No critical routing, clipping, eye, or life-stage issue found in the full-size visual pass. Recognizable within the established stylized family language.",False,Cave_Snake.png,440,440,RGBA,ca03561cd94ce03d32504f5ea8421d316af3d30cf9c49662f571aa04b5407e76,,PASS_WITH_POLISH,Snakes,HOLD,,"Verify skull/head profile, limb state, body thickness, scale texture, tail and any crest/frill/horn; do not rely on color alone.","No critical routing, clipping, eye, or life-stage issue found in the full-size visual pass. Recognizable within the established stylized family language. Verify skull/head profile, limb state, body thickness, scale texture, tail and any crest/frill/horn; do not rely on color alone.",FAIL,PASS_WITH_POLISH -> HOLD
Centipede,Centipede,PASS,PASS_WITH_POLISH,PASS,POLISH,POLISH,POLISH,POLISH,POLISH,"Broad family anatomy is usable, but the portrait still shares simplified global body templates and should retain stronger species markers.",MEDIUM,,"No critical routing, clipping, eye, or life-stage issue found in the full-size visual pass. Recognizable within the established stylized family language.",False,Centipede.png,440,440,RGBA,fe8601319eeba7c54aed841abd049df63bb2b549e050c35089d0a07c9a5b0a92,,PASS_WITH_POLISH,Ice and cave insects,HOLD,,"Use correct insect anatomy: distinct head/thorax/abdomen, six articulated legs, correct wing count and attachment, antennae, mouthparts and species-specific shell/body proportions.","No critical routing, clipping, eye, or life-stage issue found in the full-size visual pass. Recognizable within the established stylized family language. Use correct insect anatomy: distinct head/thorax/abdomen, six articulated legs, correct wing count and attachment, antennae, mouthparts and species-specific shell/body proportions.",FAIL,PASS_WITH_POLISH -> HOLD
Chameleon,Chameleon,PASS,PASS_WITH_POLISH,PASS,POLISH,POLISH,POLISH,POLISH,POLISH,"Broad family anatomy is usable, but the portrait still shares simplified global body templates and should retain stronger species markers.",MEDIUM,,"Strengthen the curled prehensile tail, casque, turreted eye, and grasping feet.",False,Chameleon.png,440,440,RGBA,7d837f9f1766a13f2d464afb5c785e6d1f02957b1c3b2f75efd3c48e76431e16,,PASS_WITH_POLISH,Specialized lizards,HOLD,,"Verify skull/head profile, limb state, body thickness, scale texture, tail and any crest/frill/horn; do not rely on color alone.","Strengthen the curled prehensile tail, casque, turreted eye, and grasping feet. Verify skull/head profile, limb state, body thickness, scale texture, tail and any crest/frill/horn; do not rely on color alone.",FAIL,PASS_WITH_POLISH -> HOLD
Chamois,Chamois,FAIL,FAIL,FAIL,FAIL,FAIL,PASS,FAIL,FAIL,FAIL,HIGH,,"Current generic deer body lacks short hooked horns, compact mountain-goat torso, and sure-footed hoof/leg proportions.",True,Chamois.png,440,440,RGBA,b704a9aa95362e5e65f5ccd8ae3e9aaa9517280eb64710329febbd5f9fdd1aaa,,FAIL,Sheep and goats,FAIL,,"The ungulate base is usable, but the named species must have correct horn/antler geometry, neck, shoulder/croup mass, leg length, hooves, head and tail.","Current generic deer body lacks short hooked horns, compact mountain-goat torso, and sure-footed hoof/leg proportions. The ungulate base is usable, but the named species must have correct horn/antler geometry, neck, shoulder/croup mass, leg length, hooves, head and tail.",FAIL,UNCHANGED
Char,Char,PASS,PASS_WITH_POLISH,PASS,POLISH,POLISH,POLISH,POLISH,POLISH,"Broad family anatomy is usable, but the portrait still shares simplified global body templates and should retain stronger species markers.",MEDIUM,,"No critical routing, clipping, eye, or life-stage issue found in the full-size visual pass. Recognizable within the established stylized family language.",False,Char.png,440,440,RGBA,b413564b677103b29d9c98ce54017de67dbc2d6cd488fb03f5a9c4ba70e6814b,,PASS_WITH_POLISH,Salmon-like fish,HOLD,,"The portrait relies on a generic torpedo fish. Correct body depth, head/mouth position, dorsal/anal/pectoral fin shape, caudal fin, markings and any diagnostic appendage.","No critical routing, clipping, eye, or life-stage issue found in the full-size visual pass. Recognizable within the established stylized family language. The portrait relies on a generic torpedo fish. Correct body depth, head/mouth position, dorsal/anal/pectoral fin shape, caudal fin, markings and any diagnostic appendage.",FAIL,PASS_WITH_POLISH -> HOLD
Cheetah,Cheetah,FAIL,FAIL,FAIL,FAIL,FAIL,PASS,FAIL,FAIL,FAIL,HIGH,,"Current ungulate-like body lacks deep chest, tucked waist, feline paws/head, and long balancing tail.",True,Cheetah.png,440,440,RGBA,b79943773e443bf87ac8e1ca769d7496eb7f362541a1a0cdc730d4c93524007e,,FAIL,Big cats,FAIL,,"The catalog repeatedly uses an ungulate-like torso and straight hoof-like legs for felids. Use a feline ribcage/shoulder line, digitigrade legs with paws, feline skull and muzzle, flexible spine, and species-correct tail.","Current ungulate-like body lacks deep chest, tucked waist, feline paws/head, and long balancing tail. The catalog repeatedly uses an ungulate-like torso and straight hoof-like legs for felids. Use a feline ribcage/shoulder line, digitigrade legs with paws, feline skull and muzzle, flexible spine, and species-correct tail.",FAIL,UNCHANGED
Chicken,Chicken,FAIL,FAIL,FAIL,FAIL,FAIL,PASS,FAIL,FAIL,FAIL,HIGH,,"Current wader-like body lacks a compact poultry torso, comb, wattles, short beak, broad feet, and raised tail.",False,Chicken.png,440,440,RGBA,76d47a9e979eae30c5c3552a2775bbf7c6c2af80d5869ff00a99579cfc6642f8,,FAIL,Gamebirds,FAIL,,"The named bird relies too heavily on the shared side-bird template. Correct the bill, neck, body depth, wing length, leg type, tail and crest/display structures for the species.","Current wader-like body lacks a compact poultry torso, comb, wattles, short beak, broad feet, and raised tail. The named bird relies too heavily on the shared side-bird template. Correct the bill, neck, body depth, wing length, leg type, tail and crest/display structures for the species.",FAIL,UNCHANGED
Chimpanzee,Chimpanzee,PASS,PASS_WITH_POLISH,PASS,POLISH,POLISH,POLISH,POLISH,POLISH,"Broad family anatomy is usable, but the portrait still shares simplified global body templates and should retain stronger species markers.",MEDIUM,,"No critical routing, clipping, eye, or life-stage issue found in the full-size visual pass. Recognizable within the established stylized family language.",False,Chimpanzee.png,440,440,RGBA,cb98fe66d70e2ea018b7360b7a65e3a5d373123b7008de6717eb374bae006c43,,PASS_WITH_POLISH,Primates,HOLD,,"Verify torso posture, arm/leg ratio, hands/feet, face shape and tail state for the named primate.","No critical routing, clipping, eye, or life-stage issue found in the full-size visual pass. Recognizable within the established stylized family language. Verify torso posture, arm/leg ratio, hands/feet, face shape and tail state for the named primate.",FAIL,PASS_WITH_POLISH -> HOLD
Chipmunk,Chipmunk,PASS,PASS_WITH_POLISH,PASS,POLISH,POLISH,POLISH,POLISH,POLISH,"Broad family anatomy is usable, but the portrait still shares simplified global body templates and should retain stronger species markers.",MEDIUM,,"No critical routing, clipping, eye, or life-stage issue found in the full-size visual pass. Recognizable within the established stylized family language.",False,Chipmunk.png,440,440,RGBA,b623c0ac59cded9931b919cf20d024ef4cdcef11a0a9a6385ccc8be9b38c0589,,PASS_WITH_POLISH,Rodents,HOLD,,"Verify rodent/lagomorph skull, incisors/muzzle, fore/hind foot proportions, body posture and tail; several currently inherit the rabbit-like template.","No critical routing, clipping, eye, or life-stage issue found in the full-size visual pass. Recognizable within the established stylized family language. Verify rodent/lagomorph skull, incisors/muzzle, fore/hind foot proportions, body posture and tail; several currently inherit the rabbit-like template.",FAIL,PASS_WITH_POLISH -> HOLD
Chiton,Chiton,PASS,PASS_WITH_POLISH,PASS,POLISH,POLISH,POLISH,POLISH,POLISH,"Broad family anatomy is usable, but the portrait still shares simplified global body templates and should retain stronger species markers.",HIGH,Water_Strider,"No critical routing, clipping, eye, or life-stage issue found in the full-size visual pass. Recognizable within the established stylized family language.",False,Chiton.png,440,440,RGBA,91c5118fb6e93420967a452f4079292d77d9477b58eda52c3e3d3c61ad9a55b5,,PASS_WITH_POLISH,Other mollusks,HOLD,,"Broad family routing may be usable, but Chiton still needs an unlabeled silhouette check for body plan, head, eyes/sensory structures, appendages and rear/terminal anatomy.","No critical routing, clipping, eye, or life-stage issue found in the full-size visual pass. Recognizable within the established stylized family language. Broad family routing may be usable, but Chiton still needs an unlabeled silhouette check for body plan, head, eyes/sensory structures, appendages and rear/terminal anatomy.",FAIL,PASS_WITH_POLISH -> HOLD
Chough,Chough,PASS,PASS_WITH_POLISH,PASS,POLISH,POLISH,POLISH,POLISH,POLISH,"Broad family anatomy is usable, but the portrait still shares simplified global body templates and should retain stronger species markers.",MEDIUM,,"No critical routing, clipping, eye, or life-stage issue found in the full-size visual pass. Recognizable within the established stylized family language.",False,Chough.png,440,440,RGBA,c51664c3629cc5209c157d62c47e0462e4b2e1ed1cdc36f5390a93a89004b57c,,PASS_WITH_POLISH,Corvids,HOLD,,"The named bird relies too heavily on the shared side-bird template. Correct the bill, neck, body depth, wing length, leg type, tail and crest/display structures for the species.","No critical routing, clipping, eye, or life-stage issue found in the full-size visual pass. Recognizable within the established stylized family language. The named bird relies too heavily on the shared side-bird template. Correct the bill, neck, body depth, wing length, leg type, tail and crest/display structures for the species.",FAIL,PASS_WITH_POLISH -> HOLD
Cicada,Cicada,FAIL,FAIL,FAIL,FAIL,FAIL,FAIL,FAIL,FAIL,FAIL,HIGH,Aphid | Black_Fly | Cold-Adapted_Insect | Orchid_Bee | Termite | Thrips,"Current bead insect lacks large transparent wings, broad thorax, large eyes, and tapered abdomen.",False,Cicada.png,440,440,RGBA,dbefccba765dde3760df4d87c1374fae534eaf3c7f3ed6c1726212c6544072e9,,FAIL,True bugs,FAIL,,"Use correct insect anatomy: distinct head/thorax/abdomen, six articulated legs, correct wing count and attachment, antennae, mouthparts and species-specific shell/body proportions.","Current bead insect lacks large transparent wings, broad thorax, large eyes, and tapered abdomen. Use correct insect anatomy: distinct head/thorax/abdomen, six articulated legs, correct wing count and attachment, antennae, mouthparts and species-specific shell/body proportions.",FAIL,UNCHANGED
Cichlid,Cichlid,PASS,PASS_WITH_POLISH,PASS,POLISH,POLISH,POLISH,POLISH,POLISH,"Broad family anatomy is usable, but the portrait still shares simplified global body templates and should retain stronger species markers.",MEDIUM,,"No critical routing, clipping, eye, or life-stage issue found in the full-size visual pass. Recognizable within the established stylized family language.",False,Cichlid.png,440,440,RGBA,5008ebe0e7cd7d52883a2d501dc9276af630fc912125c30a799bb7948f219f89,,PASS_WITH_POLISH,Fish,HOLD,,"The portrait relies on a generic torpedo fish. Correct body depth, head/mouth position, dorsal/anal/pectoral fin shape, caudal fin, markings and any diagnostic appendage.","No critical routing, clipping, eye, or life-stage issue found in the full-size visual pass. Recognizable within the established stylized family language. The portrait relies on a generic torpedo fish. Correct body depth, head/mouth position, dorsal/anal/pectoral fin shape, caudal fin, markings and any diagnostic appendage.",FAIL,PASS_WITH_POLISH -> HOLD
Civet,Civet,PASS,PASS_WITH_POLISH,PASS,POLISH,POLISH,POLISH,POLISH,POLISH,"Broad family anatomy is usable, but the portrait still shares simplified global body templates and should retain stronger species markers.",MEDIUM,,"No critical routing, clipping, eye, or life-stage issue found in the full-size visual pass. Recognizable within the established stylized family language.",True,Civet.png,440,440,RGBA,5917b09cdb30b703a599b262774fe0b7ac93ff5151a33147821583410ab18b68,,PASS_WITH_POLISH,Civets and mongooses,HOLD,,"Use the correct low flexible carnivoran torso, pawed limbs, skull/muzzle, and species-specific tail instead of one shared long-body template.","No critical routing, clipping, eye, or life-stage issue found in the full-size visual pass. Recognizable within the established stylized family language. Use the correct low flexible carnivoran torso, pawed limbs, skull/muzzle, and species-specific tail instead of one shared long-body template.",FAIL,PASS_WITH_POLISH -> HOLD
Clam,Clam,PASS,PASS_WITH_POLISH,PASS,POLISH,POLISH,POLISH,POLISH,POLISH,"Broad family anatomy is usable, but the portrait still shares simplified global body templates and should retain stronger species markers.",MEDIUM,,"No critical routing, clipping, eye, or life-stage issue found in the full-size visual pass. Recognizable within the established stylized family language.",False,Clam.png,440,440,RGBA,af558148fe5a6236f8e751f835361c6208696b284ed4a8f86cf799c8425126d7,,PASS_WITH_POLISH,Bivalves,HOLD,,"Broad family routing may be usable, but Clam still needs an unlabeled silhouette check for body plan, head, eyes/sensory structures, appendages and rear/terminal anatomy.","No critical routing, clipping, eye, or life-stage issue found in the full-size visual pass. Recognizable within the established stylized family language. Broad family routing may be usable, but Clam still needs an unlabeled silhouette check for body plan, head, eyes/sensory structures, appendages and rear/terminal anatomy.",FAIL,PASS_WITH_POLISH -> HOLD
Clouded_Leopard,Clouded Leopard,FAIL,FAIL,FAIL,FAIL,FAIL,PASS,FAIL,FAIL,FAIL,HIGH,,"Current generic long-legged body lacks feline torso, huge cloud markings, short legs, and very long tail.",True,Clouded_Leopard.png,440,440,RGBA,0c2ac721661f70f91f623652e940ff1250dd4a28cae7274e1ef5a8cd52a041be,,FAIL,Big cats,FAIL,,"The catalog repeatedly uses an ungulate-like torso and straight hoof-like legs for felids. Use a feline ribcage/shoulder line, digitigrade legs with paws, feline skull and muzzle, flexible spine, and species-correct tail.","Current generic long-legged body lacks feline torso, huge cloud markings, short legs, and very long tail. The catalog repeatedly uses an ungulate-like torso and straight hoof-like legs for felids. Use a feline ribcage/shoulder line, digitigrade legs with paws, feline skull and muzzle, flexible spine, and species-correct tail.",FAIL,UNCHANGED
Clownfish,Clownfish,PASS,PASS_WITH_POLISH,PASS,POLISH,POLISH,POLISH,POLISH,POLISH,"Broad family anatomy is usable, but the portrait still shares simplified global body templates and should retain stronger species markers.",MEDIUM,,"No critical routing, clipping, eye, or life-stage issue found in the full-size visual pass. Recognizable within the established stylized family language.",False,Clownfish.png,440,440,RGBA,86384c06ea36b3b08af2bf45f625db84391fa169d4a1ad33262afb78cd298e6d,,PASS_WITH_POLISH,Reef fish,HOLD,,"The portrait relies on a generic torpedo fish. Correct body depth, head/mouth position, dorsal/anal/pectoral fin shape, caudal fin, markings and any diagnostic appendage.","No critical routing, clipping, eye, or life-stage issue found in the full-size visual pass. Recognizable within the established stylized family language. The portrait relies on a generic torpedo fish. Correct body depth, head/mouth position, dorsal/anal/pectoral fin shape, caudal fin, markings and any diagnostic appendage.",FAIL,PASS_WITH_POLISH -> HOLD
Coastal_Lizard,Coastal Lizard,PASS,PASS_WITH_POLISH,PASS,POLISH,POLISH,POLISH,POLISH,POLISH,"Broad family anatomy is usable, but the portrait still shares simplified global body templates and should retain stronger species markers.",MEDIUM,,"No critical routing, clipping, eye, or life-stage issue found in the full-size visual pass. Recognizable within the established stylized family language.",True,Coastal_Lizard.png,440,440,RGBA,fa0d4c624d2c396052631df8c683f10df7fa818f821b396ba8cb02cdec6d2761,,PASS_WITH_POLISH,Lizards,HOLD,,"Verify skull/head profile, limb state, body thickness, scale texture, tail and any crest/frill/horn; do not rely on color alone.","No critical routing, clipping, eye, or life-stage issue found in the full-size visual pass. Recognizable within the established stylized family language. Verify skull/head profile, limb state, body thickness, scale texture, tail and any crest/frill/horn; do not rely on color alone.",FAIL,PASS_WITH_POLISH -> HOLD
Coati,Coati,FAIL,FAIL,FAIL,FAIL,FAIL,PASS,FAIL,FAIL,FAIL,HIGH,,"Current low mammal lacks the long flexible snout, ringed upright tail, and raccoon-like feet.",True,Coati.png,440,440,RGBA,67f0f58e413571bc8fee2286b054bf30f8b6d4a41bd4af342f360410f81ee596,,FAIL,Raccoon-like mammals,FAIL,,"Use the correct low flexible carnivoran torso, pawed limbs, skull/muzzle, and species-specific tail instead of one shared long-body template.","Current low mammal lacks the long flexible snout, ringed upright tail, and raccoon-like feet. Use the correct low flexible carnivoran torso, pawed limbs, skull/muzzle, and species-specific tail instead of one shared long-body template.",FAIL,UNCHANGED
Cobra,Cobra,PASS,PASS_WITH_POLISH,PASS,POLISH,POLISH,POLISH,POLISH,POLISH,"Broad family anatomy is usable, but the portrait still shares simplified global body templates and should retain stronger species markers.",MEDIUM,,"No critical routing, clipping, eye, or life-stage issue found in the full-size visual pass. Recognizable within the established stylized family language.",False,Cobra.png,440,440,RGBA,ce3d4478b24a8f7f7115dd7daa9789a72875f6d1fa69f30ce0fec159ab9efe87,,PASS_WITH_POLISH,Venomous snakes,HOLD,,"Verify skull/head profile, limb state, body thickness, scale texture, tail and any crest/frill/horn; do not rely on color alone.","No critical routing, clipping, eye, or life-stage issue found in the full-size visual pass. Recognizable within the established stylized family language. Verify skull/head profile, limb state, body thickness, scale texture, tail and any crest/frill/horn; do not rely on color alone.",FAIL,PASS_WITH_POLISH -> HOLD
Cockatoo,Cockatoo,PASS,PASS_WITH_POLISH,PASS,POLISH,POLISH,POLISH,POLISH,POLISH,"Broad family anatomy is usable, but the portrait still shares simplified global body templates and should retain stronger species markers.",MEDIUM,,"No critical routing, clipping, eye, or life-stage issue found in the full-size visual pass. Recognizable within the established stylized family language.",False,Cockatoo.png,440,440,RGBA,5b4f5471d053bd124b152283d8f490fb09e52956aa252efd12ab4655e04b993d,,PASS_WITH_POLISH,Parrots,HOLD,,"The named bird relies too heavily on the shared side-bird template. Correct the bill, neck, body depth, wing length, leg type, tail and crest/display structures for the species.","No critical routing, clipping, eye, or life-stage issue found in the full-size visual pass. Recognizable within the established stylized family language. The named bird relies too heavily on the shared side-bird template. Correct the bill, neck, body depth, wing length, leg type, tail and crest/display structures for the species.",FAIL,PASS_WITH_POLISH -> HOLD
Cockroach,Cockroach,FAIL,FAIL,FAIL,FAIL,FAIL,PASS,FAIL,FAIL,FAIL,HIGH,,"Current bead body lacks flattened oval torso, long antennae, six spiny legs, and folded wings.",False,Cockroach.png,440,440,RGBA,68059aad3be7431268cd8c4e06902bba540801b5f24c414946059a9565aba9aa,,FAIL,Cockroaches,FAIL,,"Use correct insect anatomy: distinct head/thorax/abdomen, six articulated legs, correct wing count and attachment, antennae, mouthparts and species-specific shell/body proportions.","Current bead body lacks flattened oval torso, long antennae, six spiny legs, and folded wings. Use correct insect anatomy: distinct head/thorax/abdomen, six articulated legs, correct wing count and attachment, antennae, mouthparts and species-specific shell/body proportions.",FAIL,UNCHANGED
Coconut_Crab,Coconut Crab,PASS,PASS_WITH_POLISH,PASS,POLISH,POLISH,POLISH,POLISH,POLISH,"Broad family anatomy is usable, but the portrait still shares simplified global body templates and should retain stronger species markers.",MEDIUM,,"No critical routing, clipping, eye, or life-stage issue found in the full-size visual pass. Recognizable within the established stylized family language.",False,Coconut_Crab.png,440,440,RGBA,30741b2086cd327cebb40ebaad5b209d4a6ad5606b9337ebbae7f94991f9a2dc,,PASS_WITH_POLISH,Ice and cave insects,HOLD,,"Use correct insect anatomy: distinct head/thorax/abdomen, six articulated legs, correct wing count and attachment, antennae, mouthparts and species-specific shell/body proportions.","No critical routing, clipping, eye, or life-stage issue found in the full-size visual pass. Recognizable within the established stylized family language. Use correct insect anatomy: distinct head/thorax/abdomen, six articulated legs, correct wing count and attachment, antennae, mouthparts and species-specific shell/body proportions.",FAIL,PASS_WITH_POLISH -> HOLD
Cod,Cod,PASS,PASS_WITH_POLISH,PASS,POLISH,POLISH,POLISH,POLISH,POLISH,"Broad family anatomy is usable, but the portrait still shares simplified global body templates and should retain stronger species markers.",MEDIUM,,"No critical routing, clipping, eye, or life-stage issue found in the full-size visual pass. Recognizable within the established stylized family language.",False,Cod.png,440,440,RGBA,b4d9fbcdcb7ba7c17405885646a33a8be181fdd7a240fd86986e9868885c2371,,PASS_WITH_POLISH,Cod-like fish,HOLD,,"The portrait relies on a generic torpedo fish. Correct body depth, head/mouth position, dorsal/anal/pectoral fin shape, caudal fin, markings and any diagnostic appendage.","No critical routing, clipping, eye, or life-stage issue found in the full-size visual pass. Recognizable within the established stylized family language. The portrait relies on a generic torpedo fish. Correct body depth, head/mouth position, dorsal/anal/pectoral fin shape, caudal fin, markings and any diagnostic appendage.",FAIL,PASS_WITH_POLISH -> HOLD
Coelacanth,Coelacanth,PASS,PASS_WITH_POLISH,PASS,POLISH,POLISH,POLISH,POLISH,POLISH,"Broad family anatomy is usable, but the portrait still shares simplified global body templates and should retain stronger species markers.",MEDIUM,,"No critical routing, clipping, eye, or life-stage issue found in the full-size visual pass. Recognizable within the established stylized family language.",False,Coelacanth.png,440,440,RGBA,03a7e7f3f0776ba11a1ccb5e0e5e7b7ccc3eaafd50c3e41cda3e0640b4df5a03,,PASS_WITH_POLISH,Primitive fish,HOLD,,"The portrait relies on a generic torpedo fish. Correct body depth, head/mouth position, dorsal/anal/pectoral fin shape, caudal fin, markings and any diagnostic appendage.","No critical routing, clipping, eye, or life-stage issue found in the full-size visual pass. Recognizable within the established stylized family language. The portrait relies on a generic torpedo fish. Correct body depth, head/mouth position, dorsal/anal/pectoral fin shape, caudal fin, markings and any diagnostic appendage.",FAIL,PASS_WITH_POLISH -> HOLD
Cold-Adapted_Insect,Cold Adapted Insect,PASS,PASS_WITH_POLISH,PASS,POLISH,POLISH,POLISH,POLISH,POLISH,"Broad family anatomy is usable, but the portrait still shares simplified global body templates and should retain stronger species markers.",HIGH,Aphid | Black_Fly | Cicada | Orchid_Bee | Termite | Thrips,"No critical routing, clipping, eye, or life-stage issue found in the full-size visual pass. Recognizable within the established stylized family language.",False,Cold-Adapted_Insect.png,440,440,RGBA,6e4ff171f4055f3a71a806f0a3da383a8b3e602af832f52d1442254a5dc94485,,PASS_WITH_POLISH,Other or uncertain,HOLD,,"Broad family routing may be usable, but Cold Adapted Insect still needs an unlabeled silhouette check for body plan, head, eyes/sensory structures, appendages and rear/terminal anatomy.","No critical routing, clipping, eye, or life-stage issue found in the full-size visual pass. Recognizable within the established stylized family language. Broad family routing may be usable, but Cold Adapted Insect still needs an unlabeled silhouette check for body plan, head, eyes/sensory structures, appendages and rear/terminal anatomy.",FAIL,PASS_WITH_POLISH -> HOLD
Cold-Water_Coral,Cold Water Coral,PASS,PASS_WITH_POLISH,PASS,POLISH,POLISH,POLISH,POLISH,POLISH,"Broad family anatomy is usable, but the portrait still shares simplified global body templates and should retain stronger species markers.",MEDIUM,,"No critical routing, clipping, eye, or life-stage issue found in the full-size visual pass. Recognizable within the established stylized family language.",False,Cold-Water_Coral.png,440,440,RGBA,a9c33bd3babdc62432c0fec7f57627edea5fe0e684abc58851eab6e1d01f596e,,PASS_WITH_POLISH,Sessile marine life,HOLD,,"Broad family routing may be usable, but Cold Water Coral still needs an unlabeled silhouette check for body plan, head, eyes/sensory structures, appendages and rear/terminal anatomy.","No critical routing, clipping, eye, or life-stage issue found in the full-size visual pass. Recognizable within the established stylized family language. Broad family routing may be usable, but Cold Water Coral still needs an unlabeled silhouette check for body plan, head, eyes/sensory structures, appendages and rear/terminal anatomy.",FAIL,PASS_WITH_POLISH -> HOLD
Cold-Water_Fish,Cold Water Fish,PASS,PASS_WITH_POLISH,PASS,POLISH,POLISH,POLISH,POLISH,POLISH,"Broad family anatomy is usable, but the portrait still shares simplified global body templates and should retain stronger species markers.",MEDIUM,,"No critical routing, clipping, eye, or life-stage issue found in the full-size visual pass. Recognizable within the established stylized family language.",False,Cold-Water_Fish.png,440,440,RGBA,238271e4bbedf690fd3a64091aa0ba7707b9dbca88ab5aab3d1f3fb54bfe00b6,,PASS_WITH_POLISH,Fish,HOLD,,"The portrait relies on a generic torpedo fish. Correct body depth, head/mouth position, dorsal/anal/pectoral fin shape, caudal fin, markings and any diagnostic appendage.","No critical routing, clipping, eye, or life-stage issue found in the full-size visual pass. Recognizable within the established stylized family language. The portrait relies on a generic torpedo fish. Correct body depth, head/mouth position, dorsal/anal/pectoral fin shape, caudal fin, markings and any diagnostic appendage.",FAIL,PASS_WITH_POLISH -> HOLD
Colugo,Colugo,FAIL,FAIL,FAIL,FAIL,FAIL,PASS,FAIL,FAIL,FAIL,HIGH,,"Current small mammal lacks a broad patagium connecting neck, limbs, fingers, and tail.",True,Colugo.png,440,440,RGBA,c99e033ad9a8dca9c1aadce71490925f826ced211613bec7587be0b90f4d4f29,,FAIL,Flying mammals,FAIL,,"Broad family routing may be usable, but Colugo still needs an unlabeled silhouette check for body plan, head, eyes/sensory structures, appendages and rear/terminal anatomy.","Current small mammal lacks a broad patagium connecting neck, limbs, fingers, and tail. Broad family routing may be usable, but Colugo still needs an unlabeled silhouette check for body plan, head, eyes/sensory structures, appendages and rear/terminal anatomy.",FAIL,UNCHANGED
Comb_Jelly,Comb Jelly,PASS,PASS_WITH_POLISH,PASS,POLISH,POLISH,POLISH,POLISH,POLISH,"Broad family anatomy is usable, but the portrait still shares simplified global body templates and should retain stronger species markers.",MEDIUM,,"No critical routing, clipping, eye, or life-stage issue found in the full-size visual pass. Recognizable within the established stylized family language.",False,Comb_Jelly.png,440,440,RGBA,c53b4a1ae84ee83d5bbeaee59437dd1325716e5c0c1c0dbed79e5b0a71342eb8,,PASS_WITH_POLISH,Other mollusks,HOLD,,"Broad family routing may be usable, but Comb Jelly still needs an unlabeled silhouette check for body plan, head, eyes/sensory structures, appendages and rear/terminal anatomy.","No critical routing, clipping, eye, or life-stage issue found in the full-size visual pass. Recognizable within the established stylized family language. Broad family routing may be usable, but Comb Jelly still needs an unlabeled silhouette check for body plan, head, eyes/sensory structures, appendages and rear/terminal anatomy.",FAIL,PASS_WITH_POLISH -> HOLD
Conch,Conch,PASS,PASS_WITH_POLISH,PASS,POLISH,POLISH,POLISH,POLISH,POLISH,"Broad family anatomy is usable, but the portrait still shares simplified global body templates and should retain stronger species markers.",MEDIUM,,"No critical routing, clipping, eye, or life-stage issue found in the full-size visual pass. Recognizable within the established stylized family language.",False,Conch.png,440,440,RGBA,6cba5d41c882f81ba3df5d13e6c4402a47713ebff6af988ab7525ade9445de09,,PASS_WITH_POLISH,Gastropods,HOLD,,"Broad family routing may be usable, but Conch still needs an unlabeled silhouette check for body plan, head, eyes/sensory structures, appendages and rear/terminal anatomy.","No critical routing, clipping, eye, or life-stage issue found in the full-size visual pass. Recognizable within the established stylized family language. Broad family routing may be usable, but Conch still needs an unlabeled silhouette check for body plan, head, eyes/sensory structures, appendages and rear/terminal anatomy.",FAIL,PASS_WITH_POLISH -> HOLD
Condor,Condor,PASS,PASS_WITH_POLISH,PASS,POLISH,POLISH,POLISH,POLISH,POLISH,"Broad family anatomy is usable, but the portrait still shares simplified global body templates and should retain stronger species markers.",MEDIUM,,"No critical routing, clipping, eye, or life-stage issue found in the full-size visual pass. Recognizable within the established stylized family language.",False,Condor.png,440,440,RGBA,51df682aca7aeaf80a8dab618800640f445d8bd5bc18215b957f2c736bdd896f,,PASS_WITH_POLISH,Birds of prey,HOLD,,"Replace the generic compact bird body with species-correct raptor mass, hooked bill, wing proportions, talons, tail and head/crest.","No critical routing, clipping, eye, or life-stage issue found in the full-size visual pass. Recognizable within the established stylized family language. Replace the generic compact bird body with species-correct raptor mass, hooked bill, wing proportions, talons, tail and head/crest.",FAIL,PASS_WITH_POLISH -> HOLD
Coot,Coot,PASS,PASS_WITH_POLISH,PASS,POLISH,POLISH,PASS,POLISH,POLISH,"Broad family anatomy is usable, but the portrait still shares simplified global body templates and should retain stronger species markers.",MEDIUM,,Add frontal shield and rail-like body/feet.,False,Coot.png,440,440,RGBA,b812f756ee651748d9c874bac74fb632c969131c4657fdc0b190817021de5510,,PASS_WITH_POLISH,Cranes and rails,HOLD,,"Broad family routing may be usable, but Coot still needs an unlabeled silhouette check for body plan, head, eyes/sensory structures, appendages and rear/terminal anatomy.","Add frontal shield and rail-like body/feet. Broad family routing may be usable, but Coot still needs an unlabeled silhouette check for body plan, head, eyes/sensory structures, appendages and rear/terminal anatomy.",FAIL,PASS_WITH_POLISH -> HOLD
Copepod,Copepod,PASS,PASS_WITH_POLISH,PASS,POLISH,POLISH,POLISH,POLISH,POLISH,"Broad family anatomy is usable, but the portrait still shares simplified global body templates and should retain stronger species markers.",MEDIUM,,"No critical routing, clipping, eye, or life-stage issue found in the full-size visual pass. Recognizable within the established stylized family language.",False,Copepod.png,440,440,RGBA,3e329dc9c59c163321651b2b9f9761eb9d75e93a862c4b5c50ab3ffe54b04900,,PASS_WITH_POLISH,Ice and cave insects,HOLD,,"Use correct insect anatomy: distinct head/thorax/abdomen, six articulated legs, correct wing count and attachment, antennae, mouthparts and species-specific shell/body proportions.","No critical routing, clipping, eye, or life-stage issue found in the full-size visual pass. Recognizable within the established stylized family language. Use correct insect anatomy: distinct head/thorax/abdomen, six articulated legs, correct wing count and attachment, antennae, mouthparts and species-specific shell/body proportions.",FAIL,PASS_WITH_POLISH -> HOLD
Coral,Coral,PASS,PASS_WITH_POLISH,PASS,POLISH,POLISH,POLISH,POLISH,POLISH,"Broad family anatomy is usable, but the portrait still shares simplified global body templates and should retain stronger species markers.",MEDIUM,,"No critical routing, clipping, eye, or life-stage issue found in the full-size visual pass. Recognizable within the established stylized family language.",False,Coral.png,440,440,RGBA,41b02733440732c64877d6a2161fc33ad7870212b5a2857f8eabc7e825320628,,PASS_WITH_POLISH,Sessile marine life,HOLD,,"Broad family routing may be usable, but Coral still needs an unlabeled silhouette check for body plan, head, eyes/sensory structures, appendages and rear/terminal anatomy.","No critical routing, clipping, eye, or life-stage issue found in the full-size visual pass. Recognizable within the established stylized family language. Broad family routing may be usable, but Coral still needs an unlabeled silhouette check for body plan, head, eyes/sensory structures, appendages and rear/terminal anatomy.",FAIL,PASS_WITH_POLISH -> HOLD
Cormorant,Cormorant,PASS,PASS_WITH_POLISH,PASS,POLISH,POLISH,PASS,POLISH,POLISH,"Broad family anatomy is usable, but the portrait still shares simplified global body templates and should retain stronger species markers.",MEDIUM,,"Add long hooked bill, low aquatic body, and longer tail.",False,Cormorant.png,440,440,RGBA,887c15a37e6b87db2323aeacbd940afeb69210a545aca98ae4bf06482257cef0,,PASS_WITH_POLISH,Pelicans and diving waterbirds,HOLD,,"Broad family routing may be usable, but Cormorant still needs an unlabeled silhouette check for body plan, head, eyes/sensory structures, appendages and rear/terminal anatomy.","Add long hooked bill, low aquatic body, and longer tail. Broad family routing may be usable, but Cormorant still needs an unlabeled silhouette check for body plan, head, eyes/sensory structures, appendages and rear/terminal anatomy.",FAIL,PASS_WITH_POLISH -> HOLD
Cottonmouth,Cottonmouth,PASS,PASS_WITH_POLISH,PASS,POLISH,POLISH,POLISH,POLISH,POLISH,"Broad family anatomy is usable, but the portrait still shares simplified global body templates and should retain stronger species markers.",HIGH,Cave_Snake,"No critical routing, clipping, eye, or life-stage issue found in the full-size visual pass. Recognizable within the established stylized family language.",False,Cottonmouth.png,440,440,RGBA,d61676a97d21f9539f823fa602b88ddd34b50dfe39bc30b8a1812aba7f624143,,PASS_WITH_POLISH,Venomous snakes,HOLD,,"Verify skull/head profile, limb state, body thickness, scale texture, tail and any crest/frill/horn; do not rely on color alone.","No critical routing, clipping, eye, or life-stage issue found in the full-size visual pass. Recognizable within the established stylized family language. Verify skull/head profile, limb state, body thickness, scale texture, tail and any crest/frill/horn; do not rely on color alone.",FAIL,PASS_WITH_POLISH -> HOLD
Cougar,Cougar,FAIL,FAIL,FAIL,FAIL,FAIL,PASS,FAIL,FAIL,FAIL,HIGH,,"Current long-legged body lacks feline chest, flexible spine, paws, cat skull, and muscular tail.",True,Cougar.png,440,440,RGBA,ca442564482aaba62bc5962e4b9523cade2b110435e6edf3078dde1c1c588f40,,FAIL,Big cats,FAIL,,"The catalog repeatedly uses an ungulate-like torso and straight hoof-like legs for felids. Use a feline ribcage/shoulder line, digitigrade legs with paws, feline skull and muzzle, flexible spine, and species-correct tail.","Current long-legged body lacks feline chest, flexible spine, paws, cat skull, and muscular tail. The catalog repeatedly uses an ungulate-like torso and straight hoof-like legs for felids. Use a feline ribcage/shoulder line, digitigrade legs with paws, feline skull and muzzle, flexible spine, and species-correct tail.",FAIL,UNCHANGED
Cow,Cow,PASS,PASS_WITH_POLISH,PASS,POLISH,POLISH,POLISH,POLISH,POLISH,"Broad family anatomy is usable, but the portrait still shares simplified global body templates and should retain stronger species markers.",MEDIUM,,"No critical routing, clipping, eye, or life-stage issue found in the full-size visual pass. Recognizable within the established stylized family language.",True,Cow.png,440,440,RGBA,8228dc5c236c5d9b59067251b0135eb088eda4311d614d582b3f82924ed9d462,,PASS_WITH_POLISH,Cattle and bovids,HOLD,,"The ungulate base is usable, but the named species must have correct horn/antler geometry, neck, shoulder/croup mass, leg length, hooves, head and tail.","No critical routing, clipping, eye, or life-stage issue found in the full-size visual pass. Recognizable within the established stylized family language. The ungulate base is usable, but the named species must have correct horn/antler geometry, neck, shoulder/croup mass, leg length, hooves, head and tail.",FAIL,PASS_WITH_POLISH -> HOLD
Cowrie,Cowrie,PASS,PASS_WITH_POLISH,PASS,POLISH,POLISH,POLISH,POLISH,POLISH,"Broad family anatomy is usable, but the portrait still shares simplified global body templates and should retain stronger species markers.",MEDIUM,,"No critical routing, clipping, eye, or life-stage issue found in the full-size visual pass. Recognizable within the established stylized family language.",False,Cowrie.png,440,440,RGBA,e506417961d433f8d58ee8783a035aeecc560bde7d67c183d71e7ee3c0b6bbb3,,PASS_WITH_POLISH,Gastropods,HOLD,,"Broad family routing may be usable, but Cowrie still needs an unlabeled silhouette check for body plan, head, eyes/sensory structures, appendages and rear/terminal anatomy.","No critical routing, clipping, eye, or life-stage issue found in the full-size visual pass. Recognizable within the established stylized family language. Broad family routing may be usable, but Cowrie still needs an unlabeled silhouette check for body plan, head, eyes/sensory structures, appendages and rear/terminal anatomy.",FAIL,PASS_WITH_POLISH -> HOLD
Coyote,Coyote,FAIL,FAIL,FAIL,FAIL,FAIL,PASS,FAIL,FAIL,FAIL,HIGH,,"Current deer-like body lacks canine chest, paws, narrow muzzle, upright ears, and bushy low tail.",True,Coyote.png,440,440,RGBA,b8dffde3f488a46ca4f5f580cf17ddfa4636b53760445913437f19f20ebd7f44,,FAIL,Dogs and dog-like mammals,FAIL,,"The catalog repeatedly uses a deer-like quadruped for canids. Use a deep canine chest, digitigrade paws/hocks, canine skull and muzzle, and a properly furred tail.","Current deer-like body lacks canine chest, paws, narrow muzzle, upright ears, and bushy low tail. The catalog repeatedly uses a deer-like quadruped for canids. Use a deep canine chest, digitigrade paws/hocks, canine skull and muzzle, and a properly furred tail.",FAIL,UNCHANGED
Crab,Crab,PASS,PASS_WITH_POLISH,PASS,POLISH,POLISH,POLISH,POLISH,POLISH,"Broad family anatomy is usable, but the portrait still shares simplified global body templates and should retain stronger species markers.",MEDIUM,,"No critical routing, clipping, eye, or life-stage issue found in the full-size visual pass. Recognizable within the established stylized family language.",False,Crab.png,440,440,RGBA,ef70c1829a45055117cffd07a0965585dd1db3921e89124effcf74a1eaf00ce5,,PASS_WITH_POLISH,Ice and cave insects,HOLD,,"Use correct insect anatomy: distinct head/thorax/abdomen, six articulated legs, correct wing count and attachment, antennae, mouthparts and species-specific shell/body proportions.","No critical routing, clipping, eye, or life-stage issue found in the full-size visual pass. Recognizable within the established stylized family language. Use correct insect anatomy: distinct head/thorax/abdomen, six articulated legs, correct wing count and attachment, antennae, mouthparts and species-specific shell/body proportions.",FAIL,PASS_WITH_POLISH -> HOLD
Crane,Crane,PASS,PASS_WITH_POLISH,PASS,POLISH,POLISH,POLISH,POLISH,POLISH,"Broad family anatomy is usable, but the portrait still shares simplified global body templates and should retain stronger species markers.",MEDIUM,,"No critical routing, clipping, eye, or life-stage issue found in the full-size visual pass. Recognizable within the established stylized family language.",False,Crane.png,440,440,RGBA,42a8e84c888d24baa31a09731e75b5441f2a4a580dd93690e7e7ba8d051db51c,,PASS_WITH_POLISH,Cranes and rails,HOLD,,"Broad family routing may be usable, but Crane still needs an unlabeled silhouette check for body plan, head, eyes/sensory structures, appendages and rear/terminal anatomy.","No critical routing, clipping, eye, or life-stage issue found in the full-size visual pass. Recognizable within the established stylized family language. Broad family routing may be usable, but Crane still needs an unlabeled silhouette check for body plan, head, eyes/sensory structures, appendages and rear/terminal anatomy.",FAIL,PASS_WITH_POLISH -> HOLD
Crayfish,Crayfish,PASS,PASS_WITH_POLISH,PASS,POLISH,POLISH,POLISH,POLISH,POLISH,"Broad family anatomy is usable, but the portrait still shares simplified global body templates and should retain stronger species markers.",MEDIUM,,"No critical routing, clipping, eye, or life-stage issue found in the full-size visual pass. Recognizable within the established stylized family language.",False,Crayfish.png,440,440,RGBA,eb9c469ccc2ca2921bbea8d1c7e7d0427e140c38bd55b27ff542d9cb025c3dca,,PASS_WITH_POLISH,Ice and cave insects,HOLD,,"Use correct insect anatomy: distinct head/thorax/abdomen, six articulated legs, correct wing count and attachment, antennae, mouthparts and species-specific shell/body proportions.","No critical routing, clipping, eye, or life-stage issue found in the full-size visual pass. Recognizable within the established stylized family language. Use correct insect anatomy: distinct head/thorax/abdomen, six articulated legs, correct wing count and attachment, antennae, mouthparts and species-specific shell/body proportions.",FAIL,PASS_WITH_POLISH -> HOLD
Cricket,Cricket,PASS,PASS_WITH_POLISH,PASS,POLISH,POLISH,POLISH,POLISH,POLISH,"Broad family anatomy is usable, but the portrait still shares simplified global body templates and should retain stronger species markers.",MEDIUM,,"No critical routing, clipping, eye, or life-stage issue found in the full-size visual pass. Recognizable within the established stylized family language.",False,Cricket.png,440,440,RGBA,c145195310bc7799968b6fe844dbf96a4a54cf359127a8ffbf92d239cb161f56,,PASS_WITH_POLISH,Grasshoppers and relatives,HOLD,,"Use correct insect anatomy: distinct head/thorax/abdomen, six articulated legs, correct wing count and attachment, antennae, mouthparts and species-specific shell/body proportions.","No critical routing, clipping, eye, or life-stage issue found in the full-size visual pass. Recognizable within the established stylized family language. Use correct insect anatomy: distinct head/thorax/abdomen, six articulated legs, correct wing count and attachment, antennae, mouthparts and species-specific shell/body proportions.",FAIL,PASS_WITH_POLISH -> HOLD
Crocodile,Crocodile,FAIL,FAIL,FAIL,FAIL,FAIL,PASS,FAIL,FAIL,FAIL,HIGH,,"Current arrow-like body lacks a broad armored torso, four splayed legs, powerful jaw, and muscular tail.",False,Crocodile.png,440,440,RGBA,1979a0a1c72fcfed173643528a9e8d9f6fc6d151086141e31d28dc59513d03d1,,FAIL,Crocodilians,FAIL,,"Current narrow arrow-like body is not crocodilian. Use a broad low torso, splayed robust limbs, species-correct skull, armored back and thick muscular tail.","Current arrow-like body lacks a broad armored torso, four splayed legs, powerful jaw, and muscular tail. Current narrow arrow-like body is not crocodilian. Use a broad low torso, splayed robust limbs, species-correct skull, armored back and thick muscular tail.",FAIL,UNCHANGED
Crow,Crow,PASS,PASS_WITH_POLISH,PASS,POLISH,POLISH,POLISH,POLISH,POLISH,"Broad family anatomy is usable, but the portrait still shares simplified global body templates and should retain stronger species markers.",MEDIUM,,"No critical routing, clipping, eye, or life-stage issue found in the full-size visual pass. Recognizable within the established stylized family language.",False,Crow.png,440,440,RGBA,804b6d6f2faa2817e800c6cdf7861c17619097b0866245bdbbbc6568864a2f02,,PASS_WITH_POLISH,Corvids,HOLD,,"The named bird relies too heavily on the shared side-bird template. Correct the bill, neck, body depth, wing length, leg type, tail and crest/display structures for the species.","No critical routing, clipping, eye, or life-stage issue found in the full-size visual pass. Recognizable within the established stylized family language. The named bird relies too heavily on the shared side-bird template. Correct the bill, neck, body depth, wing length, leg type, tail and crest/display structures for the species.",FAIL,PASS_WITH_POLISH -> HOLD
Curlew,Curlew,PASS,PASS_WITH_POLISH,PASS,POLISH,POLISH,PASS,POLISH,POLISH,"Broad family anatomy is usable, but the portrait still shares simplified global body templates and should retain stronger species markers.",MEDIUM,,Strengthen the long down-curved bill.,False,Curlew.png,440,440,RGBA,22ea4193e427f180b6f71450089d8a2e0752d604ca623808fd17f477e313027a,,PASS_WITH_POLISH,Shorebirds,HOLD,,"Keep the wader family but correct the exact bill geometry, neck length, leg/foot proportions, body depth and tail for the named species.","Strengthen the long down-curved bill. Keep the wader family but correct the exact bill geometry, neck length, leg/foot proportions, body depth and tail for the named species.",FAIL,PASS_WITH_POLISH -> HOLD
Cuttlefish,Cuttlefish,PASS,PASS,PASS,PASS,PASS,PASS,PASS,PASS,All major regions and defining features are readable at the current stylized scale.,LOW,,"Broad mantle, lateral fin skirt, front arms, and cephalopod head now read correctly.",True,Cuttlefish.png,440,440,RGBA,b5494df91d21b5282c92ea2723e9c034d7296962e36c25819b7bdf1c5d77c62f,,PASS,Cephalopods,FAIL,"Current bell/jelly-like body is not a cuttlefish. Use a broad oval mantle, continuous lateral fin skirt, visible cephalopod head, eight arms, and two feeding tentacles.","Verify mantle form, eye/head placement, arm count, feeding tentacles, fin skirt/fins and rear mantle taper for the named cephalopod.","Current bell/jelly-like body is not a cuttlefish. Use a broad oval mantle, continuous lateral fin skirt, visible cephalopod head, eight arms, and two feeding tentacles.",FAIL,PASS -> FAIL
Damselfish,Damselfish,PASS,PASS_WITH_POLISH,PASS,POLISH,POLISH,POLISH,POLISH,POLISH,"Broad family anatomy is usable, but the portrait still shares simplified global body templates and should retain stronger species markers.",MEDIUM,,"No critical routing, clipping, eye, or life-stage issue found in the full-size visual pass. Recognizable within the established stylized family language.",False,Damselfish.png,440,440,RGBA,d9aea64b2df6d195b521f96f88c8f68bc51a161c44d5df2a33a7d90c789f538c,,PASS_WITH_POLISH,Reef fish,HOLD,,"The portrait relies on a generic torpedo fish. Correct body depth, head/mouth position, dorsal/anal/pectoral fin shape, caudal fin, markings and any diagnostic appendage.","No critical routing, clipping, eye, or life-stage issue found in the full-size visual pass. Recognizable within the established stylized family language. The portrait relies on a generic torpedo fish. Correct body depth, head/mouth position, dorsal/anal/pectoral fin shape, caudal fin, markings and any diagnostic appendage.",FAIL,PASS_WITH_POLISH -> HOLD
Damselfly,Damselfly,PASS,PASS,PASS,PASS,PASS,PASS,PASS,PASS,All major regions and defining features are readable at the current stylized scale.,LOW,,Adult wing pairs and long segmented abdomen are present; keep wings narrower/folded than dragonfly.,True,Damselfly.png,440,440,RGBA,0be788360714373fc7231ce96d985d5ad8f2ae05f4647ff3d949e441e1680644,,PASS,Dragonflies,PASS,,"Use correct insect anatomy: distinct head/thorax/abdomen, six articulated legs, correct wing count and attachment, antennae, mouthparts and species-specific shell/body proportions.",PASS — Leave alone at the current stylized resolution. Major body regions and defining silhouette are sufficiently represented.,PASS,UNCHANGED
Deep-Sea_Fish,Deep Sea Fish,PASS,PASS_WITH_POLISH,PASS,POLISH,POLISH,POLISH,POLISH,POLISH,"Broad family anatomy is usable, but the portrait still shares simplified global body templates and should retain stronger species markers.",MEDIUM,,"No critical routing, clipping, eye, or life-stage issue found in the full-size visual pass. Recognizable within the established stylized family language.",False,Deep-Sea_Fish.png,440,440,RGBA,25b8ade947562e40e9d33a96ab74b1fe5e1c3262d06d2b37118d51a9d68c803f,,PASS_WITH_POLISH,Fish,HOLD,,"The portrait relies on a generic torpedo fish. Correct body depth, head/mouth position, dorsal/anal/pectoral fin shape, caudal fin, markings and any diagnostic appendage.","No critical routing, clipping, eye, or life-stage issue found in the full-size visual pass. Recognizable within the established stylized family language. The portrait relies on a generic torpedo fish. Correct body depth, head/mouth position, dorsal/anal/pectoral fin shape, caudal fin, markings and any diagnostic appendage.",FAIL,PASS_WITH_POLISH -> HOLD
Deep-Sea_Octopus,Deep Sea Octopus,PASS,PASS_WITH_POLISH,PASS,POLISH,POLISH,POLISH,POLISH,POLISH,"Broad family anatomy is usable, but the portrait still shares simplified global body templates and should retain stronger species markers.",MEDIUM,,"No critical routing, clipping, eye, or life-stage issue found in the full-size visual pass. Recognizable within the established stylized family language.",False,Deep-Sea_Octopus.png,440,440,RGBA,6017692e1af4a4cb3b362dffcd2ba115d0b126a737fc5da3a1faa6ea1337a437,,PASS_WITH_POLISH,Cephalopods,HOLD,,"Verify mantle form, eye/head placement, arm count, feeding tentacles, fin skirt/fins and rear mantle taper for the named cephalopod.","No critical routing, clipping, eye, or life-stage issue found in the full-size visual pass. Recognizable within the established stylized family language. Verify mantle form, eye/head placement, arm count, feeding tentacles, fin skirt/fins and rear mantle taper for the named cephalopod.",FAIL,PASS_WITH_POLISH -> HOLD
Deep-Water_Coral,Deep Water Coral,PASS,PASS_WITH_POLISH,PASS,POLISH,POLISH,POLISH,POLISH,POLISH,"Broad family anatomy is usable, but the portrait still shares simplified global body templates and should retain stronger species markers.",MEDIUM,,"No critical routing, clipping, eye, or life-stage issue found in the full-size visual pass. Recognizable within the established stylized family language.",False,Deep-Water_Coral.png,440,440,RGBA,6c65384623dbbb8bfc7e100ae422a7b10b6e942491af3d69e4bf7ffc8e83f86d,,PASS_WITH_POLISH,Sessile marine life,HOLD,,"Broad family routing may be usable, but Deep Water Coral still needs an unlabeled silhouette check for body plan, head, eyes/sensory structures, appendages and rear/terminal anatomy.","No critical routing, clipping, eye, or life-stage issue found in the full-size visual pass. Recognizable within the established stylized family language. Broad family routing may be usable, but Deep Water Coral still needs an unlabeled silhouette check for body plan, head, eyes/sensory structures, appendages and rear/terminal anatomy.",FAIL,PASS_WITH_POLISH -> HOLD
Deer,Deer,PASS,PASS_WITH_POLISH,PASS,POLISH,POLISH,POLISH,POLISH,POLISH,"Broad family anatomy is usable, but the portrait still shares simplified global body templates and should retain stronger species markers.",MEDIUM,,"No critical routing, clipping, eye, or life-stage issue found in the full-size visual pass. Recognizable within the established stylized family language.",True,Deer.png,440,440,RGBA,71599e7101145954339e46b721024424c5e82a20e8dbeb819cc8295ea1c274d8,,PASS_WITH_POLISH,Deer and relatives,HOLD,,"The ungulate base is usable, but the named species must have correct horn/antler geometry, neck, shoulder/croup mass, leg length, hooves, head and tail.","No critical routing, clipping, eye, or life-stage issue found in the full-size visual pass. Recognizable within the established stylized family language. The ungulate base is usable, but the named species must have correct horn/antler geometry, neck, shoulder/croup mass, leg length, hooves, head and tail.",FAIL,PASS_WITH_POLISH -> HOLD
Deer_Tick,Deer Tick,PASS,PASS_WITH_POLISH,PASS,POLISH,POLISH,POLISH,POLISH,POLISH,"Broad family anatomy is usable, but the portrait still shares simplified global body templates and should retain stronger species markers.",MEDIUM,,"No critical routing, clipping, eye, or life-stage issue found in the full-size visual pass. Recognizable within the established stylized family language.",False,Deer_Tick.png,440,440,RGBA,d15f1c87eb94762d07ae0b5aaf432bede056818052324688e13dd2fb1ab6fffc,,PASS_WITH_POLISH,Arachnids,HOLD,,"Broad family routing may be usable, but Deer Tick still needs an unlabeled silhouette check for body plan, head, eyes/sensory structures, appendages and rear/terminal anatomy.","No critical routing, clipping, eye, or life-stage issue found in the full-size visual pass. Recognizable within the established stylized family language. Broad family routing may be usable, but Deer Tick still needs an unlabeled silhouette check for body plan, head, eyes/sensory structures, appendages and rear/terminal anatomy.",FAIL,PASS_WITH_POLISH -> HOLD
Desert_Owl,Desert Owl,PASS,PASS_WITH_POLISH,PASS,POLISH,POLISH,POLISH,POLISH,POLISH,"Broad family anatomy is usable, but the portrait still shares simplified global body templates and should retain stronger species markers.",MEDIUM,,"No critical routing, clipping, eye, or life-stage issue found in the full-size visual pass. Recognizable within the established stylized family language.",False,Desert_Owl.png,440,440,RGBA,49277c99cea2a98293b1f74c11964297e59d2592d92fd9e43efc2f97a985d561,,PASS_WITH_POLISH,Raptors and owls,HOLD,,"Replace the generic compact bird body with species-correct raptor mass, hooked bill, wing proportions, talons, tail and head/crest.","No critical routing, clipping, eye, or life-stage issue found in the full-size visual pass. Recognizable within the established stylized family language. Replace the generic compact bird body with species-correct raptor mass, hooked bill, wing proportions, talons, tail and head/crest.",FAIL,PASS_WITH_POLISH -> HOLD
Dingo,Dingo,FAIL,FAIL,FAIL,FAIL,FAIL,PASS,FAIL,FAIL,FAIL,HIGH,,"Current deer-like body lacks canine paws, skull, chest, and tail carriage.",True,Dingo.png,440,440,RGBA,2737fbd26a099febdbe1656c0b0e89a849c35671e99d7069179fa894c60b111a,,FAIL,Canids,FAIL,,"The catalog repeatedly uses a deer-like quadruped for canids. Use a deep canine chest, digitigrade paws/hocks, canine skull and muzzle, and a properly furred tail.","Current deer-like body lacks canine paws, skull, chest, and tail carriage. The catalog repeatedly uses a deer-like quadruped for canids. Use a deep canine chest, digitigrade paws/hocks, canine skull and muzzle, and a properly furred tail.",FAIL,UNCHANGED
Diving_Beetle,Diving Beetle,PASS,PASS_WITH_POLISH,PASS,POLISH,POLISH,POLISH,POLISH,POLISH,"Broad family anatomy is usable, but the portrait still shares simplified global body templates and should retain stronger species markers.",HIGH,Water_Beetle,"No critical routing, clipping, eye, or life-stage issue found in the full-size visual pass. Recognizable within the established stylized family language.",False,Diving_Beetle.png,440,440,RGBA,7f05c9bc2a1cb3c0314d45f13d4b477e2622343caa16c2ecb008d29a0272a5ea,,PASS_WITH_POLISH,Beetles,HOLD,,"Use correct insect anatomy: distinct head/thorax/abdomen, six articulated legs, correct wing count and attachment, antennae, mouthparts and species-specific shell/body proportions.","No critical routing, clipping, eye, or life-stage issue found in the full-size visual pass. Recognizable within the established stylized family language. Use correct insect anatomy: distinct head/thorax/abdomen, six articulated legs, correct wing count and attachment, antennae, mouthparts and species-specific shell/body proportions.",FAIL,PASS_WITH_POLISH -> HOLD
Dobsonfly,Dobsonfly,PASS,PASS_WITH_POLISH,PASS,POLISH,POLISH,PASS,POLISH,POLISH,"Broad family anatomy is usable, but the portrait still shares simplified global body templates and should retain stronger species markers.",MEDIUM,,Add clearer adult insect wings and enlarged mandibles where appropriate.,True,Dobsonfly.png,440,440,RGBA,67c8868eb02957d79013315c04156bb101157422932d75aa3cdf45eb66644a96,,PASS_WITH_POLISH,Insects,HOLD,,"Use correct insect anatomy: distinct head/thorax/abdomen, six articulated legs, correct wing count and attachment, antennae, mouthparts and species-specific shell/body proportions.","Add clearer adult insect wings and enlarged mandibles where appropriate. Use correct insect anatomy: distinct head/thorax/abdomen, six articulated legs, correct wing count and attachment, antennae, mouthparts and species-specific shell/body proportions.",FAIL,PASS_WITH_POLISH -> HOLD
Dog,Dog,FAIL,FAIL,FAIL,FAIL,FAIL,PASS,FAIL,FAIL,FAIL,HIGH,,"Current deer-like body lacks a canine ribcage, paws, hocks, muzzle, and species-neutral dog tail.",True,Dog.png,440,440,RGBA,e1ea4d73595e24b3f8495d10d77710a93640c552c9a2ec3565ab989700a37ee4,,FAIL,Canids,FAIL,,"The catalog repeatedly uses a deer-like quadruped for canids. Use a deep canine chest, digitigrade paws/hocks, canine skull and muzzle, and a properly furred tail.","Current deer-like body lacks a canine ribcage, paws, hocks, muzzle, and species-neutral dog tail. The catalog repeatedly uses a deer-like quadruped for canids. Use a deep canine chest, digitigrade paws/hocks, canine skull and muzzle, and a properly furred tail.",FAIL,UNCHANGED
Dolphin,Dolphin,PASS,PASS_WITH_POLISH,PASS,POLISH,POLISH,POLISH,POLISH,POLISH,"Broad family anatomy is usable, but the portrait still shares simplified global body templates and should retain stronger species markers.",HIGH,Blue_Whale | River_Dolphin,"No critical routing, clipping, eye, or life-stage issue found in the full-size visual pass. Recognizable within the established stylized family language.",False,Dolphin.png,440,440,RGBA,7478a4dbebc8af53c10c5b2bd0d87e04c0d370e471524d205bcbeeb9a7c69b84,,PASS_WITH_POLISH,Marine mammals,HOLD,,"Strengthen real marine-mammal proportions: streamlined body, species-correct rostrum/head, dorsal fin placement, pectoral flippers, peduncle and horizontal flukes.","No critical routing, clipping, eye, or life-stage issue found in the full-size visual pass. Recognizable within the established stylized family language. Strengthen real marine-mammal proportions: streamlined body, species-correct rostrum/head, dorsal fin placement, pectoral flippers, peduncle and horizontal flukes.",FAIL,PASS_WITH_POLISH -> HOLD
Donkey,Donkey,PASS,PASS_WITH_POLISH,PASS,POLISH,POLISH,POLISH,POLISH,POLISH,"Broad family anatomy is usable, but the portrait still shares simplified global body templates and should retain stronger species markers.",MEDIUM,,"No critical routing, clipping, eye, or life-stage issue found in the full-size visual pass. Recognizable within the established stylized family language.",True,Donkey.png,440,440,RGBA,30ce4e018d9612e8b13ecd0e0b0ad3c811e0adadaa1ad8fc6403498dbd05af69,,PASS_WITH_POLISH,Horses and relatives,HOLD,,"Use a dedicated equid scaffold: deep barrel torso, withers, sloped shoulder, muscular croup, long wedge-shaped head, articulated knees/hocks/fetlocks, hooves, mane, and flowing or tufted tail.","No critical routing, clipping, eye, or life-stage issue found in the full-size visual pass. Recognizable within the established stylized family language. Use a dedicated equid scaffold: deep barrel torso, withers, sloped shoulder, muscular croup, long wedge-shaped head, articulated knees/hocks/fetlocks, hooves, mane, and flowing or tufted tail.",FAIL,PASS_WITH_POLISH -> HOLD
Dove,Dove,PASS,PASS_WITH_POLISH,PASS,POLISH,POLISH,POLISH,POLISH,POLISH,"Broad family anatomy is usable, but the portrait still shares simplified global body templates and should retain stronger species markers.",HIGH,Pigeon,"No critical routing, clipping, eye, or life-stage issue found in the full-size visual pass. Recognizable within the established stylized family language.",False,Dove.png,440,440,RGBA,f67a28e466979d246d706932315bfdaf8714835fe9929fb3c0ff6ddff06df6a1,,PASS_WITH_POLISH,Pigeons,HOLD,,"The named bird relies too heavily on the shared side-bird template. Correct the bill, neck, body depth, wing length, leg type, tail and crest/display structures for the species.","No critical routing, clipping, eye, or life-stage issue found in the full-size visual pass. Recognizable within the established stylized family language. The named bird relies too heavily on the shared side-bird template. Correct the bill, neck, body depth, wing length, leg type, tail and crest/display structures for the species.",FAIL,PASS_WITH_POLISH -> HOLD
Dragonfish,Dragonfish,PASS,PASS_WITH_POLISH,PASS,POLISH,POLISH,POLISH,POLISH,POLISH,"Broad family anatomy is usable, but the portrait still shares simplified global body templates and should retain stronger species markers.",HIGH,Eel,"No critical routing, clipping, eye, or life-stage issue found in the full-size visual pass. Recognizable within the established stylized family language.",False,Dragonfish.png,440,440,RGBA,9654022fd7728aa13f326befe6ca32214eadcee620bf21ccaf6e576265c66bda,,PASS_WITH_POLISH,Strange deep-sea fish,HOLD,,"The portrait relies on a generic torpedo fish. Correct body depth, head/mouth position, dorsal/anal/pectoral fin shape, caudal fin, markings and any diagnostic appendage.","No critical routing, clipping, eye, or life-stage issue found in the full-size visual pass. Recognizable within the established stylized family language. The portrait relies on a generic torpedo fish. Correct body depth, head/mouth position, dorsal/anal/pectoral fin shape, caudal fin, markings and any diagnostic appendage.",FAIL,PASS_WITH_POLISH -> HOLD
Dragonfly,Dragonfly,PASS,PASS,PASS,PASS,PASS,PASS,PASS,PASS,All major regions and defining features are readable at the current stylized scale.,LOW,,"Adult wing pairs, segmented abdomen, and compound eyes now read correctly.",False,Dragonfly.png,440,440,RGBA,80bc0b1a3282d3f0a36d7eeadda6fb42a435a2cbb7456ea9e8e34046339723bf,,PASS,Dragonflies,PASS,,"Use correct insect anatomy: distinct head/thorax/abdomen, six articulated legs, correct wing count and attachment, antennae, mouthparts and species-specific shell/body proportions.",PASS — Leave alone at the current stylized resolution. Major body regions and defining silhouette are sufficiently represented.,PASS,UNCHANGED
Dromedary_Camel,Dromedary Camel,FAIL,FAIL,FAIL,FAIL,FAIL,PASS,FAIL,FAIL,FAIL,HIGH,,"One hump is present, but the body is deer-like. Add a camel head/neck, long upper limbs, padded feet, and integrated hump.",True,Dromedary_Camel.png,440,440,RGBA,8dc7e705707d8455e97d71d0f9a6e6b8435ca81ea8663a1d8c3a766847dceefb,,FAIL,Camelids,FAIL,,"Current forms read as deer with humps. Build a camelid neck/chest, padded two-toed feet, long camelid head, integrated hump anatomy, and species-correct coat/tail.","One hump is present, but the body is deer-like. Add a camel head/neck, long upper limbs, padded feet, and integrated hump. Current forms read as deer with humps. Build a camelid neck/chest, padded two-toed feet, long camelid head, integrated hump anatomy, and species-correct coat/tail.",FAIL,UNCHANGED
Duck,Duck,PASS,PASS_WITH_POLISH,PASS,POLISH,POLISH,POLISH,POLISH,POLISH,"Broad family anatomy is usable, but the portrait still shares simplified global body templates and should retain stronger species markers.",MEDIUM,,"No critical routing, clipping, eye, or life-stage issue found in the full-size visual pass. Recognizable within the established stylized family language.",False,Duck.png,440,440,RGBA,06494a7e0ffa0503e59713d4c056437dc9ad73513d5c51699a2b78b726900559,,PASS_WITH_POLISH,Waterfowl,HOLD,,"Broad family routing may be usable, but Duck still needs an unlabeled silhouette check for body plan, head, eyes/sensory structures, appendages and rear/terminal anatomy.","No critical routing, clipping, eye, or life-stage issue found in the full-size visual pass. Recognizable within the established stylized family language. Broad family routing may be usable, but Duck still needs an unlabeled silhouette check for body plan, head, eyes/sensory structures, appendages and rear/terminal anatomy.",FAIL,PASS_WITH_POLISH -> HOLD
Dugong,Dugong,FAIL,FAIL,FAIL,FAIL,FAIL,PASS,FAIL,FAIL,FAIL,LOW,,"Current body is too spherical; add elongated sirenian body, downturned muzzle, paddle flippers, and fluked tail.",True,Dugong.png,440,440,RGBA,867d48300dd6d7b957abee406c53cddddbf4e5b7c4e346edeedf4c7ee8b0b55a,,FAIL,Marine mammals,FAIL,,"Strengthen real marine-mammal proportions: streamlined body, species-correct rostrum/head, dorsal fin placement, pectoral flippers, peduncle and horizontal flukes.","Current body is too spherical; add elongated sirenian body, downturned muzzle, paddle flippers, and fluked tail. Strengthen real marine-mammal proportions: streamlined body, species-correct rostrum/head, dorsal fin placement, pectoral flippers, peduncle and horizontal flukes.",FAIL,UNCHANGED
Duiker,Duiker,PASS,PASS_WITH_POLISH,PASS,POLISH,POLISH,POLISH,POLISH,POLISH,"Broad family anatomy is usable, but the portrait still shares simplified global body templates and should retain stronger species markers.",MEDIUM,,"No critical routing, clipping, eye, or life-stage issue found in the full-size visual pass. Recognizable within the established stylized family language.",True,Duiker.png,440,440,RGBA,1e0676ca03b6520e575fb3e1a2b7d2672a5c896c1a107cc36a7ee985ef1d39bd,,PASS_WITH_POLISH,Other or uncertain,HOLD,,"Broad family routing may be usable, but Duiker still needs an unlabeled silhouette check for body plan, head, eyes/sensory structures, appendages and rear/terminal anatomy.","No critical routing, clipping, eye, or life-stage issue found in the full-size visual pass. Recognizable within the established stylized family language. Broad family routing may be usable, but Duiker still needs an unlabeled silhouette check for body plan, head, eyes/sensory structures, appendages and rear/terminal anatomy.",FAIL,PASS_WITH_POLISH -> HOLD
Dung_Beetle,Dung Beetle,PASS,PASS_WITH_POLISH,PASS,POLISH,POLISH,POLISH,POLISH,POLISH,"Broad family anatomy is usable, but the portrait still shares simplified global body templates and should retain stronger species markers.",HIGH,Carrion_Beetle | Ladybug,"No critical routing, clipping, eye, or life-stage issue found in the full-size visual pass. Recognizable within the established stylized family language.",False,Dung_Beetle.png,440,440,RGBA,9b0f55edd7d86cff1cf4a218e783daee1f92ce7fc28c0312df03a7b65d3930a0,,PASS_WITH_POLISH,Beetles,HOLD,,"Use correct insect anatomy: distinct head/thorax/abdomen, six articulated legs, correct wing count and attachment, antennae, mouthparts and species-specific shell/body proportions.","No critical routing, clipping, eye, or life-stage issue found in the full-size visual pass. Recognizable within the established stylized family language. Use correct insect anatomy: distinct head/thorax/abdomen, six articulated legs, correct wing count and attachment, antennae, mouthparts and species-specific shell/body proportions.",FAIL,PASS_WITH_POLISH -> HOLD
Eagle,Eagle,FAIL,FAIL,FAIL,FAIL,FAIL,PASS,FAIL,FAIL,FAIL,HIGH,,"Current small songbird body lacks a hooked bill, heavy raptor chest, large wings, powerful talons, and wedge/fan tail.",False,Eagle.png,440,440,RGBA,956998a9caa2deaa74176a9acc2b3ea97801d856b553a266d543625362d768e0,,FAIL,Birds of prey,FAIL,,"Replace the generic compact bird body with species-correct raptor mass, hooked bill, wing proportions, talons, tail and head/crest.","Current small songbird body lacks a hooked bill, heavy raptor chest, large wings, powerful talons, and wedge/fan tail. Replace the generic compact bird body with species-correct raptor mass, hooked bill, wing proportions, talons, tail and head/crest.",FAIL,UNCHANGED
Eagle_Ray,Eagle Ray,PASS,PASS_WITH_POLISH,PASS,POLISH,POLISH,POLISH,POLISH,POLISH,"Broad family anatomy is usable, but the portrait still shares simplified global body templates and should retain stronger species markers.",MEDIUM,,"No critical routing, clipping, eye, or life-stage issue found in the full-size visual pass. Recognizable within the established stylized family language.",False,Eagle_Ray.png,440,440,RGBA,995d43f29f11306d203f1d0b1dac0b9a38ce91724ab99abd361a201b34cfa025,,PASS_WITH_POLISH,Rays and skates,HOLD,,"Broad family routing may be usable, but Eagle Ray still needs an unlabeled silhouette check for body plan, head, eyes/sensory structures, appendages and rear/terminal anatomy.","No critical routing, clipping, eye, or life-stage issue found in the full-size visual pass. Recognizable within the established stylized family language. Broad family routing may be usable, but Eagle Ray still needs an unlabeled silhouette check for body plan, head, eyes/sensory structures, appendages and rear/terminal anatomy.",FAIL,PASS_WITH_POLISH -> HOLD
Earthworm,Earthworm,PASS,PASS_WITH_POLISH,PASS,POLISH,POLISH,POLISH,POLISH,POLISH,"Broad family anatomy is usable, but the portrait still shares simplified global body templates and should retain stronger species markers.",MEDIUM,,"No critical routing, clipping, eye, or life-stage issue found in the full-size visual pass. Recognizable within the established stylized family language.",False,Earthworm.png,440,440,RGBA,551808d4d4d7c9f76e36491fc85679c75d7bf23a5c199bd55cc9639b203c780c,,PASS_WITH_POLISH,Other mollusks,HOLD,,"Broad family routing may be usable, but Earthworm still needs an unlabeled silhouette check for body plan, head, eyes/sensory structures, appendages and rear/terminal anatomy.","No critical routing, clipping, eye, or life-stage issue found in the full-size visual pass. Recognizable within the established stylized family language. Broad family routing may be usable, but Earthworm still needs an unlabeled silhouette check for body plan, head, eyes/sensory structures, appendages and rear/terminal anatomy.",FAIL,PASS_WITH_POLISH -> HOLD
Echidna,Echidna,PASS,PASS_WITH_POLISH,PASS,POLISH,POLISH,POLISH,POLISH,POLISH,"Broad family anatomy is usable, but the portrait still shares simplified global body templates and should retain stronger species markers.",MEDIUM,,"No critical routing, clipping, eye, or life-stage issue found in the full-size visual pass. Recognizable within the established stylized family language.",False,Echidna.png,440,440,RGBA,e28e5fd8b72960ab5f243580be3a2d4ef32b909c095325b77956799c61195650,,PASS_WITH_POLISH,Egg-laying mammals,HOLD,,"Broad family routing may be usable, but Echidna still needs an unlabeled silhouette check for body plan, head, eyes/sensory structures, appendages and rear/terminal anatomy.","No critical routing, clipping, eye, or life-stage issue found in the full-size visual pass. Recognizable within the established stylized family language. Broad family routing may be usable, but Echidna still needs an unlabeled silhouette check for body plan, head, eyes/sensory structures, appendages and rear/terminal anatomy.",FAIL,PASS_WITH_POLISH -> HOLD
Eel,Eel,PASS,PASS_WITH_POLISH,PASS,POLISH,POLISH,POLISH,POLISH,POLISH,"Broad family anatomy is usable, but the portrait still shares simplified global body templates and should retain stronger species markers.",HIGH,Dragonfish,"No critical routing, clipping, eye, or life-stage issue found in the full-size visual pass. Recognizable within the established stylized family language.",False,Eel.png,440,440,RGBA,a8d5ef18158f8459452407658ed88a8cb5c15e3157d594a4924b0e02573b5952,,PASS_WITH_POLISH,Elongate fish,HOLD,,"The portrait relies on a generic torpedo fish. Correct body depth, head/mouth position, dorsal/anal/pectoral fin shape, caudal fin, markings and any diagnostic appendage.","No critical routing, clipping, eye, or life-stage issue found in the full-size visual pass. Recognizable within the established stylized family language. The portrait relies on a generic torpedo fish. Correct body depth, head/mouth position, dorsal/anal/pectoral fin shape, caudal fin, markings and any diagnostic appendage.",FAIL,PASS_WITH_POLISH -> HOLD
Egret,Egret,PASS,PASS_WITH_POLISH,PASS,POLISH,POLISH,POLISH,POLISH,POLISH,"Broad family anatomy is usable, but the portrait still shares simplified global body templates and should retain stronger species markers.",MEDIUM,,"No critical routing, clipping, eye, or life-stage issue found in the full-size visual pass. Recognizable within the established stylized family language.",False,Egret.png,440,440,RGBA,44aec1fdfbba1dfedcb95951ad460697cb0d1758a5745cf932f963fb29f5650d,,PASS_WITH_POLISH,Herons and wetland birds,HOLD,,"Keep the wader family but correct the exact bill geometry, neck length, leg/foot proportions, body depth and tail for the named species.","No critical routing, clipping, eye, or life-stage issue found in the full-size visual pass. Recognizable within the established stylized family language. Keep the wader family but correct the exact bill geometry, neck length, leg/foot proportions, body depth and tail for the named species.",FAIL,PASS_WITH_POLISH -> HOLD
Eider_Duck,Eider Duck,PASS,PASS_WITH_POLISH,PASS,POLISH,POLISH,POLISH,POLISH,POLISH,"Broad family anatomy is usable, but the portrait still shares simplified global body templates and should retain stronger species markers.",MEDIUM,,"No critical routing, clipping, eye, or life-stage issue found in the full-size visual pass. Recognizable within the established stylized family language.",False,Eider_Duck.png,440,440,RGBA,9fe001148201345fbab3260a497166874b196f241284090705586954adef920d,,PASS_WITH_POLISH,Waterfowl,HOLD,,"Broad family routing may be usable, but Eider Duck still needs an unlabeled silhouette check for body plan, head, eyes/sensory structures, appendages and rear/terminal anatomy.","No critical routing, clipping, eye, or life-stage issue found in the full-size visual pass. Recognizable within the established stylized family language. Broad family routing may be usable, but Eider Duck still needs an unlabeled silhouette check for body plan, head, eyes/sensory structures, appendages and rear/terminal anatomy.",FAIL,PASS_WITH_POLISH -> HOLD
Eland,Eland,PASS,PASS_WITH_POLISH,PASS,POLISH,POLISH,POLISH,POLISH,POLISH,"Broad family anatomy is usable, but the portrait still shares simplified global body templates and should retain stronger species markers.",MEDIUM,,"No critical routing, clipping, eye, or life-stage issue found in the full-size visual pass. Recognizable within the established stylized family language.",True,Eland.png,440,440,RGBA,9293712560ddec83225b36b725d224dab110ed62b587b282b105f6beb8a63bbc,,PASS_WITH_POLISH,Cattle and bovids,HOLD,,"The ungulate base is usable, but the named species must have correct horn/antler geometry, neck, shoulder/croup mass, leg length, hooves, head and tail.","No critical routing, clipping, eye, or life-stage issue found in the full-size visual pass. Recognizable within the established stylized family language. The ungulate base is usable, but the named species must have correct horn/antler geometry, neck, shoulder/croup mass, leg length, hooves, head and tail.",FAIL,PASS_WITH_POLISH -> HOLD
Electric_Eel,Electric Eel,PASS,PASS_WITH_POLISH,PASS,POLISH,POLISH,POLISH,POLISH,POLISH,"Broad family anatomy is usable, but the portrait still shares simplified global body templates and should retain stronger species markers.",MEDIUM,,"No critical routing, clipping, eye, or life-stage issue found in the full-size visual pass. Recognizable within the established stylized family language.",False,Electric_Eel.png,440,440,RGBA,c93138237edd68cee717a3bb88bbecb9ddd53d37f0b73852ab91e0f8e54b0cae,,PASS_WITH_POLISH,Eels,HOLD,,"Broad family routing may be usable, but Electric Eel still needs an unlabeled silhouette check for body plan, head, eyes/sensory structures, appendages and rear/terminal anatomy.","No critical routing, clipping, eye, or life-stage issue found in the full-size visual pass. Recognizable within the established stylized family language. Broad family routing may be usable, but Electric Eel still needs an unlabeled silhouette check for body plan, head, eyes/sensory structures, appendages and rear/terminal anatomy.",FAIL,PASS_WITH_POLISH -> HOLD
Elephant,Elephant,PASS,PASS_WITH_POLISH,PASS,POLISH,POLISH,POLISH,POLISH,POLISH,"Broad family anatomy is usable, but the portrait still shares simplified global body templates and should retain stronger species markers.",MEDIUM,,"No critical routing, clipping, eye, or life-stage issue found in the full-size visual pass. Recognizable within the established stylized family language.",True,Elephant.png,440,440,RGBA,fce270318a34ff4276230aac2b8145ce9dfedecb192d31ae8053b7eca481657f,,PASS_WITH_POLISH,Elephants,HOLD,,"Use correct insect anatomy: distinct head/thorax/abdomen, six articulated legs, correct wing count and attachment, antennae, mouthparts and species-specific shell/body proportions.","No critical routing, clipping, eye, or life-stage issue found in the full-size visual pass. Recognizable within the established stylized family language. Use correct insect anatomy: distinct head/thorax/abdomen, six articulated legs, correct wing count and attachment, antennae, mouthparts and species-specific shell/body proportions.",FAIL,PASS_WITH_POLISH -> HOLD
Elk,Elk,PASS,PASS_WITH_POLISH,PASS,POLISH,POLISH,POLISH,POLISH,POLISH,"Broad family anatomy is usable, but the portrait still shares simplified global body templates and should retain stronger species markers.",MEDIUM,,"No critical routing, clipping, eye, or life-stage issue found in the full-size visual pass. Recognizable within the established stylized family language.",True,Elk.png,440,440,RGBA,5e01112cb86b57d4193a083905a9674319c4192e65bd765e4739c5c9cf15c0ff,,PASS_WITH_POLISH,Deer and relatives,HOLD,,"The ungulate base is usable, but the named species must have correct horn/antler geometry, neck, shoulder/croup mass, leg length, hooves, head and tail.","No critical routing, clipping, eye, or life-stage issue found in the full-size visual pass. Recognizable within the established stylized family language. The ungulate base is usable, but the named species must have correct horn/antler geometry, neck, shoulder/croup mass, leg length, hooves, head and tail.",FAIL,PASS_WITH_POLISH -> HOLD
Emu,Emu,FAIL,FAIL,FAIL,FAIL,FAIL,PASS,FAIL,FAIL,FAIL,HIGH,,"Current compact generic bird lacks the tall flightless torso, long neck, powerful legs, and reduced wings.",False,Emu.png,440,440,RGBA,8be33316a0a033edd5eb46fed2bb9570998e72edb4e2c76df4717653bf1e950b,,FAIL,Flightless birds,FAIL,,"Use the species-specific flightless body: correct torso mass, neck length, vestigial wings/flippers, leg proportions, feet, tail and head ornaments.","Current compact generic bird lacks the tall flightless torso, long neck, powerful legs, and reduced wings. Use the species-specific flightless body: correct torso mass, neck length, vestigial wings/flippers, leg proportions, feet, tail and head ornaments.",FAIL,UNCHANGED
Fairy_Shrimp,Fairy Shrimp,PASS,PASS_WITH_POLISH,PASS,POLISH,POLISH,POLISH,POLISH,POLISH,"Broad family anatomy is usable, but the portrait still shares simplified global body templates and should retain stronger species markers.",HIGH,Brine_Shrimp | Goby | Hummingbird | Lanternfish,"No critical routing, clipping, eye, or life-stage issue found in the full-size visual pass. Recognizable within the established stylized family language.",False,Fairy_Shrimp.png,440,440,RGBA,116ac4a4b8ebbd326dd01f96fae132b981c41a2312e97fcc54302c72b63bed7e,,PASS_WITH_POLISH,Crustaceans,HOLD,,"Verify segmented carapace, correct leg/claw count, antennae, abdomen/tail fan and the named species’ defining asymmetry or shell form.","No critical routing, clipping, eye, or life-stage issue found in the full-size visual pass. Recognizable within the established stylized family language. Verify segmented carapace, correct leg/claw count, antennae, abdomen/tail fan and the named species’ defining asymmetry or shell form.",FAIL,PASS_WITH_POLISH -> HOLD
Falcon,Falcon,PASS,PASS_WITH_POLISH,PASS,POLISH,POLISH,POLISH,POLISH,POLISH,"Broad family anatomy is usable, but the portrait still shares simplified global body templates and should retain stronger species markers.",MEDIUM,,"No critical routing, clipping, eye, or life-stage issue found in the full-size visual pass. Recognizable within the established stylized family language.",False,Falcon.png,440,440,RGBA,715b8917b13cb8af4cc2dd002286a04ea5f95fec31e46f36c2c7b6aa04ef01b1,,PASS_WITH_POLISH,Birds of prey,HOLD,,"Replace the generic compact bird body with species-correct raptor mass, hooked bill, wing proportions, talons, tail and head/crest.","No critical routing, clipping, eye, or life-stage issue found in the full-size visual pass. Recognizable within the established stylized family language. Replace the generic compact bird body with species-correct raptor mass, hooked bill, wing proportions, talons, tail and head/crest.",FAIL,PASS_WITH_POLISH -> HOLD
Fangtooth,Fangtooth,PASS,PASS,PASS,PASS,PASS,PASS,PASS,PASS,All major regions and defining features are readable at the current stylized scale.,LOW,,Oversized predatory teeth and deep-sea head are clearly visible.,True,Fangtooth.png,440,440,RGBA,c964f51f91cd79c57b9f317bc81a75f6df173d9bd281cb7539837631d5988dce,,PASS,Strange deep-sea fish,PASS,,"The portrait relies on a generic torpedo fish. Correct body depth, head/mouth position, dorsal/anal/pectoral fin shape, caudal fin, markings and any diagnostic appendage.",PASS — Leave alone at the current stylized resolution. Major body regions and defining silhouette are sufficiently represented.,PASS,UNCHANGED
Fennec_Fox,Fennec Fox,PASS,PASS,PASS,PASS,PASS,PASS,PASS,PASS,All major regions and defining features are readable at the current stylized scale.,LOW,,"Oversized ears, small body, and bushy tail now provide the defining silhouette.",True,Fennec_Fox.png,440,440,RGBA,4c1be2a032625d235f512f6cecefc0114fd47cfa405c88940f1356b93f820241,,PASS,Dogs and dog-like mammals,FAIL,"Current rabbit/deer-like quadruped is not a fox body. Use a small canine torso, canine paws/hocks, tapered muzzle, huge ears, and a full bushy tail.","The catalog repeatedly uses a deer-like quadruped for canids. Use a deep canine chest, digitigrade paws/hocks, canine skull and muzzle, and a properly furred tail.","Current rabbit/deer-like quadruped is not a fox body. Use a small canine torso, canine paws/hocks, tapered muzzle, huge ears, and a full bushy tail.",FAIL,PASS -> FAIL
Fiddler_Crab,Fiddler Crab,PASS,PASS,PASS,PASS,PASS,PASS,PASS,PASS,All major regions and defining features are readable at the current stylized scale.,LOW,,One enlarged claw now differentiates the species.,False,Fiddler_Crab.png,440,440,RGBA,4a712a5a9f33a32eb2e9675ac42c4d4bb342b8558a15d86e90e0fa411b04cba4,,PASS,Ice and cave insects,PASS,,"Use correct insect anatomy: distinct head/thorax/abdomen, six articulated legs, correct wing count and attachment, antennae, mouthparts and species-specific shell/body proportions.",PASS — Leave alone at the current stylized resolution. Major body regions and defining silhouette are sufficiently represented.,PASS,UNCHANGED
Finch,Finch,PASS,PASS_WITH_POLISH,PASS,POLISH,POLISH,POLISH,POLISH,POLISH,"Broad family anatomy is usable, but the portrait still shares simplified global body templates and should retain stronger species markers.",HIGH,Lark | Plover | Robin | Sparrow | Spider | Starling | Swallow | Swift | Tanager | Weaverbird,"No critical routing, clipping, eye, or life-stage issue found in the full-size visual pass. Recognizable within the established stylized family language.",False,Finch.png,440,440,RGBA,94651f4f9f99c3ecea99e5e0f26ae40f13dba2ee345db95e386df6354b0def16,,PASS_WITH_POLISH,Songbirds,HOLD,,"The named bird relies too heavily on the shared side-bird template. Correct the bill, neck, body depth, wing length, leg type, tail and crest/display structures for the species.","No critical routing, clipping, eye, or life-stage issue found in the full-size visual pass. Recognizable within the established stylized family language. The named bird relies too heavily on the shared side-bird template. Correct the bill, neck, body depth, wing length, leg type, tail and crest/display structures for the species.",FAIL,PASS_WITH_POLISH -> HOLD
Firefly,Firefly,PASS,PASS_WITH_POLISH,PASS,POLISH,POLISH,POLISH,POLISH,POLISH,"Broad family anatomy is usable, but the portrait still shares simplified global body templates and should retain stronger species markers.",MEDIUM,,"No critical routing, clipping, eye, or life-stage issue found in the full-size visual pass. Recognizable within the established stylized family language.",False,Firefly.png,440,440,RGBA,7a64e81237d3d48207eea514261636ddc3c283d8fda0c582cf4b04b59bae9ab7,,PASS_WITH_POLISH,Beetles,HOLD,,"Use correct insect anatomy: distinct head/thorax/abdomen, six articulated legs, correct wing count and attachment, antennae, mouthparts and species-specific shell/body proportions.","No critical routing, clipping, eye, or life-stage issue found in the full-size visual pass. Recognizable within the established stylized family language. Use correct insect anatomy: distinct head/thorax/abdomen, six articulated legs, correct wing count and attachment, antennae, mouthparts and species-specific shell/body proportions.",FAIL,PASS_WITH_POLISH -> HOLD
Fisher,Fisher,PASS,PASS_WITH_POLISH,PASS,POLISH,POLISH,POLISH,POLISH,POLISH,"Broad family anatomy is usable, but the portrait still shares simplified global body templates and should retain stronger species markers.",MEDIUM,,"No critical routing, clipping, eye, or life-stage issue found in the full-size visual pass. Recognizable within the established stylized family language.",True,Fisher.png,440,440,RGBA,b9d9635bb32d03d8be0413443527329f48243ce0cc44367065cd707628634645,,PASS_WITH_POLISH,Weasels and relatives,HOLD,,"Use the correct low flexible carnivoran torso, pawed limbs, skull/muzzle, and species-specific tail instead of one shared long-body template.","No critical routing, clipping, eye, or life-stage issue found in the full-size visual pass. Recognizable within the established stylized family language. Use the correct low flexible carnivoran torso, pawed limbs, skull/muzzle, and species-specific tail instead of one shared long-body template.",FAIL,PASS_WITH_POLISH -> HOLD
Fishing_Cat,Fishing Cat,FAIL,FAIL,FAIL,FAIL,FAIL,PASS,FAIL,FAIL,FAIL,HIGH,,"Current spotted ungulate-like body lacks feline head, paws, stocky cat torso, and wetland-cat tail.",True,Fishing_Cat.png,440,440,RGBA,06e16cfd80768b15205cb2ab9587d4cecd6cf323caec526e1fb3dbef7b33accb,,FAIL,Small and domestic cats,FAIL,,"The catalog repeatedly uses an ungulate-like torso and straight hoof-like legs for felids. Use a feline ribcage/shoulder line, digitigrade legs with paws, feline skull and muzzle, flexible spine, and species-correct tail.","Current spotted ungulate-like body lacks feline head, paws, stocky cat torso, and wetland-cat tail. The catalog repeatedly uses an ungulate-like torso and straight hoof-like legs for felids. Use a feline ribcage/shoulder line, digitigrade legs with paws, feline skull and muzzle, flexible spine, and species-correct tail.",FAIL,UNCHANGED
Flamingo,Flamingo,PASS,PASS_WITH_POLISH,PASS,POLISH,POLISH,POLISH,POLISH,POLISH,"Broad family anatomy is usable, but the portrait still shares simplified global body templates and should retain stronger species markers.",MEDIUM,,"No critical routing, clipping, eye, or life-stage issue found in the full-size visual pass. Recognizable within the established stylized family language.",False,Flamingo.png,440,440,RGBA,8f470327128eb72164f80bf9add82b420f7fa6c82a5780f7346c992966890ee8,,PASS_WITH_POLISH,Herons and wetland birds,HOLD,,"Keep the wader family but correct the exact bill geometry, neck length, leg/foot proportions, body depth and tail for the named species.","No critical routing, clipping, eye, or life-stage issue found in the full-size visual pass. Recognizable within the established stylized family language. Keep the wader family but correct the exact bill geometry, neck length, leg/foot proportions, body depth and tail for the named species.",FAIL,PASS_WITH_POLISH -> HOLD
Flatworm,Flatworm,PASS,PASS_WITH_POLISH,PASS,POLISH,POLISH,POLISH,POLISH,POLISH,"Broad family anatomy is usable, but the portrait still shares simplified global body templates and should retain stronger species markers.",MEDIUM,,"No critical routing, clipping, eye, or life-stage issue found in the full-size visual pass. Recognizable within the established stylized family language.",False,Flatworm.png,440,440,RGBA,e4728332a7ac167ed56fbbcb762074475a9e322bd08057bf4b55003c94dd6604,,PASS_WITH_POLISH,Other mollusks,HOLD,,"Broad family routing may be usable, but Flatworm still needs an unlabeled silhouette check for body plan, head, eyes/sensory structures, appendages and rear/terminal anatomy.","No critical routing, clipping, eye, or life-stage issue found in the full-size visual pass. Recognizable within the established stylized family language. Broad family routing may be usable, but Flatworm still needs an unlabeled silhouette check for body plan, head, eyes/sensory structures, appendages and rear/terminal anatomy.",FAIL,PASS_WITH_POLISH -> HOLD
Flounder,Flounder,PASS,PASS_WITH_POLISH,PASS,POLISH,POLISH,POLISH,POLISH,POLISH,"Broad family anatomy is usable, but the portrait still shares simplified global body templates and should retain stronger species markers.",HIGH,Halibut,"No critical routing, clipping, eye, or life-stage issue found in the full-size visual pass. Recognizable within the established stylized family language.",False,Flounder.png,440,440,RGBA,d7064516d0e6615eb751630e97846cd38f727ce755bd98e9805653f6a3cce3d5,,PASS_WITH_POLISH,Flatfish,HOLD,,"The portrait relies on a generic torpedo fish. Correct body depth, head/mouth position, dorsal/anal/pectoral fin shape, caudal fin, markings and any diagnostic appendage.","No critical routing, clipping, eye, or life-stage issue found in the full-size visual pass. Recognizable within the established stylized family language. The portrait relies on a generic torpedo fish. Correct body depth, head/mouth position, dorsal/anal/pectoral fin shape, caudal fin, markings and any diagnostic appendage.",FAIL,PASS_WITH_POLISH -> HOLD
Fly,Fly,PASS,PASS_WITH_POLISH,PASS,POLISH,POLISH,POLISH,POLISH,POLISH,"Broad family anatomy is usable, but the portrait still shares simplified global body templates and should retain stronger species markers.",MEDIUM,,"No critical routing, clipping, eye, or life-stage issue found in the full-size visual pass. Recognizable within the established stylized family language.",False,Fly.png,440,440,RGBA,3f68a0e5b83198a439b5fdc8a852c195c9d59145bdb1f9b8b730b58baed0029b,,PASS_WITH_POLISH,Insects,HOLD,,"Use correct insect anatomy: distinct head/thorax/abdomen, six articulated legs, correct wing count and attachment, antennae, mouthparts and species-specific shell/body proportions.","No critical routing, clipping, eye, or life-stage issue found in the full-size visual pass. Recognizable within the established stylized family language. Use correct insect anatomy: distinct head/thorax/abdomen, six articulated legs, correct wing count and attachment, antennae, mouthparts and species-specific shell/body proportions.",FAIL,PASS_WITH_POLISH -> HOLD
Fly_Larvae,Fly Larvae,PASS,PASS,PASS,PASS,PASS,PASS,PASS,PASS,All major regions and defining features are readable at the current stylized scale.,LOW,,Legless segmented larval body replaces the former adult-fly mismatch.,False,Fly_Larvae.png,440,440,RGBA,0bff8ad7f377b08ca61e3501b969137f259111816fb380a224bf53b09c313c05,,PASS,Insects,PASS,,"Use correct insect anatomy: distinct head/thorax/abdomen, six articulated legs, correct wing count and attachment, antennae, mouthparts and species-specific shell/body proportions.",PASS — Leave alone at the current stylized resolution. Major body regions and defining silhouette are sufficiently represented.,PASS,UNCHANGED
Flying_Fish,Flying Fish,PASS,PASS,PASS,PASS,PASS,PASS,PASS,PASS,All major regions and defining features are readable at the current stylized scale.,LOW,,Greatly enlarged pectoral fins now support the gliding silhouette.,True,Flying_Fish.png,440,440,RGBA,c38ff7e15c193f93007ff3ece64aec0016f80a863807f1e4bea8899d981a1ea7,,PASS,Flying and climbing fish,PASS,,"The portrait relies on a generic torpedo fish. Correct body depth, head/mouth position, dorsal/anal/pectoral fin shape, caudal fin, markings and any diagnostic appendage.",PASS — Leave alone at the current stylized resolution. Major body regions and defining silhouette are sufficiently represented.,PASS,UNCHANGED
Flying_Gurnard,Flying Gurnard,PASS,PASS,PASS,PASS,PASS,PASS,PASS,PASS,All major regions and defining features are readable at the current stylized scale.,LOW,,Large fan-like pectoral fins now define the fish.,True,Flying_Gurnard.png,440,440,RGBA,8f84d4a7619982da69ce094980bba87ca91120a89b7081dba549452849dcebff,,PASS,Other or uncertain,PASS,,"Broad family routing may be usable, but Flying Gurnard still needs an unlabeled silhouette check for body plan, head, eyes/sensory structures, appendages and rear/terminal anatomy.",PASS — Leave alone at the current stylized resolution. Major body regions and defining silhouette are sufficiently represented.,PASS,UNCHANGED
Flying_Squirrel,Flying Squirrel,FAIL,FAIL,FAIL,FAIL,FAIL,PASS,FAIL,FAIL,FAIL,HIGH,,Current squirrel body lacks a clearly stretched patagium between fore and hind limbs.,False,Flying_Squirrel.png,440,440,RGBA,4e0ed6dd64abcb630c6d1870c18d55207bbcf6763bb1b0ee87878ce713a5e98b,,FAIL,Rodents,FAIL,,"Verify rodent/lagomorph skull, incisors/muzzle, fore/hind foot proportions, body posture and tail; several currently inherit the rabbit-like template.","Current squirrel body lacks a clearly stretched patagium between fore and hind limbs. Verify rodent/lagomorph skull, incisors/muzzle, fore/hind foot proportions, body posture and tail; several currently inherit the rabbit-like template.",FAIL,UNCHANGED
Forest_Elephant,Forest Elephant,PASS,PASS_WITH_POLISH,PASS,POLISH,POLISH,POLISH,POLISH,POLISH,"Broad family anatomy is usable, but the portrait still shares simplified global body templates and should retain stronger species markers.",MEDIUM,,"No critical routing, clipping, eye, or life-stage issue found in the full-size visual pass. Recognizable within the established stylized family language.",True,Forest_Elephant.png,440,440,RGBA,277444cc7f1b2bdd10f9eb52a0e7c899dc092a602ec164a5164112a8f1844282,,PASS_WITH_POLISH,Elephants and relatives,HOLD,,"Use correct insect anatomy: distinct head/thorax/abdomen, six articulated legs, correct wing count and attachment, antennae, mouthparts and species-specific shell/body proportions.","No critical routing, clipping, eye, or life-stage issue found in the full-size visual pass. Recognizable within the established stylized family language. Use correct insect anatomy: distinct head/thorax/abdomen, six articulated legs, correct wing count and attachment, antennae, mouthparts and species-specific shell/body proportions.",FAIL,PASS_WITH_POLISH -> HOLD
Fox,Fox,FAIL,FAIL,FAIL,FAIL,FAIL,PASS,FAIL,FAIL,FAIL,HIGH,,"Current deer-like body lacks a narrow fox muzzle, low flexible spine, paws, and full brush tail.",True,Fox.png,440,440,RGBA,9f7d8ea957fabbe63a1e623a7b5d79a1858165be8b2a3c0594ceb16d0e603f18,,FAIL,Dogs and dog-like mammals,FAIL,,"The catalog repeatedly uses a deer-like quadruped for canids. Use a deep canine chest, digitigrade paws/hocks, canine skull and muzzle, and a properly furred tail.","Current deer-like body lacks a narrow fox muzzle, low flexible spine, paws, and full brush tail. The catalog repeatedly uses a deer-like quadruped for canids. Use a deep canine chest, digitigrade paws/hocks, canine skull and muzzle, and a properly furred tail.",FAIL,UNCHANGED
Freshwater_Crab,Freshwater Crab,PASS,PASS_WITH_POLISH,PASS,POLISH,POLISH,POLISH,POLISH,POLISH,"Broad family anatomy is usable, but the portrait still shares simplified global body templates and should retain stronger species markers.",MEDIUM,,"No critical routing, clipping, eye, or life-stage issue found in the full-size visual pass. Recognizable within the established stylized family language.",False,Freshwater_Crab.png,440,440,RGBA,46cc2d0509ab5e1bb903f68978df8a5eac281bdf95286f7894f3718308dc5d37,,PASS_WITH_POLISH,Crustaceans,HOLD,,"Verify segmented carapace, correct leg/claw count, antennae, abdomen/tail fan and the named species’ defining asymmetry or shell form.","No critical routing, clipping, eye, or life-stage issue found in the full-size visual pass. Recognizable within the established stylized family language. Verify segmented carapace, correct leg/claw count, antennae, abdomen/tail fan and the named species’ defining asymmetry or shell form.",FAIL,PASS_WITH_POLISH -> HOLD
Freshwater_Shrimp,Freshwater Shrimp,PASS,PASS_WITH_POLISH,PASS,POLISH,POLISH,POLISH,POLISH,POLISH,"Broad family anatomy is usable, but the portrait still shares simplified global body templates and should retain stronger species markers.",MEDIUM,,"No critical routing, clipping, eye, or life-stage issue found in the full-size visual pass. Recognizable within the established stylized family language.",False,Freshwater_Shrimp.png,440,440,RGBA,1fefefb65132ac7a39bf2c51d1c9d3d778c7741a791e784d500d7f1452d12ec4,,PASS_WITH_POLISH,Crustaceans,HOLD,,"Verify segmented carapace, correct leg/claw count, antennae, abdomen/tail fan and the named species’ defining asymmetry or shell form.","No critical routing, clipping, eye, or life-stage issue found in the full-size visual pass. Recognizable within the established stylized family language. Verify segmented carapace, correct leg/claw count, antennae, abdomen/tail fan and the named species’ defining asymmetry or shell form.",FAIL,PASS_WITH_POLISH -> HOLD
Freshwater_Snail,Freshwater Snail,PASS,PASS_WITH_POLISH,PASS,POLISH,POLISH,POLISH,POLISH,POLISH,"Broad family anatomy is usable, but the portrait still shares simplified global body templates and should retain stronger species markers.",HIGH,Snail,"No critical routing, clipping, eye, or life-stage issue found in the full-size visual pass. Recognizable within the established stylized family language.",False,Freshwater_Snail.png,440,440,RGBA,dc28b0d469634bc9a6c0448290f74e704cc85717282f964959fe634f2804849a,,PASS_WITH_POLISH,Gastropods,HOLD,,"Broad family routing may be usable, but Freshwater Snail still needs an unlabeled silhouette check for body plan, head, eyes/sensory structures, appendages and rear/terminal anatomy.","No critical routing, clipping, eye, or life-stage issue found in the full-size visual pass. Recognizable within the established stylized family language. Broad family routing may be usable, but Freshwater Snail still needs an unlabeled silhouette check for body plan, head, eyes/sensory structures, appendages and rear/terminal anatomy.",FAIL,PASS_WITH_POLISH -> HOLD
Frigatebird,Frigatebird,PASS,PASS_WITH_POLISH,PASS,POLISH,POLISH,PASS,POLISH,POLISH,"Broad family anatomy is usable, but the portrait still shares simplified global body templates and should retain stronger species markers.",MEDIUM,,"Add long angular wings, deeply forked tail, and optional male throat pouch.",False,Frigatebird.png,440,440,RGBA,ae44004b2618e7d25d8ad6a6421028b954cebdb2f4d805beff5659b71ad11ba1,,PASS_WITH_POLISH,Pelicans and diving waterbirds,HOLD,,"Broad family routing may be usable, but Frigatebird still needs an unlabeled silhouette check for body plan, head, eyes/sensory structures, appendages and rear/terminal anatomy.","Add long angular wings, deeply forked tail, and optional male throat pouch. Broad family routing may be usable, but Frigatebird still needs an unlabeled silhouette check for body plan, head, eyes/sensory structures, appendages and rear/terminal anatomy.",FAIL,PASS_WITH_POLISH -> HOLD
Frilled_Lizard,Frilled Lizard,PASS,PASS_WITH_POLISH,PASS,POLISH,POLISH,POLISH,POLISH,POLISH,"Broad family anatomy is usable, but the portrait still shares simplified global body templates and should retain stronger species markers.",MEDIUM,,"No critical routing, clipping, eye, or life-stage issue found in the full-size visual pass. Recognizable within the established stylized family language.",False,Frilled_Lizard.png,440,440,RGBA,5b119258e84274f61667b1a185d9112c1d12afebc47ca32776c0ac5d4e71b1ae,,PASS_WITH_POLISH,Specialized lizards,HOLD,,"Verify skull/head profile, limb state, body thickness, scale texture, tail and any crest/frill/horn; do not rely on color alone.","No critical routing, clipping, eye, or life-stage issue found in the full-size visual pass. Recognizable within the established stylized family language. Verify skull/head profile, limb state, body thickness, scale texture, tail and any crest/frill/horn; do not rely on color alone.",FAIL,PASS_WITH_POLISH -> HOLD
Frog,Frog,PASS,PASS_WITH_POLISH,PASS,POLISH,POLISH,POLISH,POLISH,POLISH,"Broad family anatomy is usable, but the portrait still shares simplified global body templates and should retain stronger species markers.",MEDIUM,,"No critical routing, clipping, eye, or life-stage issue found in the full-size visual pass. Recognizable within the established stylized family language.",False,Frog.png,440,440,RGBA,0f83fbf5b464da22cf5143e934fe1d663927cd664cdf5f7718058b971e8acf61,,PASS_WITH_POLISH,Frogs and toads,HOLD,,"Verify body width, head/mouth, eye placement, fore/hind limb proportions, toes, tail state and skin texture; color alone should not define the species.","No critical routing, clipping, eye, or life-stage issue found in the full-size visual pass. Recognizable within the established stylized family language. Verify body width, head/mouth, eye placement, fore/hind limb proportions, toes, tail state and skin texture; color alone should not define the species.",FAIL,PASS_WITH_POLISH -> HOLD
Fruit_Bat,Fruit Bat,PASS,PASS_WITH_POLISH,PASS,POLISH,POLISH,POLISH,POLISH,POLISH,"Broad family anatomy is usable, but the portrait still shares simplified global body templates and should retain stronger species markers.",MEDIUM,,"No critical routing, clipping, eye, or life-stage issue found in the full-size visual pass. Recognizable within the established stylized family language.",False,Fruit_Bat.png,440,440,RGBA,6b73b404db6cd0a4eaae4a38ed013ec75cbe51e85a5bf33f01d07cf6b5e6b3e7,,PASS_WITH_POLISH,Bats,HOLD,,"Broad family routing may be usable, but Fruit Bat still needs an unlabeled silhouette check for body plan, head, eyes/sensory structures, appendages and rear/terminal anatomy.","No critical routing, clipping, eye, or life-stage issue found in the full-size visual pass. Recognizable within the established stylized family language. Broad family routing may be usable, but Fruit Bat still needs an unlabeled silhouette check for body plan, head, eyes/sensory structures, appendages and rear/terminal anatomy.",FAIL,PASS_WITH_POLISH -> HOLD
Fur_Seal,Fur Seal,PASS,PASS_WITH_POLISH,PASS,POLISH,POLISH,POLISH,POLISH,POLISH,"Broad family anatomy is usable, but the portrait still shares simplified global body templates and should retain stronger species markers.",MEDIUM,,"No critical routing, clipping, eye, or life-stage issue found in the full-size visual pass. Recognizable within the established stylized family language.",False,Fur_Seal.png,440,440,RGBA,11ccbe68a6423d38c0df4089b5edbe2d923b90661d9dd74391a01d165013ff8b,,PASS_WITH_POLISH,Marine mammals,HOLD,,"Strengthen real marine-mammal proportions: streamlined body, species-correct rostrum/head, dorsal fin placement, pectoral flippers, peduncle and horizontal flukes.","No critical routing, clipping, eye, or life-stage issue found in the full-size visual pass. Recognizable within the established stylized family language. Strengthen real marine-mammal proportions: streamlined body, species-correct rostrum/head, dorsal fin placement, pectoral flippers, peduncle and horizontal flukes.",FAIL,PASS_WITH_POLISH -> HOLD
Gannet,Gannet,PASS,PASS_WITH_POLISH,PASS,POLISH,POLISH,POLISH,POLISH,POLISH,"Broad family anatomy is usable, but the portrait still shares simplified global body templates and should retain stronger species markers.",MEDIUM,,"No critical routing, clipping, eye, or life-stage issue found in the full-size visual pass. Recognizable within the established stylized family language.",False,Gannet.png,440,440,RGBA,400d53c23d63685e0f828b726a0fdbf8cc4114197505800ad0ec559cb38a88ca,,PASS_WITH_POLISH,Pelicans and diving waterbirds,HOLD,,"Broad family routing may be usable, but Gannet still needs an unlabeled silhouette check for body plan, head, eyes/sensory structures, appendages and rear/terminal anatomy.","No critical routing, clipping, eye, or life-stage issue found in the full-size visual pass. Recognizable within the established stylized family language. Broad family routing may be usable, but Gannet still needs an unlabeled silhouette check for body plan, head, eyes/sensory structures, appendages and rear/terminal anatomy.",FAIL,PASS_WITH_POLISH -> HOLD
Gar,Gar,PASS,PASS_WITH_POLISH,PASS,POLISH,POLISH,POLISH,POLISH,POLISH,"Broad family anatomy is usable, but the portrait still shares simplified global body templates and should retain stronger species markers.",MEDIUM,,"No critical routing, clipping, eye, or life-stage issue found in the full-size visual pass. Recognizable within the established stylized family language.",False,Gar.png,440,440,RGBA,afdf35c4676de561b56d545d9956406152399decaf02d5c9cf51c0e1b5509cc7,,PASS_WITH_POLISH,Primitive fish,HOLD,,"The portrait relies on a generic torpedo fish. Correct body depth, head/mouth position, dorsal/anal/pectoral fin shape, caudal fin, markings and any diagnostic appendage.","No critical routing, clipping, eye, or life-stage issue found in the full-size visual pass. Recognizable within the established stylized family language. The portrait relies on a generic torpedo fish. Correct body depth, head/mouth position, dorsal/anal/pectoral fin shape, caudal fin, markings and any diagnostic appendage.",FAIL,PASS_WITH_POLISH -> HOLD
Garter_Snake,Garter Snake,PASS,PASS_WITH_POLISH,PASS,POLISH,POLISH,POLISH,POLISH,POLISH,"Broad family anatomy is usable, but the portrait still shares simplified global body templates and should retain stronger species markers.",HIGH,Sand_Boa,"No critical routing, clipping, eye, or life-stage issue found in the full-size visual pass. Recognizable within the established stylized family language.",False,Garter_Snake.png,440,440,RGBA,9ad0df4c4589fc472689ead2e508267cdb136635378527d88bf52fd0c76bd63a,,PASS_WITH_POLISH,Other snakes,HOLD,,"Verify skull/head profile, limb state, body thickness, scale texture, tail and any crest/frill/horn; do not rely on color alone.","No critical routing, clipping, eye, or life-stage issue found in the full-size visual pass. Recognizable within the established stylized family language. Verify skull/head profile, limb state, body thickness, scale texture, tail and any crest/frill/horn; do not rely on color alone.",FAIL,PASS_WITH_POLISH -> HOLD
Gaur,Gaur,PASS,PASS_WITH_POLISH,PASS,POLISH,POLISH,POLISH,POLISH,POLISH,"Broad family anatomy is usable, but the portrait still shares simplified global body templates and should retain stronger species markers.",MEDIUM,,"No critical routing, clipping, eye, or life-stage issue found in the full-size visual pass. Recognizable within the established stylized family language.",True,Gaur.png,440,440,RGBA,a0f868c6eb4a95e316f8d6899d8efc8a439562cbdfb861bf35a717b66ca84d97,,PASS_WITH_POLISH,Cattle and bovids,HOLD,,"The ungulate base is usable, but the named species must have correct horn/antler geometry, neck, shoulder/croup mass, leg length, hooves, head and tail.","No critical routing, clipping, eye, or life-stage issue found in the full-size visual pass. Recognizable within the established stylized family language. The ungulate base is usable, but the named species must have correct horn/antler geometry, neck, shoulder/croup mass, leg length, hooves, head and tail.",FAIL,PASS_WITH_POLISH -> HOLD
Gazelle,Gazelle,PASS,PASS_WITH_POLISH,PASS,POLISH,POLISH,POLISH,POLISH,POLISH,"Broad family anatomy is usable, but the portrait still shares simplified global body templates and should retain stronger species markers.",MEDIUM,,"No critical routing, clipping, eye, or life-stage issue found in the full-size visual pass. Recognizable within the established stylized family language.",True,Gazelle.png,440,440,RGBA,920476d8526952bc35586574c2d537e908b5a81cd362bd771359e4551428c947,,PASS_WITH_POLISH,Cattle and bovids,HOLD,,"The ungulate base is usable, but the named species must have correct horn/antler geometry, neck, shoulder/croup mass, leg length, hooves, head and tail.","No critical routing, clipping, eye, or life-stage issue found in the full-size visual pass. Recognizable within the established stylized family language. The ungulate base is usable, but the named species must have correct horn/antler geometry, neck, shoulder/croup mass, leg length, hooves, head and tail.",FAIL,PASS_WITH_POLISH -> HOLD
Gecko,Gecko,PASS,PASS_WITH_POLISH,PASS,POLISH,POLISH,POLISH,POLISH,POLISH,"Broad family anatomy is usable, but the portrait still shares simplified global body templates and should retain stronger species markers.",MEDIUM,,"No critical routing, clipping, eye, or life-stage issue found in the full-size visual pass. Recognizable within the established stylized family language.",True,Gecko.png,440,440,RGBA,1316ff1fca21c9c324ce401937ede7aeb1ec69c7a145c19b58aa7111b52a7c4c,,PASS_WITH_POLISH,Medium and small lizards,HOLD,,"Verify skull/head profile, limb state, body thickness, scale texture, tail and any crest/frill/horn; do not rely on color alone.","No critical routing, clipping, eye, or life-stage issue found in the full-size visual pass. Recognizable within the established stylized family language. Verify skull/head profile, limb state, body thickness, scale texture, tail and any crest/frill/horn; do not rely on color alone.",FAIL,PASS_WITH_POLISH -> HOLD
Gerbil,Gerbil,PASS,PASS_WITH_POLISH,PASS,POLISH,POLISH,POLISH,POLISH,POLISH,"Broad family anatomy is usable, but the portrait still shares simplified global body templates and should retain stronger species markers.",MEDIUM,,"No critical routing, clipping, eye, or life-stage issue found in the full-size visual pass. Recognizable within the established stylized family language.",False,Gerbil.png,440,440,RGBA,a8832a70c678c5899004599dcf1f4c2437b36901a28f411419182495b9a94b22,,PASS_WITH_POLISH,Rodents,HOLD,,"Verify rodent/lagomorph skull, incisors/muzzle, fore/hind foot proportions, body posture and tail; several currently inherit the rabbit-like template.","No critical routing, clipping, eye, or life-stage issue found in the full-size visual pass. Recognizable within the established stylized family language. Verify rodent/lagomorph skull, incisors/muzzle, fore/hind foot proportions, body posture and tail; several currently inherit the rabbit-like template.",FAIL,PASS_WITH_POLISH -> HOLD
Gerenuk,Gerenuk,PASS,PASS,PASS,PASS,PASS,PASS,PASS,PASS,All major regions and defining features are readable at the current stylized scale.,LOW,,Extended neck and browsing-antelope proportions now separate it from other ungulates.,True,Gerenuk.png,440,440,RGBA,34ac0d17e8fac29fa6b0ea2028ab11436d32000233118251b64a0195468374ae,,PASS,Other or uncertain,PASS,,"Broad family routing may be usable, but Gerenuk still needs an unlabeled silhouette check for body plan, head, eyes/sensory structures, appendages and rear/terminal anatomy.",PASS — Leave alone at the current stylized resolution. Major body regions and defining silhouette are sufficiently represented.,PASS,UNCHANGED
Gharial,Gharial,FAIL,FAIL,FAIL,FAIL,FAIL,PASS,FAIL,FAIL,FAIL,HIGH,,Current arrow-like body lacks four legs and the defining extremely long narrow snout.,False,Gharial.png,440,440,RGBA,65dedff44c1ed21abcd57b2345166e55edaf9cca6ea633a80745d7bf5ad34e81,,FAIL,Crocodilians,FAIL,,"Current narrow arrow-like body is not crocodilian. Use a broad low torso, splayed robust limbs, species-correct skull, armored back and thick muscular tail.","Current arrow-like body lacks four legs and the defining extremely long narrow snout. Current narrow arrow-like body is not crocodilian. Use a broad low torso, splayed robust limbs, species-correct skull, armored back and thick muscular tail.",FAIL,UNCHANGED
Giant_Anteater,Giant Anteater,PASS,PASS_WITH_POLISH,PASS,POLISH,POLISH,POLISH,POLISH,POLISH,"Broad family anatomy is usable, but the portrait still shares simplified global body templates and should retain stronger species markers.",MEDIUM,,"No critical routing, clipping, eye, or life-stage issue found in the full-size visual pass. Recognizable within the established stylized family language.",True,Giant_Anteater.png,440,440,RGBA,db16e24da89b21ce20b8378404c5de7cf70fab0553ae1b5599c4e2bb03b2379b,,PASS_WITH_POLISH,Other or uncertain,HOLD,,"Broad family routing may be usable, but Giant Anteater still needs an unlabeled silhouette check for body plan, head, eyes/sensory structures, appendages and rear/terminal anatomy.","No critical routing, clipping, eye, or life-stage issue found in the full-size visual pass. Recognizable within the established stylized family language. Broad family routing may be usable, but Giant Anteater still needs an unlabeled silhouette check for body plan, head, eyes/sensory structures, appendages and rear/terminal anatomy.",FAIL,PASS_WITH_POLISH -> HOLD
Giant_Centipede,Giant Centipede,PASS,PASS_WITH_POLISH,PASS,POLISH,POLISH,POLISH,POLISH,POLISH,"Broad family anatomy is usable, but the portrait still shares simplified global body templates and should retain stronger species markers.",MEDIUM,,"No critical routing, clipping, eye, or life-stage issue found in the full-size visual pass. Recognizable within the established stylized family language.",False,Giant_Centipede.png,440,440,RGBA,f8872c4cb659dd99385ab933f30f00f5bfce6e11060388c82bfeb1908f7f745d,,PASS_WITH_POLISH,Ice and cave insects,HOLD,,"Use correct insect anatomy: distinct head/thorax/abdomen, six articulated legs, correct wing count and attachment, antennae, mouthparts and species-specific shell/body proportions.","No critical routing, clipping, eye, or life-stage issue found in the full-size visual pass. Recognizable within the established stylized family language. Use correct insect anatomy: distinct head/thorax/abdomen, six articulated legs, correct wing count and attachment, antennae, mouthparts and species-specific shell/body proportions.",FAIL,PASS_WITH_POLISH -> HOLD
Giant_Clam,Giant Clam,PASS,PASS_WITH_POLISH,PASS,POLISH,POLISH,POLISH,POLISH,POLISH,"Broad family anatomy is usable, but the portrait still shares simplified global body templates and should retain stronger species markers.",MEDIUM,,"No critical routing, clipping, eye, or life-stage issue found in the full-size visual pass. Recognizable within the established stylized family language.",False,Giant_Clam.png,440,440,RGBA,a24ed1e4bca8585a68ac75dc1b150534d2c3e37751c7d700a5536c7cf7b7614f,,PASS_WITH_POLISH,Bivalves,HOLD,,"Broad family routing may be usable, but Giant Clam still needs an unlabeled silhouette check for body plan, head, eyes/sensory structures, appendages and rear/terminal anatomy.","No critical routing, clipping, eye, or life-stage issue found in the full-size visual pass. Recognizable within the established stylized family language. Broad family routing may be usable, but Giant Clam still needs an unlabeled silhouette check for body plan, head, eyes/sensory structures, appendages and rear/terminal anatomy.",FAIL,PASS_WITH_POLISH -> HOLD
Giant_Isopod,Giant Isopod,FAIL,FAIL,FAIL,FAIL,FAIL,PASS,FAIL,FAIL,FAIL,HIGH,,"Current shrimp-like form lacks the broad armored segmented body, many legs, and tail plate of a giant isopod.",False,Giant_Isopod.png,440,440,RGBA,53dc8206682d715186ec2bbcbc40caec8f7be8180e92df6fae39e242c94b1ad3,,FAIL,Crustaceans,FAIL,,"Verify segmented carapace, correct leg/claw count, antennae, abdomen/tail fan and the named species’ defining asymmetry or shell form.","Current shrimp-like form lacks the broad armored segmented body, many legs, and tail plate of a giant isopod. Verify segmented carapace, correct leg/claw count, antennae, abdomen/tail fan and the named species’ defining asymmetry or shell form.",FAIL,UNCHANGED
Giant_Octopus,Giant Octopus,PASS,PASS_WITH_POLISH,PASS,POLISH,POLISH,POLISH,POLISH,POLISH,"Broad family anatomy is usable, but the portrait still shares simplified global body templates and should retain stronger species markers.",MEDIUM,,Make all eight arms clearly readable and more irregular; mantle/eye placement can be stronger.,False,Giant_Octopus.png,440,440,RGBA,258f8c73076a8fe1fa4a56f992a76a2ebab7e5fc0ded198f2b8e2b1cd7561bbe,,PASS_WITH_POLISH,Cephalopods,HOLD,,"Verify mantle form, eye/head placement, arm count, feeding tentacles, fin skirt/fins and rear mantle taper for the named cephalopod.","Make all eight arms clearly readable and more irregular; mantle/eye placement can be stronger. Verify mantle form, eye/head placement, arm count, feeding tentacles, fin skirt/fins and rear mantle taper for the named cephalopod.",FAIL,PASS_WITH_POLISH -> HOLD
Giant_Otter,Giant Otter,PASS,PASS_WITH_POLISH,PASS,POLISH,POLISH,POLISH,POLISH,POLISH,"Broad family anatomy is usable, but the portrait still shares simplified global body templates and should retain stronger species markers.",MEDIUM,,"No critical routing, clipping, eye, or life-stage issue found in the full-size visual pass. Recognizable within the established stylized family language.",True,Giant_Otter.png,440,440,RGBA,ce9574ca75ae857c13445db7941ccaef0b0251deb78990602729cc1f6e73019b,,PASS_WITH_POLISH,Other or uncertain,HOLD,,"Broad family routing may be usable, but Giant Otter still needs an unlabeled silhouette check for body plan, head, eyes/sensory structures, appendages and rear/terminal anatomy.","No critical routing, clipping, eye, or life-stage issue found in the full-size visual pass. Recognizable within the established stylized family language. Broad family routing may be usable, but Giant Otter still needs an unlabeled silhouette check for body plan, head, eyes/sensory structures, appendages and rear/terminal anatomy.",FAIL,PASS_WITH_POLISH -> HOLD
Giant_Salamander,Giant Salamander,PASS,PASS_WITH_POLISH,PASS,POLISH,POLISH,POLISH,POLISH,POLISH,"Broad family anatomy is usable, but the portrait still shares simplified global body templates and should retain stronger species markers.",MEDIUM,,"No critical routing, clipping, eye, or life-stage issue found in the full-size visual pass. Recognizable within the established stylized family language.",False,Giant_Salamander.png,440,440,RGBA,aa555d00b50c646ee16834a53be522cc6ddfbdc1503830603fa27d969a696610,,PASS_WITH_POLISH,Salamanders,HOLD,,"Verify body width, head/mouth, eye placement, fore/hind limb proportions, toes, tail state and skin texture; color alone should not define the species.","No critical routing, clipping, eye, or life-stage issue found in the full-size visual pass. Recognizable within the established stylized family language. Verify body width, head/mouth, eye placement, fore/hind limb proportions, toes, tail state and skin texture; color alone should not define the species.",FAIL,PASS_WITH_POLISH -> HOLD
Giant_Squid,Giant Squid,PASS,PASS_WITH_POLISH,PASS,POLISH,POLISH,POLISH,POLISH,POLISH,"Broad family anatomy is usable, but the portrait still shares simplified global body templates and should retain stronger species markers.",MEDIUM,,"No critical routing, clipping, eye, or life-stage issue found in the full-size visual pass. Recognizable within the established stylized family language.",False,Giant_Squid.png,440,440,RGBA,e9bd08aa5c91f4f42ebb94aa7ab4f5e717b320e741040e3f5e62c8045d928205,,PASS_WITH_POLISH,Cephalopods,HOLD,,"Verify mantle form, eye/head placement, arm count, feeding tentacles, fin skirt/fins and rear mantle taper for the named cephalopod.","No critical routing, clipping, eye, or life-stage issue found in the full-size visual pass. Recognizable within the established stylized family language. Verify mantle form, eye/head placement, arm count, feeding tentacles, fin skirt/fins and rear mantle taper for the named cephalopod.",FAIL,PASS_WITH_POLISH -> HOLD
Giant_Tube_Worm,Giant Tube Worm,PASS,PASS_WITH_POLISH,PASS,POLISH,POLISH,POLISH,POLISH,POLISH,"Broad family anatomy is usable, but the portrait still shares simplified global body templates and should retain stronger species markers.",MEDIUM,,"No critical routing, clipping, eye, or life-stage issue found in the full-size visual pass. Recognizable within the established stylized family language.",False,Giant_Tube_Worm.png,440,440,RGBA,2c4cbc9641b0ce74ee5f3cfe514ffcc1098c172ee68dc56c8abed058cd599c8f,,PASS_WITH_POLISH,Other mollusks,HOLD,,"Broad family routing may be usable, but Giant Tube Worm still needs an unlabeled silhouette check for body plan, head, eyes/sensory structures, appendages and rear/terminal anatomy.","No critical routing, clipping, eye, or life-stage issue found in the full-size visual pass. Recognizable within the established stylized family language. Broad family routing may be usable, but Giant Tube Worm still needs an unlabeled silhouette check for body plan, head, eyes/sensory structures, appendages and rear/terminal anatomy.",FAIL,PASS_WITH_POLISH -> HOLD
Giant_Water_Bug,Giant Water Bug,FAIL,FAIL,FAIL,FAIL,FAIL,PASS,FAIL,FAIL,FAIL,HIGH,,"Current generic tiny insect lacks a broad flattened body, grasping forelegs, and swimming hind legs.",False,Giant_Water_Bug.png,440,440,RGBA,ad792580026bb0c3186eb820c26b40e73204707993ffe0a70efd716be576829d,,FAIL,True bugs,FAIL,,"Use correct insect anatomy: distinct head/thorax/abdomen, six articulated legs, correct wing count and attachment, antennae, mouthparts and species-specific shell/body proportions.","Current generic tiny insect lacks a broad flattened body, grasping forelegs, and swimming hind legs. Use correct insect anatomy: distinct head/thorax/abdomen, six articulated legs, correct wing count and attachment, antennae, mouthparts and species-specific shell/body proportions.",FAIL,UNCHANGED
Gibbon,Gibbon,PASS,PASS_WITH_POLISH,PASS,POLISH,POLISH,POLISH,POLISH,POLISH,"Broad family anatomy is usable, but the portrait still shares simplified global body templates and should retain stronger species markers.",MEDIUM,,"No critical routing, clipping, eye, or life-stage issue found in the full-size visual pass. Recognizable within the established stylized family language.",False,Gibbon.png,440,440,RGBA,0144da2317326674737e995276d3bbffd70c643a1c6d88ae8dbf5597c9f02507,,PASS_WITH_POLISH,Primates,HOLD,,"Verify torso posture, arm/leg ratio, hands/feet, face shape and tail state for the named primate.","No critical routing, clipping, eye, or life-stage issue found in the full-size visual pass. Recognizable within the established stylized family language. Verify torso posture, arm/leg ratio, hands/feet, face shape and tail state for the named primate.",FAIL,PASS_WITH_POLISH -> HOLD
Gila_Monster,Gila Monster,PASS,PASS_WITH_POLISH,PASS,POLISH,POLISH,POLISH,POLISH,POLISH,"Broad family anatomy is usable, but the portrait still shares simplified global body templates and should retain stronger species markers.",MEDIUM,,"No critical routing, clipping, eye, or life-stage issue found in the full-size visual pass. Recognizable within the established stylized family language.",True,Gila_Monster.png,440,440,RGBA,ceb4b6f303f7eae85ec9a69f65fac608ab3d267b3e80047c15a512570c3b4799,,PASS_WITH_POLISH,Specialized lizards,HOLD,,"Verify skull/head profile, limb state, body thickness, scale texture, tail and any crest/frill/horn; do not rely on color alone.","No critical routing, clipping, eye, or life-stage issue found in the full-size visual pass. Recognizable within the established stylized family language. Verify skull/head profile, limb state, body thickness, scale texture, tail and any crest/frill/horn; do not rely on color alone.",FAIL,PASS_WITH_POLISH -> HOLD
Giraffe,Giraffe,PASS,PASS_WITH_POLISH,PASS,POLISH,POLISH,POLISH,POLISH,POLISH,"Broad family anatomy is usable, but the portrait still shares simplified global body templates and should retain stronger species markers.",MEDIUM,,"No critical routing, clipping, eye, or life-stage issue found in the full-size visual pass. Recognizable within the established stylized family language.",True,Giraffe.png,440,440,RGBA,9ae4342bbd577e670d53cc4afe90d64d64113e9fac71bc9d1ec0a81af37e3c7e,,PASS_WITH_POLISH,Giraffes and relatives,HOLD,,"The ungulate base is usable, but the named species must have correct horn/antler geometry, neck, shoulder/croup mass, leg length, hooves, head and tail.","No critical routing, clipping, eye, or life-stage issue found in the full-size visual pass. Recognizable within the established stylized family language. The ungulate base is usable, but the named species must have correct horn/antler geometry, neck, shoulder/croup mass, leg length, hooves, head and tail.",FAIL,PASS_WITH_POLISH -> HOLD
Glass_Frog,Glass Frog,PASS,PASS_WITH_POLISH,PASS,POLISH,POLISH,PASS,POLISH,POLISH,"Broad family anatomy is usable, but the portrait still shares simplified global body templates and should retain stronger species markers.",MEDIUM,,Increase belly translucency/internal visibility; current form mainly differs by color.,False,Glass_Frog.png,440,440,RGBA,18347c0e596aba341ef34fa7bf23f7fd2d314380360ae3995bb9e99932474247,,PASS_WITH_POLISH,Frogs,HOLD,,"Verify body width, head/mouth, eye placement, fore/hind limb proportions, toes, tail state and skin texture; color alone should not define the species.","Increase belly translucency/internal visibility; current form mainly differs by color. Verify body width, head/mouth, eye placement, fore/hind limb proportions, toes, tail state and skin texture; color alone should not define the species.",FAIL,PASS_WITH_POLISH -> HOLD
Goat,Goat,FAIL,FAIL,FAIL,FAIL,FAIL,PASS,FAIL,FAIL,FAIL,HIGH,,"Current generic ungulate lacks goat horns, beard, compact chest, split hooves, and short raised tail.",True,Goat.png,440,440,RGBA,3d0082c0dae3a71c48c53c420561f3438cdef11c752ad2a27953169b1a0b8fb6,,FAIL,Sheep and goats,FAIL,,"The ungulate base is usable, but the named species must have correct horn/antler geometry, neck, shoulder/croup mass, leg length, hooves, head and tail.","Current generic ungulate lacks goat horns, beard, compact chest, split hooves, and short raised tail. The ungulate base is usable, but the named species must have correct horn/antler geometry, neck, shoulder/croup mass, leg length, hooves, head and tail.",FAIL,UNCHANGED
Goby,Goby,PASS,PASS_WITH_POLISH,PASS,POLISH,POLISH,POLISH,POLISH,POLISH,"Broad family anatomy is usable, but the portrait still shares simplified global body templates and should retain stronger species markers.",HIGH,Brine_Shrimp | Fairy_Shrimp | Hummingbird | Lanternfish,"No critical routing, clipping, eye, or life-stage issue found in the full-size visual pass. Recognizable within the established stylized family language.",False,Goby.png,440,440,RGBA,c6998adce5501b0631ccea54e776a28f302fdb6327ee4792861c05a371c4ace4,,PASS_WITH_POLISH,Reef fish,HOLD,,"The portrait relies on a generic torpedo fish. Correct body depth, head/mouth position, dorsal/anal/pectoral fin shape, caudal fin, markings and any diagnostic appendage.","No critical routing, clipping, eye, or life-stage issue found in the full-size visual pass. Recognizable within the established stylized family language. The portrait relies on a generic torpedo fish. Correct body depth, head/mouth position, dorsal/anal/pectoral fin shape, caudal fin, markings and any diagnostic appendage.",FAIL,PASS_WITH_POLISH -> HOLD
Godwit,Godwit,PASS,PASS_WITH_POLISH,PASS,POLISH,POLISH,PASS,POLISH,POLISH,"Broad family anatomy is usable, but the portrait still shares simplified global body templates and should retain stronger species markers.",MEDIUM,,Strengthen the long slightly upturned bill.,False,Godwit.png,440,440,RGBA,8940f49c6372fb665950a3666f1f2b9a6c47cd86f07ffd55d117c6e88f14e387,,PASS_WITH_POLISH,Shorebirds,HOLD,,"Keep the wader family but correct the exact bill geometry, neck length, leg/foot proportions, body depth and tail for the named species.","Strengthen the long slightly upturned bill. Keep the wader family but correct the exact bill geometry, neck length, leg/foot proportions, body depth and tail for the named species.",FAIL,PASS_WITH_POLISH -> HOLD
Goldfish,Goldfish,PASS,PASS_WITH_POLISH,PASS,POLISH,POLISH,POLISH,POLISH,POLISH,"Broad family anatomy is usable, but the portrait still shares simplified global body templates and should retain stronger species markers.",MEDIUM,,"No critical routing, clipping, eye, or life-stage issue found in the full-size visual pass. Recognizable within the established stylized family language.",False,Goldfish.png,440,440,RGBA,3197e67356056a1d7499baaf47f25322c836dab48b288bd142f3775a52484f65,,PASS_WITH_POLISH,Carp-like fish,HOLD,,"The portrait relies on a generic torpedo fish. Correct body depth, head/mouth position, dorsal/anal/pectoral fin shape, caudal fin, markings and any diagnostic appendage.","No critical routing, clipping, eye, or life-stage issue found in the full-size visual pass. Recognizable within the established stylized family language. The portrait relies on a generic torpedo fish. Correct body depth, head/mouth position, dorsal/anal/pectoral fin shape, caudal fin, markings and any diagnostic appendage.",FAIL,PASS_WITH_POLISH -> HOLD
Goose,Goose,PASS,PASS_WITH_POLISH,PASS,POLISH,POLISH,POLISH,POLISH,POLISH,"Broad family anatomy is usable, but the portrait still shares simplified global body templates and should retain stronger species markers.",MEDIUM,,"No critical routing, clipping, eye, or life-stage issue found in the full-size visual pass. Recognizable within the established stylized family language.",False,Goose.png,440,440,RGBA,cfb0349253642ab3af6480be35a3f263483c90e753726fed9602bf1d21e4214f,,PASS_WITH_POLISH,Waterfowl,HOLD,,"Broad family routing may be usable, but Goose still needs an unlabeled silhouette check for body plan, head, eyes/sensory structures, appendages and rear/terminal anatomy.","No critical routing, clipping, eye, or life-stage issue found in the full-size visual pass. Recognizable within the established stylized family language. Broad family routing may be usable, but Goose still needs an unlabeled silhouette check for body plan, head, eyes/sensory structures, appendages and rear/terminal anatomy.",FAIL,PASS_WITH_POLISH -> HOLD
Gopher,Gopher,PASS,PASS_WITH_POLISH,PASS,POLISH,POLISH,POLISH,POLISH,POLISH,"Broad family anatomy is usable, but the portrait still shares simplified global body templates and should retain stronger species markers.",MEDIUM,,"No critical routing, clipping, eye, or life-stage issue found in the full-size visual pass. Recognizable within the established stylized family language.",False,Gopher.png,440,440,RGBA,dc4f58a63ff5eaafaefc5c3a7b15b754876ead79ee92351fdbd291c025b8d5c9,,PASS_WITH_POLISH,Rodents,HOLD,,"Verify rodent/lagomorph skull, incisors/muzzle, fore/hind foot proportions, body posture and tail; several currently inherit the rabbit-like template.","No critical routing, clipping, eye, or life-stage issue found in the full-size visual pass. Recognizable within the established stylized family language. Verify rodent/lagomorph skull, incisors/muzzle, fore/hind foot proportions, body posture and tail; several currently inherit the rabbit-like template.",FAIL,PASS_WITH_POLISH -> HOLD
Gorilla,Gorilla,PASS,PASS_WITH_POLISH,PASS,POLISH,POLISH,POLISH,POLISH,POLISH,"Broad family anatomy is usable, but the portrait still shares simplified global body templates and should retain stronger species markers.",MEDIUM,,"No critical routing, clipping, eye, or life-stage issue found in the full-size visual pass. Recognizable within the established stylized family language.",False,Gorilla.png,440,440,RGBA,1c9d3a07c25c5e891610412c00dddbdde7c4cea9bf20a5d50493a2811f9b59f9,,PASS_WITH_POLISH,Primates,HOLD,,"Verify torso posture, arm/leg ratio, hands/feet, face shape and tail state for the named primate.","No critical routing, clipping, eye, or life-stage issue found in the full-size visual pass. Recognizable within the established stylized family language. Verify torso posture, arm/leg ratio, hands/feet, face shape and tail state for the named primate.",FAIL,PASS_WITH_POLISH -> HOLD
Grass_Snake,Grass Snake,PASS,PASS_WITH_POLISH,PASS,POLISH,POLISH,POLISH,POLISH,POLISH,"Broad family anatomy is usable, but the portrait still shares simplified global body templates and should retain stronger species markers.",MEDIUM,,"No critical routing, clipping, eye, or life-stage issue found in the full-size visual pass. Recognizable within the established stylized family language.",False,Grass_Snake.png,440,440,RGBA,5626a91e1c04c938578a51ad9ae2273a0cce14903d8bf4c0ecbf09be79e4c687,,PASS_WITH_POLISH,Other snakes,HOLD,,"Verify skull/head profile, limb state, body thickness, scale texture, tail and any crest/frill/horn; do not rely on color alone.","No critical routing, clipping, eye, or life-stage issue found in the full-size visual pass. Recognizable within the established stylized family language. Verify skull/head profile, limb state, body thickness, scale texture, tail and any crest/frill/horn; do not rely on color alone.",FAIL,PASS_WITH_POLISH -> HOLD
Grasshopper,Grasshopper,FAIL,FAIL,FAIL,FAIL,FAIL,PASS,FAIL,FAIL,FAIL,HIGH,,"Current bead insect lacks enlarged jumping hind legs, segmented abdomen, wings, and angular head.",False,Grasshopper.png,440,440,RGBA,a7bc388a4f634c73115cb3404257fdb04c3c45092f75579dc4e26d26bfcf4eba,,FAIL,Grasshoppers and relatives,FAIL,,"Use correct insect anatomy: distinct head/thorax/abdomen, six articulated legs, correct wing count and attachment, antennae, mouthparts and species-specific shell/body proportions.","Current bead insect lacks enlarged jumping hind legs, segmented abdomen, wings, and angular head. Use correct insect anatomy: distinct head/thorax/abdomen, six articulated legs, correct wing count and attachment, antennae, mouthparts and species-specific shell/body proportions.",FAIL,UNCHANGED
Gray_Whale,Gray Whale,PASS,PASS_WITH_POLISH,PASS,POLISH,POLISH,PASS,POLISH,POLISH,"Broad family anatomy is usable, but the portrait still shares simplified global body templates and should retain stronger species markers.",MEDIUM,,Add a longer mottled body and reduced/absent dorsal fin identity.,False,Gray_Whale.png,440,440,RGBA,6490644899a3d26596a9178d05c428bdc60e34eab83953344e6f78e9f28c2746,,PASS_WITH_POLISH,Marine mammals,HOLD,,"Strengthen real marine-mammal proportions: streamlined body, species-correct rostrum/head, dorsal fin placement, pectoral flippers, peduncle and horizontal flukes.","Add a longer mottled body and reduced/absent dorsal fin identity. Strengthen real marine-mammal proportions: streamlined body, species-correct rostrum/head, dorsal fin placement, pectoral flippers, peduncle and horizontal flukes.",FAIL,PASS_WITH_POLISH -> HOLD
Grayling,Grayling,PASS,PASS_WITH_POLISH,PASS,POLISH,POLISH,POLISH,POLISH,POLISH,"Broad family anatomy is usable, but the portrait still shares simplified global body templates and should retain stronger species markers.",MEDIUM,,"No critical routing, clipping, eye, or life-stage issue found in the full-size visual pass. Recognizable within the established stylized family language.",False,Grayling.png,440,440,RGBA,1a578deab744a6f321b6f5ed134e84b4b2f3e0890872a6c0dbba5471c811631b,,PASS_WITH_POLISH,Salmon-like fish,HOLD,,"The portrait relies on a generic torpedo fish. Correct body depth, head/mouth position, dorsal/anal/pectoral fin shape, caudal fin, markings and any diagnostic appendage.","No critical routing, clipping, eye, or life-stage issue found in the full-size visual pass. Recognizable within the established stylized family language. The portrait relies on a generic torpedo fish. Correct body depth, head/mouth position, dorsal/anal/pectoral fin shape, caudal fin, markings and any diagnostic appendage.",FAIL,PASS_WITH_POLISH -> HOLD
Great_White_Shark,Great White Shark,PASS,PASS_WITH_POLISH,PASS,POLISH,POLISH,POLISH,POLISH,POLISH,"Broad family anatomy is usable, but the portrait still shares simplified global body templates and should retain stronger species markers.",MEDIUM,,"No critical routing, clipping, eye, or life-stage issue found in the full-size visual pass. Recognizable within the established stylized family language.",False,Great_White_Shark.png,440,440,RGBA,bc7b63d8a61df20908a371d311ee53d5800c45e9fa00e04e7f1866efa052d33e,,PASS_WITH_POLISH,Sharks,HOLD,,"The portrait relies on a generic torpedo fish. Correct body depth, head/mouth position, dorsal/anal/pectoral fin shape, caudal fin, markings and any diagnostic appendage.","No critical routing, clipping, eye, or life-stage issue found in the full-size visual pass. Recognizable within the established stylized family language. The portrait relies on a generic torpedo fish. Correct body depth, head/mouth position, dorsal/anal/pectoral fin shape, caudal fin, markings and any diagnostic appendage.",FAIL,PASS_WITH_POLISH -> HOLD
Grebe,Grebe,PASS,PASS_WITH_POLISH,PASS,POLISH,POLISH,POLISH,POLISH,POLISH,"Broad family anatomy is usable, but the portrait still shares simplified global body templates and should retain stronger species markers.",MEDIUM,,"No critical routing, clipping, eye, or life-stage issue found in the full-size visual pass. Recognizable within the established stylized family language.",False,Grebe.png,440,440,RGBA,945864c5e4dfbba6a8a4ac5700edc4696e295366bcd5df338ad1fb354d2c2227,,PASS_WITH_POLISH,Other distinctive birds,HOLD,,"Broad family routing may be usable, but Grebe still needs an unlabeled silhouette check for body plan, head, eyes/sensory structures, appendages and rear/terminal anatomy.","No critical routing, clipping, eye, or life-stage issue found in the full-size visual pass. Recognizable within the established stylized family language. Broad family routing may be usable, but Grebe still needs an unlabeled silhouette check for body plan, head, eyes/sensory structures, appendages and rear/terminal anatomy.",FAIL,PASS_WITH_POLISH -> HOLD
Grizzly_Bear,Grizzly Bear,FAIL,FAIL,FAIL,FAIL,FAIL,PASS,FAIL,FAIL,FAIL,HIGH,,"Current pig-like body lacks the defining shoulder hump, powerful forelimbs, plantigrade paws, and bear skull.",True,Grizzly_Bear.png,440,440,RGBA,fd3a84f1e94c6b49c3bdac8e33f22cb8f7cd3aa1b929fa8e7601a57e5d1977ef,,FAIL,Bears,FAIL,,"Replace the pig/ungulate scaffold with a heavy plantigrade bear body: broad shoulders, thick torso, short tail, large paws, and ursid skull.","Current pig-like body lacks the defining shoulder hump, powerful forelimbs, plantigrade paws, and bear skull. Replace the pig/ungulate scaffold with a heavy plantigrade bear body: broad shoulders, thick torso, short tail, large paws, and ursid skull.",FAIL,UNCHANGED
Ground_Squirrel,Ground Squirrel,PASS,PASS_WITH_POLISH,PASS,POLISH,POLISH,POLISH,POLISH,POLISH,"Broad family anatomy is usable, but the portrait still shares simplified global body templates and should retain stronger species markers.",MEDIUM,,"No critical routing, clipping, eye, or life-stage issue found in the full-size visual pass. Recognizable within the established stylized family language.",False,Ground_Squirrel.png,440,440,RGBA,2b87d23dfb01ad4a35fd5fc899f6f8fcfc5607391ce185daa15d414d0539cf0a,,PASS_WITH_POLISH,Rodents,HOLD,,"Verify rodent/lagomorph skull, incisors/muzzle, fore/hind foot proportions, body posture and tail; several currently inherit the rabbit-like template.","No critical routing, clipping, eye, or life-stage issue found in the full-size visual pass. Recognizable within the established stylized family language. Verify rodent/lagomorph skull, incisors/muzzle, fore/hind foot proportions, body posture and tail; several currently inherit the rabbit-like template.",FAIL,PASS_WITH_POLISH -> HOLD
Grouper,Grouper,PASS,PASS_WITH_POLISH,PASS,POLISH,POLISH,POLISH,POLISH,POLISH,"Broad family anatomy is usable, but the portrait still shares simplified global body templates and should retain stronger species markers.",MEDIUM,,"No critical routing, clipping, eye, or life-stage issue found in the full-size visual pass. Recognizable within the established stylized family language.",False,Grouper.png,440,440,RGBA,75c14311377ca1364001357d47348f44fe447fff947f998e7f838b5b3c75c88a,,PASS_WITH_POLISH,Groupers and snappers,HOLD,,"Broad family routing may be usable, but Grouper still needs an unlabeled silhouette check for body plan, head, eyes/sensory structures, appendages and rear/terminal anatomy.","No critical routing, clipping, eye, or life-stage issue found in the full-size visual pass. Recognizable within the established stylized family language. Broad family routing may be usable, but Grouper still needs an unlabeled silhouette check for body plan, head, eyes/sensory structures, appendages and rear/terminal anatomy.",FAIL,PASS_WITH_POLISH -> HOLD
Grouse,Grouse,PASS,PASS_WITH_POLISH,PASS,POLISH,POLISH,POLISH,POLISH,POLISH,"Broad family anatomy is usable, but the portrait still shares simplified global body templates and should retain stronger species markers.",MEDIUM,,"No critical routing, clipping, eye, or life-stage issue found in the full-size visual pass. Recognizable within the established stylized family language.",False,Grouse.png,440,440,RGBA,6a9e0bfdbf6b5ed0954a4a387e49aafae37c8dfeb7e4a863b351f9b4f9a9d657,,PASS_WITH_POLISH,Gamebirds,HOLD,,"The named bird relies too heavily on the shared side-bird template. Correct the bill, neck, body depth, wing length, leg type, tail and crest/display structures for the species.","No critical routing, clipping, eye, or life-stage issue found in the full-size visual pass. Recognizable within the established stylized family language. The named bird relies too heavily on the shared side-bird template. Correct the bill, neck, body depth, wing length, leg type, tail and crest/display structures for the species.",FAIL,PASS_WITH_POLISH -> HOLD
Guillemot,Guillemot,PASS,PASS_WITH_POLISH,PASS,POLISH,POLISH,POLISH,POLISH,POLISH,"Broad family anatomy is usable, but the portrait still shares simplified global body templates and should retain stronger species markers.",MEDIUM,,"No critical routing, clipping, eye, or life-stage issue found in the full-size visual pass. Recognizable within the established stylized family language.",False,Guillemot.png,440,440,RGBA,3644e7094e4285af88f10e447926749486bf09408ab0bb78cf679562bc176d9f,,PASS_WITH_POLISH,Seabirds,HOLD,,"The named bird relies too heavily on the shared side-bird template. Correct the bill, neck, body depth, wing length, leg type, tail and crest/display structures for the species.","No critical routing, clipping, eye, or life-stage issue found in the full-size visual pass. Recognizable within the established stylized family language. The named bird relies too heavily on the shared side-bird template. Correct the bill, neck, body depth, wing length, leg type, tail and crest/display structures for the species.",FAIL,PASS_WITH_POLISH -> HOLD
Guinea_Pig,Guinea Pig,PASS,PASS_WITH_POLISH,PASS,POLISH,POLISH,POLISH,POLISH,POLISH,"Broad family anatomy is usable, but the portrait still shares simplified global body templates and should retain stronger species markers.",MEDIUM,,"No critical routing, clipping, eye, or life-stage issue found in the full-size visual pass. Recognizable within the established stylized family language.",False,Guinea_Pig.png,440,440,RGBA,bb8577d0bdd962b121a252f004c4376fd34673fb41160c740eda1ce3a70542b1,,PASS_WITH_POLISH,Rodents,HOLD,,"Verify rodent/lagomorph skull, incisors/muzzle, fore/hind foot proportions, body posture and tail; several currently inherit the rabbit-like template.","No critical routing, clipping, eye, or life-stage issue found in the full-size visual pass. Recognizable within the established stylized family language. Verify rodent/lagomorph skull, incisors/muzzle, fore/hind foot proportions, body posture and tail; several currently inherit the rabbit-like template.",FAIL,PASS_WITH_POLISH -> HOLD
Guineafowl,Guineafowl,PASS,PASS_WITH_POLISH,PASS,POLISH,POLISH,POLISH,POLISH,POLISH,"Broad family anatomy is usable, but the portrait still shares simplified global body templates and should retain stronger species markers.",MEDIUM,,"No critical routing, clipping, eye, or life-stage issue found in the full-size visual pass. Recognizable within the established stylized family language.",False,Guineafowl.png,440,440,RGBA,7d202006ac02b03bce49904e6c37d936542d401e358e45df5613c3e2a4f6a3a3,,PASS_WITH_POLISH,Gamebirds,HOLD,,"The named bird relies too heavily on the shared side-bird template. Correct the bill, neck, body depth, wing length, leg type, tail and crest/display structures for the species.","No critical routing, clipping, eye, or life-stage issue found in the full-size visual pass. Recognizable within the established stylized family language. The named bird relies too heavily on the shared side-bird template. Correct the bill, neck, body depth, wing length, leg type, tail and crest/display structures for the species.",FAIL,PASS_WITH_POLISH -> HOLD
Gull,Gull,PASS,PASS_WITH_POLISH,PASS,POLISH,POLISH,POLISH,POLISH,POLISH,"Broad family anatomy is usable, but the portrait still shares simplified global body templates and should retain stronger species markers.",MEDIUM,,"No critical routing, clipping, eye, or life-stage issue found in the full-size visual pass. Recognizable within the established stylized family language.",False,Gull.png,440,440,RGBA,2149af999147cc650cb6553bf250db7c6fa53de26157f79b488fa71d0b10af17,,PASS_WITH_POLISH,Seabirds,HOLD,,"The named bird relies too heavily on the shared side-bird template. Correct the bill, neck, body depth, wing length, leg type, tail and crest/display structures for the species.","No critical routing, clipping, eye, or life-stage issue found in the full-size visual pass. Recognizable within the established stylized family language. The named bird relies too heavily on the shared side-bird template. Correct the bill, neck, body depth, wing length, leg type, tail and crest/display structures for the species.",FAIL,PASS_WITH_POLISH -> HOLD
Gulper_Eel,Gulper Eel,PASS,PASS_WITH_POLISH,PASS,POLISH,POLISH,POLISH,POLISH,POLISH,"Broad family anatomy is usable, but the portrait still shares simplified global body templates and should retain stronger species markers.",MEDIUM,,"No critical routing, clipping, eye, or life-stage issue found in the full-size visual pass. Recognizable within the established stylized family language.",False,Gulper_Eel.png,440,440,RGBA,c2a5211897464b60e1cb2d8c134852ded1856ab1178e9c42c039637662842bd1,,PASS_WITH_POLISH,Eels,HOLD,,"Broad family routing may be usable, but Gulper Eel still needs an unlabeled silhouette check for body plan, head, eyes/sensory structures, appendages and rear/terminal anatomy.","No critical routing, clipping, eye, or life-stage issue found in the full-size visual pass. Recognizable within the established stylized family language. Broad family routing may be usable, but Gulper Eel still needs an unlabeled silhouette check for body plan, head, eyes/sensory structures, appendages and rear/terminal anatomy.",FAIL,PASS_WITH_POLISH -> HOLD
Haddock,Haddock,PASS,PASS_WITH_POLISH,PASS,POLISH,POLISH,POLISH,POLISH,POLISH,"Broad family anatomy is usable, but the portrait still shares simplified global body templates and should retain stronger species markers.",MEDIUM,,"No critical routing, clipping, eye, or life-stage issue found in the full-size visual pass. Recognizable within the established stylized family language.",False,Haddock.png,440,440,RGBA,a4518767f2aa7192182e9515db1d8f489a128667f8d1ff787d288db207783e08,,PASS_WITH_POLISH,Cod-like fish,HOLD,,"The portrait relies on a generic torpedo fish. Correct body depth, head/mouth position, dorsal/anal/pectoral fin shape, caudal fin, markings and any diagnostic appendage.","No critical routing, clipping, eye, or life-stage issue found in the full-size visual pass. Recognizable within the established stylized family language. The portrait relies on a generic torpedo fish. Correct body depth, head/mouth position, dorsal/anal/pectoral fin shape, caudal fin, markings and any diagnostic appendage.",FAIL,PASS_WITH_POLISH -> HOLD
Halibut,Halibut,PASS,PASS_WITH_POLISH,PASS,POLISH,POLISH,POLISH,POLISH,POLISH,"Broad family anatomy is usable, but the portrait still shares simplified global body templates and should retain stronger species markers.",HIGH,Flounder,"No critical routing, clipping, eye, or life-stage issue found in the full-size visual pass. Recognizable within the established stylized family language.",False,Halibut.png,440,440,RGBA,496616e7703979b982180369b78cefaf93b61ce18ea7558a7291848ab91d5e53,,PASS_WITH_POLISH,Flatfish,HOLD,,"The portrait relies on a generic torpedo fish. Correct body depth, head/mouth position, dorsal/anal/pectoral fin shape, caudal fin, markings and any diagnostic appendage.","No critical routing, clipping, eye, or life-stage issue found in the full-size visual pass. Recognizable within the established stylized family language. The portrait relies on a generic torpedo fish. Correct body depth, head/mouth position, dorsal/anal/pectoral fin shape, caudal fin, markings and any diagnostic appendage.",FAIL,PASS_WITH_POLISH -> HOLD
Hammerhead_Shark,Hammerhead Shark,FAIL,FAIL,FAIL,FAIL,FAIL,FAIL,FAIL,FAIL,FAIL,HIGH,,Current shark does not show the defining wide hammer-shaped cephalofoil and laterally placed eyes.,False,Hammerhead_Shark.png,440,440,RGBA,cc15d0f0187399afad8da4062892639dccc40b440ae36f7f9694c555f3727ea2,,FAIL,Sharks,FAIL,,"The portrait relies on a generic torpedo fish. Correct body depth, head/mouth position, dorsal/anal/pectoral fin shape, caudal fin, markings and any diagnostic appendage.","Current shark does not show the defining wide hammer-shaped cephalofoil and laterally placed eyes. The portrait relies on a generic torpedo fish. Correct body depth, head/mouth position, dorsal/anal/pectoral fin shape, caudal fin, markings and any diagnostic appendage.",FAIL,UNCHANGED
Hamster,Hamster,PASS,PASS_WITH_POLISH,PASS,POLISH,POLISH,POLISH,POLISH,POLISH,"Broad family anatomy is usable, but the portrait still shares simplified global body templates and should retain stronger species markers.",MEDIUM,,"No critical routing, clipping, eye, or life-stage issue found in the full-size visual pass. Recognizable within the established stylized family language.",False,Hamster.png,440,440,RGBA,ca5a2b28352c7fe132a9e8ef2b4c05a4e1788ad28c4e914b8b2ec5cfe283eb08,,PASS_WITH_POLISH,Rodents,HOLD,,"Verify rodent/lagomorph skull, incisors/muzzle, fore/hind foot proportions, body posture and tail; several currently inherit the rabbit-like template.","No critical routing, clipping, eye, or life-stage issue found in the full-size visual pass. Recognizable within the established stylized family language. Verify rodent/lagomorph skull, incisors/muzzle, fore/hind foot proportions, body posture and tail; several currently inherit the rabbit-like template.",FAIL,PASS_WITH_POLISH -> HOLD
Hare,Hare,PASS,PASS_WITH_POLISH,PASS,POLISH,POLISH,POLISH,POLISH,POLISH,"Broad family anatomy is usable, but the portrait still shares simplified global body templates and should retain stronger species markers.",MEDIUM,,"No critical routing, clipping, eye, or life-stage issue found in the full-size visual pass. Recognizable within the established stylized family language.",False,Hare.png,440,440,RGBA,1743efac1b38ba8a50a5cb38e2db83d20a91c3ffc092fc23088fe43c8f33371d,,PASS_WITH_POLISH,Rabbits and relatives,HOLD,,"Broad family routing may be usable, but Hare still needs an unlabeled silhouette check for body plan, head, eyes/sensory structures, appendages and rear/terminal anatomy.","No critical routing, clipping, eye, or life-stage issue found in the full-size visual pass. Recognizable within the established stylized family language. Broad family routing may be usable, but Hare still needs an unlabeled silhouette check for body plan, head, eyes/sensory structures, appendages and rear/terminal anatomy.",FAIL,PASS_WITH_POLISH -> HOLD
Harpy_Eagle,Harpy Eagle,FAIL,FAIL,FAIL,FAIL,FAIL,PASS,FAIL,FAIL,FAIL,HIGH,,"Current generic bird lacks a massive raptor head, crest, broad wings, thick legs, and oversized talons.",False,Harpy_Eagle.png,440,440,RGBA,c05a3627adc4ad6235deaeddb59165e021fa4611e7ac1d5a1e4144474b4854c7,,FAIL,Raptors and owls,FAIL,,"Replace the generic compact bird body with species-correct raptor mass, hooked bill, wing proportions, talons, tail and head/crest.","Current generic bird lacks a massive raptor head, crest, broad wings, thick legs, and oversized talons. Replace the generic compact bird body with species-correct raptor mass, hooked bill, wing proportions, talons, tail and head/crest.",FAIL,UNCHANGED
Hartebeest,Hartebeest,PASS,PASS_WITH_POLISH,PASS,POLISH,POLISH,POLISH,POLISH,POLISH,"Broad family anatomy is usable, but the portrait still shares simplified global body templates and should retain stronger species markers.",MEDIUM,,"No critical routing, clipping, eye, or life-stage issue found in the full-size visual pass. Recognizable within the established stylized family language.",True,Hartebeest.png,440,440,RGBA,de4b32b8790b8a97872c2f35f43689a5955c34462b29733fdb4f17b908093238,,PASS_WITH_POLISH,Cattle and bovids,HOLD,,"The ungulate base is usable, but the named species must have correct horn/antler geometry, neck, shoulder/croup mass, leg length, hooves, head and tail.","No critical routing, clipping, eye, or life-stage issue found in the full-size visual pass. Recognizable within the established stylized family language. The ungulate base is usable, but the named species must have correct horn/antler geometry, neck, shoulder/croup mass, leg length, hooves, head and tail.",FAIL,PASS_WITH_POLISH -> HOLD
Harvestman,Harvestman,PASS,PASS_WITH_POLISH,PASS,POLISH,POLISH,POLISH,POLISH,POLISH,"Broad family anatomy is usable, but the portrait still shares simplified global body templates and should retain stronger species markers.",MEDIUM,,"No critical routing, clipping, eye, or life-stage issue found in the full-size visual pass. Recognizable within the established stylized family language.",False,Harvestman.png,440,440,RGBA,fa58572978c7b98379f9d60ca967c3b8cfe8997b8612112a79cf10b966d34095,,PASS_WITH_POLISH,Ice and cave insects,HOLD,,"Use correct insect anatomy: distinct head/thorax/abdomen, six articulated legs, correct wing count and attachment, antennae, mouthparts and species-specific shell/body proportions.","No critical routing, clipping, eye, or life-stage issue found in the full-size visual pass. Recognizable within the established stylized family language. Use correct insect anatomy: distinct head/thorax/abdomen, six articulated legs, correct wing count and attachment, antennae, mouthparts and species-specific shell/body proportions.",FAIL,PASS_WITH_POLISH -> HOLD
Hawk,Hawk,PASS,PASS_WITH_POLISH,PASS,POLISH,POLISH,POLISH,POLISH,POLISH,"Broad family anatomy is usable, but the portrait still shares simplified global body templates and should retain stronger species markers.",HIGH,Osprey,"No critical routing, clipping, eye, or life-stage issue found in the full-size visual pass. Recognizable within the established stylized family language.",False,Hawk.png,440,440,RGBA,be6c23306750f2c452ac3f020926bd3ac2ac2075a6d05b2696b9ed247e8fa1cb,,PASS_WITH_POLISH,Birds of prey,HOLD,,"Replace the generic compact bird body with species-correct raptor mass, hooked bill, wing proportions, talons, tail and head/crest.","No critical routing, clipping, eye, or life-stage issue found in the full-size visual pass. Recognizable within the established stylized family language. Replace the generic compact bird body with species-correct raptor mass, hooked bill, wing proportions, talons, tail and head/crest.",FAIL,PASS_WITH_POLISH -> HOLD
Hedgehog,Hedgehog,PASS,PASS_WITH_POLISH,PASS,POLISH,POLISH,POLISH,POLISH,POLISH,"Broad family anatomy is usable, but the portrait still shares simplified global body templates and should retain stronger species markers.",MEDIUM,,"No critical routing, clipping, eye, or life-stage issue found in the full-size visual pass. Recognizable within the established stylized family language.",False,Hedgehog.png,440,440,RGBA,8b7c324ef885738c2ac680fefa12037deb2c2c4223b7d4ee4ef66357411dd63e,,PASS_WITH_POLISH,Insect-eating and burrowing mammals,HOLD,,"Use correct insect anatomy: distinct head/thorax/abdomen, six articulated legs, correct wing count and attachment, antennae, mouthparts and species-specific shell/body proportions.","No critical routing, clipping, eye, or life-stage issue found in the full-size visual pass. Recognizable within the established stylized family language. Use correct insect anatomy: distinct head/thorax/abdomen, six articulated legs, correct wing count and attachment, antennae, mouthparts and species-specific shell/body proportions.",FAIL,PASS_WITH_POLISH -> HOLD
Hermit_Crab,Hermit Crab,PASS,PASS_WITH_POLISH,PASS,POLISH,POLISH,POLISH,POLISH,POLISH,"Broad family anatomy is usable, but the portrait still shares simplified global body templates and should retain stronger species markers.",MEDIUM,,"No critical routing, clipping, eye, or life-stage issue found in the full-size visual pass. Recognizable within the established stylized family language.",False,Hermit_Crab.png,440,440,RGBA,89f19c0d837b432e05d30ab08b31233a0fba2986ca369f038d0bfc96b4258e20,,PASS_WITH_POLISH,Ice and cave insects,HOLD,,"Use correct insect anatomy: distinct head/thorax/abdomen, six articulated legs, correct wing count and attachment, antennae, mouthparts and species-specific shell/body proportions.","No critical routing, clipping, eye, or life-stage issue found in the full-size visual pass. Recognizable within the established stylized family language. Use correct insect anatomy: distinct head/thorax/abdomen, six articulated legs, correct wing count and attachment, antennae, mouthparts and species-specific shell/body proportions.",FAIL,PASS_WITH_POLISH -> HOLD
Heron,Heron,PASS,PASS_WITH_POLISH,PASS,POLISH,POLISH,POLISH,POLISH,POLISH,"Broad family anatomy is usable, but the portrait still shares simplified global body templates and should retain stronger species markers.",MEDIUM,,"No critical routing, clipping, eye, or life-stage issue found in the full-size visual pass. Recognizable within the established stylized family language.",False,Heron.png,440,440,RGBA,108944e78b803ef1084cbe5aea0cca337432be4eb5227f99ef4ec550f0362845,,PASS_WITH_POLISH,Herons and wetland birds,HOLD,,"Keep the wader family but correct the exact bill geometry, neck length, leg/foot proportions, body depth and tail for the named species.","No critical routing, clipping, eye, or life-stage issue found in the full-size visual pass. Recognizable within the established stylized family language. Keep the wader family but correct the exact bill geometry, neck length, leg/foot proportions, body depth and tail for the named species.",FAIL,PASS_WITH_POLISH -> HOLD
Herring,Herring,PASS,PASS_WITH_POLISH,PASS,POLISH,POLISH,POLISH,POLISH,POLISH,"Broad family anatomy is usable, but the portrait still shares simplified global body templates and should retain stronger species markers.",MEDIUM,,"No critical routing, clipping, eye, or life-stage issue found in the full-size visual pass. Recognizable within the established stylized family language.",False,Herring.png,440,440,RGBA,d6aad08e06828e1873bc8f1d6c7287be1b426b1552f2c523a77f6f4a309dad0f,,PASS_WITH_POLISH,Schooling ocean fish,HOLD,,"The portrait relies on a generic torpedo fish. Correct body depth, head/mouth position, dorsal/anal/pectoral fin shape, caudal fin, markings and any diagnostic appendage.","No critical routing, clipping, eye, or life-stage issue found in the full-size visual pass. Recognizable within the established stylized family language. The portrait relies on a generic torpedo fish. Correct body depth, head/mouth position, dorsal/anal/pectoral fin shape, caudal fin, markings and any diagnostic appendage.",FAIL,PASS_WITH_POLISH -> HOLD
Hippopotamus,Hippopotamus,PASS,PASS_WITH_POLISH,PASS,POLISH,POLISH,POLISH,POLISH,POLISH,"Broad family anatomy is usable, but the portrait still shares simplified global body templates and should retain stronger species markers.",MEDIUM,,"No critical routing, clipping, eye, or life-stage issue found in the full-size visual pass. Recognizable within the established stylized family language.",True,Hippopotamus.png,440,440,RGBA,7872de629acde99055215a545d4890bdcc064c2a254b4a0af8e8734fa34e7410,,PASS_WITH_POLISH,Hippopotamuses,HOLD,,"Broad family routing may be usable, but Hippopotamus still needs an unlabeled silhouette check for body plan, head, eyes/sensory structures, appendages and rear/terminal anatomy.","No critical routing, clipping, eye, or life-stage issue found in the full-size visual pass. Recognizable within the established stylized family language. Broad family routing may be usable, but Hippopotamus still needs an unlabeled silhouette check for body plan, head, eyes/sensory structures, appendages and rear/terminal anatomy.",FAIL,PASS_WITH_POLISH -> HOLD
Hoatzin,Hoatzin,FAIL,FAIL,FAIL,FAIL,FAIL,PASS,FAIL,FAIL,FAIL,HIGH,,"Current generic bird lacks a prominent crest, long tail, heavy crop, and clawed-young lineage cues.",False,Hoatzin.png,440,440,RGBA,16094dab242788a814e30a352b3a70264fac3f35a165c37de49a0d2212302d6f,,FAIL,Other birds,FAIL,,"The named bird relies too heavily on the shared side-bird template. Correct the bill, neck, body depth, wing length, leg type, tail and crest/display structures for the species.","Current generic bird lacks a prominent crest, long tail, heavy crop, and clawed-young lineage cues. The named bird relies too heavily on the shared side-bird template. Correct the bill, neck, body depth, wing length, leg type, tail and crest/display structures for the species.",FAIL,UNCHANGED
Honeybee,Honeybee,FAIL,FAIL,FAIL,FAIL,FAIL,PASS,FAIL,FAIL,FAIL,HIGH,,"Current bead-like insect lacks wings, fuzzy thorax, striped abdomen, six legs, and pollen structures.",False,Honeybee.png,440,440,RGBA,00b511bd96cf3da8189147b19887dfb0a9081cee1d16903fe5995ee6a37f6dec,,FAIL,Bees,FAIL,,"Use correct insect anatomy: distinct head/thorax/abdomen, six articulated legs, correct wing count and attachment, antennae, mouthparts and species-specific shell/body proportions.","Current bead-like insect lacks wings, fuzzy thorax, striped abdomen, six legs, and pollen structures. Use correct insect anatomy: distinct head/thorax/abdomen, six articulated legs, correct wing count and attachment, antennae, mouthparts and species-specific shell/body proportions.",FAIL,UNCHANGED
Hornbill,Hornbill,PASS,PASS_WITH_POLISH,PASS,POLISH,POLISH,POLISH,POLISH,POLISH,"Broad family anatomy is usable, but the portrait still shares simplified global body templates and should retain stronger species markers.",MEDIUM,,"No critical routing, clipping, eye, or life-stage issue found in the full-size visual pass. Recognizable within the established stylized family language.",False,Hornbill.png,440,440,RGBA,f5adf43fd0f8680d00123cad6e24ca22978223a3d9666487c6be29d7d7096e11,,PASS_WITH_POLISH,Tropical display birds,HOLD,,"Broad family routing may be usable, but Hornbill still needs an unlabeled silhouette check for body plan, head, eyes/sensory structures, appendages and rear/terminal anatomy.","No critical routing, clipping, eye, or life-stage issue found in the full-size visual pass. Recognizable within the established stylized family language. Broad family routing may be usable, but Hornbill still needs an unlabeled silhouette check for body plan, head, eyes/sensory structures, appendages and rear/terminal anatomy.",FAIL,PASS_WITH_POLISH -> HOLD
Horned_Lizard,Horned Lizard,FAIL,FAIL,FAIL,FAIL,FAIL,PASS,FAIL,FAIL,FAIL,HIGH,,"Current rounded lizard does not show a broad flattened torso, cranial horns, lateral spines, and short tail.",True,Horned_Lizard.png,440,440,RGBA,9b7aac3d282ba0209c497ca7fecbf8ea6dec91a54b13bd799cd8a7b704e07b17,,FAIL,Specialized lizards,FAIL,,"Verify skull/head profile, limb state, body thickness, scale texture, tail and any crest/frill/horn; do not rely on color alone.","Current rounded lizard does not show a broad flattened torso, cranial horns, lateral spines, and short tail. Verify skull/head profile, limb state, body thickness, scale texture, tail and any crest/frill/horn; do not rely on color alone.",FAIL,UNCHANGED
Horse,Horse,FAIL,FAIL,FAIL,FAIL,FAIL,PASS,FAIL,FAIL,FAIL,HIGH,,"Current deer-like torso and rabbit ears do not read equine. Add a long equine head, mane, deep chest, horse legs/hooves, and flowing tail.",True,Horse.png,440,440,RGBA,e91632032ac22f9e8e32c6524c122e6f78f3055c8146587df7888ace27636644,,FAIL,Horses and relatives,FAIL,,"Use a dedicated equid scaffold: deep barrel torso, withers, sloped shoulder, muscular croup, long wedge-shaped head, articulated knees/hocks/fetlocks, hooves, mane, and flowing or tufted tail.","Current deer-like torso and rabbit ears do not read equine. Add a long equine head, mane, deep chest, horse legs/hooves, and flowing tail. Use a dedicated equid scaffold: deep barrel torso, withers, sloped shoulder, muscular croup, long wedge-shaped head, articulated knees/hocks/fetlocks, hooves, mane, and flowing or tufted tail.",FAIL,UNCHANGED
Horseshoe_Crab,Horseshoe Crab,PASS,PASS,PASS,PASS,PASS,PASS,PASS,PASS,All major regions and defining features are readable at the current stylized scale.,LOW,,Broad domed carapace and long rigid telson are clearly present.,True,Horseshoe_Crab.png,440,440,RGBA,fd0267b89bae554df3152acd163c1e039adcafa60cebd9deacd9ac26adf21be2,,PASS,Ice and cave insects,PASS,,"Use correct insect anatomy: distinct head/thorax/abdomen, six articulated legs, correct wing count and attachment, antennae, mouthparts and species-specific shell/body proportions.",PASS — Leave alone at the current stylized resolution. Major body regions and defining silhouette are sufficiently represented.,PASS,UNCHANGED
Howler_Monkey,Howler Monkey,PASS,PASS_WITH_POLISH,PASS,POLISH,POLISH,POLISH,POLISH,POLISH,"Broad family anatomy is usable, but the portrait still shares simplified global body templates and should retain stronger species markers.",MEDIUM,,"No critical routing, clipping, eye, or life-stage issue found in the full-size visual pass. Recognizable within the established stylized family language.",False,Howler_Monkey.png,440,440,RGBA,1e47b756152580df0a76d2e1dbb990b580000344e3b115953eed77e2dbd28924,,PASS_WITH_POLISH,Primates,HOLD,,"Verify torso posture, arm/leg ratio, hands/feet, face shape and tail state for the named primate.","No critical routing, clipping, eye, or life-stage issue found in the full-size visual pass. Recognizable within the established stylized family language. Verify torso posture, arm/leg ratio, hands/feet, face shape and tail state for the named primate.",FAIL,PASS_WITH_POLISH -> HOLD
Hummingbird,Hummingbird,PASS,PASS_WITH_POLISH,PASS,POLISH,POLISH,POLISH,POLISH,POLISH,"Broad family anatomy is usable, but the portrait still shares simplified global body templates and should retain stronger species markers.",HIGH,Brine_Shrimp | Fairy_Shrimp | Goby | Lanternfish,"No critical routing, clipping, eye, or life-stage issue found in the full-size visual pass. Recognizable within the established stylized family language.",False,Hummingbird.png,440,440,RGBA,1f0ba87aa908d47136dababe1e7cea72aac72692eb50dc085b06baf28d93d9b6,,PASS_WITH_POLISH,Hummingbirds and nectar birds,HOLD,,"Broad family routing may be usable, but Hummingbird still needs an unlabeled silhouette check for body plan, head, eyes/sensory structures, appendages and rear/terminal anatomy.","No critical routing, clipping, eye, or life-stage issue found in the full-size visual pass. Recognizable within the established stylized family language. Broad family routing may be usable, but Hummingbird still needs an unlabeled silhouette check for body plan, head, eyes/sensory structures, appendages and rear/terminal anatomy.",FAIL,PASS_WITH_POLISH -> HOLD
Humpback_Whale,Humpback Whale,FAIL,FAIL,FAIL,FAIL,FAIL,PASS,FAIL,FAIL,FAIL,LOW,,"Add long pectoral fins, knobbly head, and a more elongated whale body.",True,Humpback_Whale.png,440,440,RGBA,a1ff4f266fd016345b9bbc1d53861dc575f251f0d51822532ebfdf73468471f2,,FAIL,Marine mammals,FAIL,,"Strengthen real marine-mammal proportions: streamlined body, species-correct rostrum/head, dorsal fin placement, pectoral flippers, peduncle and horizontal flukes.","Add long pectoral fins, knobbly head, and a more elongated whale body. Strengthen real marine-mammal proportions: streamlined body, species-correct rostrum/head, dorsal fin placement, pectoral flippers, peduncle and horizontal flukes.",FAIL,UNCHANGED
Hyena,Hyena,FAIL,FAIL,FAIL,FAIL,FAIL,PASS,FAIL,FAIL,FAIL,HIGH,,"Current deer/cat scaffold lacks heavy forequarters, sloping back, large head, short rear, and hyena feet.",True,Hyena.png,440,440,RGBA,92aec2b7d3b15603e246fb1bb8f309ff4a10a7ef31cb1f448e6cd4448ebaf413,,FAIL,Other or uncertain,FAIL,,"Broad family routing may be usable, but Hyena still needs an unlabeled silhouette check for body plan, head, eyes/sensory structures, appendages and rear/terminal anatomy.","Current deer/cat scaffold lacks heavy forequarters, sloping back, large head, short rear, and hyena feet. Broad family routing may be usable, but Hyena still needs an unlabeled silhouette check for body plan, head, eyes/sensory structures, appendages and rear/terminal anatomy.",FAIL,UNCHANGED
Hyrax,Hyrax,PASS,PASS_WITH_POLISH,PASS,POLISH,POLISH,POLISH,POLISH,POLISH,"Broad family anatomy is usable, but the portrait still shares simplified global body templates and should retain stronger species markers.",MEDIUM,,"No critical routing, clipping, eye, or life-stage issue found in the full-size visual pass. Recognizable within the established stylized family language.",True,Hyrax.png,440,440,RGBA,3377c5bad8d2938c45ea5a97302d24d5b85ceebc9fe6395cf5812088cfc97bdc,,PASS_WITH_POLISH,Elephants and relatives,HOLD,,"Use correct insect anatomy: distinct head/thorax/abdomen, six articulated legs, correct wing count and attachment, antennae, mouthparts and species-specific shell/body proportions.","No critical routing, clipping, eye, or life-stage issue found in the full-size visual pass. Recognizable within the established stylized family language. Use correct insect anatomy: distinct head/thorax/abdomen, six articulated legs, correct wing count and attachment, antennae, mouthparts and species-specific shell/body proportions.",FAIL,PASS_WITH_POLISH -> HOLD
Ibex,Ibex,PASS,PASS_WITH_POLISH,PASS,POLISH,POLISH,POLISH,POLISH,POLISH,"Broad family anatomy is usable, but the portrait still shares simplified global body templates and should retain stronger species markers.",MEDIUM,,"No critical routing, clipping, eye, or life-stage issue found in the full-size visual pass. Recognizable within the established stylized family language.",True,Ibex.png,440,440,RGBA,141c4d10f3131b63c9e75c15d0c457f02075d268a7e57b2eb7089d3002f7a0d6,,PASS_WITH_POLISH,Sheep and goats,HOLD,,"The ungulate base is usable, but the named species must have correct horn/antler geometry, neck, shoulder/croup mass, leg length, hooves, head and tail.","No critical routing, clipping, eye, or life-stage issue found in the full-size visual pass. Recognizable within the established stylized family language. The ungulate base is usable, but the named species must have correct horn/antler geometry, neck, shoulder/croup mass, leg length, hooves, head and tail.",FAIL,PASS_WITH_POLISH -> HOLD
Ibis,Ibis,PASS,PASS_WITH_POLISH,PASS,POLISH,POLISH,PASS,POLISH,POLISH,"Broad family anatomy is usable, but the portrait still shares simplified global body templates and should retain stronger species markers.",MEDIUM,,Add long down-curved bill and long legs.,False,Ibis.png,440,440,RGBA,8f25201d118543a6c8c50309c7fca05ca66886eeb6b09f3ef2b54092ffcac70f,,PASS_WITH_POLISH,Herons and wetland birds,HOLD,,"Keep the wader family but correct the exact bill geometry, neck length, leg/foot proportions, body depth and tail for the named species.","Add long down-curved bill and long legs. Keep the wader family but correct the exact bill geometry, neck length, leg/foot proportions, body depth and tail for the named species.",FAIL,PASS_WITH_POLISH -> HOLD
Ice_Worm,Ice Worm,PASS,PASS_WITH_POLISH,PASS,POLISH,POLISH,POLISH,POLISH,POLISH,"Broad family anatomy is usable, but the portrait still shares simplified global body templates and should retain stronger species markers.",MEDIUM,,"No critical routing, clipping, eye, or life-stage issue found in the full-size visual pass. Recognizable within the established stylized family language.",False,Ice_Worm.png,440,440,RGBA,b73c48426eddd645e1443e0bd25993bac8239463ad71d373553ed9d0be80a0b9,,PASS_WITH_POLISH,Worm-like animals,HOLD,,"Broad family routing may be usable, but Ice Worm still needs an unlabeled silhouette check for body plan, head, eyes/sensory structures, appendages and rear/terminal anatomy.","No critical routing, clipping, eye, or life-stage issue found in the full-size visual pass. Recognizable within the established stylized family language. Broad family routing may be usable, but Ice Worm still needs an unlabeled silhouette check for body plan, head, eyes/sensory structures, appendages and rear/terminal anatomy.",FAIL,PASS_WITH_POLISH -> HOLD
Icefish,Icefish,PASS,PASS_WITH_POLISH,PASS,POLISH,POLISH,POLISH,POLISH,POLISH,"Broad family anatomy is usable, but the portrait still shares simplified global body templates and should retain stronger species markers.",MEDIUM,,"No critical routing, clipping, eye, or life-stage issue found in the full-size visual pass. Recognizable within the established stylized family language.",False,Icefish.png,440,440,RGBA,209fc71eb94186bac1d10e25851ff363e16b328097ecd89058c509646b1ac5c4,,PASS_WITH_POLISH,Other or uncertain,HOLD,,"Broad family routing may be usable, but Icefish still needs an unlabeled silhouette check for body plan, head, eyes/sensory structures, appendages and rear/terminal anatomy.","No critical routing, clipping, eye, or life-stage issue found in the full-size visual pass. Recognizable within the established stylized family language. Broad family routing may be usable, but Icefish still needs an unlabeled silhouette check for body plan, head, eyes/sensory structures, appendages and rear/terminal anatomy.",FAIL,PASS_WITH_POLISH -> HOLD
Iguana,Iguana,PASS,PASS_WITH_POLISH,PASS,POLISH,POLISH,POLISH,POLISH,POLISH,"Broad family anatomy is usable, but the portrait still shares simplified global body templates and should retain stronger species markers.",MEDIUM,,"No critical routing, clipping, eye, or life-stage issue found in the full-size visual pass. Recognizable within the established stylized family language.",True,Iguana.png,440,440,RGBA,15f39468468b3d0c2bfd6ba666844f6f576515a84ca1e403d7ea477bd153f1bb,,PASS_WITH_POLISH,Large lizards,HOLD,,"Verify skull/head profile, limb state, body thickness, scale texture, tail and any crest/frill/horn; do not rely on color alone.","No critical routing, clipping, eye, or life-stage issue found in the full-size visual pass. Recognizable within the established stylized family language. Verify skull/head profile, limb state, body thickness, scale texture, tail and any crest/frill/horn; do not rely on color alone.",FAIL,PASS_WITH_POLISH -> HOLD
Impala,Impala,PASS,PASS_WITH_POLISH,PASS,POLISH,POLISH,POLISH,POLISH,POLISH,"Broad family anatomy is usable, but the portrait still shares simplified global body templates and should retain stronger species markers.",MEDIUM,,"No critical routing, clipping, eye, or life-stage issue found in the full-size visual pass. Recognizable within the established stylized family language.",True,Impala.png,440,440,RGBA,82cafacd73cb4aa53f5d2a85082be8dbff80524978e506efb65d8dc45daed627,,PASS_WITH_POLISH,Cattle and bovids,HOLD,,"The ungulate base is usable, but the named species must have correct horn/antler geometry, neck, shoulder/croup mass, leg length, hooves, head and tail.","No critical routing, clipping, eye, or life-stage issue found in the full-size visual pass. Recognizable within the established stylized family language. The ungulate base is usable, but the named species must have correct horn/antler geometry, neck, shoulder/croup mass, leg length, hooves, head and tail.",FAIL,PASS_WITH_POLISH -> HOLD
Insect-Eating_Bat,Insect Eating Bat,FAIL,BLOCKER,FAIL,FAIL,FAIL,FAIL,FAIL,FAIL,FAIL,LOW,,"Wrong biological class: the portrait is an insect rather than a bat. Route to a mammalian bat rig with paired wings, ears, eyes, and hind limbs.",False,Insect-Eating_Bat.png,440,440,RGBA,99b65fa8142a5dda78df1cb452f4b9380bc116e8c4097a2bea40d2ecf08a744d,,BLOCKER,Flying mammals,BLOCKER,,"Broad family routing may be usable, but Insect Eating Bat still needs an unlabeled silhouette check for body plan, head, eyes/sensory structures, appendages and rear/terminal anatomy.","Wrong biological class: the portrait is an insect rather than a bat. Route to a mammalian bat rig with paired wings, ears, eyes, and hind limbs. Broad family routing may be usable, but Insect Eating Bat still needs an unlabeled silhouette check for body plan, head, eyes/sensory structures, appendages and rear/terminal anatomy.",FAIL,UNCHANGED
Isopod,Isopod,FAIL,FAIL,FAIL,FAIL,FAIL,PASS,FAIL,FAIL,FAIL,HIGH,,Current shrimp-like form lacks the flattened segmented isopod body and repeated similar walking legs.,False,Isopod.png,440,440,RGBA,2ae7ef82e6b1a10f11afd5928198d773759f3b823d04f1e00c87d9e8ea18cf4a,,FAIL,Ice and cave insects,FAIL,,"Use correct insect anatomy: distinct head/thorax/abdomen, six articulated legs, correct wing count and attachment, antennae, mouthparts and species-specific shell/body proportions.","Current shrimp-like form lacks the flattened segmented isopod body and repeated similar walking legs. Use correct insect anatomy: distinct head/thorax/abdomen, six articulated legs, correct wing count and attachment, antennae, mouthparts and species-specific shell/body proportions.",FAIL,UNCHANGED
Jackal,Jackal,FAIL,FAIL,FAIL,FAIL,FAIL,PASS,FAIL,FAIL,FAIL,HIGH,,"Current deer-like body lacks canine skull, paws, chest, and narrow jackal proportions.",True,Jackal.png,440,440,RGBA,c9d185dcdc1f3799d92cc2566ec1538d949bcf5b925105438d492309ba16c2f2,,FAIL,Dogs and dog-like mammals,FAIL,,"The catalog repeatedly uses a deer-like quadruped for canids. Use a deep canine chest, digitigrade paws/hocks, canine skull and muzzle, and a properly furred tail.","Current deer-like body lacks canine skull, paws, chest, and narrow jackal proportions. The catalog repeatedly uses a deer-like quadruped for canids. Use a deep canine chest, digitigrade paws/hocks, canine skull and muzzle, and a properly furred tail.",FAIL,UNCHANGED
Jackrabbit,Jackrabbit,PASS,PASS_WITH_POLISH,PASS,POLISH,POLISH,POLISH,POLISH,POLISH,"Broad family anatomy is usable, but the portrait still shares simplified global body templates and should retain stronger species markers.",MEDIUM,,"No critical routing, clipping, eye, or life-stage issue found in the full-size visual pass. Recognizable within the established stylized family language.",False,Jackrabbit.png,440,440,RGBA,10e330a3716b7edd170cfa74085fbc3b5369cb71714a6334476fcad83b2dddd2,,PASS_WITH_POLISH,Rabbits and relatives,HOLD,,"Broad family routing may be usable, but Jackrabbit still needs an unlabeled silhouette check for body plan, head, eyes/sensory structures, appendages and rear/terminal anatomy.","No critical routing, clipping, eye, or life-stage issue found in the full-size visual pass. Recognizable within the established stylized family language. Broad family routing may be usable, but Jackrabbit still needs an unlabeled silhouette check for body plan, head, eyes/sensory structures, appendages and rear/terminal anatomy.",FAIL,PASS_WITH_POLISH -> HOLD
Jaguar,Jaguar,FAIL,FAIL,FAIL,FAIL,FAIL,PASS,FAIL,FAIL,FAIL,HIGH,,"Current ungulate-like body lacks stocky feline shoulders, broad skull, paws, short powerful legs, and thick tail.",True,Jaguar.png,440,440,RGBA,6fba3241f30dd11e9df0adfb685aa738bcd2053deeeea2ba61ba73c62e7f94b6,,FAIL,Big cats,FAIL,,"The catalog repeatedly uses an ungulate-like torso and straight hoof-like legs for felids. Use a feline ribcage/shoulder line, digitigrade legs with paws, feline skull and muzzle, flexible spine, and species-correct tail.","Current ungulate-like body lacks stocky feline shoulders, broad skull, paws, short powerful legs, and thick tail. The catalog repeatedly uses an ungulate-like torso and straight hoof-like legs for felids. Use a feline ribcage/shoulder line, digitigrade legs with paws, feline skull and muzzle, flexible spine, and species-correct tail.",FAIL,UNCHANGED
Jay,Jay,PASS,PASS_WITH_POLISH,PASS,POLISH,POLISH,POLISH,POLISH,POLISH,"Broad family anatomy is usable, but the portrait still shares simplified global body templates and should retain stronger species markers.",MEDIUM,,"No critical routing, clipping, eye, or life-stage issue found in the full-size visual pass. Recognizable within the established stylized family language.",False,Jay.png,440,440,RGBA,6b95c641d8b3e65052e1dff6673d74b3c68ce3d050221aef4195ba2acd030f28,,PASS_WITH_POLISH,Corvids,HOLD,,"The named bird relies too heavily on the shared side-bird template. Correct the bill, neck, body depth, wing length, leg type, tail and crest/display structures for the species.","No critical routing, clipping, eye, or life-stage issue found in the full-size visual pass. Recognizable within the established stylized family language. The named bird relies too heavily on the shared side-bird template. Correct the bill, neck, body depth, wing length, leg type, tail and crest/display structures for the species.",FAIL,PASS_WITH_POLISH -> HOLD
Jellyfish,Jellyfish,PASS,PASS_WITH_POLISH,PASS,POLISH,POLISH,POLISH,POLISH,POLISH,"Broad family anatomy is usable, but the portrait still shares simplified global body templates and should retain stronger species markers.",MEDIUM,,"No critical routing, clipping, eye, or life-stage issue found in the full-size visual pass. Recognizable within the established stylized family language.",False,Jellyfish.png,440,440,RGBA,e1eab74cadaf97ff4584e124569989e9a5f4e753c7611c2d318ae83e47271581,,PASS_WITH_POLISH,Other mollusks,HOLD,,"Broad family routing may be usable, but Jellyfish still needs an unlabeled silhouette check for body plan, head, eyes/sensory structures, appendages and rear/terminal anatomy.","No critical routing, clipping, eye, or life-stage issue found in the full-size visual pass. Recognizable within the established stylized family language. Broad family routing may be usable, but Jellyfish still needs an unlabeled silhouette check for body plan, head, eyes/sensory structures, appendages and rear/terminal anatomy.",FAIL,PASS_WITH_POLISH -> HOLD
Jerboa,Jerboa,PASS,PASS_WITH_POLISH,PASS,POLISH,POLISH,POLISH,POLISH,POLISH,"Broad family anatomy is usable, but the portrait still shares simplified global body templates and should retain stronger species markers.",MEDIUM,,"No critical routing, clipping, eye, or life-stage issue found in the full-size visual pass. Recognizable within the established stylized family language.",False,Jerboa.png,440,440,RGBA,c7e39177d8ba8294753e00dd59751ba71e3ecb7ce3a56f2a6cd12d71ad53659c,,PASS_WITH_POLISH,Rodents,HOLD,,"Verify rodent/lagomorph skull, incisors/muzzle, fore/hind foot proportions, body posture and tail; several currently inherit the rabbit-like template.","No critical routing, clipping, eye, or life-stage issue found in the full-size visual pass. Recognizable within the established stylized family language. Verify rodent/lagomorph skull, incisors/muzzle, fore/hind foot proportions, body posture and tail; several currently inherit the rabbit-like template.",FAIL,PASS_WITH_POLISH -> HOLD
Juvenile_Shark,Juvenile Shark,PASS,PASS_WITH_POLISH,PASS,POLISH,POLISH,POLISH,POLISH,POLISH,"Broad family anatomy is usable, but the portrait still shares simplified global body templates and should retain stronger species markers.",MEDIUM,,"No critical routing, clipping, eye, or life-stage issue found in the full-size visual pass. Recognizable within the established stylized family language.",False,Juvenile_Shark.png,440,440,RGBA,ba7d8fec7832b8aa75f079b99fe0f0db6c73feab5c8e98bda935d3ce0a43a37c,,PASS_WITH_POLISH,Sharks,HOLD,,"The portrait relies on a generic torpedo fish. Correct body depth, head/mouth position, dorsal/anal/pectoral fin shape, caudal fin, markings and any diagnostic appendage.","No critical routing, clipping, eye, or life-stage issue found in the full-size visual pass. Recognizable within the established stylized family language. The portrait relies on a generic torpedo fish. Correct body depth, head/mouth position, dorsal/anal/pectoral fin shape, caudal fin, markings and any diagnostic appendage.",FAIL,PASS_WITH_POLISH -> HOLD
Kakapo,Kakapo,FAIL,FAIL,FAIL,FAIL,FAIL,PASS,FAIL,FAIL,FAIL,HIGH,,"Current small flying-bird scaffold lacks a squat flightless parrot torso, owl-like face, heavy legs, and short wings.",False,Kakapo.png,440,440,RGBA,3e9bdd0390a2c92fc9b0fb0114e64911913bb631d093cdfd7eba415626f39be6,,FAIL,Flightless birds,FAIL,,"Use the species-specific flightless body: correct torso mass, neck length, vestigial wings/flippers, leg proportions, feet, tail and head ornaments.","Current small flying-bird scaffold lacks a squat flightless parrot torso, owl-like face, heavy legs, and short wings. Use the species-specific flightless body: correct torso mass, neck length, vestigial wings/flippers, leg proportions, feet, tail and head ornaments.",FAIL,UNCHANGED
Kangaroo,Kangaroo,PASS,PASS_WITH_POLISH,PASS,POLISH,POLISH,POLISH,POLISH,POLISH,"Broad family anatomy is usable, but the portrait still shares simplified global body templates and should retain stronger species markers.",MEDIUM,,"No critical routing, clipping, eye, or life-stage issue found in the full-size visual pass. Recognizable within the established stylized family language.",False,Kangaroo.png,440,440,RGBA,e6ce13d880154440247e54bc4942a81197b6518f47b2a2b0bf8228065ce36b4f,,PASS_WITH_POLISH,Marsupials,HOLD,,"Broad family routing may be usable, but Kangaroo still needs an unlabeled silhouette check for body plan, head, eyes/sensory structures, appendages and rear/terminal anatomy.","No critical routing, clipping, eye, or life-stage issue found in the full-size visual pass. Recognizable within the established stylized family language. Broad family routing may be usable, but Kangaroo still needs an unlabeled silhouette check for body plan, head, eyes/sensory structures, appendages and rear/terminal anatomy.",FAIL,PASS_WITH_POLISH -> HOLD
Kestrel,Kestrel,PASS,PASS_WITH_POLISH,PASS,POLISH,POLISH,POLISH,POLISH,POLISH,"Broad family anatomy is usable, but the portrait still shares simplified global body templates and should retain stronger species markers.",MEDIUM,,"No critical routing, clipping, eye, or life-stage issue found in the full-size visual pass. Recognizable within the established stylized family language.",False,Kestrel.png,440,440,RGBA,e326a0023fe0fb38f2eab6c247b2dd074c58efd4648f92a845c181e80cff65d1,,PASS_WITH_POLISH,Birds of prey,HOLD,,"Replace the generic compact bird body with species-correct raptor mass, hooked bill, wing proportions, talons, tail and head/crest.","No critical routing, clipping, eye, or life-stage issue found in the full-size visual pass. Recognizable within the established stylized family language. Replace the generic compact bird body with species-correct raptor mass, hooked bill, wing proportions, talons, tail and head/crest.",FAIL,PASS_WITH_POLISH -> HOLD
Killifish,Killifish,PASS,PASS_WITH_POLISH,PASS,POLISH,POLISH,POLISH,POLISH,POLISH,"Broad family anatomy is usable, but the portrait still shares simplified global body templates and should retain stronger species markers.",MEDIUM,,"No critical routing, clipping, eye, or life-stage issue found in the full-size visual pass. Recognizable within the established stylized family language.",False,Killifish.png,440,440,RGBA,d1290a5ed2790da3e3b1cb001a42c651ceddd570b6fa421a104a41357e2c1969,,PASS_WITH_POLISH,Surface and aquarium fish,HOLD,,"The portrait relies on a generic torpedo fish. Correct body depth, head/mouth position, dorsal/anal/pectoral fin shape, caudal fin, markings and any diagnostic appendage.","No critical routing, clipping, eye, or life-stage issue found in the full-size visual pass. Recognizable within the established stylized family language. The portrait relies on a generic torpedo fish. Correct body depth, head/mouth position, dorsal/anal/pectoral fin shape, caudal fin, markings and any diagnostic appendage.",FAIL,PASS_WITH_POLISH -> HOLD
King_Snake,King Snake,PASS,PASS_WITH_POLISH,PASS,POLISH,POLISH,POLISH,POLISH,POLISH,"Broad family anatomy is usable, but the portrait still shares simplified global body templates and should retain stronger species markers.",MEDIUM,,"No critical routing, clipping, eye, or life-stage issue found in the full-size visual pass. Recognizable within the established stylized family language.",False,King_Snake.png,440,440,RGBA,d0434d224717314f8ce9d4c78cacaefefa925d23a8451dbb3cbc8bf9f68ca6c8,,PASS_WITH_POLISH,Other snakes,HOLD,,"Verify skull/head profile, limb state, body thickness, scale texture, tail and any crest/frill/horn; do not rely on color alone.","No critical routing, clipping, eye, or life-stage issue found in the full-size visual pass. Recognizable within the established stylized family language. Verify skull/head profile, limb state, body thickness, scale texture, tail and any crest/frill/horn; do not rely on color alone.",FAIL,PASS_WITH_POLISH -> HOLD
Kingfisher,Kingfisher,PASS,PASS_WITH_POLISH,PASS,POLISH,POLISH,POLISH,POLISH,POLISH,"Broad family anatomy is usable, but the portrait still shares simplified global body templates and should retain stronger species markers.",MEDIUM,,"No critical routing, clipping, eye, or life-stage issue found in the full-size visual pass. Recognizable within the established stylized family language.",False,Kingfisher.png,440,440,RGBA,920839f7c40a84d5decc204a1e1a63d72f1465b81a148c1cc354a67d23d01af3,,PASS_WITH_POLISH,Kingfishers and relatives,HOLD,,"The portrait relies on a generic torpedo fish. Correct body depth, head/mouth position, dorsal/anal/pectoral fin shape, caudal fin, markings and any diagnostic appendage.","No critical routing, clipping, eye, or life-stage issue found in the full-size visual pass. Recognizable within the established stylized family language. The portrait relies on a generic torpedo fish. Correct body depth, head/mouth position, dorsal/anal/pectoral fin shape, caudal fin, markings and any diagnostic appendage.",FAIL,PASS_WITH_POLISH -> HOLD
Kinkajou,Kinkajou,FAIL,FAIL,FAIL,FAIL,FAIL,PASS,FAIL,FAIL,FAIL,HIGH,,"Current generic low mammal lacks round face, grasping feet, and long prehensile tail.",True,Kinkajou.png,440,440,RGBA,8e203043bde1dda93fcb628b3e028a4f1b07eecd8f4cd7af4207259d0b48417d,,FAIL,Raccoon-like mammals,FAIL,,"Use the correct low flexible carnivoran torso, pawed limbs, skull/muzzle, and species-specific tail instead of one shared long-body template.","Current generic low mammal lacks round face, grasping feet, and long prehensile tail. Use the correct low flexible carnivoran torso, pawed limbs, skull/muzzle, and species-specific tail instead of one shared long-body template.",FAIL,UNCHANGED
Kiwi,Kiwi,PASS,PASS,PASS,PASS,PASS,PASS,PASS,PASS,All major regions and defining features are readable at the current stylized scale.,LOW,,"Low round body, long bill, short legs, and flightless posture are now recognizable.",True,Kiwi.png,440,440,RGBA,12df003186d02718a86ee93a28acd93757558bb92f7be25e1a4c0d523d305e20,,PASS,Flightless birds,PASS,,"Use the species-specific flightless body: correct torso mass, neck length, vestigial wings/flippers, leg proportions, feet, tail and head ornaments.",PASS — Leave alone at the current stylized resolution. Major body regions and defining silhouette are sufficiently represented.,PASS,UNCHANGED
Knifefish,Knifefish,PASS,PASS_WITH_POLISH,PASS,POLISH,POLISH,POLISH,POLISH,POLISH,"Broad family anatomy is usable, but the portrait still shares simplified global body templates and should retain stronger species markers.",MEDIUM,,"No critical routing, clipping, eye, or life-stage issue found in the full-size visual pass. Recognizable within the established stylized family language.",False,Knifefish.png,440,440,RGBA,75d5d36c47914368be8b8fc46bd9f1299cd4a1ef1a84e50d7104b38b2981318b,,PASS_WITH_POLISH,Other or uncertain,HOLD,,"Broad family routing may be usable, but Knifefish still needs an unlabeled silhouette check for body plan, head, eyes/sensory structures, appendages and rear/terminal anatomy.","No critical routing, clipping, eye, or life-stage issue found in the full-size visual pass. Recognizable within the established stylized family language. Broad family routing may be usable, but Knifefish still needs an unlabeled silhouette check for body plan, head, eyes/sensory structures, appendages and rear/terminal anatomy.",FAIL,PASS_WITH_POLISH -> HOLD
Koala,Koala,PASS,PASS,PASS,PASS,PASS,PASS,PASS,PASS,All major regions and defining features are readable at the current stylized scale.,LOW,,Large ears/nose and tree-clinging posture now provide a clear koala read.,True,Koala.png,440,440,RGBA,2812501392072134455b731343181bb81de82fce079da09abcf2e6270d01e8f5,,PASS,Marsupials,PASS,,"Broad family routing may be usable, but Koala still needs an unlabeled silhouette check for body plan, head, eyes/sensory structures, appendages and rear/terminal anatomy.",PASS — Leave alone at the current stylized resolution. Major body regions and defining silhouette are sufficiently represented.,PASS,UNCHANGED
Komodo_Dragon,Komodo Dragon,FAIL,FAIL,FAIL,FAIL,FAIL,PASS,FAIL,FAIL,FAIL,HIGH,,"Current rounded salamander-like body lacks a heavy monitor-lizard torso, powerful limbs, broad head, and muscular tail.",True,Komodo_Dragon.png,440,440,RGBA,39692674128345d857e671e0f68c3e8be75eb16601354d1b323b354467738c77,,FAIL,Large lizards,FAIL,,"Verify skull/head profile, limb state, body thickness, scale texture, tail and any crest/frill/horn; do not rely on color alone.","Current rounded salamander-like body lacks a heavy monitor-lizard torso, powerful limbs, broad head, and muscular tail. Verify skull/head profile, limb state, body thickness, scale texture, tail and any crest/frill/horn; do not rely on color alone.",FAIL,UNCHANGED
Kookaburra,Kookaburra,FAIL,FAIL,FAIL,FAIL,FAIL,PASS,FAIL,FAIL,FAIL,LOW,,Add oversized kingfisher head and heavy bill; current generic bird silhouette is insufficient.,True,Kookaburra.png,440,440,RGBA,b6e2c8c362395596ca1cded3c11b6d620e441cb61a1836f061d958a1243c4477,,FAIL,Other birds,FAIL,,"The named bird relies too heavily on the shared side-bird template. Correct the bill, neck, body depth, wing length, leg type, tail and crest/display structures for the species.","Add oversized kingfisher head and heavy bill; current generic bird silhouette is insufficient. The named bird relies too heavily on the shared side-bird template. Correct the bill, neck, body depth, wing length, leg type, tail and crest/display structures for the species.",FAIL,UNCHANGED
Krill,Krill,PASS,PASS_WITH_POLISH,PASS,POLISH,POLISH,POLISH,POLISH,POLISH,"Broad family anatomy is usable, but the portrait still shares simplified global body templates and should retain stronger species markers.",MEDIUM,,"No critical routing, clipping, eye, or life-stage issue found in the full-size visual pass. Recognizable within the established stylized family language.",False,Krill.png,440,440,RGBA,6d9fce5f23ed59c08c5522139497f2554bca3e5c144f9419eb5028eb167bbca8,,PASS_WITH_POLISH,Ice and cave insects,HOLD,,"Use correct insect anatomy: distinct head/thorax/abdomen, six articulated legs, correct wing count and attachment, antennae, mouthparts and species-specific shell/body proportions.","No critical routing, clipping, eye, or life-stage issue found in the full-size visual pass. Recognizable within the established stylized family language. Use correct insect anatomy: distinct head/thorax/abdomen, six articulated legs, correct wing count and attachment, antennae, mouthparts and species-specific shell/body proportions.",FAIL,PASS_WITH_POLISH -> HOLD
Kudu,Kudu,PASS,PASS_WITH_POLISH,PASS,POLISH,POLISH,POLISH,POLISH,POLISH,"Broad family anatomy is usable, but the portrait still shares simplified global body templates and should retain stronger species markers.",MEDIUM,,"No critical routing, clipping, eye, or life-stage issue found in the full-size visual pass. Recognizable within the established stylized family language.",True,Kudu.png,440,440,RGBA,933340d1f4cab3a91d07a004b4a6d06120345cb109524e23f7aeb03221a10ef5,,PASS_WITH_POLISH,Cattle and bovids,HOLD,,"The ungulate base is usable, but the named species must have correct horn/antler geometry, neck, shoulder/croup mass, leg length, hooves, head and tail.","No critical routing, clipping, eye, or life-stage issue found in the full-size visual pass. Recognizable within the established stylized family language. The ungulate base is usable, but the named species must have correct horn/antler geometry, neck, shoulder/croup mass, leg length, hooves, head and tail.",FAIL,PASS_WITH_POLISH -> HOLD
Ladybug,Ladybug,PASS,PASS_WITH_POLISH,PASS,POLISH,POLISH,POLISH,POLISH,POLISH,"Broad family anatomy is usable, but the portrait still shares simplified global body templates and should retain stronger species markers.",HIGH,Carrion_Beetle | Dung_Beetle,"No critical routing, clipping, eye, or life-stage issue found in the full-size visual pass. Recognizable within the established stylized family language.",False,Ladybug.png,440,440,RGBA,7b915d708ce6be43af6d33106585207b5504cbaf2369e10cb2a1a9d9a065f9dc,,PASS_WITH_POLISH,Beetles,HOLD,,"Use correct insect anatomy: distinct head/thorax/abdomen, six articulated legs, correct wing count and attachment, antennae, mouthparts and species-specific shell/body proportions.","No critical routing, clipping, eye, or life-stage issue found in the full-size visual pass. Recognizable within the established stylized family language. Use correct insect anatomy: distinct head/thorax/abdomen, six articulated legs, correct wing count and attachment, antennae, mouthparts and species-specific shell/body proportions.",FAIL,PASS_WITH_POLISH -> HOLD
Lamprey,Lamprey,PASS,PASS,PASS,PASS,PASS,PASS,PASS,PASS,All major regions and defining features are readable at the current stylized scale.,LOW,,Circular sucker mouth and elongated jawless-fish body are clearly represented.,True,Lamprey.png,440,440,RGBA,a731ab8398a0cd91cbc480b52aadb19cea3796cdc2c04ae421c26701cc88e7f5,,PASS,Primitive fish,PASS,,"The portrait relies on a generic torpedo fish. Correct body depth, head/mouth position, dorsal/anal/pectoral fin shape, caudal fin, markings and any diagnostic appendage.",PASS — Leave alone at the current stylized resolution. Major body regions and defining silhouette are sufficiently represented.,PASS,UNCHANGED
Lancelet,Lancelet,PASS,PASS_WITH_POLISH,PASS,POLISH,POLISH,POLISH,POLISH,POLISH,"Broad family anatomy is usable, but the portrait still shares simplified global body templates and should retain stronger species markers.",MEDIUM,,"No critical routing, clipping, eye, or life-stage issue found in the full-size visual pass. Recognizable within the established stylized family language.",False,Lancelet.png,440,440,RGBA,84c87cdc53bcb59d552ec2c322f9bb47ea89804c0d2ad3edd9c2be1a2078e386,,PASS_WITH_POLISH,Worm-like animals,HOLD,,"Broad family routing may be usable, but Lancelet still needs an unlabeled silhouette check for body plan, head, eyes/sensory structures, appendages and rear/terminal anatomy.","No critical routing, clipping, eye, or life-stage issue found in the full-size visual pass. Recognizable within the established stylized family language. Broad family routing may be usable, but Lancelet still needs an unlabeled silhouette check for body plan, head, eyes/sensory structures, appendages and rear/terminal anatomy.",FAIL,PASS_WITH_POLISH -> HOLD
Land_Iguana,Land Iguana,PASS,PASS_WITH_POLISH,PASS,POLISH,POLISH,POLISH,POLISH,POLISH,"Broad family anatomy is usable, but the portrait still shares simplified global body templates and should retain stronger species markers.",MEDIUM,,"No critical routing, clipping, eye, or life-stage issue found in the full-size visual pass. Recognizable within the established stylized family language.",True,Land_Iguana.png,440,440,RGBA,a1c24f5015ede37f8af3e9e093dcfe41b7d62bc6f6a3fc81b14ef15d8db3c450,,PASS_WITH_POLISH,Lizards,HOLD,,"Verify skull/head profile, limb state, body thickness, scale texture, tail and any crest/frill/horn; do not rely on color alone.","No critical routing, clipping, eye, or life-stage issue found in the full-size visual pass. Recognizable within the established stylized family language. Verify skull/head profile, limb state, body thickness, scale texture, tail and any crest/frill/horn; do not rely on color alone.",FAIL,PASS_WITH_POLISH -> HOLD
Land_Snail,Land Snail,PASS,PASS_WITH_POLISH,PASS,POLISH,POLISH,POLISH,POLISH,POLISH,"Broad family anatomy is usable, but the portrait still shares simplified global body templates and should retain stronger species markers.",MEDIUM,,"No critical routing, clipping, eye, or life-stage issue found in the full-size visual pass. Recognizable within the established stylized family language.",False,Land_Snail.png,440,440,RGBA,7dd117cf0f50d409ed6903325c35ba9c819fa57e8f2d241bfeffa1034fa5a6c9,,PASS_WITH_POLISH,Gastropods,HOLD,,"Broad family routing may be usable, but Land Snail still needs an unlabeled silhouette check for body plan, head, eyes/sensory structures, appendages and rear/terminal anatomy.","No critical routing, clipping, eye, or life-stage issue found in the full-size visual pass. Recognizable within the established stylized family language. Broad family routing may be usable, but Land Snail still needs an unlabeled silhouette check for body plan, head, eyes/sensory structures, appendages and rear/terminal anatomy.",FAIL,PASS_WITH_POLISH -> HOLD
Langur,Langur,PASS,PASS_WITH_POLISH,PASS,POLISH,POLISH,POLISH,POLISH,POLISH,"Broad family anatomy is usable, but the portrait still shares simplified global body templates and should retain stronger species markers.",MEDIUM,,"No critical routing, clipping, eye, or life-stage issue found in the full-size visual pass. Recognizable within the established stylized family language.",False,Langur.png,440,440,RGBA,546455b01ee2b6a886a7d2f8b9f9d776ad41a7f1ca02860ba7c059080ae94263,,PASS_WITH_POLISH,Primates,HOLD,,"Verify torso posture, arm/leg ratio, hands/feet, face shape and tail state for the named primate.","No critical routing, clipping, eye, or life-stage issue found in the full-size visual pass. Recognizable within the established stylized family language. Verify torso posture, arm/leg ratio, hands/feet, face shape and tail state for the named primate.",FAIL,PASS_WITH_POLISH -> HOLD
Lanternfish,Lanternfish,PASS,PASS_WITH_POLISH,PASS,POLISH,POLISH,PASS,POLISH,POLISH,"Broad family anatomy is usable, but the portrait still shares simplified global body templates and should retain stronger species markers.",HIGH,Brine_Shrimp | Fairy_Shrimp | Goby | Hummingbird,Add visible photophores and a more characteristic deep-sea head/body.,False,Lanternfish.png,440,440,RGBA,d1b405cb1fe661e414a7bc93cd5b9c0e261637745866bf2220b9e1d643465525,,PASS_WITH_POLISH,Strange deep-sea fish,HOLD,,"The portrait relies on a generic torpedo fish. Correct body depth, head/mouth position, dorsal/anal/pectoral fin shape, caudal fin, markings and any diagnostic appendage.","Add visible photophores and a more characteristic deep-sea head/body. The portrait relies on a generic torpedo fish. Correct body depth, head/mouth position, dorsal/anal/pectoral fin shape, caudal fin, markings and any diagnostic appendage.",FAIL,PASS_WITH_POLISH -> HOLD
Lark,Lark,PASS,PASS_WITH_POLISH,PASS,POLISH,POLISH,POLISH,POLISH,POLISH,"Broad family anatomy is usable, but the portrait still shares simplified global body templates and should retain stronger species markers.",HIGH,Finch | Plover | Robin | Sparrow | Spider | Starling | Swallow | Swift | Tanager | Weaverbird,"No critical routing, clipping, eye, or life-stage issue found in the full-size visual pass. Recognizable within the established stylized family language.",False,Lark.png,440,440,RGBA,aa4ad2bff969f79e72a3263ed3dfe5ca5d2e7d657f543f8d9ee92e568ab3e57c,,PASS_WITH_POLISH,Songbirds,HOLD,,"The named bird relies too heavily on the shared side-bird template. Correct the bill, neck, body depth, wing length, leg type, tail and crest/display structures for the species.","No critical routing, clipping, eye, or life-stage issue found in the full-size visual pass. Recognizable within the established stylized family language. The named bird relies too heavily on the shared side-bird template. Correct the bill, neck, body depth, wing length, leg type, tail and crest/display structures for the species.",FAIL,PASS_WITH_POLISH -> HOLD
Leafcutter_Ant,Leafcutter Ant,PASS,PASS_WITH_POLISH,PASS,POLISH,POLISH,POLISH,POLISH,POLISH,"Broad family anatomy is usable, but the portrait still shares simplified global body templates and should retain stronger species markers.",MEDIUM,,"No critical routing, clipping, eye, or life-stage issue found in the full-size visual pass. Recognizable within the established stylized family language.",False,Leafcutter_Ant.png,440,440,RGBA,534b764301003d984f5825e29dd9acc09a4b02dfeb7a315f506c898e3b0fad53,,PASS_WITH_POLISH,Ants,HOLD,,"Use correct insect anatomy: distinct head/thorax/abdomen, six articulated legs, correct wing count and attachment, antennae, mouthparts and species-specific shell/body proportions.","No critical routing, clipping, eye, or life-stage issue found in the full-size visual pass. Recognizable within the established stylized family language. Use correct insect anatomy: distinct head/thorax/abdomen, six articulated legs, correct wing count and attachment, antennae, mouthparts and species-specific shell/body proportions.",FAIL,PASS_WITH_POLISH -> HOLD
Leech,Leech,PASS,PASS_WITH_POLISH,PASS,POLISH,POLISH,POLISH,POLISH,POLISH,"Broad family anatomy is usable, but the portrait still shares simplified global body templates and should retain stronger species markers.",MEDIUM,,"No critical routing, clipping, eye, or life-stage issue found in the full-size visual pass. Recognizable within the established stylized family language.",False,Leech.png,440,440,RGBA,24f494a7f981484c84b73c364f64231022f9e413a4471f8c0ca605dea313bbe2,,PASS_WITH_POLISH,Other mollusks,HOLD,,"Broad family routing may be usable, but Leech still needs an unlabeled silhouette check for body plan, head, eyes/sensory structures, appendages and rear/terminal anatomy.","No critical routing, clipping, eye, or life-stage issue found in the full-size visual pass. Recognizable within the established stylized family language. Broad family routing may be usable, but Leech still needs an unlabeled silhouette check for body plan, head, eyes/sensory structures, appendages and rear/terminal anatomy.",FAIL,PASS_WITH_POLISH -> HOLD
Lemming,Lemming,PASS,PASS_WITH_POLISH,PASS,POLISH,POLISH,POLISH,POLISH,POLISH,"Broad family anatomy is usable, but the portrait still shares simplified global body templates and should retain stronger species markers.",MEDIUM,,"No critical routing, clipping, eye, or life-stage issue found in the full-size visual pass. Recognizable within the established stylized family language.",False,Lemming.png,440,440,RGBA,3516813562fecab2de6f9c910348543dbc202794f4c90572dd296fce4a888d3f,,PASS_WITH_POLISH,Rodents,HOLD,,"Verify rodent/lagomorph skull, incisors/muzzle, fore/hind foot proportions, body posture and tail; several currently inherit the rabbit-like template.","No critical routing, clipping, eye, or life-stage issue found in the full-size visual pass. Recognizable within the established stylized family language. Verify rodent/lagomorph skull, incisors/muzzle, fore/hind foot proportions, body posture and tail; several currently inherit the rabbit-like template.",FAIL,PASS_WITH_POLISH -> HOLD
Lemur,Lemur,PASS,PASS_WITH_POLISH,PASS,POLISH,POLISH,POLISH,POLISH,POLISH,"Broad family anatomy is usable, but the portrait still shares simplified global body templates and should retain stronger species markers.",MEDIUM,,"No critical routing, clipping, eye, or life-stage issue found in the full-size visual pass. Recognizable within the established stylized family language.",False,Lemur.png,440,440,RGBA,86a2491bff449f6fb7980f718ded7be487ac004666d16705b6d675708efcf9f3,,PASS_WITH_POLISH,Primates,HOLD,,"Verify torso posture, arm/leg ratio, hands/feet, face shape and tail state for the named primate.","No critical routing, clipping, eye, or life-stage issue found in the full-size visual pass. Recognizable within the established stylized family language. Verify torso posture, arm/leg ratio, hands/feet, face shape and tail state for the named primate.",FAIL,PASS_WITH_POLISH -> HOLD
Leopard,Leopard,FAIL,FAIL,FAIL,FAIL,FAIL,PASS,FAIL,FAIL,FAIL,HIGH,,"Current ungulate-like body lacks feline spine, shoulders, paws, cat head, and long muscular tail.",True,Leopard.png,440,440,RGBA,f23598121765c41746df5cab87329bea4972e98a614d26d5feb4abc294eac331,,FAIL,Big cats,FAIL,,"The catalog repeatedly uses an ungulate-like torso and straight hoof-like legs for felids. Use a feline ribcage/shoulder line, digitigrade legs with paws, feline skull and muzzle, flexible spine, and species-correct tail.","Current ungulate-like body lacks feline spine, shoulders, paws, cat head, and long muscular tail. The catalog repeatedly uses an ungulate-like torso and straight hoof-like legs for felids. Use a feline ribcage/shoulder line, digitigrade legs with paws, feline skull and muzzle, flexible spine, and species-correct tail.",FAIL,UNCHANGED
Limpet,Limpet,PASS,PASS_WITH_POLISH,PASS,POLISH,POLISH,POLISH,POLISH,POLISH,"Broad family anatomy is usable, but the portrait still shares simplified global body templates and should retain stronger species markers.",MEDIUM,,"No critical routing, clipping, eye, or life-stage issue found in the full-size visual pass. Recognizable within the established stylized family language.",False,Limpet.png,440,440,RGBA,689cd411003db97a0f2409a68017afa43b5c6a6fc5c4fc4b93d0b12ec4ff8c93,,PASS_WITH_POLISH,Gastropods,HOLD,,"Broad family routing may be usable, but Limpet still needs an unlabeled silhouette check for body plan, head, eyes/sensory structures, appendages and rear/terminal anatomy.","No critical routing, clipping, eye, or life-stage issue found in the full-size visual pass. Recognizable within the established stylized family language. Broad family routing may be usable, but Limpet still needs an unlabeled silhouette check for body plan, head, eyes/sensory structures, appendages and rear/terminal anatomy.",FAIL,PASS_WITH_POLISH -> HOLD
Lion,Lion,PASS,PASS_WITH_POLISH,PASS,POLISH,POLISH,POLISH,POLISH,POLISH,"Broad family anatomy is usable, but the portrait still shares simplified global body templates and should retain stronger species markers.",MEDIUM,,"No critical routing, clipping, eye, or life-stage issue found in the full-size visual pass. Recognizable within the established stylized family language.",True,Lion.png,440,440,RGBA,62d92f10ce8fb94fe7001fafb19db4f2a0c1c038812b353d1f18df1b7c82ee61,,PASS_WITH_POLISH,Big cats,HOLD,,"The catalog repeatedly uses an ungulate-like torso and straight hoof-like legs for felids. Use a feline ribcage/shoulder line, digitigrade legs with paws, feline skull and muzzle, flexible spine, and species-correct tail.","No critical routing, clipping, eye, or life-stage issue found in the full-size visual pass. Recognizable within the established stylized family language. The catalog repeatedly uses an ungulate-like torso and straight hoof-like legs for felids. Use a feline ribcage/shoulder line, digitigrade legs with paws, feline skull and muzzle, flexible spine, and species-correct tail.",FAIL,PASS_WITH_POLISH -> HOLD
Lionfish,Lionfish,PASS,PASS_WITH_POLISH,PASS,POLISH,POLISH,PASS,POLISH,POLISH,"Broad family anatomy is usable, but the portrait still shares simplified global body templates and should retain stronger species markers.",MEDIUM,,"Spines are present, but strengthen long dorsal rays, fan fins, and striped body.",False,Lionfish.png,440,440,RGBA,79e3949d4fe8f49d961ca4b829c43ae8607db375f405ce7c5e98e470624ef9af,,PASS_WITH_POLISH,Reef fish,HOLD,,"The portrait relies on a generic torpedo fish. Correct body depth, head/mouth position, dorsal/anal/pectoral fin shape, caudal fin, markings and any diagnostic appendage.","Spines are present, but strengthen long dorsal rays, fan fins, and striped body. The portrait relies on a generic torpedo fish. Correct body depth, head/mouth position, dorsal/anal/pectoral fin shape, caudal fin, markings and any diagnostic appendage.",FAIL,PASS_WITH_POLISH -> HOLD
Lizard,Lizard,PASS,PASS_WITH_POLISH,PASS,POLISH,POLISH,POLISH,POLISH,POLISH,"Broad family anatomy is usable, but the portrait still shares simplified global body templates and should retain stronger species markers.",MEDIUM,,"No critical routing, clipping, eye, or life-stage issue found in the full-size visual pass. Recognizable within the established stylized family language.",True,Lizard.png,440,440,RGBA,a735e27551168194222066346333ea00e96a52ecc6d41513a2a196f992839cd1,,PASS_WITH_POLISH,Lizards,HOLD,,"Verify skull/head profile, limb state, body thickness, scale texture, tail and any crest/frill/horn; do not rely on color alone.","No critical routing, clipping, eye, or life-stage issue found in the full-size visual pass. Recognizable within the established stylized family language. Verify skull/head profile, limb state, body thickness, scale texture, tail and any crest/frill/horn; do not rely on color alone.",FAIL,PASS_WITH_POLISH -> HOLD
Llama,Llama,PASS,PASS_WITH_POLISH,PASS,POLISH,POLISH,POLISH,POLISH,POLISH,"Broad family anatomy is usable, but the portrait still shares simplified global body templates and should retain stronger species markers.",MEDIUM,,"No critical routing, clipping, eye, or life-stage issue found in the full-size visual pass. Recognizable within the established stylized family language.",True,Llama.png,440,440,RGBA,07895ce394ed7ca14b2ed477c186387452373c53fdb72a5b3100a18f668f57c7,,PASS_WITH_POLISH,Camels,HOLD,,"Current forms read as deer with humps. Build a camelid neck/chest, padded two-toed feet, long camelid head, integrated hump anatomy, and species-correct coat/tail.","No critical routing, clipping, eye, or life-stage issue found in the full-size visual pass. Recognizable within the established stylized family language. Current forms read as deer with humps. Build a camelid neck/chest, padded two-toed feet, long camelid head, integrated hump anatomy, and species-correct coat/tail.",FAIL,PASS_WITH_POLISH -> HOLD
Lobster,Lobster,FAIL,FAIL,FAIL,FAIL,FAIL,PASS,FAIL,FAIL,FAIL,HIGH,,"Current small shrimp form lacks large claws, heavy cephalothorax, segmented abdomen, and tail fan.",False,Lobster.png,440,440,RGBA,99c84d0119547436f2b08c8f82073ec619447be6c007bf8f8ce61477e5cc64bd,,FAIL,Ice and cave insects,FAIL,,"Use correct insect anatomy: distinct head/thorax/abdomen, six articulated legs, correct wing count and attachment, antennae, mouthparts and species-specific shell/body proportions.","Current small shrimp form lacks large claws, heavy cephalothorax, segmented abdomen, and tail fan. Use correct insect anatomy: distinct head/thorax/abdomen, six articulated legs, correct wing count and attachment, antennae, mouthparts and species-specific shell/body proportions.",FAIL,UNCHANGED
Locust,Locust,FAIL,FAIL,FAIL,FAIL,FAIL,PASS,FAIL,FAIL,FAIL,HIGH,,"Current bead insect lacks enlarged hind legs, wings, segmented abdomen, and grasshopper-like head.",False,Locust.png,440,440,RGBA,7a81b122fd01df368c2d927f24adaf0395a284fd2207fa6416d35395204d1aa6,,FAIL,Grasshoppers and relatives,FAIL,,"Use correct insect anatomy: distinct head/thorax/abdomen, six articulated legs, correct wing count and attachment, antennae, mouthparts and species-specific shell/body proportions.","Current bead insect lacks enlarged hind legs, wings, segmented abdomen, and grasshopper-like head. Use correct insect anatomy: distinct head/thorax/abdomen, six articulated legs, correct wing count and attachment, antennae, mouthparts and species-specific shell/body proportions.",FAIL,UNCHANGED
Loon,Loon,PASS,PASS_WITH_POLISH,PASS,POLISH,POLISH,POLISH,POLISH,POLISH,"Broad family anatomy is usable, but the portrait still shares simplified global body templates and should retain stronger species markers.",MEDIUM,,"No critical routing, clipping, eye, or life-stage issue found in the full-size visual pass. Recognizable within the established stylized family language.",False,Loon.png,440,440,RGBA,d45ec8ed8ae68425a9fae04a9e5bd68817d960bb2a540d7670a07a2022d6ba20,,PASS_WITH_POLISH,Other distinctive birds,HOLD,,"Broad family routing may be usable, but Loon still needs an unlabeled silhouette check for body plan, head, eyes/sensory structures, appendages and rear/terminal anatomy.","No critical routing, clipping, eye, or life-stage issue found in the full-size visual pass. Recognizable within the established stylized family language. Broad family routing may be usable, but Loon still needs an unlabeled silhouette check for body plan, head, eyes/sensory structures, appendages and rear/terminal anatomy.",FAIL,PASS_WITH_POLISH -> HOLD
Lungfish,Lungfish,PASS,PASS_WITH_POLISH,PASS,POLISH,POLISH,POLISH,POLISH,POLISH,"Broad family anatomy is usable, but the portrait still shares simplified global body templates and should retain stronger species markers.",MEDIUM,,"No critical routing, clipping, eye, or life-stage issue found in the full-size visual pass. Recognizable within the established stylized family language.",False,Lungfish.png,440,440,RGBA,66f36be8878cacb48e74c14580b1649b40bde51365daa67c9ed8966c8ff32901,,PASS_WITH_POLISH,Primitive fish,HOLD,,"The portrait relies on a generic torpedo fish. Correct body depth, head/mouth position, dorsal/anal/pectoral fin shape, caudal fin, markings and any diagnostic appendage.","No critical routing, clipping, eye, or life-stage issue found in the full-size visual pass. Recognizable within the established stylized family language. The portrait relies on a generic torpedo fish. Correct body depth, head/mouth position, dorsal/anal/pectoral fin shape, caudal fin, markings and any diagnostic appendage.",FAIL,PASS_WITH_POLISH -> HOLD
Lynx,Lynx,FAIL,FAIL,FAIL,FAIL,FAIL,PASS,FAIL,FAIL,FAIL,HIGH,,"Current ungulate-like body lacks a feline torso, ear tufts, cheek ruff, large paws, and short tail.",True,Lynx.png,440,440,RGBA,e6c966761d733f2318e1fa0a57e3ffb628de41a4cb4b26e3c503937c6f688e9a,,FAIL,Big cats,FAIL,,"The catalog repeatedly uses an ungulate-like torso and straight hoof-like legs for felids. Use a feline ribcage/shoulder line, digitigrade legs with paws, feline skull and muzzle, flexible spine, and species-correct tail.","Current ungulate-like body lacks a feline torso, ear tufts, cheek ruff, large paws, and short tail. The catalog repeatedly uses an ungulate-like torso and straight hoof-like legs for felids. Use a feline ribcage/shoulder line, digitigrade legs with paws, feline skull and muzzle, flexible spine, and species-correct tail.",FAIL,UNCHANGED
Macaque,Macaque,PASS,PASS_WITH_POLISH,PASS,POLISH,POLISH,POLISH,POLISH,POLISH,"Broad family anatomy is usable, but the portrait still shares simplified global body templates and should retain stronger species markers.",MEDIUM,,"No critical routing, clipping, eye, or life-stage issue found in the full-size visual pass. Recognizable within the established stylized family language.",False,Macaque.png,440,440,RGBA,5ddf62e30837be7bb70248ac38ce0d0e137f815f99e4520b89135169fa2075c3,,PASS_WITH_POLISH,Primates,HOLD,,"Verify torso posture, arm/leg ratio, hands/feet, face shape and tail state for the named primate.","No critical routing, clipping, eye, or life-stage issue found in the full-size visual pass. Recognizable within the established stylized family language. Verify torso posture, arm/leg ratio, hands/feet, face shape and tail state for the named primate.",FAIL,PASS_WITH_POLISH -> HOLD
Macaw,Macaw,FAIL,FAIL,FAIL,FAIL,FAIL,PASS,FAIL,FAIL,FAIL,HIGH,,"Current generic bird lacks a large curved parrot bill, broad head, strong zygodactyl feet, and very long tail.",False,Macaw.png,440,440,RGBA,ff4397d5fb9ecabe5248442f825b82780dc774ca2d16b6bfdb1b8f2b33b97c6e,,FAIL,Parrots,FAIL,,"The named bird relies too heavily on the shared side-bird template. Correct the bill, neck, body depth, wing length, leg type, tail and crest/display structures for the species.","Current generic bird lacks a large curved parrot bill, broad head, strong zygodactyl feet, and very long tail. The named bird relies too heavily on the shared side-bird template. Correct the bill, neck, body depth, wing length, leg type, tail and crest/display structures for the species.",FAIL,UNCHANGED
Mackerel,Mackerel,PASS,PASS_WITH_POLISH,PASS,POLISH,POLISH,POLISH,POLISH,POLISH,"Broad family anatomy is usable, but the portrait still shares simplified global body templates and should retain stronger species markers.",MEDIUM,,"No critical routing, clipping, eye, or life-stage issue found in the full-size visual pass. Recognizable within the established stylized family language.",False,Mackerel.png,440,440,RGBA,594cc3b367d713632fbe7330571c758882bfb15244f15afdcf70050d544435d8,,PASS_WITH_POLISH,Schooling ocean fish,HOLD,,"The portrait relies on a generic torpedo fish. Correct body depth, head/mouth position, dorsal/anal/pectoral fin shape, caudal fin, markings and any diagnostic appendage.","No critical routing, clipping, eye, or life-stage issue found in the full-size visual pass. Recognizable within the established stylized family language. The portrait relies on a generic torpedo fish. Correct body depth, head/mouth position, dorsal/anal/pectoral fin shape, caudal fin, markings and any diagnostic appendage.",FAIL,PASS_WITH_POLISH -> HOLD
Magpie,Magpie,PASS,PASS_WITH_POLISH,PASS,POLISH,POLISH,POLISH,POLISH,POLISH,"Broad family anatomy is usable, but the portrait still shares simplified global body templates and should retain stronger species markers.",MEDIUM,,"No critical routing, clipping, eye, or life-stage issue found in the full-size visual pass. Recognizable within the established stylized family language.",False,Magpie.png,440,440,RGBA,d6f58985680a70ecd1353f1f5ba620b9876a29cc8eb80dc3818a53dc31ac3fb1,,PASS_WITH_POLISH,Corvids,HOLD,,"The named bird relies too heavily on the shared side-bird template. Correct the bill, neck, body depth, wing length, leg type, tail and crest/display structures for the species.","No critical routing, clipping, eye, or life-stage issue found in the full-size visual pass. Recognizable within the established stylized family language. The named bird relies too heavily on the shared side-bird template. Correct the bill, neck, body depth, wing length, leg type, tail and crest/display structures for the species.",FAIL,PASS_WITH_POLISH -> HOLD
Mahi-Mahi,Mahi Mahi,PASS,PASS_WITH_POLISH,PASS,POLISH,POLISH,POLISH,POLISH,POLISH,"Broad family anatomy is usable, but the portrait still shares simplified global body templates and should retain stronger species markers.",MEDIUM,,"No critical routing, clipping, eye, or life-stage issue found in the full-size visual pass. Recognizable within the established stylized family language.",False,Mahi-Mahi.png,440,440,RGBA,04ab1d7994cfd3c81ebf270538f3bc63d7b51409fdc5c5eb14a380284d74f9f7,,PASS_WITH_POLISH,Other or uncertain,HOLD,,"Broad family routing may be usable, but Mahi Mahi still needs an unlabeled silhouette check for body plan, head, eyes/sensory structures, appendages and rear/terminal anatomy.","No critical routing, clipping, eye, or life-stage issue found in the full-size visual pass. Recognizable within the established stylized family language. Broad family routing may be usable, but Mahi Mahi still needs an unlabeled silhouette check for body plan, head, eyes/sensory structures, appendages and rear/terminal anatomy.",FAIL,PASS_WITH_POLISH -> HOLD
Mako_Shark,Mako Shark,PASS,PASS_WITH_POLISH,PASS,POLISH,POLISH,POLISH,POLISH,POLISH,"Broad family anatomy is usable, but the portrait still shares simplified global body templates and should retain stronger species markers.",MEDIUM,,"No critical routing, clipping, eye, or life-stage issue found in the full-size visual pass. Recognizable within the established stylized family language.",False,Mako_Shark.png,440,440,RGBA,22705d0c270c019cbd199014aac4abc0ea2aeb4445424ecbe57eb64aeef20a22,,PASS_WITH_POLISH,Sharks,HOLD,,"The portrait relies on a generic torpedo fish. Correct body depth, head/mouth position, dorsal/anal/pectoral fin shape, caudal fin, markings and any diagnostic appendage.","No critical routing, clipping, eye, or life-stage issue found in the full-size visual pass. Recognizable within the established stylized family language. The portrait relies on a generic torpedo fish. Correct body depth, head/mouth position, dorsal/anal/pectoral fin shape, caudal fin, markings and any diagnostic appendage.",FAIL,PASS_WITH_POLISH -> HOLD
Mamba,Mamba,PASS,PASS_WITH_POLISH,PASS,POLISH,POLISH,POLISH,POLISH,POLISH,"Broad family anatomy is usable, but the portrait still shares simplified global body templates and should retain stronger species markers.",MEDIUM,,"No critical routing, clipping, eye, or life-stage issue found in the full-size visual pass. Recognizable within the established stylized family language.",False,Mamba.png,440,440,RGBA,92360f4072af40e1c5141827a0e2d2e13015d5a4feb6a0b1a644c65427ec470e,,PASS_WITH_POLISH,Venomous snakes,HOLD,,"Verify skull/head profile, limb state, body thickness, scale texture, tail and any crest/frill/horn; do not rely on color alone.","No critical routing, clipping, eye, or life-stage issue found in the full-size visual pass. Recognizable within the established stylized family language. Verify skull/head profile, limb state, body thickness, scale texture, tail and any crest/frill/horn; do not rely on color alone.",FAIL,PASS_WITH_POLISH -> HOLD
Manatee,Manatee,PASS,PASS,PASS,PASS,PASS,PASS,PASS,PASS,All major regions and defining features are readable at the current stylized scale.,LOW,,"Rounded sirenian torso, paddle flippers, and broad tail are now readable.",True,Manatee.png,440,440,RGBA,8cd6213ccc1d2841fa8b32d884d6299451f92eb30653809efe02b8f3cdd7d64b,,PASS,Marine mammals,PASS,,"Strengthen real marine-mammal proportions: streamlined body, species-correct rostrum/head, dorsal fin placement, pectoral flippers, peduncle and horizontal flukes.",PASS — Leave alone at the current stylized resolution. Major body regions and defining silhouette are sufficiently represented.,PASS,UNCHANGED
Mandrill,Mandrill,PASS,PASS_WITH_POLISH,PASS,POLISH,POLISH,POLISH,POLISH,POLISH,"Broad family anatomy is usable, but the portrait still shares simplified global body templates and should retain stronger species markers.",MEDIUM,,"No critical routing, clipping, eye, or life-stage issue found in the full-size visual pass. Recognizable within the established stylized family language.",False,Mandrill.png,440,440,RGBA,8bb30659f01f31ceadee504dd4432f5edf08bb6aa635f472a0e02654c7e9982d,,PASS_WITH_POLISH,Primates,HOLD,,"Verify torso posture, arm/leg ratio, hands/feet, face shape and tail state for the named primate.","No critical routing, clipping, eye, or life-stage issue found in the full-size visual pass. Recognizable within the established stylized family language. Verify torso posture, arm/leg ratio, hands/feet, face shape and tail state for the named primate.",FAIL,PASS_WITH_POLISH -> HOLD
Maned_Wolf,Maned Wolf,PASS,PASS_WITH_POLISH,PASS,POLISH,POLISH,POLISH,POLISH,POLISH,"Broad family anatomy is usable, but the portrait still shares simplified global body templates and should retain stronger species markers.",MEDIUM,,"No critical routing, clipping, eye, or life-stage issue found in the full-size visual pass. Recognizable within the established stylized family language.",True,Maned_Wolf.png,440,440,RGBA,a3b7a68fbe3df91a7aee365f6db90db983926fe87ca7a2c4c5e0f3e4f52c4ad7,,PASS_WITH_POLISH,Dogs and dog-like mammals,HOLD,,"The catalog repeatedly uses a deer-like quadruped for canids. Use a deep canine chest, digitigrade paws/hocks, canine skull and muzzle, and a properly furred tail.","No critical routing, clipping, eye, or life-stage issue found in the full-size visual pass. Recognizable within the established stylized family language. The catalog repeatedly uses a deer-like quadruped for canids. Use a deep canine chest, digitigrade paws/hocks, canine skull and muzzle, and a properly furred tail.",FAIL,PASS_WITH_POLISH -> HOLD
Manta_Ray,Manta Ray,PASS,PASS_WITH_POLISH,PASS,POLISH,POLISH,POLISH,POLISH,POLISH,"Broad family anatomy is usable, but the portrait still shares simplified global body templates and should retain stronger species markers.",MEDIUM,,"No critical routing, clipping, eye, or life-stage issue found in the full-size visual pass. Recognizable within the established stylized family language.",False,Manta_Ray.png,440,440,RGBA,cfca52de5266b5f81d4c3b9c1f2ead0e36802a5c387d6e25644a97fe5a92ef89,,PASS_WITH_POLISH,Rays and skates,HOLD,,"Broad family routing may be usable, but Manta Ray still needs an unlabeled silhouette check for body plan, head, eyes/sensory structures, appendages and rear/terminal anatomy.","No critical routing, clipping, eye, or life-stage issue found in the full-size visual pass. Recognizable within the established stylized family language. Broad family routing may be usable, but Manta Ray still needs an unlabeled silhouette check for body plan, head, eyes/sensory structures, appendages and rear/terminal anatomy.",FAIL,PASS_WITH_POLISH -> HOLD
Mantis,Mantis,FAIL,FAIL,FAIL,FAIL,FAIL,PASS,FAIL,FAIL,FAIL,HIGH,,"Current bead insect lacks raptorial forelegs, triangular head, long prothorax, and folded wings.",False,Mantis.png,440,440,RGBA,0188bdca4a0e6df79557ab69791928fbc5455286f99f0a773525801d7095b6f1,,FAIL,Insects,FAIL,,"Use correct insect anatomy: distinct head/thorax/abdomen, six articulated legs, correct wing count and attachment, antennae, mouthparts and species-specific shell/body proportions.","Current bead insect lacks raptorial forelegs, triangular head, long prothorax, and folded wings. Use correct insect anatomy: distinct head/thorax/abdomen, six articulated legs, correct wing count and attachment, antennae, mouthparts and species-specific shell/body proportions.",FAIL,UNCHANGED
Mara,Mara,PASS,PASS_WITH_POLISH,PASS,POLISH,POLISH,POLISH,POLISH,POLISH,"Broad family anatomy is usable, but the portrait still shares simplified global body templates and should retain stronger species markers.",MEDIUM,,"No critical routing, clipping, eye, or life-stage issue found in the full-size visual pass. Recognizable within the established stylized family language.",False,Mara.png,440,440,RGBA,180645af8490270871b18be4375103a29afc9248e6644e3a0b6f8f22463a50ee,,PASS_WITH_POLISH,Rodents,HOLD,,"Verify rodent/lagomorph skull, incisors/muzzle, fore/hind foot proportions, body posture and tail; several currently inherit the rabbit-like template.","No critical routing, clipping, eye, or life-stage issue found in the full-size visual pass. Recognizable within the established stylized family language. Verify rodent/lagomorph skull, incisors/muzzle, fore/hind foot proportions, body posture and tail; several currently inherit the rabbit-like template.",FAIL,PASS_WITH_POLISH -> HOLD
Marine_Iguana,Marine Iguana,PASS,PASS_WITH_POLISH,PASS,POLISH,POLISH,POLISH,POLISH,POLISH,"Broad family anatomy is usable, but the portrait still shares simplified global body templates and should retain stronger species markers.",MEDIUM,,"No critical routing, clipping, eye, or life-stage issue found in the full-size visual pass. Recognizable within the established stylized family language.",True,Marine_Iguana.png,440,440,RGBA,8ad86ab7fd0af5adb6a1a00e4fb4851f82ac15b2977d26349bba0ca54ee29b5f,,PASS_WITH_POLISH,Large lizards,HOLD,,"Verify skull/head profile, limb state, body thickness, scale texture, tail and any crest/frill/horn; do not rely on color alone.","No critical routing, clipping, eye, or life-stage issue found in the full-size visual pass. Recognizable within the established stylized family language. Verify skull/head profile, limb state, body thickness, scale texture, tail and any crest/frill/horn; do not rely on color alone.",FAIL,PASS_WITH_POLISH -> HOLD
Marine_Worm,Marine Worm,PASS,PASS_WITH_POLISH,PASS,POLISH,POLISH,POLISH,POLISH,POLISH,"Broad family anatomy is usable, but the portrait still shares simplified global body templates and should retain stronger species markers.",MEDIUM,,"No critical routing, clipping, eye, or life-stage issue found in the full-size visual pass. Recognizable within the established stylized family language.",False,Marine_Worm.png,440,440,RGBA,1482a7278a84a0162be6587ee739a9df1cdf209d24091b88d9af5bf21b33152f,,PASS_WITH_POLISH,Worm-like animals,HOLD,,"Broad family routing may be usable, but Marine Worm still needs an unlabeled silhouette check for body plan, head, eyes/sensory structures, appendages and rear/terminal anatomy.","No critical routing, clipping, eye, or life-stage issue found in the full-size visual pass. Recognizable within the established stylized family language. Broad family routing may be usable, but Marine Worm still needs an unlabeled silhouette check for body plan, head, eyes/sensory structures, appendages and rear/terminal anatomy.",FAIL,PASS_WITH_POLISH -> HOLD
Marlin,Marlin,PASS,PASS_WITH_POLISH,PASS,POLISH,POLISH,POLISH,POLISH,POLISH,"Broad family anatomy is usable, but the portrait still shares simplified global body templates and should retain stronger species markers.",MEDIUM,,"No critical routing, clipping, eye, or life-stage issue found in the full-size visual pass. Recognizable within the established stylized family language.",False,Marlin.png,440,440,RGBA,076f90c8ec4462843cb57dc0efaf3b95ad03a2ee12beec535188a02c2edbdbdb,,PASS_WITH_POLISH,Ocean predators,HOLD,,"The portrait relies on a generic torpedo fish. Correct body depth, head/mouth position, dorsal/anal/pectoral fin shape, caudal fin, markings and any diagnostic appendage.","No critical routing, clipping, eye, or life-stage issue found in the full-size visual pass. Recognizable within the established stylized family language. The portrait relies on a generic torpedo fish. Correct body depth, head/mouth position, dorsal/anal/pectoral fin shape, caudal fin, markings and any diagnostic appendage.",FAIL,PASS_WITH_POLISH -> HOLD
Marmoset,Marmoset,PASS,PASS_WITH_POLISH,PASS,POLISH,POLISH,POLISH,POLISH,POLISH,"Broad family anatomy is usable, but the portrait still shares simplified global body templates and should retain stronger species markers.",MEDIUM,,"No critical routing, clipping, eye, or life-stage issue found in the full-size visual pass. Recognizable within the established stylized family language.",False,Marmoset.png,440,440,RGBA,46c658e03dd6bbe3b7eb115593b0b63f3087d2bad4f1d7d3f67bd43e1794f977,,PASS_WITH_POLISH,Primates,HOLD,,"Verify torso posture, arm/leg ratio, hands/feet, face shape and tail state for the named primate.","No critical routing, clipping, eye, or life-stage issue found in the full-size visual pass. Recognizable within the established stylized family language. Verify torso posture, arm/leg ratio, hands/feet, face shape and tail state for the named primate.",FAIL,PASS_WITH_POLISH -> HOLD
Marmot,Marmot,PASS,PASS_WITH_POLISH,PASS,POLISH,POLISH,POLISH,POLISH,POLISH,"Broad family anatomy is usable, but the portrait still shares simplified global body templates and should retain stronger species markers.",MEDIUM,,"No critical routing, clipping, eye, or life-stage issue found in the full-size visual pass. Recognizable within the established stylized family language.",False,Marmot.png,440,440,RGBA,3711f08278cff993733a277f4bed8b92c6d3b64e6f6cbfc5810cc666331a2f9e,,PASS_WITH_POLISH,Rodents,HOLD,,"Verify rodent/lagomorph skull, incisors/muzzle, fore/hind foot proportions, body posture and tail; several currently inherit the rabbit-like template.","No critical routing, clipping, eye, or life-stage issue found in the full-size visual pass. Recognizable within the established stylized family language. Verify rodent/lagomorph skull, incisors/muzzle, fore/hind foot proportions, body posture and tail; several currently inherit the rabbit-like template.",FAIL,PASS_WITH_POLISH -> HOLD
Marsh_Rodent,Marsh Rodent,PASS,PASS_WITH_POLISH,PASS,POLISH,POLISH,POLISH,POLISH,POLISH,"Broad family anatomy is usable, but the portrait still shares simplified global body templates and should retain stronger species markers.",MEDIUM,,"No critical routing, clipping, eye, or life-stage issue found in the full-size visual pass. Recognizable within the established stylized family language.",True,Marsh_Rodent.png,440,440,RGBA,519d8e688af569d8d3f0789e8405ca08b92d3249f735e3a40848f5ecb196638f,,PASS_WITH_POLISH,Other or uncertain,HOLD,,"Broad family routing may be usable, but Marsh Rodent still needs an unlabeled silhouette check for body plan, head, eyes/sensory structures, appendages and rear/terminal anatomy.","No critical routing, clipping, eye, or life-stage issue found in the full-size visual pass. Recognizable within the established stylized family language. Broad family routing may be usable, but Marsh Rodent still needs an unlabeled silhouette check for body plan, head, eyes/sensory structures, appendages and rear/terminal anatomy.",FAIL,PASS_WITH_POLISH -> HOLD
Marten,Marten,PASS,PASS_WITH_POLISH,PASS,POLISH,POLISH,POLISH,POLISH,POLISH,"Broad family anatomy is usable, but the portrait still shares simplified global body templates and should retain stronger species markers.",MEDIUM,,"No critical routing, clipping, eye, or life-stage issue found in the full-size visual pass. Recognizable within the established stylized family language.",True,Marten.png,440,440,RGBA,7f580e9964bb3d3dbbe83f34597163e86a1983b238d9bacb5bcba5b39c7daeae,,PASS_WITH_POLISH,Weasels and relatives,HOLD,,"Use the correct low flexible carnivoran torso, pawed limbs, skull/muzzle, and species-specific tail instead of one shared long-body template.","No critical routing, clipping, eye, or life-stage issue found in the full-size visual pass. Recognizable within the established stylized family language. Use the correct low flexible carnivoran torso, pawed limbs, skull/muzzle, and species-specific tail instead of one shared long-body template.",FAIL,PASS_WITH_POLISH -> HOLD
Mayfly,Mayfly,PASS,PASS_WITH_POLISH,PASS,POLISH,POLISH,POLISH,POLISH,POLISH,"Broad family anatomy is usable, but the portrait still shares simplified global body templates and should retain stronger species markers.",MEDIUM,,"No critical routing, clipping, eye, or life-stage issue found in the full-size visual pass. Recognizable within the established stylized family language.",True,Mayfly.png,440,440,RGBA,4f42071f160672c8930c86a84862d023455f6cfd31d243223bfaf3f56b2034fc,,PASS_WITH_POLISH,Mayflies and stoneflies,HOLD,,"Use correct insect anatomy: distinct head/thorax/abdomen, six articulated legs, correct wing count and attachment, antennae, mouthparts and species-specific shell/body proportions.","No critical routing, clipping, eye, or life-stage issue found in the full-size visual pass. Recognizable within the established stylized family language. Use correct insect anatomy: distinct head/thorax/abdomen, six articulated legs, correct wing count and attachment, antennae, mouthparts and species-specific shell/body proportions.",FAIL,PASS_WITH_POLISH -> HOLD
Meerkat,Meerkat,FAIL,FAIL,FAIL,FAIL,FAIL,FAIL,FAIL,FAIL,FAIL,HIGH,,"Current low quadruped lacks upright sentinel posture, long torso, dark eye patches, digging forefeet, and long tail.",True,Meerkat.png,440,440,RGBA,29854e969d2855c6be1dd5147e05630d2b4144776c1bb5289edf00c41040f300,,FAIL,Civets and mongooses,FAIL,,"Use the correct low flexible carnivoran torso, pawed limbs, skull/muzzle, and species-specific tail instead of one shared long-body template.","Current low quadruped lacks upright sentinel posture, long torso, dark eye patches, digging forefeet, and long tail. Use the correct low flexible carnivoran torso, pawed limbs, skull/muzzle, and species-specific tail instead of one shared long-body template.",FAIL,UNCHANGED
Millipede,Millipede,PASS,PASS_WITH_POLISH,PASS,POLISH,POLISH,POLISH,POLISH,POLISH,"Broad family anatomy is usable, but the portrait still shares simplified global body templates and should retain stronger species markers.",MEDIUM,,"No critical routing, clipping, eye, or life-stage issue found in the full-size visual pass. Recognizable within the established stylized family language.",False,Millipede.png,440,440,RGBA,7fbd6c322634b761b84ea652d1169f133ce3ef27cc43c9a14c0a838131e24294,,PASS_WITH_POLISH,Ice and cave insects,HOLD,,"Use correct insect anatomy: distinct head/thorax/abdomen, six articulated legs, correct wing count and attachment, antennae, mouthparts and species-specific shell/body proportions.","No critical routing, clipping, eye, or life-stage issue found in the full-size visual pass. Recognizable within the established stylized family language. Use correct insect anatomy: distinct head/thorax/abdomen, six articulated legs, correct wing count and attachment, antennae, mouthparts and species-specific shell/body proportions.",FAIL,PASS_WITH_POLISH -> HOLD
Mink,Mink,PASS,PASS_WITH_POLISH,PASS,POLISH,POLISH,POLISH,POLISH,POLISH,"Broad family anatomy is usable, but the portrait still shares simplified global body templates and should retain stronger species markers.",MEDIUM,,"No critical routing, clipping, eye, or life-stage issue found in the full-size visual pass. Recognizable within the established stylized family language.",True,Mink.png,440,440,RGBA,4f4a7f87f37a567a6abe50c54b1db16a51497126326b252fb26ecd6c21f9beb2,,PASS_WITH_POLISH,Weasels and relatives,HOLD,,"Use the correct low flexible carnivoran torso, pawed limbs, skull/muzzle, and species-specific tail instead of one shared long-body template.","No critical routing, clipping, eye, or life-stage issue found in the full-size visual pass. Recognizable within the established stylized family language. Use the correct low flexible carnivoran torso, pawed limbs, skull/muzzle, and species-specific tail instead of one shared long-body template.",FAIL,PASS_WITH_POLISH -> HOLD
Minnow,Minnow,PASS,PASS_WITH_POLISH,PASS,POLISH,POLISH,POLISH,POLISH,POLISH,"Broad family anatomy is usable, but the portrait still shares simplified global body templates and should retain stronger species markers.",MEDIUM,,"No critical routing, clipping, eye, or life-stage issue found in the full-size visual pass. Recognizable within the established stylized family language.",False,Minnow.png,440,440,RGBA,bd5f27ed6923e46daee2b6d5453ebf9030da0eacf66a5771e748e9998305546f,,PASS_WITH_POLISH,Carp-like fish,HOLD,,"The portrait relies on a generic torpedo fish. Correct body depth, head/mouth position, dorsal/anal/pectoral fin shape, caudal fin, markings and any diagnostic appendage.","No critical routing, clipping, eye, or life-stage issue found in the full-size visual pass. Recognizable within the established stylized family language. The portrait relies on a generic torpedo fish. Correct body depth, head/mouth position, dorsal/anal/pectoral fin shape, caudal fin, markings and any diagnostic appendage.",FAIL,PASS_WITH_POLISH -> HOLD
Mite,Mite,PASS,PASS_WITH_POLISH,PASS,POLISH,POLISH,POLISH,POLISH,POLISH,"Broad family anatomy is usable, but the portrait still shares simplified global body templates and should retain stronger species markers.",HIGH,Mole | Pseudoscorpion,"No critical routing, clipping, eye, or life-stage issue found in the full-size visual pass. Recognizable within the established stylized family language.",False,Mite.png,440,440,RGBA,7af5dc8337c97a7d08d2e09a13bafec6922559a5f2e47f23df29072c8047b9fd,,PASS_WITH_POLISH,Ice and cave insects,HOLD,,"Use correct insect anatomy: distinct head/thorax/abdomen, six articulated legs, correct wing count and attachment, antennae, mouthparts and species-specific shell/body proportions.","No critical routing, clipping, eye, or life-stage issue found in the full-size visual pass. Recognizable within the established stylized family language. Use correct insect anatomy: distinct head/thorax/abdomen, six articulated legs, correct wing count and attachment, antennae, mouthparts and species-specific shell/body proportions.",FAIL,PASS_WITH_POLISH -> HOLD
Mole,Mole,FAIL,FAIL,FAIL,FAIL,FAIL,FAIL,FAIL,FAIL,FAIL,HIGH,Mite | Pseudoscorpion,"Current smooth low body lacks enlarged shovel forefeet, pointed snout, tiny eyes, and short tail.",True,Mole.png,440,440,RGBA,bd20d69c367905b396d45a4b333d24fa26e2dee510bd0da3a631cc09530f63dd,,FAIL,Insect-eating and burrowing mammals,FAIL,,"Use correct insect anatomy: distinct head/thorax/abdomen, six articulated legs, correct wing count and attachment, antennae, mouthparts and species-specific shell/body proportions.","Current smooth low body lacks enlarged shovel forefeet, pointed snout, tiny eyes, and short tail. Use correct insect anatomy: distinct head/thorax/abdomen, six articulated legs, correct wing count and attachment, antennae, mouthparts and species-specific shell/body proportions.",FAIL,UNCHANGED
Mongoose,Mongoose,PASS,PASS_WITH_POLISH,PASS,POLISH,POLISH,POLISH,POLISH,POLISH,"Broad family anatomy is usable, but the portrait still shares simplified global body templates and should retain stronger species markers.",MEDIUM,,"No critical routing, clipping, eye, or life-stage issue found in the full-size visual pass. Recognizable within the established stylized family language.",True,Mongoose.png,440,440,RGBA,901798cb15e3d2f868cd4deb4ca9000bb9b0254f0a5215e8314664ef861239ec,,PASS_WITH_POLISH,Civets and mongooses,HOLD,,"Use the correct low flexible carnivoran torso, pawed limbs, skull/muzzle, and species-specific tail instead of one shared long-body template.","No critical routing, clipping, eye, or life-stage issue found in the full-size visual pass. Recognizable within the established stylized family language. Use the correct low flexible carnivoran torso, pawed limbs, skull/muzzle, and species-specific tail instead of one shared long-body template.",FAIL,PASS_WITH_POLISH -> HOLD
Monitor_Lizard,Monitor Lizard,PASS,PASS_WITH_POLISH,PASS,POLISH,POLISH,POLISH,POLISH,POLISH,"Broad family anatomy is usable, but the portrait still shares simplified global body templates and should retain stronger species markers.",MEDIUM,,"No critical routing, clipping, eye, or life-stage issue found in the full-size visual pass. Recognizable within the established stylized family language.",True,Monitor_Lizard.png,440,440,RGBA,4d97e47949ae4e06b367a73e1d842c9a5ccd6ae9a91595d737d32fd12e24afc2,,PASS_WITH_POLISH,Large lizards,HOLD,,"Verify skull/head profile, limb state, body thickness, scale texture, tail and any crest/frill/horn; do not rely on color alone.","No critical routing, clipping, eye, or life-stage issue found in the full-size visual pass. Recognizable within the established stylized family language. Verify skull/head profile, limb state, body thickness, scale texture, tail and any crest/frill/horn; do not rely on color alone.",FAIL,PASS_WITH_POLISH -> HOLD
Monkey,Monkey,PASS,PASS_WITH_POLISH,PASS,POLISH,POLISH,POLISH,POLISH,POLISH,"Broad family anatomy is usable, but the portrait still shares simplified global body templates and should retain stronger species markers.",MEDIUM,,"No critical routing, clipping, eye, or life-stage issue found in the full-size visual pass. Recognizable within the established stylized family language.",False,Monkey.png,440,440,RGBA,b286bbaa7bbec21b8dbbf9a539fc6f32c5f7e81b66c5f3cd2ec3d6a695b88550,,PASS_WITH_POLISH,Primates,HOLD,,"Verify torso posture, arm/leg ratio, hands/feet, face shape and tail state for the named primate.","No critical routing, clipping, eye, or life-stage issue found in the full-size visual pass. Recognizable within the established stylized family language. Verify torso posture, arm/leg ratio, hands/feet, face shape and tail state for the named primate.",FAIL,PASS_WITH_POLISH -> HOLD
Monkfish,Monkfish,PASS,PASS_WITH_POLISH,PASS,POLISH,POLISH,POLISH,POLISH,POLISH,"Broad family anatomy is usable, but the portrait still shares simplified global body templates and should retain stronger species markers.",MEDIUM,,"No critical routing, clipping, eye, or life-stage issue found in the full-size visual pass. Recognizable within the established stylized family language.",False,Monkfish.png,440,440,RGBA,85745ca27267f5b648b210321a1747d604805ea07057c39fee7cdbfae0737f00,,PASS_WITH_POLISH,Bottom-dwelling fish,HOLD,,"The portrait relies on a generic torpedo fish. Correct body depth, head/mouth position, dorsal/anal/pectoral fin shape, caudal fin, markings and any diagnostic appendage.","No critical routing, clipping, eye, or life-stage issue found in the full-size visual pass. Recognizable within the established stylized family language. The portrait relies on a generic torpedo fish. Correct body depth, head/mouth position, dorsal/anal/pectoral fin shape, caudal fin, markings and any diagnostic appendage.",FAIL,PASS_WITH_POLISH -> HOLD
Moorhen,Moorhen,PASS,PASS_WITH_POLISH,PASS,POLISH,POLISH,POLISH,POLISH,POLISH,"Broad family anatomy is usable, but the portrait still shares simplified global body templates and should retain stronger species markers.",MEDIUM,,"No critical routing, clipping, eye, or life-stage issue found in the full-size visual pass. Recognizable within the established stylized family language.",False,Moorhen.png,440,440,RGBA,42b7b425ea0a3993be3c1abe851c9a769b5126f5db0658e3c0794034214473c8,,PASS_WITH_POLISH,Cranes and rails,HOLD,,"Broad family routing may be usable, but Moorhen still needs an unlabeled silhouette check for body plan, head, eyes/sensory structures, appendages and rear/terminal anatomy.","No critical routing, clipping, eye, or life-stage issue found in the full-size visual pass. Recognizable within the established stylized family language. Broad family routing may be usable, but Moorhen still needs an unlabeled silhouette check for body plan, head, eyes/sensory structures, appendages and rear/terminal anatomy.",FAIL,PASS_WITH_POLISH -> HOLD
Moose,Moose,PASS,PASS_WITH_POLISH,PASS,POLISH,POLISH,PASS,POLISH,POLISH,"Broad family anatomy is usable, but the portrait still shares simplified global body templates and should retain stronger species markers.",MEDIUM,,Antlers are present; make them broader/palmate and increase muzzle/shoulder mass.,True,Moose.png,440,440,RGBA,1b5b6711c512256133b417e2dcbfbe09b965bc41f2f83e9e164f0577ed26f0f4,,PASS_WITH_POLISH,Deer and relatives,HOLD,,"The ungulate base is usable, but the named species must have correct horn/antler geometry, neck, shoulder/croup mass, leg length, hooves, head and tail.","Antlers are present; make them broader/palmate and increase muzzle/shoulder mass. The ungulate base is usable, but the named species must have correct horn/antler geometry, neck, shoulder/croup mass, leg length, hooves, head and tail.",FAIL,PASS_WITH_POLISH -> HOLD
Moray_Eel,Moray Eel,PASS,PASS_WITH_POLISH,PASS,POLISH,POLISH,POLISH,POLISH,POLISH,"Broad family anatomy is usable, but the portrait still shares simplified global body templates and should retain stronger species markers.",MEDIUM,,"No critical routing, clipping, eye, or life-stage issue found in the full-size visual pass. Recognizable within the established stylized family language.",False,Moray_Eel.png,440,440,RGBA,16856c66b09181622ef67e0c0cb937772483092ad77f7a4dff46e91c9eb08a1f,,PASS_WITH_POLISH,Eels,HOLD,,"Broad family routing may be usable, but Moray Eel still needs an unlabeled silhouette check for body plan, head, eyes/sensory structures, appendages and rear/terminal anatomy.","No critical routing, clipping, eye, or life-stage issue found in the full-size visual pass. Recognizable within the established stylized family language. Broad family routing may be usable, but Moray Eel still needs an unlabeled silhouette check for body plan, head, eyes/sensory structures, appendages and rear/terminal anatomy.",FAIL,PASS_WITH_POLISH -> HOLD
Mosquito,Mosquito,FAIL,FAIL,FAIL,FAIL,FAIL,PASS,FAIL,FAIL,FAIL,HIGH,,"Current body lacks long legs, narrow wings, proboscis, and slender abdomen.",False,Mosquito.png,440,440,RGBA,3aa86486c8a590871bb3afff4f0184e09f34a0d4570b337cd5570b9f5ef64a5c,,FAIL,Mosquitoes and midges,FAIL,,"Broad family routing may be usable, but Mosquito still needs an unlabeled silhouette check for body plan, head, eyes/sensory structures, appendages and rear/terminal anatomy.","Current body lacks long legs, narrow wings, proboscis, and slender abdomen. Broad family routing may be usable, but Mosquito still needs an unlabeled silhouette check for body plan, head, eyes/sensory structures, appendages and rear/terminal anatomy.",FAIL,UNCHANGED
Moth,Moth,PASS,PASS_WITH_POLISH,PASS,POLISH,POLISH,POLISH,POLISH,POLISH,"Broad family anatomy is usable, but the portrait still shares simplified global body templates and should retain stronger species markers.",MEDIUM,,"No critical routing, clipping, eye, or life-stage issue found in the full-size visual pass. Recognizable within the established stylized family language.",False,Moth.png,440,440,RGBA,3180009514d9197d588f0b38e52621550492d9e2548fc4750797e696515dceff,,PASS_WITH_POLISH,Insects,HOLD,,"Use correct insect anatomy: distinct head/thorax/abdomen, six articulated legs, correct wing count and attachment, antennae, mouthparts and species-specific shell/body proportions.","No critical routing, clipping, eye, or life-stage issue found in the full-size visual pass. Recognizable within the established stylized family language. Use correct insect anatomy: distinct head/thorax/abdomen, six articulated legs, correct wing count and attachment, antennae, mouthparts and species-specific shell/body proportions.",FAIL,PASS_WITH_POLISH -> HOLD
Mountain_Goat,Mountain Goat,PASS,PASS_WITH_POLISH,PASS,POLISH,POLISH,POLISH,POLISH,POLISH,"Broad family anatomy is usable, but the portrait still shares simplified global body templates and should retain stronger species markers.",MEDIUM,,"No critical routing, clipping, eye, or life-stage issue found in the full-size visual pass. Recognizable within the established stylized family language.",True,Mountain_Goat.png,440,440,RGBA,f04663287c24966fbd93c9c04afd54f963309e1ecc616166cf89012a0a39b475,,PASS_WITH_POLISH,Other or uncertain,HOLD,,"Broad family routing may be usable, but Mountain Goat still needs an unlabeled silhouette check for body plan, head, eyes/sensory structures, appendages and rear/terminal anatomy.","No critical routing, clipping, eye, or life-stage issue found in the full-size visual pass. Recognizable within the established stylized family language. Broad family routing may be usable, but Mountain Goat still needs an unlabeled silhouette check for body plan, head, eyes/sensory structures, appendages and rear/terminal anatomy.",FAIL,PASS_WITH_POLISH -> HOLD
Mountain_Lizard,Mountain Lizard,PASS,PASS_WITH_POLISH,PASS,POLISH,POLISH,POLISH,POLISH,POLISH,"Broad family anatomy is usable, but the portrait still shares simplified global body templates and should retain stronger species markers.",MEDIUM,,"No critical routing, clipping, eye, or life-stage issue found in the full-size visual pass. Recognizable within the established stylized family language.",True,Mountain_Lizard.png,440,440,RGBA,d69c889f8100487bed2b9c929056ab994d5e285ca58df7a95cedbd5677fb3448,,PASS_WITH_POLISH,Lizards,HOLD,,"Verify skull/head profile, limb state, body thickness, scale texture, tail and any crest/frill/horn; do not rely on color alone.","No critical routing, clipping, eye, or life-stage issue found in the full-size visual pass. Recognizable within the established stylized family language. Verify skull/head profile, limb state, body thickness, scale texture, tail and any crest/frill/horn; do not rely on color alone.",FAIL,PASS_WITH_POLISH -> HOLD
Mountain_Tapir,Mountain Tapir,PASS,PASS_WITH_POLISH,PASS,POLISH,POLISH,POLISH,POLISH,POLISH,"Broad family anatomy is usable, but the portrait still shares simplified global body templates and should retain stronger species markers.",MEDIUM,,"No critical routing, clipping, eye, or life-stage issue found in the full-size visual pass. Recognizable within the established stylized family language.",True,Mountain_Tapir.png,440,440,RGBA,6082325082d7752919a6a5849d81b2df87dbeca636f0b84aad1673d27a1056ec,,PASS_WITH_POLISH,Other or uncertain,HOLD,,"Broad family routing may be usable, but Mountain Tapir still needs an unlabeled silhouette check for body plan, head, eyes/sensory structures, appendages and rear/terminal anatomy.","No critical routing, clipping, eye, or life-stage issue found in the full-size visual pass. Recognizable within the established stylized family language. Broad family routing may be usable, but Mountain Tapir still needs an unlabeled silhouette check for body plan, head, eyes/sensory structures, appendages and rear/terminal anatomy.",FAIL,PASS_WITH_POLISH -> HOLD
Mountain_Viper,Mountain Viper,PASS,PASS_WITH_POLISH,PASS,POLISH,POLISH,POLISH,POLISH,POLISH,"Broad family anatomy is usable, but the portrait still shares simplified global body templates and should retain stronger species markers.",MEDIUM,,"No critical routing, clipping, eye, or life-stage issue found in the full-size visual pass. Recognizable within the established stylized family language.",False,Mountain_Viper.png,440,440,RGBA,672e8291f461cc578cbfd08ecffda69ad1160cc29e903564fa48e5022403535b,,PASS_WITH_POLISH,Snakes,HOLD,,"Verify skull/head profile, limb state, body thickness, scale texture, tail and any crest/frill/horn; do not rely on color alone.","No critical routing, clipping, eye, or life-stage issue found in the full-size visual pass. Recognizable within the established stylized family language. Verify skull/head profile, limb state, body thickness, scale texture, tail and any crest/frill/horn; do not rely on color alone.",FAIL,PASS_WITH_POLISH -> HOLD
Mouse,Mouse,PASS,PASS_WITH_POLISH,PASS,POLISH,POLISH,POLISH,POLISH,POLISH,"Broad family anatomy is usable, but the portrait still shares simplified global body templates and should retain stronger species markers.",MEDIUM,,"No critical routing, clipping, eye, or life-stage issue found in the full-size visual pass. Recognizable within the established stylized family language.",False,Mouse.png,440,440,RGBA,2c751055cfe1ed0aacba4cd9aa320515d8ac00d013935e90c073ffc5858b4d47,,PASS_WITH_POLISH,Rodents,HOLD,,"Verify rodent/lagomorph skull, incisors/muzzle, fore/hind foot proportions, body posture and tail; several currently inherit the rabbit-like template.","No critical routing, clipping, eye, or life-stage issue found in the full-size visual pass. Recognizable within the established stylized family language. Verify rodent/lagomorph skull, incisors/muzzle, fore/hind foot proportions, body posture and tail; several currently inherit the rabbit-like template.",FAIL,PASS_WITH_POLISH -> HOLD
Mud_Crab,Mud Crab,PASS,PASS_WITH_POLISH,PASS,POLISH,POLISH,POLISH,POLISH,POLISH,"Broad family anatomy is usable, but the portrait still shares simplified global body templates and should retain stronger species markers.",MEDIUM,,"No critical routing, clipping, eye, or life-stage issue found in the full-size visual pass. Recognizable within the established stylized family language.",False,Mud_Crab.png,440,440,RGBA,8bfa42ebfbb281529233b4d884784017fca060472bca5323fbb10f78052491d5,,PASS_WITH_POLISH,Crustaceans,HOLD,,"Verify segmented carapace, correct leg/claw count, antennae, abdomen/tail fan and the named species’ defining asymmetry or shell form.","No critical routing, clipping, eye, or life-stage issue found in the full-size visual pass. Recognizable within the established stylized family language. Verify segmented carapace, correct leg/claw count, antennae, abdomen/tail fan and the named species’ defining asymmetry or shell form.",FAIL,PASS_WITH_POLISH -> HOLD
Mudminnow,Mudminnow,PASS,PASS_WITH_POLISH,PASS,POLISH,POLISH,POLISH,POLISH,POLISH,"Broad family anatomy is usable, but the portrait still shares simplified global body templates and should retain stronger species markers.",MEDIUM,,"No critical routing, clipping, eye, or life-stage issue found in the full-size visual pass. Recognizable within the established stylized family language.",False,Mudminnow.png,440,440,RGBA,f3b91551771977e79ac9ff85aaa1ac7d594afc14bf80f5eafc17e2b1f75cf567,,PASS_WITH_POLISH,Other or uncertain,HOLD,,"Broad family routing may be usable, but Mudminnow still needs an unlabeled silhouette check for body plan, head, eyes/sensory structures, appendages and rear/terminal anatomy.","No critical routing, clipping, eye, or life-stage issue found in the full-size visual pass. Recognizable within the established stylized family language. Broad family routing may be usable, but Mudminnow still needs an unlabeled silhouette check for body plan, head, eyes/sensory structures, appendages and rear/terminal anatomy.",FAIL,PASS_WITH_POLISH -> HOLD
Mudskipper,Mudskipper,PASS,PASS,PASS,PASS,PASS,PASS,PASS,PASS,All major regions and defining features are readable at the current stylized scale.,LOW,,"Raised eyes, pectoral support, and mud-surface posture now communicate amphibious movement.",True,Mudskipper.png,440,440,RGBA,a2e34e8a4ac5dc58d23e9af74ce0cd2643fd880a3eb5ea0407cb7c5d15056269,,PASS,Flying and climbing fish,PASS,,"The portrait relies on a generic torpedo fish. Correct body depth, head/mouth position, dorsal/anal/pectoral fin shape, caudal fin, markings and any diagnostic appendage.",PASS — Leave alone at the current stylized resolution. Major body regions and defining silhouette are sufficiently represented.,PASS,UNCHANGED
Mullet,Mullet,PASS,PASS_WITH_POLISH,PASS,POLISH,POLISH,POLISH,POLISH,POLISH,"Broad family anatomy is usable, but the portrait still shares simplified global body templates and should retain stronger species markers.",MEDIUM,,"No critical routing, clipping, eye, or life-stage issue found in the full-size visual pass. Recognizable within the established stylized family language.",False,Mullet.png,440,440,RGBA,f51e96ffe6397de71ad2d29535a1bc6938893e97850c2dd48e1fc6b1e07496d2,,PASS_WITH_POLISH,Coastal fish,HOLD,,"The portrait relies on a generic torpedo fish. Correct body depth, head/mouth position, dorsal/anal/pectoral fin shape, caudal fin, markings and any diagnostic appendage.","No critical routing, clipping, eye, or life-stage issue found in the full-size visual pass. Recognizable within the established stylized family language. The portrait relies on a generic torpedo fish. Correct body depth, head/mouth position, dorsal/anal/pectoral fin shape, caudal fin, markings and any diagnostic appendage.",FAIL,PASS_WITH_POLISH -> HOLD
Musk_Ox,Musk Ox,PASS,PASS_WITH_POLISH,PASS,POLISH,POLISH,POLISH,POLISH,POLISH,"Broad family anatomy is usable, but the portrait still shares simplified global body templates and should retain stronger species markers.",MEDIUM,,"No critical routing, clipping, eye, or life-stage issue found in the full-size visual pass. Recognizable within the established stylized family language.",True,Musk_Ox.png,440,440,RGBA,a986733d02d0749c739583375fbecca96ff46c0d953d67fb9f61b7621777d6ba,,PASS_WITH_POLISH,Cattle and bovids,HOLD,,"The ungulate base is usable, but the named species must have correct horn/antler geometry, neck, shoulder/croup mass, leg length, hooves, head and tail.","No critical routing, clipping, eye, or life-stage issue found in the full-size visual pass. Recognizable within the established stylized family language. The ungulate base is usable, but the named species must have correct horn/antler geometry, neck, shoulder/croup mass, leg length, hooves, head and tail.",FAIL,PASS_WITH_POLISH -> HOLD
Mussel,Mussel,PASS,PASS_WITH_POLISH,PASS,POLISH,POLISH,POLISH,POLISH,POLISH,"Broad family anatomy is usable, but the portrait still shares simplified global body templates and should retain stronger species markers.",MEDIUM,,"No critical routing, clipping, eye, or life-stage issue found in the full-size visual pass. Recognizable within the established stylized family language.",False,Mussel.png,440,440,RGBA,68b5b6a6a46e1b085c13f3f882f8851029850990761f0224fce5888e244ee7f8,,PASS_WITH_POLISH,Bivalves,HOLD,,"Broad family routing may be usable, but Mussel still needs an unlabeled silhouette check for body plan, head, eyes/sensory structures, appendages and rear/terminal anatomy.","No critical routing, clipping, eye, or life-stage issue found in the full-size visual pass. Recognizable within the established stylized family language. Broad family routing may be usable, but Mussel still needs an unlabeled silhouette check for body plan, head, eyes/sensory structures, appendages and rear/terminal anatomy.",FAIL,PASS_WITH_POLISH -> HOLD
Narwhal,Narwhal,FAIL,FAIL,FAIL,FAIL,FAIL,PASS,FAIL,FAIL,FAIL,HIGH,Beluga | Right_Whale | Sperm_Whale,Current whale lacks the defining long spiral tusk and melon-shaped head.,False,Narwhal.png,440,440,RGBA,6eb3e0cb5d514e767d01caf5caa64d6d5ae5353c98930f4280419555bb4074bd,,FAIL,Marine mammals,FAIL,,"Strengthen real marine-mammal proportions: streamlined body, species-correct rostrum/head, dorsal fin placement, pectoral flippers, peduncle and horizontal flukes.","Current whale lacks the defining long spiral tusk and melon-shaped head. Strengthen real marine-mammal proportions: streamlined body, species-correct rostrum/head, dorsal fin placement, pectoral flippers, peduncle and horizontal flukes.",FAIL,UNCHANGED
Nautilus,Nautilus,PASS,PASS_WITH_POLISH,PASS,POLISH,POLISH,POLISH,POLISH,POLISH,"Broad family anatomy is usable, but the portrait still shares simplified global body templates and should retain stronger species markers.",MEDIUM,,"No critical routing, clipping, eye, or life-stage issue found in the full-size visual pass. Recognizable within the established stylized family language.",False,Nautilus.png,440,440,RGBA,2796c6434273653e4b034a11d0b587486437e96d5141a5b1cd2814e146465144,,PASS_WITH_POLISH,Cephalopods,HOLD,,"Verify mantle form, eye/head placement, arm count, feeding tentacles, fin skirt/fins and rear mantle taper for the named cephalopod.","No critical routing, clipping, eye, or life-stage issue found in the full-size visual pass. Recognizable within the established stylized family language. Verify mantle form, eye/head placement, arm count, feeding tentacles, fin skirt/fins and rear mantle taper for the named cephalopod.",FAIL,PASS_WITH_POLISH -> HOLD
Newt,Newt,PASS,PASS_WITH_POLISH,PASS,POLISH,POLISH,POLISH,POLISH,POLISH,"Broad family anatomy is usable, but the portrait still shares simplified global body templates and should retain stronger species markers.",MEDIUM,,"No critical routing, clipping, eye, or life-stage issue found in the full-size visual pass. Recognizable within the established stylized family language.",False,Newt.png,440,440,RGBA,662a1f329fa595afb523fe1c544b22e6ca7ab00c3580fccdbc5c0bdb18aea45f,,PASS_WITH_POLISH,Newts,HOLD,,"Broad family routing may be usable, but Newt still needs an unlabeled silhouette check for body plan, head, eyes/sensory structures, appendages and rear/terminal anatomy.","No critical routing, clipping, eye, or life-stage issue found in the full-size visual pass. Recognizable within the established stylized family language. Broad family routing may be usable, but Newt still needs an unlabeled silhouette check for body plan, head, eyes/sensory structures, appendages and rear/terminal anatomy.",FAIL,PASS_WITH_POLISH -> HOLD
Nilgai,Nilgai,FAIL,FAIL,FAIL,FAIL,FAIL,PASS,FAIL,FAIL,FAIL,HIGH,,"Current generic ungulate lacks the heavy sloping blue-bull torso, short horns, dewlap, and species-specific head.",True,Nilgai.png,440,440,RGBA,6229fb624a8e0d887c482d04e7f587343d688a74f627db92de3dd098e771b42e,,FAIL,Other or uncertain,FAIL,,"Broad family routing may be usable, but Nilgai still needs an unlabeled silhouette check for body plan, head, eyes/sensory structures, appendages and rear/terminal anatomy.","Current generic ungulate lacks the heavy sloping blue-bull torso, short horns, dewlap, and species-specific head. Broad family routing may be usable, but Nilgai still needs an unlabeled silhouette check for body plan, head, eyes/sensory structures, appendages and rear/terminal anatomy.",FAIL,UNCHANGED
Nudibranch,Nudibranch,PASS,PASS_WITH_POLISH,PASS,POLISH,POLISH,POLISH,POLISH,POLISH,"Broad family anatomy is usable, but the portrait still shares simplified global body templates and should retain stronger species markers.",MEDIUM,,"No critical routing, clipping, eye, or life-stage issue found in the full-size visual pass. Recognizable within the established stylized family language.",False,Nudibranch.png,440,440,RGBA,a342819d4b2dfcca2a2f71e116ebd1454accabd6175a9eb97d83a9508a9b063c,,PASS_WITH_POLISH,Gastropods,HOLD,,"Broad family routing may be usable, but Nudibranch still needs an unlabeled silhouette check for body plan, head, eyes/sensory structures, appendages and rear/terminal anatomy.","No critical routing, clipping, eye, or life-stage issue found in the full-size visual pass. Recognizable within the established stylized family language. Broad family routing may be usable, but Nudibranch still needs an unlabeled silhouette check for body plan, head, eyes/sensory structures, appendages and rear/terminal anatomy.",FAIL,PASS_WITH_POLISH -> HOLD
Oarfish,Oarfish,PASS,PASS_WITH_POLISH,PASS,POLISH,POLISH,POLISH,POLISH,POLISH,"Broad family anatomy is usable, but the portrait still shares simplified global body templates and should retain stronger species markers.",MEDIUM,,"No critical routing, clipping, eye, or life-stage issue found in the full-size visual pass. Recognizable within the established stylized family language.",False,Oarfish.png,440,440,RGBA,7e8405cd71f693f6ccb451241d36e6d65c5bf54cd8fb68c42e3182c4c0194851,,PASS_WITH_POLISH,Strange deep-sea fish,HOLD,,"The portrait relies on a generic torpedo fish. Correct body depth, head/mouth position, dorsal/anal/pectoral fin shape, caudal fin, markings and any diagnostic appendage.","No critical routing, clipping, eye, or life-stage issue found in the full-size visual pass. Recognizable within the established stylized family language. The portrait relies on a generic torpedo fish. Correct body depth, head/mouth position, dorsal/anal/pectoral fin shape, caudal fin, markings and any diagnostic appendage.",FAIL,PASS_WITH_POLISH -> HOLD
Ocean_Sunfish,Ocean Sunfish,PASS,PASS_WITH_POLISH,PASS,POLISH,POLISH,PASS,POLISH,POLISH,"Broad family anatomy is usable, but the portrait still shares simplified global body templates and should retain stronger species markers.",MEDIUM,,Broad truncated body reads; enlarge dorsal/anal fins and reduce tail.,False,Ocean_Sunfish.png,440,440,RGBA,e711aef58dc075a319c4efa594ff425bc3fa1ee125daef90cfb150196154ec6e,,PASS_WITH_POLISH,Other or uncertain,HOLD,,"Broad family routing may be usable, but Ocean Sunfish still needs an unlabeled silhouette check for body plan, head, eyes/sensory structures, appendages and rear/terminal anatomy.","Broad truncated body reads; enlarge dorsal/anal fins and reduce tail. Broad family routing may be usable, but Ocean Sunfish still needs an unlabeled silhouette check for body plan, head, eyes/sensory structures, appendages and rear/terminal anatomy.",FAIL,PASS_WITH_POLISH -> HOLD
Ocelot,Ocelot,FAIL,FAIL,FAIL,FAIL,FAIL,PASS,FAIL,FAIL,FAIL,HIGH,,"Current ungulate-like body lacks low feline torso, cat skull, paws, and long ringed/marked tail.",True,Ocelot.png,440,440,RGBA,cc1ddea08c03f686346b627b7955c4be17efd4ca44171b0af99425b1ccf0da70,,FAIL,Big cats,FAIL,,"The catalog repeatedly uses an ungulate-like torso and straight hoof-like legs for felids. Use a feline ribcage/shoulder line, digitigrade legs with paws, feline skull and muzzle, flexible spine, and species-correct tail.","Current ungulate-like body lacks low feline torso, cat skull, paws, and long ringed/marked tail. The catalog repeatedly uses an ungulate-like torso and straight hoof-like legs for felids. Use a feline ribcage/shoulder line, digitigrade legs with paws, feline skull and muzzle, flexible spine, and species-correct tail.",FAIL,UNCHANGED
Octopus,Octopus,PASS,PASS_WITH_POLISH,PASS,POLISH,POLISH,POLISH,POLISH,POLISH,"Broad family anatomy is usable, but the portrait still shares simplified global body templates and should retain stronger species markers.",MEDIUM,,"No critical routing, clipping, eye, or life-stage issue found in the full-size visual pass. Recognizable within the established stylized family language.",False,Octopus.png,440,440,RGBA,4b808f9f3ec9dcb19879f2547a77a1e3980fe9713ce920a091d0c4456c9bf6b1,,PASS_WITH_POLISH,Cephalopods,HOLD,,"Verify mantle form, eye/head placement, arm count, feeding tentacles, fin skirt/fins and rear mantle taper for the named cephalopod.","No critical routing, clipping, eye, or life-stage issue found in the full-size visual pass. Recognizable within the established stylized family language. Verify mantle form, eye/head placement, arm count, feeding tentacles, fin skirt/fins and rear mantle taper for the named cephalopod.",FAIL,PASS_WITH_POLISH -> HOLD
Okapi,Okapi,PASS,PASS_WITH_POLISH,PASS,POLISH,POLISH,POLISH,POLISH,POLISH,"Broad family anatomy is usable, but the portrait still shares simplified global body templates and should retain stronger species markers.",MEDIUM,,"No critical routing, clipping, eye, or life-stage issue found in the full-size visual pass. Recognizable within the established stylized family language.",True,Okapi.png,440,440,RGBA,aeee5adc56d6e1a03e37f6b0a5cb06506a7845d00c79b032f6a53b9de59475bb,,PASS_WITH_POLISH,Giraffes and relatives,HOLD,,"The ungulate base is usable, but the named species must have correct horn/antler geometry, neck, shoulder/croup mass, leg length, hooves, head and tail.","No critical routing, clipping, eye, or life-stage issue found in the full-size visual pass. Recognizable within the established stylized family language. The ungulate base is usable, but the named species must have correct horn/antler geometry, neck, shoulder/croup mass, leg length, hooves, head and tail.",FAIL,PASS_WITH_POLISH -> HOLD
Olm,Olm,PASS,PASS_WITH_POLISH,PASS,POLISH,POLISH,POLISH,POLISH,POLISH,"Broad family anatomy is usable, but the portrait still shares simplified global body templates and should retain stronger species markers.",MEDIUM,,"No critical routing, clipping, eye, or life-stage issue found in the full-size visual pass. Recognizable within the established stylized family language.",False,Olm.png,440,440,RGBA,a857f1bdcd54afe76a6d6b52258918bc8baa612a923f1da6fad2efd4dff7104c,,PASS_WITH_POLISH,Permanently aquatic amphibians,HOLD,,"Broad family routing may be usable, but Olm still needs an unlabeled silhouette check for body plan, head, eyes/sensory structures, appendages and rear/terminal anatomy.","No critical routing, clipping, eye, or life-stage issue found in the full-size visual pass. Recognizable within the established stylized family language. Broad family routing may be usable, but Olm still needs an unlabeled silhouette check for body plan, head, eyes/sensory structures, appendages and rear/terminal anatomy.",FAIL,PASS_WITH_POLISH -> HOLD
Orangutan,Orangutan,PASS,PASS_WITH_POLISH,PASS,POLISH,POLISH,POLISH,POLISH,POLISH,"Broad family anatomy is usable, but the portrait still shares simplified global body templates and should retain stronger species markers.",MEDIUM,,"No critical routing, clipping, eye, or life-stage issue found in the full-size visual pass. Recognizable within the established stylized family language.",False,Orangutan.png,440,440,RGBA,393b5893775bae9b8aa7deec1d2ec27e19bd2a5d32cf8d5aad48f10e72795716,,PASS_WITH_POLISH,Primates,HOLD,,"Verify torso posture, arm/leg ratio, hands/feet, face shape and tail state for the named primate.","No critical routing, clipping, eye, or life-stage issue found in the full-size visual pass. Recognizable within the established stylized family language. Verify torso posture, arm/leg ratio, hands/feet, face shape and tail state for the named primate.",FAIL,PASS_WITH_POLISH -> HOLD
Orca,Orca,FAIL,FAIL,FAIL,FAIL,FAIL,PASS,FAIL,FAIL,FAIL,HIGH,,"Current generic cetacean lacks black-and-white markings, tall dorsal fin, pectoral shape, and robust killer-whale head.",False,Orca.png,440,440,RGBA,26cadc7eb23fb3b0386ecd568d7935148d7c36565ee5b24640f5ff8eb9a1d642,,FAIL,Marine mammals,FAIL,,"Strengthen real marine-mammal proportions: streamlined body, species-correct rostrum/head, dorsal fin placement, pectoral flippers, peduncle and horizontal flukes.","Current generic cetacean lacks black-and-white markings, tall dorsal fin, pectoral shape, and robust killer-whale head. Strengthen real marine-mammal proportions: streamlined body, species-correct rostrum/head, dorsal fin placement, pectoral flippers, peduncle and horizontal flukes.",FAIL,UNCHANGED
Orchid_Bee,Orchid Bee,FAIL,FAIL,FAIL,FAIL,FAIL,PASS,FAIL,FAIL,FAIL,HIGH,Aphid | Black_Fly | Cicada | Cold-Adapted_Insect | Termite | Thrips,"Current bead-like insect lacks wings, metallic bee torso, six legs, and pollen-carrying anatomy.",False,Orchid_Bee.png,440,440,RGBA,cd083c191c3c593e39b1c250adc5e1f006ad8bc8e27b5f54fa2d759cdd24e428,,FAIL,Bees,FAIL,,"Use correct insect anatomy: distinct head/thorax/abdomen, six articulated legs, correct wing count and attachment, antennae, mouthparts and species-specific shell/body proportions.","Current bead-like insect lacks wings, metallic bee torso, six legs, and pollen-carrying anatomy. Use correct insect anatomy: distinct head/thorax/abdomen, six articulated legs, correct wing count and attachment, antennae, mouthparts and species-specific shell/body proportions.",FAIL,UNCHANGED
Oryx,Oryx,PASS,PASS_WITH_POLISH,PASS,POLISH,POLISH,POLISH,POLISH,POLISH,"Broad family anatomy is usable, but the portrait still shares simplified global body templates and should retain stronger species markers.",MEDIUM,,"No critical routing, clipping, eye, or life-stage issue found in the full-size visual pass. Recognizable within the established stylized family language.",True,Oryx.png,440,440,RGBA,0470dc7d22fe26bd3ff9bbaf26b43ad04f4a3aea0f47e03186e92a94303f2dd5,,PASS_WITH_POLISH,Cattle and bovids,HOLD,,"The ungulate base is usable, but the named species must have correct horn/antler geometry, neck, shoulder/croup mass, leg length, hooves, head and tail.","No critical routing, clipping, eye, or life-stage issue found in the full-size visual pass. Recognizable within the established stylized family language. The ungulate base is usable, but the named species must have correct horn/antler geometry, neck, shoulder/croup mass, leg length, hooves, head and tail.",FAIL,PASS_WITH_POLISH -> HOLD
Osprey,Osprey,PASS,PASS_WITH_POLISH,PASS,POLISH,POLISH,POLISH,POLISH,POLISH,"Broad family anatomy is usable, but the portrait still shares simplified global body templates and should retain stronger species markers.",HIGH,Hawk,"No critical routing, clipping, eye, or life-stage issue found in the full-size visual pass. Recognizable within the established stylized family language.",False,Osprey.png,440,440,RGBA,01df5d1cba30f781ce07b82aade8bfea85f4f7cf147afdca5a2c68dd7579a28d,,PASS_WITH_POLISH,Birds of prey,HOLD,,"Replace the generic compact bird body with species-correct raptor mass, hooked bill, wing proportions, talons, tail and head/crest.","No critical routing, clipping, eye, or life-stage issue found in the full-size visual pass. Recognizable within the established stylized family language. Replace the generic compact bird body with species-correct raptor mass, hooked bill, wing proportions, talons, tail and head/crest.",FAIL,PASS_WITH_POLISH -> HOLD
Ostrich,Ostrich,FAIL,FAIL,FAIL,FAIL,FAIL,PASS,FAIL,FAIL,FAIL,HIGH,,"Current compact bird lacks the very large flightless body, long neck, powerful two-toed legs, and reduced wings.",False,Ostrich.png,440,440,RGBA,a9602117ca72d7a70a9b2a72a79dec4da8e03d22a514de215c10d2946bcb04c2,,FAIL,Flightless birds,FAIL,,"Use the species-specific flightless body: correct torso mass, neck length, vestigial wings/flippers, leg proportions, feet, tail and head ornaments.","Current compact bird lacks the very large flightless body, long neck, powerful two-toed legs, and reduced wings. Use the species-specific flightless body: correct torso mass, neck length, vestigial wings/flippers, leg proportions, feet, tail and head ornaments.",FAIL,UNCHANGED
Otter,Otter,PASS,PASS_WITH_POLISH,PASS,POLISH,POLISH,POLISH,POLISH,POLISH,"Broad family anatomy is usable, but the portrait still shares simplified global body templates and should retain stronger species markers.",HIGH,River_Otter,"No critical routing, clipping, eye, or life-stage issue found in the full-size visual pass. Recognizable within the established stylized family language.",True,Otter.png,440,440,RGBA,b251e8a2103efd5e715d90e2367fab8bec8821ebd4c226415290386510cd676e,,PASS_WITH_POLISH,Weasels and relatives,HOLD,,"Use the correct low flexible carnivoran torso, pawed limbs, skull/muzzle, and species-specific tail instead of one shared long-body template.","No critical routing, clipping, eye, or life-stage issue found in the full-size visual pass. Recognizable within the established stylized family language. Use the correct low flexible carnivoran torso, pawed limbs, skull/muzzle, and species-specific tail instead of one shared long-body template.",FAIL,PASS_WITH_POLISH -> HOLD
Owl,Owl,PASS,PASS_WITH_POLISH,PASS,POLISH,POLISH,POLISH,POLISH,POLISH,"Broad family anatomy is usable, but the portrait still shares simplified global body templates and should retain stronger species markers.",MEDIUM,,"No critical routing, clipping, eye, or life-stage issue found in the full-size visual pass. Recognizable within the established stylized family language.",False,Owl.png,440,440,RGBA,2a23537561083f8fd7ed1ca4b30dcc3aa42d16c56db9eaadba917ed5b3d722e2,,PASS_WITH_POLISH,Raptors and owls,HOLD,,"Replace the generic compact bird body with species-correct raptor mass, hooked bill, wing proportions, talons, tail and head/crest.","No critical routing, clipping, eye, or life-stage issue found in the full-size visual pass. Recognizable within the established stylized family language. Replace the generic compact bird body with species-correct raptor mass, hooked bill, wing proportions, talons, tail and head/crest.",FAIL,PASS_WITH_POLISH -> HOLD
Oyster,Oyster,PASS,PASS_WITH_POLISH,PASS,POLISH,POLISH,POLISH,POLISH,POLISH,"Broad family anatomy is usable, but the portrait still shares simplified global body templates and should retain stronger species markers.",MEDIUM,,"No critical routing, clipping, eye, or life-stage issue found in the full-size visual pass. Recognizable within the established stylized family language.",False,Oyster.png,440,440,RGBA,2fe65605ed3e6218d8f4372ba778db558efc43aa022ac80869bae04d7fc2a157,,PASS_WITH_POLISH,Bivalves,HOLD,,"Broad family routing may be usable, but Oyster still needs an unlabeled silhouette check for body plan, head, eyes/sensory structures, appendages and rear/terminal anatomy.","No critical routing, clipping, eye, or life-stage issue found in the full-size visual pass. Recognizable within the established stylized family language. Broad family routing may be usable, but Oyster still needs an unlabeled silhouette check for body plan, head, eyes/sensory structures, appendages and rear/terminal anatomy.",FAIL,PASS_WITH_POLISH -> HOLD
Oystercatcher,Oystercatcher,PASS,PASS_WITH_POLISH,PASS,POLISH,POLISH,PASS,POLISH,POLISH,"Broad family anatomy is usable, but the portrait still shares simplified global body templates and should retain stronger species markers.",MEDIUM,,Use a long bright bill and black/white shorebird body.,False,Oystercatcher.png,440,440,RGBA,2e27e695cd9b8c21938f63f930bc9efa64ea00651bb3a95cc97ebc801819e6f4,,PASS_WITH_POLISH,Shorebirds,HOLD,,"Keep the wader family but correct the exact bill geometry, neck length, leg/foot proportions, body depth and tail for the named species.","Use a long bright bill and black/white shorebird body. Keep the wader family but correct the exact bill geometry, neck length, leg/foot proportions, body depth and tail for the named species.",FAIL,PASS_WITH_POLISH -> HOLD
Pacu,Pacu,PASS,PASS_WITH_POLISH,PASS,POLISH,POLISH,POLISH,POLISH,POLISH,"Broad family anatomy is usable, but the portrait still shares simplified global body templates and should retain stronger species markers.",MEDIUM,,"No critical routing, clipping, eye, or life-stage issue found in the full-size visual pass. Recognizable within the established stylized family language.",False,Pacu.png,440,440,RGBA,b63e900d3f4b62817d0fb8d54a454714fce92301d532495dd5e930fcfe3a7dca,,PASS_WITH_POLISH,Characins,HOLD,,"Broad family routing may be usable, but Pacu still needs an unlabeled silhouette check for body plan, head, eyes/sensory structures, appendages and rear/terminal anatomy.","No critical routing, clipping, eye, or life-stage issue found in the full-size visual pass. Recognizable within the established stylized family language. Broad family routing may be usable, but Pacu still needs an unlabeled silhouette check for body plan, head, eyes/sensory structures, appendages and rear/terminal anatomy.",FAIL,PASS_WITH_POLISH -> HOLD
Paddlefish,Paddlefish,PASS,PASS,PASS,PASS,PASS,PASS,PASS,PASS,All major regions and defining features are readable at the current stylized scale.,LOW,,Long paddle-shaped rostrum is clearly represented.,True,Paddlefish.png,440,440,RGBA,ec28f145ef76bee804261c6bd2a3d904b56fa417655c48fde7413d5ef739f290,,PASS,Primitive fish,PASS,,"The portrait relies on a generic torpedo fish. Correct body depth, head/mouth position, dorsal/anal/pectoral fin shape, caudal fin, markings and any diagnostic appendage.",PASS — Leave alone at the current stylized resolution. Major body regions and defining silhouette are sufficiently represented.,PASS,UNCHANGED
Pampas_Fox,Pampas Fox,PASS,PASS_WITH_POLISH,PASS,POLISH,POLISH,POLISH,POLISH,POLISH,"Broad family anatomy is usable, but the portrait still shares simplified global body templates and should retain stronger species markers.",MEDIUM,,"No critical routing, clipping, eye, or life-stage issue found in the full-size visual pass. Recognizable within the established stylized family language.",True,Pampas_Fox.png,440,440,RGBA,147b95b2bd6bde0dc2944279324fbb3b08ca814d6e090bfdd3e7b3707bbce133,,PASS_WITH_POLISH,Canids,HOLD,,"The catalog repeatedly uses a deer-like quadruped for canids. Use a deep canine chest, digitigrade paws/hocks, canine skull and muzzle, and a properly furred tail.","No critical routing, clipping, eye, or life-stage issue found in the full-size visual pass. Recognizable within the established stylized family language. The catalog repeatedly uses a deer-like quadruped for canids. Use a deep canine chest, digitigrade paws/hocks, canine skull and muzzle, and a properly furred tail.",FAIL,PASS_WITH_POLISH -> HOLD
Panda,Panda,FAIL,FAIL,FAIL,FAIL,FAIL,PASS,FAIL,FAIL,FAIL,HIGH,,"Markings are recognizable, but the body is a cow-like quadruped. Use a round ursid torso, short legs, broad bear head, paws, and compact rear.",True,Panda.png,440,440,RGBA,88e9f42238c71cf254d6a2b57daccbd9a7f7bf4f4e32ae344d356f95901e6652,,FAIL,Bears,FAIL,,"Replace the pig/ungulate scaffold with a heavy plantigrade bear body: broad shoulders, thick torso, short tail, large paws, and ursid skull.","Markings are recognizable, but the body is a cow-like quadruped. Use a round ursid torso, short legs, broad bear head, paws, and compact rear. Replace the pig/ungulate scaffold with a heavy plantigrade bear body: broad shoulders, thick torso, short tail, large paws, and ursid skull.",FAIL,UNCHANGED
Pangolin,Pangolin,PASS,PASS_WITH_POLISH,PASS,POLISH,POLISH,POLISH,POLISH,POLISH,"Broad family anatomy is usable, but the portrait still shares simplified global body templates and should retain stronger species markers.",MEDIUM,,"No critical routing, clipping, eye, or life-stage issue found in the full-size visual pass. Recognizable within the established stylized family language.",True,Pangolin.png,440,440,RGBA,f9b07e082a8258f0839e7136b275fbd239a9ea77569ce86aa8b39112e2cf546b,,PASS_WITH_POLISH,Other or uncertain,HOLD,,"Broad family routing may be usable, but Pangolin still needs an unlabeled silhouette check for body plan, head, eyes/sensory structures, appendages and rear/terminal anatomy.","No critical routing, clipping, eye, or life-stage issue found in the full-size visual pass. Recognizable within the established stylized family language. Broad family routing may be usable, but Pangolin still needs an unlabeled silhouette check for body plan, head, eyes/sensory structures, appendages and rear/terminal anatomy.",FAIL,PASS_WITH_POLISH -> HOLD
Parrot,Parrot,FAIL,FAIL,FAIL,FAIL,FAIL,PASS,FAIL,FAIL,FAIL,HIGH,,"Current tiny generic bird lacks a curved parrot bill, broad head, grasping feet, and parrot body proportions.",False,Parrot.png,440,440,RGBA,de4088c7a7a286cb0945b9c36432cd6f97015497c8ae627807b21e267ab55442,,FAIL,Parrots,FAIL,,"The named bird relies too heavily on the shared side-bird template. Correct the bill, neck, body depth, wing length, leg type, tail and crest/display structures for the species.","Current tiny generic bird lacks a curved parrot bill, broad head, grasping feet, and parrot body proportions. The named bird relies too heavily on the shared side-bird template. Correct the bill, neck, body depth, wing length, leg type, tail and crest/display structures for the species.",FAIL,UNCHANGED
Parrotfish,Parrotfish,PASS,PASS_WITH_POLISH,PASS,POLISH,POLISH,POLISH,POLISH,POLISH,"Broad family anatomy is usable, but the portrait still shares simplified global body templates and should retain stronger species markers.",MEDIUM,,"No critical routing, clipping, eye, or life-stage issue found in the full-size visual pass. Recognizable within the established stylized family language.",False,Parrotfish.png,440,440,RGBA,210d0377fa99cc8432ee645084f88541fb9a603d99955e0daeb099543418b4b8,,PASS_WITH_POLISH,Reef fish,HOLD,,"The portrait relies on a generic torpedo fish. Correct body depth, head/mouth position, dorsal/anal/pectoral fin shape, caudal fin, markings and any diagnostic appendage.","No critical routing, clipping, eye, or life-stage issue found in the full-size visual pass. Recognizable within the established stylized family language. The portrait relies on a generic torpedo fish. Correct body depth, head/mouth position, dorsal/anal/pectoral fin shape, caudal fin, markings and any diagnostic appendage.",FAIL,PASS_WITH_POLISH -> HOLD
Partridge,Partridge,PASS,PASS_WITH_POLISH,PASS,POLISH,POLISH,POLISH,POLISH,POLISH,"Broad family anatomy is usable, but the portrait still shares simplified global body templates and should retain stronger species markers.",HIGH,Sandgrouse,"No critical routing, clipping, eye, or life-stage issue found in the full-size visual pass. Recognizable within the established stylized family language.",False,Partridge.png,440,440,RGBA,cbdccb45dbf459b12b09209b8c194550041824179f369f0c92b9f24a4c69db49,,PASS_WITH_POLISH,Gamebirds,HOLD,,"The named bird relies too heavily on the shared side-bird template. Correct the bill, neck, body depth, wing length, leg type, tail and crest/display structures for the species.","No critical routing, clipping, eye, or life-stage issue found in the full-size visual pass. Recognizable within the established stylized family language. The named bird relies too heavily on the shared side-bird template. Correct the bill, neck, body depth, wing length, leg type, tail and crest/display structures for the species.",FAIL,PASS_WITH_POLISH -> HOLD
Peacock,Peacock,PASS,PASS_WITH_POLISH,PASS,POLISH,POLISH,POLISH,POLISH,POLISH,"Broad family anatomy is usable, but the portrait still shares simplified global body templates and should retain stronger species markers.",MEDIUM,,"No critical routing, clipping, eye, or life-stage issue found in the full-size visual pass. Recognizable within the established stylized family language.",False,Peacock.png,440,440,RGBA,353b6017e4e35bebb6d3db9deb4a7a5726dfc01ba3718aded60637e72adb4337,,PASS_WITH_POLISH,Gamebirds,HOLD,,"The named bird relies too heavily on the shared side-bird template. Correct the bill, neck, body depth, wing length, leg type, tail and crest/display structures for the species.","No critical routing, clipping, eye, or life-stage issue found in the full-size visual pass. Recognizable within the established stylized family language. The named bird relies too heavily on the shared side-bird template. Correct the bill, neck, body depth, wing length, leg type, tail and crest/display structures for the species.",FAIL,PASS_WITH_POLISH -> HOLD
Peccary,Peccary,PASS,PASS_WITH_POLISH,PASS,POLISH,POLISH,POLISH,POLISH,POLISH,"Broad family anatomy is usable, but the portrait still shares simplified global body templates and should retain stronger species markers.",MEDIUM,,"No critical routing, clipping, eye, or life-stage issue found in the full-size visual pass. Recognizable within the established stylized family language.",True,Peccary.png,440,440,RGBA,590d3e0bcfa24a9132cb0fd544e097d9d1463c5028638ef4fdd5cf8a37ee2efc,,PASS_WITH_POLISH,Pigs and relatives,HOLD,,"Broad family routing may be usable, but Peccary still needs an unlabeled silhouette check for body plan, head, eyes/sensory structures, appendages and rear/terminal anatomy.","No critical routing, clipping, eye, or life-stage issue found in the full-size visual pass. Recognizable within the established stylized family language. Broad family routing may be usable, but Peccary still needs an unlabeled silhouette check for body plan, head, eyes/sensory structures, appendages and rear/terminal anatomy.",FAIL,PASS_WITH_POLISH -> HOLD
Pelican,Pelican,PASS,PASS_WITH_POLISH,PASS,POLISH,POLISH,POLISH,POLISH,POLISH,"Broad family anatomy is usable, but the portrait still shares simplified global body templates and should retain stronger species markers.",MEDIUM,,"No critical routing, clipping, eye, or life-stage issue found in the full-size visual pass. Recognizable within the established stylized family language.",False,Pelican.png,440,440,RGBA,a29057946111ce31b36ca728626466077f4e66509acd35a61fd077b06ca59daf,,PASS_WITH_POLISH,Pelicans and diving waterbirds,HOLD,,"Broad family routing may be usable, but Pelican still needs an unlabeled silhouette check for body plan, head, eyes/sensory structures, appendages and rear/terminal anatomy.","No critical routing, clipping, eye, or life-stage issue found in the full-size visual pass. Recognizable within the established stylized family language. Broad family routing may be usable, but Pelican still needs an unlabeled silhouette check for body plan, head, eyes/sensory structures, appendages and rear/terminal anatomy.",FAIL,PASS_WITH_POLISH -> HOLD
Penguin,Penguin,PASS,PASS_WITH_POLISH,PASS,POLISH,POLISH,POLISH,POLISH,POLISH,"Broad family anatomy is usable, but the portrait still shares simplified global body templates and should retain stronger species markers.",MEDIUM,,"No critical routing, clipping, eye, or life-stage issue found in the full-size visual pass. Recognizable within the established stylized family language.",False,Penguin.png,440,440,RGBA,4ec5d36608fb6eb3c4a649ac95ea62c7f453e1f527fa9bc12997832008c00e52,,PASS_WITH_POLISH,Flightless birds,HOLD,,"Use the species-specific flightless body: correct torso mass, neck length, vestigial wings/flippers, leg proportions, feet, tail and head ornaments.","No critical routing, clipping, eye, or life-stage issue found in the full-size visual pass. Recognizable within the established stylized family language. Use the species-specific flightless body: correct torso mass, neck length, vestigial wings/flippers, leg proportions, feet, tail and head ornaments.",FAIL,PASS_WITH_POLISH -> HOLD
Perch,Perch,PASS,PASS_WITH_POLISH,PASS,POLISH,POLISH,POLISH,POLISH,POLISH,"Broad family anatomy is usable, but the portrait still shares simplified global body templates and should retain stronger species markers.",MEDIUM,,"No critical routing, clipping, eye, or life-stage issue found in the full-size visual pass. Recognizable within the established stylized family language.",False,Perch.png,440,440,RGBA,7955f7c3fe305c7c038b38e1e572d75642869c62085c2ab51ac6ac2e94b7d574,,PASS_WITH_POLISH,Perch-like freshwater fish,HOLD,,"The portrait relies on a generic torpedo fish. Correct body depth, head/mouth position, dorsal/anal/pectoral fin shape, caudal fin, markings and any diagnostic appendage.","No critical routing, clipping, eye, or life-stage issue found in the full-size visual pass. Recognizable within the established stylized family language. The portrait relies on a generic torpedo fish. Correct body depth, head/mouth position, dorsal/anal/pectoral fin shape, caudal fin, markings and any diagnostic appendage.",FAIL,PASS_WITH_POLISH -> HOLD
Petrel,Petrel,PASS,PASS_WITH_POLISH,PASS,POLISH,POLISH,POLISH,POLISH,POLISH,"Broad family anatomy is usable, but the portrait still shares simplified global body templates and should retain stronger species markers.",MEDIUM,,"No critical routing, clipping, eye, or life-stage issue found in the full-size visual pass. Recognizable within the established stylized family language.",False,Petrel.png,440,440,RGBA,b76761140d223d4e6bd03b2d5ec903a225b17ce25966396308e4ebc9818ef3c7,,PASS_WITH_POLISH,Seabirds,HOLD,,"The named bird relies too heavily on the shared side-bird template. Correct the bill, neck, body depth, wing length, leg type, tail and crest/display structures for the species.","No critical routing, clipping, eye, or life-stage issue found in the full-size visual pass. Recognizable within the established stylized family language. The named bird relies too heavily on the shared side-bird template. Correct the bill, neck, body depth, wing length, leg type, tail and crest/display structures for the species.",FAIL,PASS_WITH_POLISH -> HOLD
Pheasant,Pheasant,PASS,PASS_WITH_POLISH,PASS,POLISH,POLISH,POLISH,POLISH,POLISH,"Broad family anatomy is usable, but the portrait still shares simplified global body templates and should retain stronger species markers.",MEDIUM,,"No critical routing, clipping, eye, or life-stage issue found in the full-size visual pass. Recognizable within the established stylized family language.",False,Pheasant.png,440,440,RGBA,731f065150937005bdaa2073d563d66bc0162c21be72f8df8bad6439df95f23b,,PASS_WITH_POLISH,Gamebirds,HOLD,,"The named bird relies too heavily on the shared side-bird template. Correct the bill, neck, body depth, wing length, leg type, tail and crest/display structures for the species.","No critical routing, clipping, eye, or life-stage issue found in the full-size visual pass. Recognizable within the established stylized family language. The named bird relies too heavily on the shared side-bird template. Correct the bill, neck, body depth, wing length, leg type, tail and crest/display structures for the species.",FAIL,PASS_WITH_POLISH -> HOLD
Pig,Pig,PASS,PASS_WITH_POLISH,PASS,POLISH,POLISH,POLISH,POLISH,POLISH,"Broad family anatomy is usable, but the portrait still shares simplified global body templates and should retain stronger species markers.",MEDIUM,,"No critical routing, clipping, eye, or life-stage issue found in the full-size visual pass. Recognizable within the established stylized family language.",True,Pig.png,440,440,RGBA,b4095251dc0fec4cc8b3ee2711730c6000a619c48cfe8ea7172a0796b8f6b3de,,PASS_WITH_POLISH,Pigs and relatives,HOLD,,"Broad family routing may be usable, but Pig still needs an unlabeled silhouette check for body plan, head, eyes/sensory structures, appendages and rear/terminal anatomy.","No critical routing, clipping, eye, or life-stage issue found in the full-size visual pass. Recognizable within the established stylized family language. Broad family routing may be usable, but Pig still needs an unlabeled silhouette check for body plan, head, eyes/sensory structures, appendages and rear/terminal anatomy.",FAIL,PASS_WITH_POLISH -> HOLD
Pigeon,Pigeon,PASS,PASS_WITH_POLISH,PASS,POLISH,POLISH,POLISH,POLISH,POLISH,"Broad family anatomy is usable, but the portrait still shares simplified global body templates and should retain stronger species markers.",HIGH,Dove,"No critical routing, clipping, eye, or life-stage issue found in the full-size visual pass. Recognizable within the established stylized family language.",False,Pigeon.png,440,440,RGBA,d8570f0985d19ec6467610ef5fb30c67a5a48a1e5a2b1dabab99eb42a26c4618,,PASS_WITH_POLISH,Pigeons,HOLD,,"The named bird relies too heavily on the shared side-bird template. Correct the bill, neck, body depth, wing length, leg type, tail and crest/display structures for the species.","No critical routing, clipping, eye, or life-stage issue found in the full-size visual pass. Recognizable within the established stylized family language. The named bird relies too heavily on the shared side-bird template. Correct the bill, neck, body depth, wing length, leg type, tail and crest/display structures for the species.",FAIL,PASS_WITH_POLISH -> HOLD
Pika,Pika,PASS,PASS_WITH_POLISH,PASS,POLISH,POLISH,POLISH,POLISH,POLISH,"Broad family anatomy is usable, but the portrait still shares simplified global body templates and should retain stronger species markers.",MEDIUM,,"No critical routing, clipping, eye, or life-stage issue found in the full-size visual pass. Recognizable within the established stylized family language.",False,Pika.png,440,440,RGBA,d9aedcfb1d51fb2b2b343cad27006a984aa2e4025998512de34478299eadd70a,,PASS_WITH_POLISH,Rabbits and relatives,HOLD,,"Broad family routing may be usable, but Pika still needs an unlabeled silhouette check for body plan, head, eyes/sensory structures, appendages and rear/terminal anatomy.","No critical routing, clipping, eye, or life-stage issue found in the full-size visual pass. Recognizable within the established stylized family language. Broad family routing may be usable, but Pika still needs an unlabeled silhouette check for body plan, head, eyes/sensory structures, appendages and rear/terminal anatomy.",FAIL,PASS_WITH_POLISH -> HOLD
Pike,Pike,PASS,PASS_WITH_POLISH,PASS,POLISH,POLISH,POLISH,POLISH,POLISH,"Broad family anatomy is usable, but the portrait still shares simplified global body templates and should retain stronger species markers.",MEDIUM,,"No critical routing, clipping, eye, or life-stage issue found in the full-size visual pass. Recognizable within the established stylized family language.",False,Pike.png,440,440,RGBA,e0d3abf30838b1403e2fa31cf3e091841b823b8ed2d1738ae2ab8a0b1da56c3e,,PASS_WITH_POLISH,Pike-like fish,HOLD,,"The portrait relies on a generic torpedo fish. Correct body depth, head/mouth position, dorsal/anal/pectoral fin shape, caudal fin, markings and any diagnostic appendage.","No critical routing, clipping, eye, or life-stage issue found in the full-size visual pass. Recognizable within the established stylized family language. The portrait relies on a generic torpedo fish. Correct body depth, head/mouth position, dorsal/anal/pectoral fin shape, caudal fin, markings and any diagnostic appendage.",FAIL,PASS_WITH_POLISH -> HOLD
Pilot_Whale,Pilot Whale,PASS,PASS_WITH_POLISH,PASS,POLISH,POLISH,POLISH,POLISH,POLISH,"Broad family anatomy is usable, but the portrait still shares simplified global body templates and should retain stronger species markers.",MEDIUM,,"No critical routing, clipping, eye, or life-stage issue found in the full-size visual pass. Recognizable within the established stylized family language.",False,Pilot_Whale.png,440,440,RGBA,ec5feac93e3f025e89a3520e19c74c1e12eef9bd3ba2ecc3a6e092ef4b620d05,,PASS_WITH_POLISH,Marine mammals,HOLD,,"Strengthen real marine-mammal proportions: streamlined body, species-correct rostrum/head, dorsal fin placement, pectoral flippers, peduncle and horizontal flukes.","No critical routing, clipping, eye, or life-stage issue found in the full-size visual pass. Recognizable within the established stylized family language. Strengthen real marine-mammal proportions: streamlined body, species-correct rostrum/head, dorsal fin placement, pectoral flippers, peduncle and horizontal flukes.",FAIL,PASS_WITH_POLISH -> HOLD
Pipefish,Pipefish,PASS,PASS_WITH_POLISH,PASS,POLISH,POLISH,POLISH,POLISH,POLISH,"Broad family anatomy is usable, but the portrait still shares simplified global body templates and should retain stronger species markers.",MEDIUM,,"No critical routing, clipping, eye, or life-stage issue found in the full-size visual pass. Recognizable within the established stylized family language.",False,Pipefish.png,440,440,RGBA,306dbe041c2ec61d1b4880d01db7528fd39defa4b1d7e675eb58346b3f269040,,PASS_WITH_POLISH,Seahorses and relatives,HOLD,,"Use a dedicated equid scaffold: deep barrel torso, withers, sloped shoulder, muscular croup, long wedge-shaped head, articulated knees/hocks/fetlocks, hooves, mane, and flowing or tufted tail.","No critical routing, clipping, eye, or life-stage issue found in the full-size visual pass. Recognizable within the established stylized family language. Use a dedicated equid scaffold: deep barrel torso, withers, sloped shoulder, muscular croup, long wedge-shaped head, articulated knees/hocks/fetlocks, hooves, mane, and flowing or tufted tail.",FAIL,PASS_WITH_POLISH -> HOLD
Piranha,Piranha,PASS,PASS_WITH_POLISH,PASS,POLISH,POLISH,POLISH,POLISH,POLISH,"Broad family anatomy is usable, but the portrait still shares simplified global body templates and should retain stronger species markers.",MEDIUM,,"No critical routing, clipping, eye, or life-stage issue found in the full-size visual pass. Recognizable within the established stylized family language.",False,Piranha.png,440,440,RGBA,70a3bf706083fc1b2a899d614a713359051b857fe73e2b28f1d2205b6df0d05c,,PASS_WITH_POLISH,Characins,HOLD,,"Broad family routing may be usable, but Piranha still needs an unlabeled silhouette check for body plan, head, eyes/sensory structures, appendages and rear/terminal anatomy.","No critical routing, clipping, eye, or life-stage issue found in the full-size visual pass. Recognizable within the established stylized family language. Broad family routing may be usable, but Piranha still needs an unlabeled silhouette check for body plan, head, eyes/sensory structures, appendages and rear/terminal anatomy.",FAIL,PASS_WITH_POLISH -> HOLD
Platypus,Platypus,PASS,PASS_WITH_POLISH,PASS,POLISH,POLISH,PASS,POLISH,POLISH,"Broad family anatomy is usable, but the portrait still shares simplified global body templates and should retain stronger species markers.",MEDIUM,,Bill and flat tail are present; increase webbed feet and lower aquatic posture.,False,Platypus.png,440,440,RGBA,86b262bce25d117d5e919fd0a0a0ab0e048ed8cdeb14f766af4b26aa76433345,,PASS_WITH_POLISH,Egg-laying mammals,HOLD,,"Broad family routing may be usable, but Platypus still needs an unlabeled silhouette check for body plan, head, eyes/sensory structures, appendages and rear/terminal anatomy.","Bill and flat tail are present; increase webbed feet and lower aquatic posture. Broad family routing may be usable, but Platypus still needs an unlabeled silhouette check for body plan, head, eyes/sensory structures, appendages and rear/terminal anatomy.",FAIL,PASS_WITH_POLISH -> HOLD
Plover,Plover,PASS,PASS_WITH_POLISH,PASS,POLISH,POLISH,POLISH,POLISH,POLISH,"Broad family anatomy is usable, but the portrait still shares simplified global body templates and should retain stronger species markers.",HIGH,Finch | Lark | Robin | Sparrow | Spider | Starling | Swallow | Swift | Tanager | Weaverbird,"No critical routing, clipping, eye, or life-stage issue found in the full-size visual pass. Recognizable within the established stylized family language.",False,Plover.png,440,440,RGBA,8d387dae672c7cb6ce900b5c4499181d0487980ac9e6428adeee24d1379b4c21,,PASS_WITH_POLISH,Shorebirds,HOLD,,"Keep the wader family but correct the exact bill geometry, neck length, leg/foot proportions, body depth and tail for the named species.","No critical routing, clipping, eye, or life-stage issue found in the full-size visual pass. Recognizable within the established stylized family language. Keep the wader family but correct the exact bill geometry, neck length, leg/foot proportions, body depth and tail for the named species.",FAIL,PASS_WITH_POLISH -> HOLD
Poison_Dart_Frog,Poison Dart Frog,FAIL,FAIL,FAIL,FAIL,FAIL,PASS,FAIL,FAIL,FAIL,HIGH,,"Warning color is present, but the body is an elongated block. Use a compact frog torso, broad head, visible forelegs, folded hind legs, and toe pads.",False,Poison_Dart_Frog.png,440,440,RGBA,d72790147beb88c42fe6c599d4ebecc4cbb7f71f3858de09bbde3efc1d53fa37,,FAIL,Frogs,FAIL,,"Verify body width, head/mouth, eye placement, fore/hind limb proportions, toes, tail state and skin texture; color alone should not define the species.","Warning color is present, but the body is an elongated block. Use a compact frog torso, broad head, visible forelegs, folded hind legs, and toe pads. Verify body width, head/mouth, eye placement, fore/hind limb proportions, toes, tail state and skin texture; color alone should not define the species.",FAIL,UNCHANGED
Polar_Bear,Polar Bear,PASS,PASS_WITH_POLISH,PASS,POLISH,POLISH,POLISH,POLISH,POLISH,"Broad family anatomy is usable, but the portrait still shares simplified global body templates and should retain stronger species markers.",MEDIUM,,"No critical routing, clipping, eye, or life-stage issue found in the full-size visual pass. Recognizable within the established stylized family language.",True,Polar_Bear.png,440,440,RGBA,cb30cf309bd8f005786fa0e169683b227dc28f738076c9409577be93651e249d,,PASS_WITH_POLISH,Bears,HOLD,,"Replace the pig/ungulate scaffold with a heavy plantigrade bear body: broad shoulders, thick torso, short tail, large paws, and ursid skull.","No critical routing, clipping, eye, or life-stage issue found in the full-size visual pass. Recognizable within the established stylized family language. Replace the pig/ungulate scaffold with a heavy plantigrade bear body: broad shoulders, thick torso, short tail, large paws, and ursid skull.",FAIL,PASS_WITH_POLISH -> HOLD
Pollock,Pollock,PASS,PASS_WITH_POLISH,PASS,POLISH,POLISH,POLISH,POLISH,POLISH,"Broad family anatomy is usable, but the portrait still shares simplified global body templates and should retain stronger species markers.",MEDIUM,,"No critical routing, clipping, eye, or life-stage issue found in the full-size visual pass. Recognizable within the established stylized family language.",False,Pollock.png,440,440,RGBA,2d5453293737797f551c48ecf3e7a7e09b8e5a95cfb2f87a8776c0ce62b50921,,PASS_WITH_POLISH,Cod-like fish,HOLD,,"The portrait relies on a generic torpedo fish. Correct body depth, head/mouth position, dorsal/anal/pectoral fin shape, caudal fin, markings and any diagnostic appendage.","No critical routing, clipping, eye, or life-stage issue found in the full-size visual pass. Recognizable within the established stylized family language. The portrait relies on a generic torpedo fish. Correct body depth, head/mouth position, dorsal/anal/pectoral fin shape, caudal fin, markings and any diagnostic appendage.",FAIL,PASS_WITH_POLISH -> HOLD
Polychaete_Worm,Polychaete Worm,PASS,PASS_WITH_POLISH,PASS,POLISH,POLISH,POLISH,POLISH,POLISH,"Broad family anatomy is usable, but the portrait still shares simplified global body templates and should retain stronger species markers.",MEDIUM,,"No critical routing, clipping, eye, or life-stage issue found in the full-size visual pass. Recognizable within the established stylized family language.",False,Polychaete_Worm.png,440,440,RGBA,604f9bb7acd504bf990a7ff44d48b098a66ee086f7fc2e467d2d62aad382b4d3,,PASS_WITH_POLISH,Worm-like animals,HOLD,,"Broad family routing may be usable, but Polychaete Worm still needs an unlabeled silhouette check for body plan, head, eyes/sensory structures, appendages and rear/terminal anatomy.","No critical routing, clipping, eye, or life-stage issue found in the full-size visual pass. Recognizable within the established stylized family language. Broad family routing may be usable, but Polychaete Worm still needs an unlabeled silhouette check for body plan, head, eyes/sensory structures, appendages and rear/terminal anatomy.",FAIL,PASS_WITH_POLISH -> HOLD
Pond_Turtle,Pond Turtle,PASS,PASS_WITH_POLISH,PASS,POLISH,POLISH,POLISH,POLISH,POLISH,"Broad family anatomy is usable, but the portrait still shares simplified global body templates and should retain stronger species markers.",MEDIUM,,"No critical routing, clipping, eye, or life-stage issue found in the full-size visual pass. Recognizable within the established stylized family language.",False,Pond_Turtle.png,440,440,RGBA,6668239c9cbc79cbd154510b99ca104c6b63d1b713e0b51204d0b67f0c59bcf0,,PASS_WITH_POLISH,Turtles and tortoises,HOLD,,"Use species-correct shell profile, neck/head, limb type (flipper, webbed foot or columnar leg), tail and shell texture rather than one generic turtle.","No critical routing, clipping, eye, or life-stage issue found in the full-size visual pass. Recognizable within the established stylized family language. Use species-correct shell profile, neck/head, limb type (flipper, webbed foot or columnar leg), tail and shell texture rather than one generic turtle.",FAIL,PASS_WITH_POLISH -> HOLD
Porcupine,Porcupine,PASS,PASS_WITH_POLISH,PASS,POLISH,POLISH,POLISH,POLISH,POLISH,"Broad family anatomy is usable, but the portrait still shares simplified global body templates and should retain stronger species markers.",MEDIUM,,"No critical routing, clipping, eye, or life-stage issue found in the full-size visual pass. Recognizable within the established stylized family language.",False,Porcupine.png,440,440,RGBA,b9d492f86d83386ae78aea16b39b061ca613753b44aab4e439946eb0e916a4b4,,PASS_WITH_POLISH,Rodents,HOLD,,"Verify rodent/lagomorph skull, incisors/muzzle, fore/hind foot proportions, body posture and tail; several currently inherit the rabbit-like template.","No critical routing, clipping, eye, or life-stage issue found in the full-size visual pass. Recognizable within the established stylized family language. Verify rodent/lagomorph skull, incisors/muzzle, fore/hind foot proportions, body posture and tail; several currently inherit the rabbit-like template.",FAIL,PASS_WITH_POLISH -> HOLD
Porpoise,Porpoise,PASS,PASS_WITH_POLISH,PASS,POLISH,POLISH,POLISH,POLISH,POLISH,"Broad family anatomy is usable, but the portrait still shares simplified global body templates and should retain stronger species markers.",MEDIUM,,"No critical routing, clipping, eye, or life-stage issue found in the full-size visual pass. Recognizable within the established stylized family language.",False,Porpoise.png,440,440,RGBA,69bf1168f6f4c9cfa7a2306b7f64cc93159d6ee4a0d0e0aa7e5149a7ec83106d,,PASS_WITH_POLISH,Marine mammals,HOLD,,"Strengthen real marine-mammal proportions: streamlined body, species-correct rostrum/head, dorsal fin placement, pectoral flippers, peduncle and horizontal flukes.","No critical routing, clipping, eye, or life-stage issue found in the full-size visual pass. Recognizable within the established stylized family language. Strengthen real marine-mammal proportions: streamlined body, species-correct rostrum/head, dorsal fin placement, pectoral flippers, peduncle and horizontal flukes.",FAIL,PASS_WITH_POLISH -> HOLD
Portuguese_Man-of-War,Portuguese Man of War,PASS,PASS_WITH_POLISH,PASS,POLISH,POLISH,POLISH,POLISH,POLISH,"Broad family anatomy is usable, but the portrait still shares simplified global body templates and should retain stronger species markers.",MEDIUM,,"No critical routing, clipping, eye, or life-stage issue found in the full-size visual pass. Recognizable within the established stylized family language.",False,Portuguese_Man-of-War.png,440,440,RGBA,63a441a70ea1456c588c51c6e551a523be423669ff10fe8e40edd9660ba561c8,,PASS_WITH_POLISH,Gelatinous or colonial marine life,HOLD,,"Broad family routing may be usable, but Portuguese Man of War still needs an unlabeled silhouette check for body plan, head, eyes/sensory structures, appendages and rear/terminal anatomy.","No critical routing, clipping, eye, or life-stage issue found in the full-size visual pass. Recognizable within the established stylized family language. Broad family routing may be usable, but Portuguese Man of War still needs an unlabeled silhouette check for body plan, head, eyes/sensory structures, appendages and rear/terminal anatomy.",FAIL,PASS_WITH_POLISH -> HOLD
Possum,Possum,PASS,PASS_WITH_POLISH,PASS,POLISH,POLISH,POLISH,POLISH,POLISH,"Broad family anatomy is usable, but the portrait still shares simplified global body templates and should retain stronger species markers.",MEDIUM,,"No critical routing, clipping, eye, or life-stage issue found in the full-size visual pass. Recognizable within the established stylized family language.",True,Possum.png,440,440,RGBA,010a748441461c51de407159f07a216508b2910f4925e9ea7f72124f5e4ed653,,PASS_WITH_POLISH,Marsupials,HOLD,,"Broad family routing may be usable, but Possum still needs an unlabeled silhouette check for body plan, head, eyes/sensory structures, appendages and rear/terminal anatomy.","No critical routing, clipping, eye, or life-stage issue found in the full-size visual pass. Recognizable within the established stylized family language. Broad family routing may be usable, but Possum still needs an unlabeled silhouette check for body plan, head, eyes/sensory structures, appendages and rear/terminal anatomy.",FAIL,PASS_WITH_POLISH -> HOLD
Prairie_Dog,Prairie Dog,PASS,PASS_WITH_POLISH,PASS,POLISH,POLISH,POLISH,POLISH,POLISH,"Broad family anatomy is usable, but the portrait still shares simplified global body templates and should retain stronger species markers.",MEDIUM,,"No critical routing, clipping, eye, or life-stage issue found in the full-size visual pass. Recognizable within the established stylized family language.",False,Prairie_Dog.png,440,440,RGBA,4b77dea18bcf49ce95665fcc2cc16489de40e9715866e2379566bb136e47af90,,PASS_WITH_POLISH,Rodents,HOLD,,"Verify rodent/lagomorph skull, incisors/muzzle, fore/hind foot proportions, body posture and tail; several currently inherit the rabbit-like template.","No critical routing, clipping, eye, or life-stage issue found in the full-size visual pass. Recognizable within the established stylized family language. Verify rodent/lagomorph skull, incisors/muzzle, fore/hind foot proportions, body posture and tail; several currently inherit the rabbit-like template.",FAIL,PASS_WITH_POLISH -> HOLD
Prawn,Prawn,PASS,PASS_WITH_POLISH,PASS,POLISH,POLISH,POLISH,POLISH,POLISH,"Broad family anatomy is usable, but the portrait still shares simplified global body templates and should retain stronger species markers.",MEDIUM,,"No critical routing, clipping, eye, or life-stage issue found in the full-size visual pass. Recognizable within the established stylized family language.",False,Prawn.png,440,440,RGBA,84128d4a53ef625ac01905d8bc8eb6285384794994e7e51d09b4ef68a5208c83,,PASS_WITH_POLISH,Ice and cave insects,HOLD,,"Use correct insect anatomy: distinct head/thorax/abdomen, six articulated legs, correct wing count and attachment, antennae, mouthparts and species-specific shell/body proportions.","No critical routing, clipping, eye, or life-stage issue found in the full-size visual pass. Recognizable within the established stylized family language. Use correct insect anatomy: distinct head/thorax/abdomen, six articulated legs, correct wing count and attachment, antennae, mouthparts and species-specific shell/body proportions.",FAIL,PASS_WITH_POLISH -> HOLD
Proboscis_Monkey,Proboscis Monkey,PASS,PASS_WITH_POLISH,PASS,POLISH,POLISH,POLISH,POLISH,POLISH,"Broad family anatomy is usable, but the portrait still shares simplified global body templates and should retain stronger species markers.",MEDIUM,,"No critical routing, clipping, eye, or life-stage issue found in the full-size visual pass. Recognizable within the established stylized family language.",False,Proboscis_Monkey.png,440,440,RGBA,5c7753f11db629a4365b2c7e7c0b4e2e01305c22cf74f7a0d8cd220d46c71238,,PASS_WITH_POLISH,Primates,HOLD,,"Verify torso posture, arm/leg ratio, hands/feet, face shape and tail state for the named primate.","No critical routing, clipping, eye, or life-stage issue found in the full-size visual pass. Recognizable within the established stylized family language. Verify torso posture, arm/leg ratio, hands/feet, face shape and tail state for the named primate.",FAIL,PASS_WITH_POLISH -> HOLD
Pronghorn,Pronghorn,PASS,PASS_WITH_POLISH,PASS,POLISH,POLISH,POLISH,POLISH,POLISH,"Broad family anatomy is usable, but the portrait still shares simplified global body templates and should retain stronger species markers.",MEDIUM,,"No critical routing, clipping, eye, or life-stage issue found in the full-size visual pass. Recognizable within the established stylized family language.",True,Pronghorn.png,440,440,RGBA,38c8d098b7a247a68db818e4520b6aa650831dbe0a2a48a1b0058d32ef1a0da4,,PASS_WITH_POLISH,Other or uncertain,HOLD,,"Broad family routing may be usable, but Pronghorn still needs an unlabeled silhouette check for body plan, head, eyes/sensory structures, appendages and rear/terminal anatomy.","No critical routing, clipping, eye, or life-stage issue found in the full-size visual pass. Recognizable within the established stylized family language. Broad family routing may be usable, but Pronghorn still needs an unlabeled silhouette check for body plan, head, eyes/sensory structures, appendages and rear/terminal anatomy.",FAIL,PASS_WITH_POLISH -> HOLD
Pseudoscorpion,Pseudoscorpion,PASS,PASS_WITH_POLISH,PASS,POLISH,POLISH,POLISH,POLISH,POLISH,"Broad family anatomy is usable, but the portrait still shares simplified global body templates and should retain stronger species markers.",HIGH,Mite | Mole,"No critical routing, clipping, eye, or life-stage issue found in the full-size visual pass. Recognizable within the established stylized family language.",False,Pseudoscorpion.png,440,440,RGBA,9698ba481799c9a5fa32e3b6ee5a1cf7a60699ba5b73c0ccdc9a3073cc3f85dd,,PASS_WITH_POLISH,Ice and cave insects,HOLD,,"Use correct insect anatomy: distinct head/thorax/abdomen, six articulated legs, correct wing count and attachment, antennae, mouthparts and species-specific shell/body proportions.","No critical routing, clipping, eye, or life-stage issue found in the full-size visual pass. Recognizable within the established stylized family language. Use correct insect anatomy: distinct head/thorax/abdomen, six articulated legs, correct wing count and attachment, antennae, mouthparts and species-specific shell/body proportions.",FAIL,PASS_WITH_POLISH -> HOLD
Ptarmigan,Ptarmigan,PASS,PASS_WITH_POLISH,PASS,POLISH,POLISH,POLISH,POLISH,POLISH,"Broad family anatomy is usable, but the portrait still shares simplified global body templates and should retain stronger species markers.",MEDIUM,,"No critical routing, clipping, eye, or life-stage issue found in the full-size visual pass. Recognizable within the established stylized family language.",False,Ptarmigan.png,440,440,RGBA,601d7851491cdd0bd7b4dbd49b062880752a291648b2dd02faf8e9facd3aa364,,PASS_WITH_POLISH,Gamebirds,HOLD,,"The named bird relies too heavily on the shared side-bird template. Correct the bill, neck, body depth, wing length, leg type, tail and crest/display structures for the species.","No critical routing, clipping, eye, or life-stage issue found in the full-size visual pass. Recognizable within the established stylized family language. The named bird relies too heavily on the shared side-bird template. Correct the bill, neck, body depth, wing length, leg type, tail and crest/display structures for the species.",FAIL,PASS_WITH_POLISH -> HOLD
Pufferfish,Pufferfish,PASS,PASS_WITH_POLISH,PASS,POLISH,POLISH,POLISH,POLISH,POLISH,"Broad family anatomy is usable, but the portrait still shares simplified global body templates and should retain stronger species markers.",MEDIUM,,"No critical routing, clipping, eye, or life-stage issue found in the full-size visual pass. Recognizable within the established stylized family language.",False,Pufferfish.png,440,440,RGBA,43eeb778b019a8dd1a40d3980f031058690ffd5bef241f81e2976bfcdcc02f53,,PASS_WITH_POLISH,Puffer-like fish,HOLD,,"The portrait relies on a generic torpedo fish. Correct body depth, head/mouth position, dorsal/anal/pectoral fin shape, caudal fin, markings and any diagnostic appendage.","No critical routing, clipping, eye, or life-stage issue found in the full-size visual pass. Recognizable within the established stylized family language. The portrait relies on a generic torpedo fish. Correct body depth, head/mouth position, dorsal/anal/pectoral fin shape, caudal fin, markings and any diagnostic appendage.",FAIL,PASS_WITH_POLISH -> HOLD
Puffin,Puffin,PASS,PASS_WITH_POLISH,PASS,POLISH,POLISH,POLISH,POLISH,POLISH,"Broad family anatomy is usable, but the portrait still shares simplified global body templates and should retain stronger species markers.",MEDIUM,,"No critical routing, clipping, eye, or life-stage issue found in the full-size visual pass. Recognizable within the established stylized family language.",False,Puffin.png,440,440,RGBA,3c1ae4e29b6beeacdf842d3fbeb143a5a27594eaa3c4a8a638eccb669a319509,,PASS_WITH_POLISH,Seabirds,HOLD,,"The named bird relies too heavily on the shared side-bird template. Correct the bill, neck, body depth, wing length, leg type, tail and crest/display structures for the species.","No critical routing, clipping, eye, or life-stage issue found in the full-size visual pass. Recognizable within the established stylized family language. The named bird relies too heavily on the shared side-bird template. Correct the bill, neck, body depth, wing length, leg type, tail and crest/display structures for the species.",FAIL,PASS_WITH_POLISH -> HOLD
Pyrosome,Pyrosome,PASS,PASS,PASS,PASS,PASS,PASS,PASS,PASS,All major regions and defining features are readable at the current stylized scale.,LOW,,Hollow colonial tube morphology is now clear.,True,Pyrosome.png,440,440,RGBA,553be7c87bcd42ecbe00ccf6e09f1c6b2a9d6674bc75ab40a87251afdbfcda73,,PASS,Gelatinous or colonial marine life,PASS,,"Broad family routing may be usable, but Pyrosome still needs an unlabeled silhouette check for body plan, head, eyes/sensory structures, appendages and rear/terminal anatomy.",PASS — Leave alone at the current stylized resolution. Major body regions and defining silhouette are sufficiently represented.,PASS,UNCHANGED
Python,Python,PASS,PASS_WITH_POLISH,PASS,POLISH,POLISH,POLISH,POLISH,POLISH,"Broad family anatomy is usable, but the portrait still shares simplified global body templates and should retain stronger species markers.",MEDIUM,,"No critical routing, clipping, eye, or life-stage issue found in the full-size visual pass. Recognizable within the established stylized family language.",False,Python.png,440,440,RGBA,6bc414e5f445d0134a5a52628315bd2b970a59ddd2dad0f083990f5766eaf62a,,PASS_WITH_POLISH,Constricting snakes,HOLD,,"Verify skull/head profile, limb state, body thickness, scale texture, tail and any crest/frill/horn; do not rely on color alone.","No critical routing, clipping, eye, or life-stage issue found in the full-size visual pass. Recognizable within the established stylized family language. Verify skull/head profile, limb state, body thickness, scale texture, tail and any crest/frill/horn; do not rely on color alone.",FAIL,PASS_WITH_POLISH -> HOLD
Quail,Quail,PASS,PASS_WITH_POLISH,PASS,POLISH,POLISH,POLISH,POLISH,POLISH,"Broad family anatomy is usable, but the portrait still shares simplified global body templates and should retain stronger species markers.",MEDIUM,,"No critical routing, clipping, eye, or life-stage issue found in the full-size visual pass. Recognizable within the established stylized family language.",False,Quail.png,440,440,RGBA,ae62a220d00a1ab30d7fb23fd203f18c0e036acecf5cc89f3efbb25699dd9597,,PASS_WITH_POLISH,Gamebirds,HOLD,,"The named bird relies too heavily on the shared side-bird template. Correct the bill, neck, body depth, wing length, leg type, tail and crest/display structures for the species.","No critical routing, clipping, eye, or life-stage issue found in the full-size visual pass. Recognizable within the established stylized family language. The named bird relies too heavily on the shared side-bird template. Correct the bill, neck, body depth, wing length, leg type, tail and crest/display structures for the species.",FAIL,PASS_WITH_POLISH -> HOLD
Quetzal,Quetzal,PASS,PASS_WITH_POLISH,PASS,POLISH,POLISH,POLISH,POLISH,POLISH,"Broad family anatomy is usable, but the portrait still shares simplified global body templates and should retain stronger species markers.",MEDIUM,,"No critical routing, clipping, eye, or life-stage issue found in the full-size visual pass. Recognizable within the established stylized family language.",False,Quetzal.png,440,440,RGBA,39f6b12a93fb3243ffa5eb6cc0beee11641b2bebf00da1d17be4a0af79d022cc,,PASS_WITH_POLISH,Other birds,HOLD,,"The named bird relies too heavily on the shared side-bird template. Correct the bill, neck, body depth, wing length, leg type, tail and crest/display structures for the species.","No critical routing, clipping, eye, or life-stage issue found in the full-size visual pass. Recognizable within the established stylized family language. The named bird relies too heavily on the shared side-bird template. Correct the bill, neck, body depth, wing length, leg type, tail and crest/display structures for the species.",FAIL,PASS_WITH_POLISH -> HOLD
Quoll,Quoll,PASS,PASS_WITH_POLISH,PASS,POLISH,POLISH,POLISH,POLISH,POLISH,"Broad family anatomy is usable, but the portrait still shares simplified global body templates and should retain stronger species markers.",MEDIUM,,"No critical routing, clipping, eye, or life-stage issue found in the full-size visual pass. Recognizable within the established stylized family language.",True,Quoll.png,440,440,RGBA,6fb3dba634c6293f935471c620dbbf9339769f8e4f910943e1d2fc2c2ad1d15f,,PASS_WITH_POLISH,Other or uncertain,HOLD,,"Broad family routing may be usable, but Quoll still needs an unlabeled silhouette check for body plan, head, eyes/sensory structures, appendages and rear/terminal anatomy.","No critical routing, clipping, eye, or life-stage issue found in the full-size visual pass. Recognizable within the established stylized family language. Broad family routing may be usable, but Quoll still needs an unlabeled silhouette check for body plan, head, eyes/sensory structures, appendages and rear/terminal anatomy.",FAIL,PASS_WITH_POLISH -> HOLD
Rabbit,Rabbit,PASS,PASS_WITH_POLISH,PASS,POLISH,POLISH,POLISH,POLISH,POLISH,"Broad family anatomy is usable, but the portrait still shares simplified global body templates and should retain stronger species markers.",MEDIUM,,"No critical routing, clipping, eye, or life-stage issue found in the full-size visual pass. Recognizable within the established stylized family language.",False,Rabbit.png,440,440,RGBA,bdc70bb40c216dbba00688b4eff07024f630cb179cb5cda6045523842f4ccf3b,,PASS_WITH_POLISH,Rabbits and relatives,HOLD,,"Broad family routing may be usable, but Rabbit still needs an unlabeled silhouette check for body plan, head, eyes/sensory structures, appendages and rear/terminal anatomy.","No critical routing, clipping, eye, or life-stage issue found in the full-size visual pass. Recognizable within the established stylized family language. Broad family routing may be usable, but Rabbit still needs an unlabeled silhouette check for body plan, head, eyes/sensory structures, appendages and rear/terminal anatomy.",FAIL,PASS_WITH_POLISH -> HOLD
Rabbitfish,Rabbitfish,PASS,PASS_WITH_POLISH,PASS,POLISH,POLISH,POLISH,POLISH,POLISH,"Broad family anatomy is usable, but the portrait still shares simplified global body templates and should retain stronger species markers.",MEDIUM,,"No critical routing, clipping, eye, or life-stage issue found in the full-size visual pass. Recognizable within the established stylized family language.",False,Rabbitfish.png,440,440,RGBA,b1aaaa75a475508c1917837669901bb2d76b6a0b80384a70ca612d8bda0709d3,,PASS_WITH_POLISH,Reef fish,HOLD,,"The portrait relies on a generic torpedo fish. Correct body depth, head/mouth position, dorsal/anal/pectoral fin shape, caudal fin, markings and any diagnostic appendage.","No critical routing, clipping, eye, or life-stage issue found in the full-size visual pass. Recognizable within the established stylized family language. The portrait relies on a generic torpedo fish. Correct body depth, head/mouth position, dorsal/anal/pectoral fin shape, caudal fin, markings and any diagnostic appendage.",FAIL,PASS_WITH_POLISH -> HOLD
Raccoon,Raccoon,PASS,PASS_WITH_POLISH,PASS,POLISH,POLISH,POLISH,POLISH,POLISH,"Broad family anatomy is usable, but the portrait still shares simplified global body templates and should retain stronger species markers.",MEDIUM,,"No critical routing, clipping, eye, or life-stage issue found in the full-size visual pass. Recognizable within the established stylized family language.",True,Raccoon.png,440,440,RGBA,bd11ca1889355e78e6f74a75d6df777bd0d8184fe5eec8f60b8ee2617e82c076,,PASS_WITH_POLISH,Raccoon-like mammals,HOLD,,"Use the correct low flexible carnivoran torso, pawed limbs, skull/muzzle, and species-specific tail instead of one shared long-body template.","No critical routing, clipping, eye, or life-stage issue found in the full-size visual pass. Recognizable within the established stylized family language. Use the correct low flexible carnivoran torso, pawed limbs, skull/muzzle, and species-specific tail instead of one shared long-body template.",FAIL,PASS_WITH_POLISH -> HOLD
Racer,Racer,PASS,PASS_WITH_POLISH,PASS,POLISH,POLISH,POLISH,POLISH,POLISH,"Broad family anatomy is usable, but the portrait still shares simplified global body templates and should retain stronger species markers.",MEDIUM,,"No critical routing, clipping, eye, or life-stage issue found in the full-size visual pass. Recognizable within the established stylized family language.",False,Racer.png,440,440,RGBA,4e726f3dbd6fdecd848b6fd2117b4559eb6f199a52cabb986912c79553b99169,,PASS_WITH_POLISH,Other snakes,HOLD,,"Verify skull/head profile, limb state, body thickness, scale texture, tail and any crest/frill/horn; do not rely on color alone.","No critical routing, clipping, eye, or life-stage issue found in the full-size visual pass. Recognizable within the established stylized family language. Verify skull/head profile, limb state, body thickness, scale texture, tail and any crest/frill/horn; do not rely on color alone.",FAIL,PASS_WITH_POLISH -> HOLD
Rail,Rail,PASS,PASS_WITH_POLISH,PASS,POLISH,POLISH,POLISH,POLISH,POLISH,"Broad family anatomy is usable, but the portrait still shares simplified global body templates and should retain stronger species markers.",HIGH,Sandpiper,"No critical routing, clipping, eye, or life-stage issue found in the full-size visual pass. Recognizable within the established stylized family language.",False,Rail.png,440,440,RGBA,8bf920b76dd4652106905bd92a5de2012afbddce6385012f9f7c08403358f6ee,,PASS_WITH_POLISH,Cranes and rails,HOLD,,"Broad family routing may be usable, but Rail still needs an unlabeled silhouette check for body plan, head, eyes/sensory structures, appendages and rear/terminal anatomy.","No critical routing, clipping, eye, or life-stage issue found in the full-size visual pass. Recognizable within the established stylized family language. Broad family routing may be usable, but Rail still needs an unlabeled silhouette check for body plan, head, eyes/sensory structures, appendages and rear/terminal anatomy.",FAIL,PASS_WITH_POLISH -> HOLD
Rat,Rat,PASS,PASS_WITH_POLISH,PASS,POLISH,POLISH,POLISH,POLISH,POLISH,"Broad family anatomy is usable, but the portrait still shares simplified global body templates and should retain stronger species markers.",MEDIUM,,"No critical routing, clipping, eye, or life-stage issue found in the full-size visual pass. Recognizable within the established stylized family language.",False,Rat.png,440,440,RGBA,f6ee89f532e9e66659b36511604edb3fb374e4e4f15124b9be45199f27f96cb8,,PASS_WITH_POLISH,Rodents,HOLD,,"Verify rodent/lagomorph skull, incisors/muzzle, fore/hind foot proportions, body posture and tail; several currently inherit the rabbit-like template.","No critical routing, clipping, eye, or life-stage issue found in the full-size visual pass. Recognizable within the established stylized family language. Verify rodent/lagomorph skull, incisors/muzzle, fore/hind foot proportions, body posture and tail; several currently inherit the rabbit-like template.",FAIL,PASS_WITH_POLISH -> HOLD
Rat_Snake,Rat Snake,PASS,PASS_WITH_POLISH,PASS,POLISH,POLISH,POLISH,POLISH,POLISH,"Broad family anatomy is usable, but the portrait still shares simplified global body templates and should retain stronger species markers.",MEDIUM,,"No critical routing, clipping, eye, or life-stage issue found in the full-size visual pass. Recognizable within the established stylized family language.",False,Rat_Snake.png,440,440,RGBA,9009f18f83a386da91adbc00dd628033f3309b05524d9f4e48fd43e850640036,,PASS_WITH_POLISH,Other snakes,HOLD,,"Verify skull/head profile, limb state, body thickness, scale texture, tail and any crest/frill/horn; do not rely on color alone.","No critical routing, clipping, eye, or life-stage issue found in the full-size visual pass. Recognizable within the established stylized family language. Verify skull/head profile, limb state, body thickness, scale texture, tail and any crest/frill/horn; do not rely on color alone.",FAIL,PASS_WITH_POLISH -> HOLD
Rattlesnake,Rattlesnake,PASS,PASS_WITH_POLISH,PASS,POLISH,POLISH,POLISH,POLISH,POLISH,"Broad family anatomy is usable, but the portrait still shares simplified global body templates and should retain stronger species markers.",MEDIUM,,"No critical routing, clipping, eye, or life-stage issue found in the full-size visual pass. Recognizable within the established stylized family language.",False,Rattlesnake.png,440,440,RGBA,6bba660b289c1e634b39dc89e51d353aa22ad469239032c52d6a3928561f83d4,,PASS_WITH_POLISH,Venomous snakes,HOLD,,"Verify skull/head profile, limb state, body thickness, scale texture, tail and any crest/frill/horn; do not rely on color alone.","No critical routing, clipping, eye, or life-stage issue found in the full-size visual pass. Recognizable within the established stylized family language. Verify skull/head profile, limb state, body thickness, scale texture, tail and any crest/frill/horn; do not rely on color alone.",FAIL,PASS_WITH_POLISH -> HOLD
Raven,Raven,PASS,PASS_WITH_POLISH,PASS,POLISH,POLISH,POLISH,POLISH,POLISH,"Broad family anatomy is usable, but the portrait still shares simplified global body templates and should retain stronger species markers.",MEDIUM,,"No critical routing, clipping, eye, or life-stage issue found in the full-size visual pass. Recognizable within the established stylized family language.",False,Raven.png,440,440,RGBA,afa06b005cbc613b6ded1853fad68ce2a4da57282080893ab7fe65786f99e4e2,,PASS_WITH_POLISH,Corvids,HOLD,,"The named bird relies too heavily on the shared side-bird template. Correct the bill, neck, body depth, wing length, leg type, tail and crest/display structures for the species.","No critical routing, clipping, eye, or life-stage issue found in the full-size visual pass. Recognizable within the established stylized family language. The named bird relies too heavily on the shared side-bird template. Correct the bill, neck, body depth, wing length, leg type, tail and crest/display structures for the species.",FAIL,PASS_WITH_POLISH -> HOLD
Ray,Ray,PASS,PASS_WITH_POLISH,PASS,POLISH,POLISH,POLISH,POLISH,POLISH,"Broad family anatomy is usable, but the portrait still shares simplified global body templates and should retain stronger species markers.",MEDIUM,,"No critical routing, clipping, eye, or life-stage issue found in the full-size visual pass. Recognizable within the established stylized family language.",False,Ray.png,440,440,RGBA,5353194d70efdf9c5e324c1e98cdca83ef0b0e6ecf48bb45dd0e93984b13389d,,PASS_WITH_POLISH,Rays,HOLD,,"Broad family routing may be usable, but Ray still needs an unlabeled silhouette check for body plan, head, eyes/sensory structures, appendages and rear/terminal anatomy.","No critical routing, clipping, eye, or life-stage issue found in the full-size visual pass. Recognizable within the established stylized family language. Broad family routing may be usable, but Ray still needs an unlabeled silhouette check for body plan, head, eyes/sensory structures, appendages and rear/terminal anatomy.",FAIL,PASS_WITH_POLISH -> HOLD
Razor_Clam,Razor Clam,PASS,PASS_WITH_POLISH,PASS,POLISH,POLISH,POLISH,POLISH,POLISH,"Broad family anatomy is usable, but the portrait still shares simplified global body templates and should retain stronger species markers.",MEDIUM,,"No critical routing, clipping, eye, or life-stage issue found in the full-size visual pass. Recognizable within the established stylized family language.",False,Razor_Clam.png,440,440,RGBA,0b0d53f4099ad97de3fb580c4da144b2e1fad346756830024e4dedf1d4c81358,,PASS_WITH_POLISH,Bivalves,HOLD,,"Broad family routing may be usable, but Razor Clam still needs an unlabeled silhouette check for body plan, head, eyes/sensory structures, appendages and rear/terminal anatomy.","No critical routing, clipping, eye, or life-stage issue found in the full-size visual pass. Recognizable within the established stylized family language. Broad family routing may be usable, but Razor Clam still needs an unlabeled silhouette check for body plan, head, eyes/sensory structures, appendages and rear/terminal anatomy.",FAIL,PASS_WITH_POLISH -> HOLD
Red_Fox,Red Fox,PASS,PASS_WITH_POLISH,PASS,POLISH,POLISH,POLISH,POLISH,POLISH,"Broad family anatomy is usable, but the portrait still shares simplified global body templates and should retain stronger species markers.",MEDIUM,,"No critical routing, clipping, eye, or life-stage issue found in the full-size visual pass. Recognizable within the established stylized family language.",True,Red_Fox.png,440,440,RGBA,314943e49c261445943d13b558637eb2ae4659e8c0ae58bfe1c81531c8a11d07,,PASS_WITH_POLISH,Canids,HOLD,,"The catalog repeatedly uses a deer-like quadruped for canids. Use a deep canine chest, digitigrade paws/hocks, canine skull and muzzle, and a properly furred tail.","No critical routing, clipping, eye, or life-stage issue found in the full-size visual pass. Recognizable within the established stylized family language. The catalog repeatedly uses a deer-like quadruped for canids. Use a deep canine chest, digitigrade paws/hocks, canine skull and muzzle, and a properly furred tail.",FAIL,PASS_WITH_POLISH -> HOLD
Red_Panda,Red Panda,PASS,PASS_WITH_POLISH,PASS,POLISH,POLISH,POLISH,POLISH,POLISH,"Broad family anatomy is usable, but the portrait still shares simplified global body templates and should retain stronger species markers.",MEDIUM,,"No critical routing, clipping, eye, or life-stage issue found in the full-size visual pass. Recognizable within the established stylized family language.",True,Red_Panda.png,440,440,RGBA,84427c77cf57f8668357589931dd9c156d9f736159bf9b51d10f349c329d5e8f,,PASS_WITH_POLISH,Raccoon-like mammals,HOLD,,"Use the correct low flexible carnivoran torso, pawed limbs, skull/muzzle, and species-specific tail instead of one shared long-body template.","No critical routing, clipping, eye, or life-stage issue found in the full-size visual pass. Recognizable within the established stylized family language. Use the correct low flexible carnivoran torso, pawed limbs, skull/muzzle, and species-specific tail instead of one shared long-body template.",FAIL,PASS_WITH_POLISH -> HOLD
Reef_Fish,Reef Fish,PASS,PASS_WITH_POLISH,PASS,POLISH,POLISH,POLISH,POLISH,POLISH,"Broad family anatomy is usable, but the portrait still shares simplified global body templates and should retain stronger species markers.",MEDIUM,,"No critical routing, clipping, eye, or life-stage issue found in the full-size visual pass. Recognizable within the established stylized family language.",False,Reef_Fish.png,440,440,RGBA,1bb73d2279ede3e368b6a1e45c6b31afbb4c6851ddb0f71f091f62de792b6f40,,PASS_WITH_POLISH,Fish,HOLD,,"The portrait relies on a generic torpedo fish. Correct body depth, head/mouth position, dorsal/anal/pectoral fin shape, caudal fin, markings and any diagnostic appendage.","No critical routing, clipping, eye, or life-stage issue found in the full-size visual pass. Recognizable within the established stylized family language. The portrait relies on a generic torpedo fish. Correct body depth, head/mouth position, dorsal/anal/pectoral fin shape, caudal fin, markings and any diagnostic appendage.",FAIL,PASS_WITH_POLISH -> HOLD
Reef_Shark,Reef Shark,PASS,PASS_WITH_POLISH,PASS,POLISH,POLISH,POLISH,POLISH,POLISH,"Broad family anatomy is usable, but the portrait still shares simplified global body templates and should retain stronger species markers.",MEDIUM,,"No critical routing, clipping, eye, or life-stage issue found in the full-size visual pass. Recognizable within the established stylized family language.",False,Reef_Shark.png,440,440,RGBA,25720a69af28f31ecb8c51a42a5aa80ba3e9d11a5646add41a9709ff42458de3,,PASS_WITH_POLISH,Sharks,HOLD,,"The portrait relies on a generic torpedo fish. Correct body depth, head/mouth position, dorsal/anal/pectoral fin shape, caudal fin, markings and any diagnostic appendage.","No critical routing, clipping, eye, or life-stage issue found in the full-size visual pass. Recognizable within the established stylized family language. The portrait relies on a generic torpedo fish. Correct body depth, head/mouth position, dorsal/anal/pectoral fin shape, caudal fin, markings and any diagnostic appendage.",FAIL,PASS_WITH_POLISH -> HOLD
Reindeer,Reindeer,PASS,PASS_WITH_POLISH,PASS,POLISH,POLISH,POLISH,POLISH,POLISH,"Broad family anatomy is usable, but the portrait still shares simplified global body templates and should retain stronger species markers.",MEDIUM,,"No critical routing, clipping, eye, or life-stage issue found in the full-size visual pass. Recognizable within the established stylized family language.",True,Reindeer.png,440,440,RGBA,bf9a8b4926dd3cd8c9bb202c386efce087a4df3d9dc9e2ea162f916b9f96606a,,PASS_WITH_POLISH,Deer and relatives,HOLD,,"The ungulate base is usable, but the named species must have correct horn/antler geometry, neck, shoulder/croup mass, leg length, hooves, head and tail.","No critical routing, clipping, eye, or life-stage issue found in the full-size visual pass. Recognizable within the established stylized family language. The ungulate base is usable, but the named species must have correct horn/antler geometry, neck, shoulder/croup mass, leg length, hooves, head and tail.",FAIL,PASS_WITH_POLISH -> HOLD
Remora,Remora,PASS,PASS_WITH_POLISH,PASS,POLISH,POLISH,POLISH,POLISH,POLISH,"Broad family anatomy is usable, but the portrait still shares simplified global body templates and should retain stronger species markers.",MEDIUM,,"No critical routing, clipping, eye, or life-stage issue found in the full-size visual pass. Recognizable within the established stylized family language.",False,Remora.png,440,440,RGBA,968b553b6760b9b2c6947db4f53121dee851c4ed67eaca5d4249ffa3d71abd86,,PASS_WITH_POLISH,Other or uncertain,HOLD,,"Broad family routing may be usable, but Remora still needs an unlabeled silhouette check for body plan, head, eyes/sensory structures, appendages and rear/terminal anatomy.","No critical routing, clipping, eye, or life-stage issue found in the full-size visual pass. Recognizable within the established stylized family language. Broad family routing may be usable, but Remora still needs an unlabeled silhouette check for body plan, head, eyes/sensory structures, appendages and rear/terminal anatomy.",FAIL,PASS_WITH_POLISH -> HOLD
Rhea,Rhea,FAIL,FAIL,FAIL,FAIL,FAIL,PASS,FAIL,FAIL,FAIL,HIGH,,"Current compact bird lacks a large flightless torso, long neck, powerful legs, and broad soft wing feathers.",False,Rhea.png,440,440,RGBA,bed72c3189ef524a56654d4e9d952fde25f6de2d592328b76b908845ba968245,,FAIL,Flightless birds,FAIL,,"Use the species-specific flightless body: correct torso mass, neck length, vestigial wings/flippers, leg proportions, feet, tail and head ornaments.","Current compact bird lacks a large flightless torso, long neck, powerful legs, and broad soft wing feathers. Use the species-specific flightless body: correct torso mass, neck length, vestigial wings/flippers, leg proportions, feet, tail and head ornaments.",FAIL,UNCHANGED
Rhinoceros,Rhinoceros,PASS,PASS_WITH_POLISH,PASS,POLISH,POLISH,POLISH,POLISH,POLISH,"Broad family anatomy is usable, but the portrait still shares simplified global body templates and should retain stronger species markers.",MEDIUM,,"No critical routing, clipping, eye, or life-stage issue found in the full-size visual pass. Recognizable within the established stylized family language.",True,Rhinoceros.png,440,440,RGBA,276b265f4dcd1a6cf205628b84bf967a71485e471dfe0e1ee5582435c7f819a0,,PASS_WITH_POLISH,Horses and relatives,HOLD,,"Use a dedicated equid scaffold: deep barrel torso, withers, sloped shoulder, muscular croup, long wedge-shaped head, articulated knees/hocks/fetlocks, hooves, mane, and flowing or tufted tail.","No critical routing, clipping, eye, or life-stage issue found in the full-size visual pass. Recognizable within the established stylized family language. Use a dedicated equid scaffold: deep barrel torso, withers, sloped shoulder, muscular croup, long wedge-shaped head, articulated knees/hocks/fetlocks, hooves, mane, and flowing or tufted tail.",FAIL,PASS_WITH_POLISH -> HOLD
Right_Whale,Right Whale,FAIL,FAIL,FAIL,FAIL,FAIL,PASS,FAIL,FAIL,FAIL,HIGH,Beluga | Narwhal | Sperm_Whale,"Current torpedo body lacks the enormous head, arched mouth, callosities, and absence of a dorsal fin.",False,Right_Whale.png,440,440,RGBA,8f00eafac054bd69441736e91d0afae12e4fb862e39cba947266f94aa8dc53db,,FAIL,Marine mammals,FAIL,,"Strengthen real marine-mammal proportions: streamlined body, species-correct rostrum/head, dorsal fin placement, pectoral flippers, peduncle and horizontal flukes.","Current torpedo body lacks the enormous head, arched mouth, callosities, and absence of a dorsal fin. Strengthen real marine-mammal proportions: streamlined body, species-correct rostrum/head, dorsal fin placement, pectoral flippers, peduncle and horizontal flukes.",FAIL,UNCHANGED
River_Dolphin,River Dolphin,PASS,PASS_WITH_POLISH,PASS,POLISH,POLISH,PASS,POLISH,POLISH,"Broad family anatomy is usable, but the portrait still shares simplified global body templates and should retain stronger species markers.",HIGH,Blue_Whale | Dolphin,Add a much longer narrow beak and more slender river-dolphin body.,False,River_Dolphin.png,440,440,RGBA,92d48cdff2d6d6179f0199342375d5a98ad7093107de063a942d16f32f67dbcc,,PASS_WITH_POLISH,Cetaceans,HOLD,,"Strengthen real marine-mammal proportions: streamlined body, species-correct rostrum/head, dorsal fin placement, pectoral flippers, peduncle and horizontal flukes.","Add a much longer narrow beak and more slender river-dolphin body. Strengthen real marine-mammal proportions: streamlined body, species-correct rostrum/head, dorsal fin placement, pectoral flippers, peduncle and horizontal flukes.",FAIL,PASS_WITH_POLISH -> HOLD
River_Otter,River Otter,PASS,PASS_WITH_POLISH,PASS,POLISH,POLISH,POLISH,POLISH,POLISH,"Broad family anatomy is usable, but the portrait still shares simplified global body templates and should retain stronger species markers.",HIGH,Otter,"No critical routing, clipping, eye, or life-stage issue found in the full-size visual pass. Recognizable within the established stylized family language.",True,River_Otter.png,440,440,RGBA,b749e2e0e5c3e5fc6fbf7594369811b2357b810c3f5c615585f2f5ee75aa1d44,,PASS_WITH_POLISH,Other or uncertain,HOLD,,"Broad family routing may be usable, but River Otter still needs an unlabeled silhouette check for body plan, head, eyes/sensory structures, appendages and rear/terminal anatomy.","No critical routing, clipping, eye, or life-stage issue found in the full-size visual pass. Recognizable within the established stylized family language. Broad family routing may be usable, but River Otter still needs an unlabeled silhouette check for body plan, head, eyes/sensory structures, appendages and rear/terminal anatomy.",FAIL,PASS_WITH_POLISH -> HOLD
Roadrunner,Roadrunner,PASS,PASS_WITH_POLISH,PASS,POLISH,POLISH,POLISH,POLISH,POLISH,"Broad family anatomy is usable, but the portrait still shares simplified global body templates and should retain stronger species markers.",MEDIUM,,"No critical routing, clipping, eye, or life-stage issue found in the full-size visual pass. Recognizable within the established stylized family language.",False,Roadrunner.png,440,440,RGBA,38fa7af12ba0fd74b60119fa767d19781244ab00f5a81f6b5e799a56b3ee0990,,PASS_WITH_POLISH,Cuckoos and relatives,HOLD,,"Broad family routing may be usable, but Roadrunner still needs an unlabeled silhouette check for body plan, head, eyes/sensory structures, appendages and rear/terminal anatomy.","No critical routing, clipping, eye, or life-stage issue found in the full-size visual pass. Recognizable within the established stylized family language. Broad family routing may be usable, but Roadrunner still needs an unlabeled silhouette check for body plan, head, eyes/sensory structures, appendages and rear/terminal anatomy.",FAIL,PASS_WITH_POLISH -> HOLD
Robin,Robin,PASS,PASS_WITH_POLISH,PASS,POLISH,POLISH,POLISH,POLISH,POLISH,"Broad family anatomy is usable, but the portrait still shares simplified global body templates and should retain stronger species markers.",HIGH,Finch | Lark | Plover | Sparrow | Spider | Starling | Swallow | Swift | Tanager | Weaverbird,"No critical routing, clipping, eye, or life-stage issue found in the full-size visual pass. Recognizable within the established stylized family language.",False,Robin.png,440,440,RGBA,8414dd9809a2fe8b8531961e348ff1cffb411de50d9fbda461ca9737d704c8af,,PASS_WITH_POLISH,Songbirds,HOLD,,"The named bird relies too heavily on the shared side-bird template. Correct the bill, neck, body depth, wing length, leg type, tail and crest/display structures for the species.","No critical routing, clipping, eye, or life-stage issue found in the full-size visual pass. Recognizable within the established stylized family language. The named bird relies too heavily on the shared side-bird template. Correct the bill, neck, body depth, wing length, leg type, tail and crest/display structures for the species.",FAIL,PASS_WITH_POLISH -> HOLD
Rooster,Rooster,FAIL,FAIL,FAIL,FAIL,FAIL,PASS,FAIL,FAIL,FAIL,HIGH,,"Current wader-like bird lacks comb, wattles, compact chicken torso, hackle/saddle feathers, and arched tail.",False,Rooster.png,440,440,RGBA,e97f4c486227fdf0f0c64e7aae81be4b12daec6c16a02602a6faa081d48af207,,FAIL,Gamebirds,FAIL,,"The named bird relies too heavily on the shared side-bird template. Correct the bill, neck, body depth, wing length, leg type, tail and crest/display structures for the species.","Current wader-like bird lacks comb, wattles, compact chicken torso, hackle/saddle feathers, and arched tail. The named bird relies too heavily on the shared side-bird template. Correct the bill, neck, body depth, wing length, leg type, tail and crest/display structures for the species.",FAIL,UNCHANGED
Saiga,Saiga,FAIL,FAIL,FAIL,FAIL,FAIL,PASS,FAIL,FAIL,FAIL,HIGH,,Current antelope lacks the defining enlarged downward nasal structure and correct short ringed horns.,True,Saiga.png,440,440,RGBA,49487cfd6f61f843580d71aacf695726646ba8080cac6cc11c3004d2e6680bdd,,FAIL,Cattle and bovids,FAIL,,"The ungulate base is usable, but the named species must have correct horn/antler geometry, neck, shoulder/croup mass, leg length, hooves, head and tail.","Current antelope lacks the defining enlarged downward nasal structure and correct short ringed horns. The ungulate base is usable, but the named species must have correct horn/antler geometry, neck, shoulder/croup mass, leg length, hooves, head and tail.",FAIL,UNCHANGED
Sailfish,Sailfish,PASS,PASS_WITH_POLISH,PASS,POLISH,POLISH,POLISH,POLISH,POLISH,"Broad family anatomy is usable, but the portrait still shares simplified global body templates and should retain stronger species markers.",MEDIUM,,"No critical routing, clipping, eye, or life-stage issue found in the full-size visual pass. Recognizable within the established stylized family language.",False,Sailfish.png,440,440,RGBA,4ff2414bd939187d2ac2213e554b24a671b2f85bad96de731184653372446c64,,PASS_WITH_POLISH,Ocean predators,HOLD,,"The portrait relies on a generic torpedo fish. Correct body depth, head/mouth position, dorsal/anal/pectoral fin shape, caudal fin, markings and any diagnostic appendage.","No critical routing, clipping, eye, or life-stage issue found in the full-size visual pass. Recognizable within the established stylized family language. The portrait relies on a generic torpedo fish. Correct body depth, head/mouth position, dorsal/anal/pectoral fin shape, caudal fin, markings and any diagnostic appendage.",FAIL,PASS_WITH_POLISH -> HOLD
Salamander,Salamander,PASS,PASS_WITH_POLISH,PASS,POLISH,POLISH,POLISH,POLISH,POLISH,"Broad family anatomy is usable, but the portrait still shares simplified global body templates and should retain stronger species markers.",MEDIUM,,"No critical routing, clipping, eye, or life-stage issue found in the full-size visual pass. Recognizable within the established stylized family language.",False,Salamander.png,440,440,RGBA,35f1b7a81335b3279c2a4db4dca70467a60d45476eb49229afedca660063331c,,PASS_WITH_POLISH,Salamanders,HOLD,,"Verify body width, head/mouth, eye placement, fore/hind limb proportions, toes, tail state and skin texture; color alone should not define the species.","No critical routing, clipping, eye, or life-stage issue found in the full-size visual pass. Recognizable within the established stylized family language. Verify body width, head/mouth, eye placement, fore/hind limb proportions, toes, tail state and skin texture; color alone should not define the species.",FAIL,PASS_WITH_POLISH -> HOLD
Salmon,Salmon,PASS,PASS_WITH_POLISH,PASS,POLISH,POLISH,POLISH,POLISH,POLISH,"Broad family anatomy is usable, but the portrait still shares simplified global body templates and should retain stronger species markers.",MEDIUM,,"No critical routing, clipping, eye, or life-stage issue found in the full-size visual pass. Recognizable within the established stylized family language.",False,Salmon.png,440,440,RGBA,7f92c3ca39b273561439adcc2cf15798eafa8f767677c1b12282a5318aae77f5,,PASS_WITH_POLISH,Salmon-like fish,HOLD,,"The portrait relies on a generic torpedo fish. Correct body depth, head/mouth position, dorsal/anal/pectoral fin shape, caudal fin, markings and any diagnostic appendage.","No critical routing, clipping, eye, or life-stage issue found in the full-size visual pass. Recognizable within the established stylized family language. The portrait relies on a generic torpedo fish. Correct body depth, head/mouth position, dorsal/anal/pectoral fin shape, caudal fin, markings and any diagnostic appendage.",FAIL,PASS_WITH_POLISH -> HOLD
Salp,Salp,PASS,PASS,PASS,PASS,PASS,PASS,PASS,PASS,All major regions and defining features are readable at the current stylized scale.,LOW,,Translucent barrel-chain morphology is now clear.,True,Salp.png,440,440,RGBA,eb430f89bc0262eeb54b76debce29786ac0b5be2a12b9d23d46a44b3131ae47a,,PASS,Gelatinous or colonial marine life,PASS,,"Broad family routing may be usable, but Salp still needs an unlabeled silhouette check for body plan, head, eyes/sensory structures, appendages and rear/terminal anatomy.",PASS — Leave alone at the current stylized resolution. Major body regions and defining silhouette are sufficiently represented.,PASS,UNCHANGED
Sand_Boa,Sand Boa,PASS,PASS_WITH_POLISH,PASS,POLISH,POLISH,POLISH,POLISH,POLISH,"Broad family anatomy is usable, but the portrait still shares simplified global body templates and should retain stronger species markers.",HIGH,Garter_Snake,"No critical routing, clipping, eye, or life-stage issue found in the full-size visual pass. Recognizable within the established stylized family language.",False,Sand_Boa.png,440,440,RGBA,4d49028b0fe2d0accffa1db0c6899bbc7da632e5cc04e4a683180736736bef45,,PASS_WITH_POLISH,Constricting snakes,HOLD,,"Verify skull/head profile, limb state, body thickness, scale texture, tail and any crest/frill/horn; do not rely on color alone.","No critical routing, clipping, eye, or life-stage issue found in the full-size visual pass. Recognizable within the established stylized family language. Verify skull/head profile, limb state, body thickness, scale texture, tail and any crest/frill/horn; do not rely on color alone.",FAIL,PASS_WITH_POLISH -> HOLD
Sand_Cat,Sand Cat,FAIL,FAIL,FAIL,FAIL,FAIL,PASS,FAIL,FAIL,FAIL,HIGH,,"Current generic ungulate-like body lacks low feline posture, broad head, oversized ears, paws, and long tail.",True,Sand_Cat.png,440,440,RGBA,3a8cb6a3c91af5593b101a42b06b2e4ec0e2c776ebad96f66e89d12068ad5820,,FAIL,Small and domestic cats,FAIL,,"The catalog repeatedly uses an ungulate-like torso and straight hoof-like legs for felids. Use a feline ribcage/shoulder line, digitigrade legs with paws, feline skull and muzzle, flexible spine, and species-correct tail.","Current generic ungulate-like body lacks low feline posture, broad head, oversized ears, paws, and long tail. The catalog repeatedly uses an ungulate-like torso and straight hoof-like legs for felids. Use a feline ribcage/shoulder line, digitigrade legs with paws, feline skull and muzzle, flexible spine, and species-correct tail.",FAIL,UNCHANGED
Sand_Dollar,Sand Dollar,PASS,PASS_WITH_POLISH,PASS,POLISH,POLISH,POLISH,POLISH,POLISH,"Broad family anatomy is usable, but the portrait still shares simplified global body templates and should retain stronger species markers.",MEDIUM,,"No critical routing, clipping, eye, or life-stage issue found in the full-size visual pass. Recognizable within the established stylized family language.",False,Sand_Dollar.png,440,440,RGBA,b64aedc57d9b7a3048829d0df7aba43327008591b48b04e5803ea812ed1ef235,,PASS_WITH_POLISH,Other mollusks,HOLD,,"Broad family routing may be usable, but Sand Dollar still needs an unlabeled silhouette check for body plan, head, eyes/sensory structures, appendages and rear/terminal anatomy.","No critical routing, clipping, eye, or life-stage issue found in the full-size visual pass. Recognizable within the established stylized family language. Broad family routing may be usable, but Sand Dollar still needs an unlabeled silhouette check for body plan, head, eyes/sensory structures, appendages and rear/terminal anatomy.",FAIL,PASS_WITH_POLISH -> HOLD
Sandgrouse,Sandgrouse,PASS,PASS_WITH_POLISH,PASS,POLISH,POLISH,POLISH,POLISH,POLISH,"Broad family anatomy is usable, but the portrait still shares simplified global body templates and should retain stronger species markers.",HIGH,Partridge,"No critical routing, clipping, eye, or life-stage issue found in the full-size visual pass. Recognizable within the established stylized family language.",False,Sandgrouse.png,440,440,RGBA,52e81e9edaae3d1f2ffb46a9b10e181b16c9e49d2decfaf01cfb86072cb793c3,,PASS_WITH_POLISH,Other distinctive birds,HOLD,,"Broad family routing may be usable, but Sandgrouse still needs an unlabeled silhouette check for body plan, head, eyes/sensory structures, appendages and rear/terminal anatomy.","No critical routing, clipping, eye, or life-stage issue found in the full-size visual pass. Recognizable within the established stylized family language. Broad family routing may be usable, but Sandgrouse still needs an unlabeled silhouette check for body plan, head, eyes/sensory structures, appendages and rear/terminal anatomy.",FAIL,PASS_WITH_POLISH -> HOLD
Sandpiper,Sandpiper,PASS,PASS_WITH_POLISH,PASS,POLISH,POLISH,POLISH,POLISH,POLISH,"Broad family anatomy is usable, but the portrait still shares simplified global body templates and should retain stronger species markers.",HIGH,Rail,"No critical routing, clipping, eye, or life-stage issue found in the full-size visual pass. Recognizable within the established stylized family language.",False,Sandpiper.png,440,440,RGBA,b29c42a2b82de7a6874fcc89a0c8b11cda396f7a9a4eae27f87e4f88a34c7f44,,PASS_WITH_POLISH,Shorebirds,HOLD,,"Keep the wader family but correct the exact bill geometry, neck length, leg/foot proportions, body depth and tail for the named species.","No critical routing, clipping, eye, or life-stage issue found in the full-size visual pass. Recognizable within the established stylized family language. Keep the wader family but correct the exact bill geometry, neck length, leg/foot proportions, body depth and tail for the named species.",FAIL,PASS_WITH_POLISH -> HOLD
Sardine,Sardine,PASS,PASS_WITH_POLISH,PASS,POLISH,POLISH,POLISH,POLISH,POLISH,"Broad family anatomy is usable, but the portrait still shares simplified global body templates and should retain stronger species markers.",MEDIUM,,"No critical routing, clipping, eye, or life-stage issue found in the full-size visual pass. Recognizable within the established stylized family language.",False,Sardine.png,440,440,RGBA,142f627157288cd14eeb7b69d125f094e48383499ed32a99d3ca1694c957019c,,PASS_WITH_POLISH,Schooling ocean fish,HOLD,,"The portrait relies on a generic torpedo fish. Correct body depth, head/mouth position, dorsal/anal/pectoral fin shape, caudal fin, markings and any diagnostic appendage.","No critical routing, clipping, eye, or life-stage issue found in the full-size visual pass. Recognizable within the established stylized family language. The portrait relies on a generic torpedo fish. Correct body depth, head/mouth position, dorsal/anal/pectoral fin shape, caudal fin, markings and any diagnostic appendage.",FAIL,PASS_WITH_POLISH -> HOLD
Scale_Worm,Scale Worm,PASS,PASS_WITH_POLISH,PASS,POLISH,POLISH,POLISH,POLISH,POLISH,"Broad family anatomy is usable, but the portrait still shares simplified global body templates and should retain stronger species markers.",MEDIUM,,"No critical routing, clipping, eye, or life-stage issue found in the full-size visual pass. Recognizable within the established stylized family language.",False,Scale_Worm.png,440,440,RGBA,478efe13994c915c2b00fe686dd6f44caa0372777a5757de45aa880ac377d699,,PASS_WITH_POLISH,Worm-like animals,HOLD,,"Broad family routing may be usable, but Scale Worm still needs an unlabeled silhouette check for body plan, head, eyes/sensory structures, appendages and rear/terminal anatomy.","No critical routing, clipping, eye, or life-stage issue found in the full-size visual pass. Recognizable within the established stylized family language. Broad family routing may be usable, but Scale Worm still needs an unlabeled silhouette check for body plan, head, eyes/sensory structures, appendages and rear/terminal anatomy.",FAIL,PASS_WITH_POLISH -> HOLD
Scallop,Scallop,PASS,PASS_WITH_POLISH,PASS,POLISH,POLISH,POLISH,POLISH,POLISH,"Broad family anatomy is usable, but the portrait still shares simplified global body templates and should retain stronger species markers.",MEDIUM,,"No critical routing, clipping, eye, or life-stage issue found in the full-size visual pass. Recognizable within the established stylized family language.",False,Scallop.png,440,440,RGBA,194db7b3bbd19fb9fa320fb102bc65ba193d6548dc285fdf6df55829d4104eca,,PASS_WITH_POLISH,Bivalves,HOLD,,"Broad family routing may be usable, but Scallop still needs an unlabeled silhouette check for body plan, head, eyes/sensory structures, appendages and rear/terminal anatomy.","No critical routing, clipping, eye, or life-stage issue found in the full-size visual pass. Recognizable within the established stylized family language. Broad family routing may be usable, but Scallop still needs an unlabeled silhouette check for body plan, head, eyes/sensory structures, appendages and rear/terminal anatomy.",FAIL,PASS_WITH_POLISH -> HOLD
Scorpion,Scorpion,PASS,PASS_WITH_POLISH,PASS,POLISH,POLISH,POLISH,POLISH,POLISH,"Broad family anatomy is usable, but the portrait still shares simplified global body templates and should retain stronger species markers.",MEDIUM,,"No critical routing, clipping, eye, or life-stage issue found in the full-size visual pass. Recognizable within the established stylized family language.",False,Scorpion.png,440,440,RGBA,b6e762f5309a71176a16ce8ac1b9f6751c9b9776af0c7eacefff53646ecb0a31,,PASS_WITH_POLISH,Ice and cave insects,HOLD,,"Use correct insect anatomy: distinct head/thorax/abdomen, six articulated legs, correct wing count and attachment, antennae, mouthparts and species-specific shell/body proportions.","No critical routing, clipping, eye, or life-stage issue found in the full-size visual pass. Recognizable within the established stylized family language. Use correct insect anatomy: distinct head/thorax/abdomen, six articulated legs, correct wing count and attachment, antennae, mouthparts and species-specific shell/body proportions.",FAIL,PASS_WITH_POLISH -> HOLD
Scorpionfly,Scorpionfly,FAIL,FAIL,FAIL,FAIL,FAIL,PASS,FAIL,FAIL,FAIL,HIGH,,"Current form resembles a damselfly. Add an elongated rostrum, two wing pairs, six insect legs, and a curled abdominal tip where appropriate.",True,Scorpionfly.png,440,440,RGBA,f844c6784f68f1c7a9c2bf3aae07219bae1dcc5724a7bc908bc3e0f358198f57,,FAIL,Other or uncertain,FAIL,,"Broad family routing may be usable, but Scorpionfly still needs an unlabeled silhouette check for body plan, head, eyes/sensory structures, appendages and rear/terminal anatomy.","Current form resembles a damselfly. Add an elongated rostrum, two wing pairs, six insect legs, and a curled abdominal tip where appropriate. Broad family routing may be usable, but Scorpionfly still needs an unlabeled silhouette check for body plan, head, eyes/sensory structures, appendages and rear/terminal anatomy.",FAIL,UNCHANGED
Screamer,Screamer,PASS,PASS_WITH_POLISH,PASS,POLISH,POLISH,POLISH,POLISH,POLISH,"Broad family anatomy is usable, but the portrait still shares simplified global body templates and should retain stronger species markers.",MEDIUM,,"No critical routing, clipping, eye, or life-stage issue found in the full-size visual pass. Recognizable within the established stylized family language.",False,Screamer.png,440,440,RGBA,fbc846ca136304bc344a8cddc14d7a269b5e1e8a76c5ef84a939390819b99e6b,,PASS_WITH_POLISH,Other birds,HOLD,,"The named bird relies too heavily on the shared side-bird template. Correct the bill, neck, body depth, wing length, leg type, tail and crest/display structures for the species.","No critical routing, clipping, eye, or life-stage issue found in the full-size visual pass. Recognizable within the established stylized family language. The named bird relies too heavily on the shared side-bird template. Correct the bill, neck, body depth, wing length, leg type, tail and crest/display structures for the species.",FAIL,PASS_WITH_POLISH -> HOLD
Sculpin,Sculpin,PASS,PASS_WITH_POLISH,PASS,POLISH,POLISH,POLISH,POLISH,POLISH,"Broad family anatomy is usable, but the portrait still shares simplified global body templates and should retain stronger species markers.",MEDIUM,,"No critical routing, clipping, eye, or life-stage issue found in the full-size visual pass. Recognizable within the established stylized family language.",False,Sculpin.png,440,440,RGBA,d6fd2e91d6e249fc908a9ed6531cb69114357ef73a77a64c28f46f6d0356009d,,PASS_WITH_POLISH,Bottom-dwelling fish,HOLD,,"The portrait relies on a generic torpedo fish. Correct body depth, head/mouth position, dorsal/anal/pectoral fin shape, caudal fin, markings and any diagnostic appendage.","No critical routing, clipping, eye, or life-stage issue found in the full-size visual pass. Recognizable within the established stylized family language. The portrait relies on a generic torpedo fish. Correct body depth, head/mouth position, dorsal/anal/pectoral fin shape, caudal fin, markings and any diagnostic appendage.",FAIL,PASS_WITH_POLISH -> HOLD
Sea_Anemone,Sea Anemone,PASS,PASS_WITH_POLISH,PASS,POLISH,POLISH,POLISH,POLISH,POLISH,"Broad family anatomy is usable, but the portrait still shares simplified global body templates and should retain stronger species markers.",MEDIUM,,"No critical routing, clipping, eye, or life-stage issue found in the full-size visual pass. Recognizable within the established stylized family language.",False,Sea_Anemone.png,440,440,RGBA,7d4b7974786f54c69883f5ac97e6cb707ba55c8f4a8528c0009b5a98313be3ee,,PASS_WITH_POLISH,Other mollusks,HOLD,,"Broad family routing may be usable, but Sea Anemone still needs an unlabeled silhouette check for body plan, head, eyes/sensory structures, appendages and rear/terminal anatomy.","No critical routing, clipping, eye, or life-stage issue found in the full-size visual pass. Recognizable within the established stylized family language. Broad family routing may be usable, but Sea Anemone still needs an unlabeled silhouette check for body plan, head, eyes/sensory structures, appendages and rear/terminal anatomy.",FAIL,PASS_WITH_POLISH -> HOLD
Sea_Bass,Sea Bass,PASS,PASS_WITH_POLISH,PASS,POLISH,POLISH,POLISH,POLISH,POLISH,"Broad family anatomy is usable, but the portrait still shares simplified global body templates and should retain stronger species markers.",MEDIUM,,"No critical routing, clipping, eye, or life-stage issue found in the full-size visual pass. Recognizable within the established stylized family language.",False,Sea_Bass.png,440,440,RGBA,552c7a1f56472bd066284cef769ca6cdb183f11184927b3d2fd66ff8006c0de6,,PASS_WITH_POLISH,Groupers and snappers,HOLD,,"Broad family routing may be usable, but Sea Bass still needs an unlabeled silhouette check for body plan, head, eyes/sensory structures, appendages and rear/terminal anatomy.","No critical routing, clipping, eye, or life-stage issue found in the full-size visual pass. Recognizable within the established stylized family language. Broad family routing may be usable, but Sea Bass still needs an unlabeled silhouette check for body plan, head, eyes/sensory structures, appendages and rear/terminal anatomy.",FAIL,PASS_WITH_POLISH -> HOLD
Sea_Cucumber,Sea Cucumber,PASS,PASS_WITH_POLISH,PASS,POLISH,POLISH,POLISH,POLISH,POLISH,"Broad family anatomy is usable, but the portrait still shares simplified global body templates and should retain stronger species markers.",MEDIUM,,"No critical routing, clipping, eye, or life-stage issue found in the full-size visual pass. Recognizable within the established stylized family language.",False,Sea_Cucumber.png,440,440,RGBA,6cab412be143e9e2d61a81a860d3e3c10da34b325d48c032e1e5465b86a40e38,,PASS_WITH_POLISH,Other mollusks,HOLD,,"Broad family routing may be usable, but Sea Cucumber still needs an unlabeled silhouette check for body plan, head, eyes/sensory structures, appendages and rear/terminal anatomy.","No critical routing, clipping, eye, or life-stage issue found in the full-size visual pass. Recognizable within the established stylized family language. Broad family routing may be usable, but Sea Cucumber still needs an unlabeled silhouette check for body plan, head, eyes/sensory structures, appendages and rear/terminal anatomy.",FAIL,PASS_WITH_POLISH -> HOLD
Sea_Lion,Sea Lion,PASS,PASS_WITH_POLISH,PASS,POLISH,POLISH,POLISH,POLISH,POLISH,"Broad family anatomy is usable, but the portrait still shares simplified global body templates and should retain stronger species markers.",MEDIUM,,"No critical routing, clipping, eye, or life-stage issue found in the full-size visual pass. Recognizable within the established stylized family language.",False,Sea_Lion.png,440,440,RGBA,f4471097696355c9c760a3f9ac816329b5e2122e0be252fbbc181b643ed97432,,PASS_WITH_POLISH,Marine mammals,HOLD,,"Strengthen real marine-mammal proportions: streamlined body, species-correct rostrum/head, dorsal fin placement, pectoral flippers, peduncle and horizontal flukes.","No critical routing, clipping, eye, or life-stage issue found in the full-size visual pass. Recognizable within the established stylized family language. Strengthen real marine-mammal proportions: streamlined body, species-correct rostrum/head, dorsal fin placement, pectoral flippers, peduncle and horizontal flukes.",FAIL,PASS_WITH_POLISH -> HOLD
Sea_Otter,Sea Otter,PASS,PASS_WITH_POLISH,PASS,POLISH,POLISH,POLISH,POLISH,POLISH,"Broad family anatomy is usable, but the portrait still shares simplified global body templates and should retain stronger species markers.",MEDIUM,,"No critical routing, clipping, eye, or life-stage issue found in the full-size visual pass. Recognizable within the established stylized family language.",True,Sea_Otter.png,440,440,RGBA,ad9fe33eb70ce403847fe2c94dee9d519a8de07d6628b01c599720baebe3dca7,,PASS_WITH_POLISH,Weasels and relatives,HOLD,,"Use the correct low flexible carnivoran torso, pawed limbs, skull/muzzle, and species-specific tail instead of one shared long-body template.","No critical routing, clipping, eye, or life-stage issue found in the full-size visual pass. Recognizable within the established stylized family language. Use the correct low flexible carnivoran torso, pawed limbs, skull/muzzle, and species-specific tail instead of one shared long-body template.",FAIL,PASS_WITH_POLISH -> HOLD
Sea_Snail,Sea Snail,PASS,PASS_WITH_POLISH,PASS,POLISH,POLISH,POLISH,POLISH,POLISH,"Broad family anatomy is usable, but the portrait still shares simplified global body templates and should retain stronger species markers.",MEDIUM,,"No critical routing, clipping, eye, or life-stage issue found in the full-size visual pass. Recognizable within the established stylized family language.",False,Sea_Snail.png,440,440,RGBA,99d64ce5bc32b11462d3ad09b3d236bdd9c2a875eecd2e7929f451a4ad81ab89,,PASS_WITH_POLISH,Gastropods,HOLD,,"Broad family routing may be usable, but Sea Snail still needs an unlabeled silhouette check for body plan, head, eyes/sensory structures, appendages and rear/terminal anatomy.","No critical routing, clipping, eye, or life-stage issue found in the full-size visual pass. Recognizable within the established stylized family language. Broad family routing may be usable, but Sea Snail still needs an unlabeled silhouette check for body plan, head, eyes/sensory structures, appendages and rear/terminal anatomy.",FAIL,PASS_WITH_POLISH -> HOLD
Sea_Spider,Sea Spider,PASS,PASS_WITH_POLISH,PASS,POLISH,POLISH,POLISH,POLISH,POLISH,"Broad family anatomy is usable, but the portrait still shares simplified global body templates and should retain stronger species markers.",MEDIUM,,"No critical routing, clipping, eye, or life-stage issue found in the full-size visual pass. Recognizable within the established stylized family language.",False,Sea_Spider.png,440,440,RGBA,372bdc96704c054ca3414aaafc38c0c6f345e8e5ec07f9aa6a0d4a4d71f1ead1,,PASS_WITH_POLISH,Arachnids,HOLD,,"Broad family routing may be usable, but Sea Spider still needs an unlabeled silhouette check for body plan, head, eyes/sensory structures, appendages and rear/terminal anatomy.","No critical routing, clipping, eye, or life-stage issue found in the full-size visual pass. Recognizable within the established stylized family language. Broad family routing may be usable, but Sea Spider still needs an unlabeled silhouette check for body plan, head, eyes/sensory structures, appendages and rear/terminal anatomy.",FAIL,PASS_WITH_POLISH -> HOLD
Sea_Squirt,Sea Squirt,PASS,PASS,PASS,PASS,PASS,PASS,PASS,PASS,All major regions and defining features are readable at the current stylized scale.,LOW,,Attached sac body with two siphons is now represented.,True,Sea_Squirt.png,440,440,RGBA,0d7f38bc64cc9e113731efbd710fc8278ad0c20926c9011058e6c10157a89285,,PASS,Gelatinous or colonial marine life,PASS,,"Broad family routing may be usable, but Sea Squirt still needs an unlabeled silhouette check for body plan, head, eyes/sensory structures, appendages and rear/terminal anatomy.",PASS — Leave alone at the current stylized resolution. Major body regions and defining silhouette are sufficiently represented.,PASS,UNCHANGED
Sea_Turtle,Sea Turtle,PASS,PASS_WITH_POLISH,PASS,POLISH,POLISH,POLISH,POLISH,POLISH,"Broad family anatomy is usable, but the portrait still shares simplified global body templates and should retain stronger species markers.",MEDIUM,,"No critical routing, clipping, eye, or life-stage issue found in the full-size visual pass. Recognizable within the established stylized family language.",False,Sea_Turtle.png,440,440,RGBA,ea015f55fa26156ae8ad672522ccaa7ef4abd7ee512cdef51e726409838b1268,,PASS_WITH_POLISH,Turtles and tortoises,HOLD,,"Use species-correct shell profile, neck/head, limb type (flipper, webbed foot or columnar leg), tail and shell texture rather than one generic turtle.","No critical routing, clipping, eye, or life-stage issue found in the full-size visual pass. Recognizable within the established stylized family language. Use species-correct shell profile, neck/head, limb type (flipper, webbed foot or columnar leg), tail and shell texture rather than one generic turtle.",FAIL,PASS_WITH_POLISH -> HOLD
Sea_Urchin,Sea Urchin,PASS,PASS_WITH_POLISH,PASS,POLISH,POLISH,POLISH,POLISH,POLISH,"Broad family anatomy is usable, but the portrait still shares simplified global body templates and should retain stronger species markers.",MEDIUM,,"No critical routing, clipping, eye, or life-stage issue found in the full-size visual pass. Recognizable within the established stylized family language.",False,Sea_Urchin.png,440,440,RGBA,476957a25ef258c13a2da6249050842a8e27c696f602efdf14f5f342739d188c,,PASS_WITH_POLISH,Other mollusks,HOLD,,"Broad family routing may be usable, but Sea Urchin still needs an unlabeled silhouette check for body plan, head, eyes/sensory structures, appendages and rear/terminal anatomy.","No critical routing, clipping, eye, or life-stage issue found in the full-size visual pass. Recognizable within the established stylized family language. Broad family routing may be usable, but Sea Urchin still needs an unlabeled silhouette check for body plan, head, eyes/sensory structures, appendages and rear/terminal anatomy.",FAIL,PASS_WITH_POLISH -> HOLD
Seabird,Seabird,PASS,PASS_WITH_POLISH,PASS,POLISH,POLISH,POLISH,POLISH,POLISH,"Broad family anatomy is usable, but the portrait still shares simplified global body templates and should retain stronger species markers.",MEDIUM,,"No critical routing, clipping, eye, or life-stage issue found in the full-size visual pass. Recognizable within the established stylized family language.",False,Seabird.png,440,440,RGBA,9630a5a8b83b7ac38f80f2a3ffb13cf0b07b9505e43537fc785d28b944a05662,,PASS_WITH_POLISH,Seabirds,HOLD,,"The named bird relies too heavily on the shared side-bird template. Correct the bill, neck, body depth, wing length, leg type, tail and crest/display structures for the species.","No critical routing, clipping, eye, or life-stage issue found in the full-size visual pass. Recognizable within the established stylized family language. The named bird relies too heavily on the shared side-bird template. Correct the bill, neck, body depth, wing length, leg type, tail and crest/display structures for the species.",FAIL,PASS_WITH_POLISH -> HOLD
Seahorse,Seahorse,PASS,PASS_WITH_POLISH,PASS,POLISH,POLISH,POLISH,POLISH,POLISH,"Broad family anatomy is usable, but the portrait still shares simplified global body templates and should retain stronger species markers.",MEDIUM,,"No critical routing, clipping, eye, or life-stage issue found in the full-size visual pass. Recognizable within the established stylized family language.",False,Seahorse.png,440,440,RGBA,64644e750bceb59e7de2eb0f72b4d5ae02f654639ac3a39405e61921d36fc133,,PASS_WITH_POLISH,Seahorses and relatives,HOLD,,"Use a dedicated equid scaffold: deep barrel torso, withers, sloped shoulder, muscular croup, long wedge-shaped head, articulated knees/hocks/fetlocks, hooves, mane, and flowing or tufted tail.","No critical routing, clipping, eye, or life-stage issue found in the full-size visual pass. Recognizable within the established stylized family language. Use a dedicated equid scaffold: deep barrel torso, withers, sloped shoulder, muscular croup, long wedge-shaped head, articulated knees/hocks/fetlocks, hooves, mane, and flowing or tufted tail.",FAIL,PASS_WITH_POLISH -> HOLD
Seal,Seal,PASS,PASS_WITH_POLISH,PASS,POLISH,POLISH,POLISH,POLISH,POLISH,"Broad family anatomy is usable, but the portrait still shares simplified global body templates and should retain stronger species markers.",MEDIUM,,"No critical routing, clipping, eye, or life-stage issue found in the full-size visual pass. Recognizable within the established stylized family language.",False,Seal.png,440,440,RGBA,7ebe41957a505a94ccce7df9886eefa426917dd35677cae06f82a6becee90dc8,,PASS_WITH_POLISH,Marine mammals,HOLD,,"Strengthen real marine-mammal proportions: streamlined body, species-correct rostrum/head, dorsal fin placement, pectoral flippers, peduncle and horizontal flukes.","No critical routing, clipping, eye, or life-stage issue found in the full-size visual pass. Recognizable within the established stylized family language. Strengthen real marine-mammal proportions: streamlined body, species-correct rostrum/head, dorsal fin placement, pectoral flippers, peduncle and horizontal flukes.",FAIL,PASS_WITH_POLISH -> HOLD
Secretary_Bird,Secretary Bird,PASS,PASS,PASS,PASS,PASS,PASS,PASS,PASS,All major regions and defining features are readable at the current stylized scale.,LOW,,"Long legs, head crest, and terrestrial raptor stance are now recognizable.",True,Secretary_Bird.png,440,440,RGBA,e48ae2f51acfd8e8ec040ae635cbb9c4dd18d67dc5c26e32baec3eb7a289471b,,PASS,Birds of prey,FAIL,"Current elegant wader/peacock-like bird misses the raptor body. Use a raptor head and hooked bill, long powerful legs, crest quills, compact wings, and long tail.","Replace the generic compact bird body with species-correct raptor mass, hooked bill, wing proportions, talons, tail and head/crest.","Current elegant wader/peacock-like bird misses the raptor body. Use a raptor head and hooked bill, long powerful legs, crest quills, compact wings, and long tail.",FAIL,PASS -> FAIL
Seriema,Seriema,PASS,PASS_WITH_POLISH,PASS,POLISH,POLISH,POLISH,POLISH,POLISH,"Broad family anatomy is usable, but the portrait still shares simplified global body templates and should retain stronger species markers.",MEDIUM,,"No critical routing, clipping, eye, or life-stage issue found in the full-size visual pass. Recognizable within the established stylized family language.",False,Seriema.png,440,440,RGBA,b817fe8ebd0f261ff40b3cb59813681d7148011ef65a17d8108a6ecb2e44f9f9,,PASS_WITH_POLISH,Other distinctive birds,HOLD,,"Broad family routing may be usable, but Seriema still needs an unlabeled silhouette check for body plan, head, eyes/sensory structures, appendages and rear/terminal anatomy.","No critical routing, clipping, eye, or life-stage issue found in the full-size visual pass. Recognizable within the established stylized family language. Broad family routing may be usable, but Seriema still needs an unlabeled silhouette check for body plan, head, eyes/sensory structures, appendages and rear/terminal anatomy.",FAIL,PASS_WITH_POLISH -> HOLD
Serow,Serow,PASS,PASS_WITH_POLISH,PASS,POLISH,POLISH,POLISH,POLISH,POLISH,"Broad family anatomy is usable, but the portrait still shares simplified global body templates and should retain stronger species markers.",MEDIUM,,"No critical routing, clipping, eye, or life-stage issue found in the full-size visual pass. Recognizable within the established stylized family language.",True,Serow.png,440,440,RGBA,777fc5d52460de63c80fef92347c80dd6045572720cc11f9a01f5662890023f3,,PASS_WITH_POLISH,Other or uncertain,HOLD,,"Broad family routing may be usable, but Serow still needs an unlabeled silhouette check for body plan, head, eyes/sensory structures, appendages and rear/terminal anatomy.","No critical routing, clipping, eye, or life-stage issue found in the full-size visual pass. Recognizable within the established stylized family language. Broad family routing may be usable, but Serow still needs an unlabeled silhouette check for body plan, head, eyes/sensory structures, appendages and rear/terminal anatomy.",FAIL,PASS_WITH_POLISH -> HOLD
Serval,Serval,PASS,PASS_WITH_POLISH,PASS,POLISH,POLISH,POLISH,POLISH,POLISH,"Broad family anatomy is usable, but the portrait still shares simplified global body templates and should retain stronger species markers.",MEDIUM,,"No critical routing, clipping, eye, or life-stage issue found in the full-size visual pass. Recognizable within the established stylized family language.",True,Serval.png,440,440,RGBA,da17fb79286801965019276c5c42fe6fd68f24c675a37095047306b61788e357,,PASS_WITH_POLISH,Big cats,HOLD,,"The catalog repeatedly uses an ungulate-like torso and straight hoof-like legs for felids. Use a feline ribcage/shoulder line, digitigrade legs with paws, feline skull and muzzle, flexible spine, and species-correct tail.","No critical routing, clipping, eye, or life-stage issue found in the full-size visual pass. Recognizable within the established stylized family language. The catalog repeatedly uses an ungulate-like torso and straight hoof-like legs for felids. Use a feline ribcage/shoulder line, digitigrade legs with paws, feline skull and muzzle, flexible spine, and species-correct tail.",FAIL,PASS_WITH_POLISH -> HOLD
Shark,Shark,FAIL,FAIL,FAIL,FAIL,FAIL,PASS,FAIL,FAIL,FAIL,HIGH,,"Current generic fish silhouette lacks a clear shark head, gill slits, large pectoral fins, and heterocercal tail.",False,Shark.png,440,440,RGBA,95ee17288d1f1c106815e095d23df12bb2a26c8fa9100f18a2482d2848e34786,,FAIL,Sharks,FAIL,,"The portrait relies on a generic torpedo fish. Correct body depth, head/mouth position, dorsal/anal/pectoral fin shape, caudal fin, markings and any diagnostic appendage.","Current generic fish silhouette lacks a clear shark head, gill slits, large pectoral fins, and heterocercal tail. The portrait relies on a generic torpedo fish. Correct body depth, head/mouth position, dorsal/anal/pectoral fin shape, caudal fin, markings and any diagnostic appendage.",FAIL,UNCHANGED
Sheep,Sheep,FAIL,FAIL,FAIL,FAIL,FAIL,PASS,FAIL,FAIL,FAIL,HIGH,,"Current generic ungulate lacks a woolly torso, sheep muzzle, cloven hooves, and appropriate tail/horn treatment.",True,Sheep.png,440,440,RGBA,bf491c38714f72bea1c97d9803f6878ad01fdf6149c7a715f8ebe1f361f20d9f,,FAIL,Sheep and goats,FAIL,,"The ungulate base is usable, but the named species must have correct horn/antler geometry, neck, shoulder/croup mass, leg length, hooves, head and tail.","Current generic ungulate lacks a woolly torso, sheep muzzle, cloven hooves, and appropriate tail/horn treatment. The ungulate base is usable, but the named species must have correct horn/antler geometry, neck, shoulder/croup mass, leg length, hooves, head and tail.",FAIL,UNCHANGED
Shrew,Shrew,PASS,PASS_WITH_POLISH,PASS,POLISH,POLISH,POLISH,POLISH,POLISH,"Broad family anatomy is usable, but the portrait still shares simplified global body templates and should retain stronger species markers.",MEDIUM,,"No critical routing, clipping, eye, or life-stage issue found in the full-size visual pass. Recognizable within the established stylized family language.",False,Shrew.png,440,440,RGBA,a868ba7d478e36327db18af62f4f24b8d1f96c4f05804a9a6ecf510d17a98264,,PASS_WITH_POLISH,Insect-eating and burrowing mammals,HOLD,,"Use correct insect anatomy: distinct head/thorax/abdomen, six articulated legs, correct wing count and attachment, antennae, mouthparts and species-specific shell/body proportions.","No critical routing, clipping, eye, or life-stage issue found in the full-size visual pass. Recognizable within the established stylized family language. Use correct insect anatomy: distinct head/thorax/abdomen, six articulated legs, correct wing count and attachment, antennae, mouthparts and species-specific shell/body proportions.",FAIL,PASS_WITH_POLISH -> HOLD
Shrimp,Shrimp,PASS,PASS_WITH_POLISH,PASS,POLISH,POLISH,POLISH,POLISH,POLISH,"Broad family anatomy is usable, but the portrait still shares simplified global body templates and should retain stronger species markers.",MEDIUM,,"No critical routing, clipping, eye, or life-stage issue found in the full-size visual pass. Recognizable within the established stylized family language.",False,Shrimp.png,440,440,RGBA,f9d41635cf93fe87be9a4cd569c7cd9ac82dbc80493ae85c3d1f51af7f15f0f1,,PASS_WITH_POLISH,Ice and cave insects,HOLD,,"Use correct insect anatomy: distinct head/thorax/abdomen, six articulated legs, correct wing count and attachment, antennae, mouthparts and species-specific shell/body proportions.","No critical routing, clipping, eye, or life-stage issue found in the full-size visual pass. Recognizable within the established stylized family language. Use correct insect anatomy: distinct head/thorax/abdomen, six articulated legs, correct wing count and attachment, antennae, mouthparts and species-specific shell/body proportions.",FAIL,PASS_WITH_POLISH -> HOLD
Skink,Skink,PASS,PASS_WITH_POLISH,PASS,POLISH,POLISH,POLISH,POLISH,POLISH,"Broad family anatomy is usable, but the portrait still shares simplified global body templates and should retain stronger species markers.",MEDIUM,,"No critical routing, clipping, eye, or life-stage issue found in the full-size visual pass. Recognizable within the established stylized family language.",True,Skink.png,440,440,RGBA,f98ddf7b6049ba3c644c90bdd4061b31922bd00615822c9ee9086bb3f3182295,,PASS_WITH_POLISH,Medium and small lizards,HOLD,,"Verify skull/head profile, limb state, body thickness, scale texture, tail and any crest/frill/horn; do not rely on color alone.","No critical routing, clipping, eye, or life-stage issue found in the full-size visual pass. Recognizable within the established stylized family language. Verify skull/head profile, limb state, body thickness, scale texture, tail and any crest/frill/horn; do not rely on color alone.",FAIL,PASS_WITH_POLISH -> HOLD
Skua,Skua,PASS,PASS_WITH_POLISH,PASS,POLISH,POLISH,POLISH,POLISH,POLISH,"Broad family anatomy is usable, but the portrait still shares simplified global body templates and should retain stronger species markers.",MEDIUM,,"No critical routing, clipping, eye, or life-stage issue found in the full-size visual pass. Recognizable within the established stylized family language.",False,Skua.png,440,440,RGBA,f0dfb57d508bca7340d2662bdaf5d4846980163d5ba61af4b1aeb3c7f3c969d6,,PASS_WITH_POLISH,Seabirds,HOLD,,"The named bird relies too heavily on the shared side-bird template. Correct the bill, neck, body depth, wing length, leg type, tail and crest/display structures for the species.","No critical routing, clipping, eye, or life-stage issue found in the full-size visual pass. Recognizable within the established stylized family language. The named bird relies too heavily on the shared side-bird template. Correct the bill, neck, body depth, wing length, leg type, tail and crest/display structures for the species.",FAIL,PASS_WITH_POLISH -> HOLD
Sloth,Sloth,FAIL,FAIL,FAIL,FAIL,FAIL,PASS,FAIL,FAIL,FAIL,HIGH,,"Current shaggy ground quadruped is incorrect. Use long curved climbing limbs, hook-like claws, compact torso, and hanging/arboreal posture.",True,Sloth.png,440,440,RGBA,42a4fc2392cdc4b00b9c9a92997b808e32760ebb9fb561d8b7f430fb25349aa6,,FAIL,Armadillos and relatives,FAIL,,"Broad family routing may be usable, but Sloth still needs an unlabeled silhouette check for body plan, head, eyes/sensory structures, appendages and rear/terminal anatomy.","Current shaggy ground quadruped is incorrect. Use long curved climbing limbs, hook-like claws, compact torso, and hanging/arboreal posture. Broad family routing may be usable, but Sloth still needs an unlabeled silhouette check for body plan, head, eyes/sensory structures, appendages and rear/terminal anatomy.",FAIL,UNCHANGED
Sloth_Bear,Sloth Bear,FAIL,FAIL,FAIL,FAIL,FAIL,PASS,FAIL,FAIL,FAIL,HIGH,,"Current boar-like body lacks shaggy bear torso, long flexible muzzle, paws, and chest marking.",True,Sloth_Bear.png,440,440,RGBA,b9dc3356eb87156320c9be6608bbdfa90a172faa4c5325276406336bd99c25c0,,FAIL,Bears,FAIL,,"Replace the pig/ungulate scaffold with a heavy plantigrade bear body: broad shoulders, thick torso, short tail, large paws, and ursid skull.","Current boar-like body lacks shaggy bear torso, long flexible muzzle, paws, and chest marking. Replace the pig/ungulate scaffold with a heavy plantigrade bear body: broad shoulders, thick torso, short tail, large paws, and ursid skull.",FAIL,UNCHANGED
Small_Fish,Small Fish,PASS,PASS_WITH_POLISH,PASS,POLISH,POLISH,POLISH,POLISH,POLISH,"Broad family anatomy is usable, but the portrait still shares simplified global body templates and should retain stronger species markers.",MEDIUM,,"No critical routing, clipping, eye, or life-stage issue found in the full-size visual pass. Recognizable within the established stylized family language.",False,Small_Fish.png,440,440,RGBA,c0708e719de4b46edc5abde477a298dc6daa7f48916d109abdd61ed1837ab781,,PASS_WITH_POLISH,Fish,HOLD,,"The portrait relies on a generic torpedo fish. Correct body depth, head/mouth position, dorsal/anal/pectoral fin shape, caudal fin, markings and any diagnostic appendage.","No critical routing, clipping, eye, or life-stage issue found in the full-size visual pass. Recognizable within the established stylized family language. The portrait relies on a generic torpedo fish. Correct body depth, head/mouth position, dorsal/anal/pectoral fin shape, caudal fin, markings and any diagnostic appendage.",FAIL,PASS_WITH_POLISH -> HOLD
Snail,Snail,PASS,PASS_WITH_POLISH,PASS,POLISH,POLISH,POLISH,POLISH,POLISH,"Broad family anatomy is usable, but the portrait still shares simplified global body templates and should retain stronger species markers.",HIGH,Freshwater_Snail,"No critical routing, clipping, eye, or life-stage issue found in the full-size visual pass. Recognizable within the established stylized family language.",False,Snail.png,440,440,RGBA,c83d38a44c6209948228bdd9e1967d63ae597d313852e9fb11726d4421a7bb4b,,PASS_WITH_POLISH,Gastropods,HOLD,,"Broad family routing may be usable, but Snail still needs an unlabeled silhouette check for body plan, head, eyes/sensory structures, appendages and rear/terminal anatomy.","No critical routing, clipping, eye, or life-stage issue found in the full-size visual pass. Recognizable within the established stylized family language. Broad family routing may be usable, but Snail still needs an unlabeled silhouette check for body plan, head, eyes/sensory structures, appendages and rear/terminal anatomy.",FAIL,PASS_WITH_POLISH -> HOLD
Snailfish,Snailfish,PASS,PASS_WITH_POLISH,PASS,POLISH,POLISH,POLISH,POLISH,POLISH,"Broad family anatomy is usable, but the portrait still shares simplified global body templates and should retain stronger species markers.",MEDIUM,,"No critical routing, clipping, eye, or life-stage issue found in the full-size visual pass. Recognizable within the established stylized family language.",False,Snailfish.png,440,440,RGBA,2d2a5e6f0b2ba5a5d7264660c3ff3f540078e4f8a107b0f4a08589ba8d849762,,PASS_WITH_POLISH,Other or uncertain,HOLD,,"Broad family routing may be usable, but Snailfish still needs an unlabeled silhouette check for body plan, head, eyes/sensory structures, appendages and rear/terminal anatomy.","No critical routing, clipping, eye, or life-stage issue found in the full-size visual pass. Recognizable within the established stylized family language. Broad family routing may be usable, but Snailfish still needs an unlabeled silhouette check for body plan, head, eyes/sensory structures, appendages and rear/terminal anatomy.",FAIL,PASS_WITH_POLISH -> HOLD
Snake,Snake,PASS,PASS_WITH_POLISH,PASS,POLISH,POLISH,POLISH,POLISH,POLISH,"Broad family anatomy is usable, but the portrait still shares simplified global body templates and should retain stronger species markers.",MEDIUM,,"No critical routing, clipping, eye, or life-stage issue found in the full-size visual pass. Recognizable within the established stylized family language.",False,Snake.png,440,440,RGBA,f3fe2477f9b4ac0d77489ed5b8d86ccb9d4e4aa86ef08d14b60a2d1d6b09364e,,PASS_WITH_POLISH,Snakes,HOLD,,"Verify skull/head profile, limb state, body thickness, scale texture, tail and any crest/frill/horn; do not rely on color alone.","No critical routing, clipping, eye, or life-stage issue found in the full-size visual pass. Recognizable within the established stylized family language. Verify skull/head profile, limb state, body thickness, scale texture, tail and any crest/frill/horn; do not rely on color alone.",FAIL,PASS_WITH_POLISH -> HOLD
Snapper,Snapper,PASS,PASS_WITH_POLISH,PASS,POLISH,POLISH,POLISH,POLISH,POLISH,"Broad family anatomy is usable, but the portrait still shares simplified global body templates and should retain stronger species markers.",MEDIUM,,"No critical routing, clipping, eye, or life-stage issue found in the full-size visual pass. Recognizable within the established stylized family language.",False,Snapper.png,440,440,RGBA,6b74a421c94615f33032a84523c6ff7628be50be48a1e3a99a840b0a9ece1ed2,,PASS_WITH_POLISH,Groupers and snappers,HOLD,,"Broad family routing may be usable, but Snapper still needs an unlabeled silhouette check for body plan, head, eyes/sensory structures, appendages and rear/terminal anatomy.","No critical routing, clipping, eye, or life-stage issue found in the full-size visual pass. Recognizable within the established stylized family language. Broad family routing may be usable, but Snapper still needs an unlabeled silhouette check for body plan, head, eyes/sensory structures, appendages and rear/terminal anatomy.",FAIL,PASS_WITH_POLISH -> HOLD
Snapping_Turtle,Snapping Turtle,FAIL,FAIL,FAIL,FAIL,FAIL,PASS,FAIL,FAIL,FAIL,HIGH,,"Current generic wheel-like turtle lacks a large head, hooked beak, ridged shell, powerful legs, and long rough tail.",False,Snapping_Turtle.png,440,440,RGBA,ab9fe77317c82c9d88ca2e3d3d9c02ddab3595a48169a6084fe89297f6a9e5e7,,FAIL,Turtles and tortoises,FAIL,,"Use species-correct shell profile, neck/head, limb type (flipper, webbed foot or columnar leg), tail and shell texture rather than one generic turtle.","Current generic wheel-like turtle lacks a large head, hooked beak, ridged shell, powerful legs, and long rough tail. Use species-correct shell profile, neck/head, limb type (flipper, webbed foot or columnar leg), tail and shell texture rather than one generic turtle.",FAIL,UNCHANGED
Snipe,Snipe,PASS,PASS_WITH_POLISH,PASS,POLISH,POLISH,PASS,POLISH,POLISH,"Broad family anatomy is usable, but the portrait still shares simplified global body templates and should retain stronger species markers.",MEDIUM,,Increase very long straight bill.,False,Snipe.png,440,440,RGBA,e4248186893c4b4e19a131b3aaa9dc13b04258a8a25506a1fa40797bb72b8f1b,,PASS_WITH_POLISH,Shorebirds,HOLD,,"Keep the wader family but correct the exact bill geometry, neck length, leg/foot proportions, body depth and tail for the named species.","Increase very long straight bill. Keep the wader family but correct the exact bill geometry, neck length, leg/foot proportions, body depth and tail for the named species.",FAIL,PASS_WITH_POLISH -> HOLD
Snow_Leopard,Snow Leopard,FAIL,FAIL,FAIL,FAIL,FAIL,PASS,FAIL,FAIL,FAIL,HIGH,,"Current ungulate-like body lacks powerful feline shoulders, large paws, compact ears, and exceptionally thick long tail.",True,Snow_Leopard.png,440,440,RGBA,54ec830ae1c75e82724c818270702a722c209edd1561f22981240d0eec4b84f4,,FAIL,Big cats,FAIL,,"The catalog repeatedly uses an ungulate-like torso and straight hoof-like legs for felids. Use a feline ribcage/shoulder line, digitigrade legs with paws, feline skull and muzzle, flexible spine, and species-correct tail.","Current ungulate-like body lacks powerful feline shoulders, large paws, compact ears, and exceptionally thick long tail. The catalog repeatedly uses an ungulate-like torso and straight hoof-like legs for felids. Use a feline ribcage/shoulder line, digitigrade legs with paws, feline skull and muzzle, flexible spine, and species-correct tail.",FAIL,UNCHANGED
Snow_Petrel,Snow Petrel,PASS,PASS_WITH_POLISH,PASS,POLISH,POLISH,POLISH,POLISH,POLISH,"Broad family anatomy is usable, but the portrait still shares simplified global body templates and should retain stronger species markers.",MEDIUM,,"No critical routing, clipping, eye, or life-stage issue found in the full-size visual pass. Recognizable within the established stylized family language.",False,Snow_Petrel.png,440,440,RGBA,daac79e83a37b0c26bef9ad65c9e9a79c1764344d2fd68ed2dd620ffa2467367,,PASS_WITH_POLISH,Seabirds,HOLD,,"The named bird relies too heavily on the shared side-bird template. Correct the bill, neck, body depth, wing length, leg type, tail and crest/display structures for the species.","No critical routing, clipping, eye, or life-stage issue found in the full-size visual pass. Recognizable within the established stylized family language. The named bird relies too heavily on the shared side-bird template. Correct the bill, neck, body depth, wing length, leg type, tail and crest/display structures for the species.",FAIL,PASS_WITH_POLISH -> HOLD
Snowshoe_Hare,Snowshoe Hare,PASS,PASS_WITH_POLISH,PASS,POLISH,POLISH,POLISH,POLISH,POLISH,"Broad family anatomy is usable, but the portrait still shares simplified global body templates and should retain stronger species markers.",MEDIUM,,"No critical routing, clipping, eye, or life-stage issue found in the full-size visual pass. Recognizable within the established stylized family language.",False,Snowshoe_Hare.png,440,440,RGBA,1178067edf7b9f332df7153f98862e24e6e29df255a1dc8c785baeb4bd8173cf,,PASS_WITH_POLISH,Lagomorphs,HOLD,,"Verify rodent/lagomorph skull, incisors/muzzle, fore/hind foot proportions, body posture and tail; several currently inherit the rabbit-like template.","No critical routing, clipping, eye, or life-stage issue found in the full-size visual pass. Recognizable within the established stylized family language. Verify rodent/lagomorph skull, incisors/muzzle, fore/hind foot proportions, body posture and tail; several currently inherit the rabbit-like template.",FAIL,PASS_WITH_POLISH -> HOLD
Snowy_Owl,Snowy Owl,PASS,PASS_WITH_POLISH,PASS,POLISH,POLISH,POLISH,POLISH,POLISH,"Broad family anatomy is usable, but the portrait still shares simplified global body templates and should retain stronger species markers.",MEDIUM,,"No critical routing, clipping, eye, or life-stage issue found in the full-size visual pass. Recognizable within the established stylized family language.",False,Snowy_Owl.png,440,440,RGBA,a741717b986f7475301b7b415deafcf2ad214037c6d599f603685b789a99c3cb,,PASS_WITH_POLISH,Owls,HOLD,,"Broad family routing may be usable, but Snowy Owl still needs an unlabeled silhouette check for body plan, head, eyes/sensory structures, appendages and rear/terminal anatomy.","No critical routing, clipping, eye, or life-stage issue found in the full-size visual pass. Recognizable within the established stylized family language. Broad family routing may be usable, but Snowy Owl still needs an unlabeled silhouette check for body plan, head, eyes/sensory structures, appendages and rear/terminal anatomy.",FAIL,PASS_WITH_POLISH -> HOLD
Softshell_Turtle,Softshell Turtle,FAIL,FAIL,FAIL,FAIL,FAIL,PASS,FAIL,FAIL,FAIL,HIGH,,"Current generic domed turtle lacks a flattened flexible shell, long snorkel-like snout, webbed feet, and broad swimming body.",False,Softshell_Turtle.png,440,440,RGBA,07128c55d6a031509578752b84690ad0aeeaa3e8635a4f663304bb1f98cc0938,,FAIL,Turtles and tortoises,FAIL,,"Use species-correct shell profile, neck/head, limb type (flipper, webbed foot or columnar leg), tail and shell texture rather than one generic turtle.","Current generic domed turtle lacks a flattened flexible shell, long snorkel-like snout, webbed feet, and broad swimming body. Use species-correct shell profile, neck/head, limb type (flipper, webbed foot or columnar leg), tail and shell texture rather than one generic turtle.",FAIL,UNCHANGED
Sparrow,Sparrow,PASS,PASS_WITH_POLISH,PASS,POLISH,POLISH,POLISH,POLISH,POLISH,"Broad family anatomy is usable, but the portrait still shares simplified global body templates and should retain stronger species markers.",HIGH,Finch | Lark | Plover | Robin | Spider | Starling | Swallow | Swift | Tanager | Weaverbird,"No critical routing, clipping, eye, or life-stage issue found in the full-size visual pass. Recognizable within the established stylized family language.",False,Sparrow.png,440,440,RGBA,61132d028b2223ee5924d387958eb9fa50032c98e4ddf85722c1636698d15f2e,,PASS_WITH_POLISH,Songbirds,HOLD,,"The named bird relies too heavily on the shared side-bird template. Correct the bill, neck, body depth, wing length, leg type, tail and crest/display structures for the species.","No critical routing, clipping, eye, or life-stage issue found in the full-size visual pass. Recognizable within the established stylized family language. The named bird relies too heavily on the shared side-bird template. Correct the bill, neck, body depth, wing length, leg type, tail and crest/display structures for the species.",FAIL,PASS_WITH_POLISH -> HOLD
Spectacled_Bear,Spectacled Bear,FAIL,FAIL,FAIL,FAIL,FAIL,PASS,FAIL,FAIL,FAIL,HIGH,,"Current boar-like body lacks bear proportions, paws, rounded head, and strong facial spectacle markings.",True,Spectacled_Bear.png,440,440,RGBA,b13fcf3356f8403801cc49f7683641d70b8491c36cb7420de1c244670ac05e86,,FAIL,Bears,FAIL,,"Replace the pig/ungulate scaffold with a heavy plantigrade bear body: broad shoulders, thick torso, short tail, large paws, and ursid skull.","Current boar-like body lacks bear proportions, paws, rounded head, and strong facial spectacle markings. Replace the pig/ungulate scaffold with a heavy plantigrade bear body: broad shoulders, thick torso, short tail, large paws, and ursid skull.",FAIL,UNCHANGED
Sperm_Whale,Sperm Whale,PASS,PASS_WITH_POLISH,PASS,POLISH,POLISH,POLISH,POLISH,POLISH,"Broad family anatomy is usable, but the portrait still shares simplified global body templates and should retain stronger species markers.",HIGH,Beluga | Narwhal | Right_Whale,"No critical routing, clipping, eye, or life-stage issue found in the full-size visual pass. Recognizable within the established stylized family language.",False,Sperm_Whale.png,440,440,RGBA,d07d143a7c46aa93137a7a6c5de6d9efce1867317a43c10b60f1c3cc4c6531ab,,PASS_WITH_POLISH,Marine mammals,HOLD,,"Strengthen real marine-mammal proportions: streamlined body, species-correct rostrum/head, dorsal fin placement, pectoral flippers, peduncle and horizontal flukes.","No critical routing, clipping, eye, or life-stage issue found in the full-size visual pass. Recognizable within the established stylized family language. Strengthen real marine-mammal proportions: streamlined body, species-correct rostrum/head, dorsal fin placement, pectoral flippers, peduncle and horizontal flukes.",FAIL,PASS_WITH_POLISH -> HOLD
Spider,Spider,PASS,PASS_WITH_POLISH,PASS,POLISH,POLISH,POLISH,POLISH,POLISH,"Broad family anatomy is usable, but the portrait still shares simplified global body templates and should retain stronger species markers.",HIGH,Finch | Lark | Plover | Robin | Sparrow | Starling | Swallow | Swift | Tanager | Weaverbird,"No critical routing, clipping, eye, or life-stage issue found in the full-size visual pass. Recognizable within the established stylized family language.",False,Spider.png,440,440,RGBA,637c0ad31e3b9a34b0e42ccfcfad704ca2e1496bfa5cb94265c5926aaf5ecaa6,,PASS_WITH_POLISH,Ice and cave insects,HOLD,,"Use correct insect anatomy: distinct head/thorax/abdomen, six articulated legs, correct wing count and attachment, antennae, mouthparts and species-specific shell/body proportions.","No critical routing, clipping, eye, or life-stage issue found in the full-size visual pass. Recognizable within the established stylized family language. Use correct insect anatomy: distinct head/thorax/abdomen, six articulated legs, correct wing count and attachment, antennae, mouthparts and species-specific shell/body proportions.",FAIL,PASS_WITH_POLISH -> HOLD
Spider_Monkey,Spider Monkey,PASS,PASS_WITH_POLISH,PASS,POLISH,POLISH,POLISH,POLISH,POLISH,"Broad family anatomy is usable, but the portrait still shares simplified global body templates and should retain stronger species markers.",MEDIUM,,"No critical routing, clipping, eye, or life-stage issue found in the full-size visual pass. Recognizable within the established stylized family language.",False,Spider_Monkey.png,440,440,RGBA,cc872b953c826dd9c459f64943ae6a4e4a46f35653dba8d3d8197b8fd5a02664,,PASS_WITH_POLISH,Primates,HOLD,,"Verify torso posture, arm/leg ratio, hands/feet, face shape and tail state for the named primate.","No critical routing, clipping, eye, or life-stage issue found in the full-size visual pass. Recognizable within the established stylized family language. Verify torso posture, arm/leg ratio, hands/feet, face shape and tail state for the named primate.",FAIL,PASS_WITH_POLISH -> HOLD
Sponge,Sponge,PASS,PASS_WITH_POLISH,PASS,POLISH,POLISH,POLISH,POLISH,POLISH,"Broad family anatomy is usable, but the portrait still shares simplified global body templates and should retain stronger species markers.",MEDIUM,,"No critical routing, clipping, eye, or life-stage issue found in the full-size visual pass. Recognizable within the established stylized family language.",False,Sponge.png,440,440,RGBA,503f3c0352d0b48e9a83f4440be8d17f1df9f75502ab0bf26563ed6cd5dd8444,,PASS_WITH_POLISH,Sessile marine life,HOLD,,"Broad family routing may be usable, but Sponge still needs an unlabeled silhouette check for body plan, head, eyes/sensory structures, appendages and rear/terminal anatomy.","No critical routing, clipping, eye, or life-stage issue found in the full-size visual pass. Recognizable within the established stylized family language. Broad family routing may be usable, but Sponge still needs an unlabeled silhouette check for body plan, head, eyes/sensory structures, appendages and rear/terminal anatomy.",FAIL,PASS_WITH_POLISH -> HOLD
Spoonbill,Spoonbill,PASS,PASS,PASS,PASS,PASS,PASS,PASS,PASS,All major regions and defining features are readable at the current stylized scale.,LOW,,The spoon-shaped bill is unmistakable.,True,Spoonbill.png,440,440,RGBA,f176ac5fb76d6fc41a7845fdb05f1e227c6ac646b3d31bc92a2e6716f5186704,,PASS,Herons and wetland birds,PASS,,"Keep the wader family but correct the exact bill geometry, neck length, leg/foot proportions, body depth and tail for the named species.",PASS — Leave alone at the current stylized resolution. Major body regions and defining silhouette are sufficiently represented.,PASS,UNCHANGED
Spotted_Hyena,Spotted Hyena,FAIL,FAIL,FAIL,FAIL,FAIL,PASS,FAIL,FAIL,FAIL,HIGH,,"Current generic spotted quadruped lacks a sloping back, heavy forequarters, large skull, and short hindquarters.",True,Spotted_Hyena.png,440,440,RGBA,c6aa2dee768bcfffd5ed7f0760156bb241e203372aae9e71ca24d46776ca8a03,,FAIL,Hyenas and relatives,FAIL,,"Use high forequarters, sloping back, heavy neck/head, shorter hindquarters, and rounded ears rather than the generic ungulate body.","Current generic spotted quadruped lacks a sloping back, heavy forequarters, large skull, and short hindquarters. Use high forequarters, sloping back, heavy neck/head, shorter hindquarters, and rounded ears rather than the generic ungulate body.",FAIL,UNCHANGED
Springbok,Springbok,PASS,PASS_WITH_POLISH,PASS,POLISH,POLISH,POLISH,POLISH,POLISH,"Broad family anatomy is usable, but the portrait still shares simplified global body templates and should retain stronger species markers.",MEDIUM,,"No critical routing, clipping, eye, or life-stage issue found in the full-size visual pass. Recognizable within the established stylized family language.",True,Springbok.png,440,440,RGBA,e052e40de9d7c0491e2e1860b762c154ae28a538e5de6d6a81e8be30f34f2b77,,PASS_WITH_POLISH,Other or uncertain,HOLD,,"Broad family routing may be usable, but Springbok still needs an unlabeled silhouette check for body plan, head, eyes/sensory structures, appendages and rear/terminal anatomy.","No critical routing, clipping, eye, or life-stage issue found in the full-size visual pass. Recognizable within the established stylized family language. Broad family routing may be usable, but Springbok still needs an unlabeled silhouette check for body plan, head, eyes/sensory structures, appendages and rear/terminal anatomy.",FAIL,PASS_WITH_POLISH -> HOLD
Springtail,Springtail,PASS,PASS,PASS,PASS,PASS,PASS,PASS,PASS,All major regions and defining features are readable at the current stylized scale.,LOW,,Wingless compact body and springtail-like low silhouette are now present.,False,Springtail.png,440,440,RGBA,ca064fc88f9e53806fc6d90c7f53b3fe0a964b3eec6881204fe97cd7e6634a2e,,PASS,Insects,PASS,,"Use correct insect anatomy: distinct head/thorax/abdomen, six articulated legs, correct wing count and attachment, antennae, mouthparts and species-specific shell/body proportions.",PASS — Leave alone at the current stylized resolution. Major body regions and defining silhouette are sufficiently represented.,PASS,UNCHANGED
Squid,Squid,PASS,PASS_WITH_POLISH,PASS,POLISH,POLISH,POLISH,POLISH,POLISH,"Broad family anatomy is usable, but the portrait still shares simplified global body templates and should retain stronger species markers.",MEDIUM,,"No critical routing, clipping, eye, or life-stage issue found in the full-size visual pass. Recognizable within the established stylized family language.",False,Squid.png,440,440,RGBA,4fe6edf87ec7f9170f8b391ef615d319f84930a01768190ee723d9a8a7fb741a,,PASS_WITH_POLISH,Cephalopods,HOLD,,"Verify mantle form, eye/head placement, arm count, feeding tentacles, fin skirt/fins and rear mantle taper for the named cephalopod.","No critical routing, clipping, eye, or life-stage issue found in the full-size visual pass. Recognizable within the established stylized family language. Verify mantle form, eye/head placement, arm count, feeding tentacles, fin skirt/fins and rear mantle taper for the named cephalopod.",FAIL,PASS_WITH_POLISH -> HOLD
Squirrel,Squirrel,PASS,PASS_WITH_POLISH,PASS,POLISH,POLISH,POLISH,POLISH,POLISH,"Broad family anatomy is usable, but the portrait still shares simplified global body templates and should retain stronger species markers.",MEDIUM,,"No critical routing, clipping, eye, or life-stage issue found in the full-size visual pass. Recognizable within the established stylized family language.",False,Squirrel.png,440,440,RGBA,8fc60e0f209c90e4b8656e0ca88efa8a65f40a1a91f927ef7c382d00b486768d,,PASS_WITH_POLISH,Rodents,HOLD,,"Verify rodent/lagomorph skull, incisors/muzzle, fore/hind foot proportions, body posture and tail; several currently inherit the rabbit-like template.","No critical routing, clipping, eye, or life-stage issue found in the full-size visual pass. Recognizable within the established stylized family language. Verify rodent/lagomorph skull, incisors/muzzle, fore/hind foot proportions, body posture and tail; several currently inherit the rabbit-like template.",FAIL,PASS_WITH_POLISH -> HOLD
Starfish,Starfish,PASS,PASS_WITH_POLISH,PASS,POLISH,POLISH,POLISH,POLISH,POLISH,"Broad family anatomy is usable, but the portrait still shares simplified global body templates and should retain stronger species markers.",MEDIUM,,"No critical routing, clipping, eye, or life-stage issue found in the full-size visual pass. Recognizable within the established stylized family language.",False,Starfish.png,440,440,RGBA,9fc9491316236b197c7dcdc21dc7931256f0d47e3d9b4e492d730592bf97e576,,PASS_WITH_POLISH,Other mollusks,HOLD,,"Broad family routing may be usable, but Starfish still needs an unlabeled silhouette check for body plan, head, eyes/sensory structures, appendages and rear/terminal anatomy.","No critical routing, clipping, eye, or life-stage issue found in the full-size visual pass. Recognizable within the established stylized family language. Broad family routing may be usable, but Starfish still needs an unlabeled silhouette check for body plan, head, eyes/sensory structures, appendages and rear/terminal anatomy.",FAIL,PASS_WITH_POLISH -> HOLD
Starling,Starling,PASS,PASS_WITH_POLISH,PASS,POLISH,POLISH,POLISH,POLISH,POLISH,"Broad family anatomy is usable, but the portrait still shares simplified global body templates and should retain stronger species markers.",HIGH,Finch | Lark | Plover | Robin | Sparrow | Spider | Swallow | Swift | Tanager | Weaverbird,"No critical routing, clipping, eye, or life-stage issue found in the full-size visual pass. Recognizable within the established stylized family language.",False,Starling.png,440,440,RGBA,d334ed3be771766090913316694991dce5331c4f0c6ff4f388117880072656d1,,PASS_WITH_POLISH,Songbirds,HOLD,,"The named bird relies too heavily on the shared side-bird template. Correct the bill, neck, body depth, wing length, leg type, tail and crest/display structures for the species.","No critical routing, clipping, eye, or life-stage issue found in the full-size visual pass. Recognizable within the established stylized family language. The named bird relies too heavily on the shared side-bird template. Correct the bill, neck, body depth, wing length, leg type, tail and crest/display structures for the species.",FAIL,PASS_WITH_POLISH -> HOLD
Stick_Insect,Stick Insect,PASS,PASS_WITH_POLISH,PASS,POLISH,POLISH,POLISH,POLISH,POLISH,"Broad family anatomy is usable, but the portrait still shares simplified global body templates and should retain stronger species markers.",MEDIUM,,"No critical routing, clipping, eye, or life-stage issue found in the full-size visual pass. Recognizable within the established stylized family language.",False,Stick_Insect.png,440,440,RGBA,2b6c9ea3d206bf2da7fbabcf38f42112365e8e0e78fca5f01817d729929a3f6e,,PASS_WITH_POLISH,Stick and leaf insects,HOLD,,"Use correct insect anatomy: distinct head/thorax/abdomen, six articulated legs, correct wing count and attachment, antennae, mouthparts and species-specific shell/body proportions.","No critical routing, clipping, eye, or life-stage issue found in the full-size visual pass. Recognizable within the established stylized family language. Use correct insect anatomy: distinct head/thorax/abdomen, six articulated legs, correct wing count and attachment, antennae, mouthparts and species-specific shell/body proportions.",FAIL,PASS_WITH_POLISH -> HOLD
Stingray,Stingray,PASS,PASS_WITH_POLISH,PASS,POLISH,POLISH,POLISH,POLISH,POLISH,"Broad family anatomy is usable, but the portrait still shares simplified global body templates and should retain stronger species markers.",MEDIUM,,"No critical routing, clipping, eye, or life-stage issue found in the full-size visual pass. Recognizable within the established stylized family language.",False,Stingray.png,440,440,RGBA,5e904040a82bb42f737b5d9cdf6e0fda2487bdad0f615d6c7d6607aab0bd3475,,PASS_WITH_POLISH,Rays and skates,HOLD,,"Broad family routing may be usable, but Stingray still needs an unlabeled silhouette check for body plan, head, eyes/sensory structures, appendages and rear/terminal anatomy.","No critical routing, clipping, eye, or life-stage issue found in the full-size visual pass. Recognizable within the established stylized family language. Broad family routing may be usable, but Stingray still needs an unlabeled silhouette check for body plan, head, eyes/sensory structures, appendages and rear/terminal anatomy.",FAIL,PASS_WITH_POLISH -> HOLD
Stoat,Stoat,PASS,PASS_WITH_POLISH,PASS,POLISH,POLISH,POLISH,POLISH,POLISH,"Broad family anatomy is usable, but the portrait still shares simplified global body templates and should retain stronger species markers.",MEDIUM,,"No critical routing, clipping, eye, or life-stage issue found in the full-size visual pass. Recognizable within the established stylized family language.",True,Stoat.png,440,440,RGBA,fca269ecb08fb46becae479b738db0815e985aa774f5e716accc9587e1fcbac7,,PASS_WITH_POLISH,Weasels and relatives,HOLD,,"Use the correct low flexible carnivoran torso, pawed limbs, skull/muzzle, and species-specific tail instead of one shared long-body template.","No critical routing, clipping, eye, or life-stage issue found in the full-size visual pass. Recognizable within the established stylized family language. Use the correct low flexible carnivoran torso, pawed limbs, skull/muzzle, and species-specific tail instead of one shared long-body template.",FAIL,PASS_WITH_POLISH -> HOLD
Stonefly,Stonefly,PASS,PASS_WITH_POLISH,PASS,POLISH,POLISH,POLISH,POLISH,POLISH,"Broad family anatomy is usable, but the portrait still shares simplified global body templates and should retain stronger species markers.",MEDIUM,,"No critical routing, clipping, eye, or life-stage issue found in the full-size visual pass. Recognizable within the established stylized family language.",True,Stonefly.png,440,440,RGBA,4d998e4727f9df860112cf59c0c10bd5f03bde73b61c013a69030e8a258df1ad,,PASS_WITH_POLISH,Mayflies and stoneflies,HOLD,,"Use correct insect anatomy: distinct head/thorax/abdomen, six articulated legs, correct wing count and attachment, antennae, mouthparts and species-specific shell/body proportions.","No critical routing, clipping, eye, or life-stage issue found in the full-size visual pass. Recognizable within the established stylized family language. Use correct insect anatomy: distinct head/thorax/abdomen, six articulated legs, correct wing count and attachment, antennae, mouthparts and species-specific shell/body proportions.",FAIL,PASS_WITH_POLISH -> HOLD
Stork,Stork,PASS,PASS_WITH_POLISH,PASS,POLISH,POLISH,POLISH,POLISH,POLISH,"Broad family anatomy is usable, but the portrait still shares simplified global body templates and should retain stronger species markers.",MEDIUM,,"No critical routing, clipping, eye, or life-stage issue found in the full-size visual pass. Recognizable within the established stylized family language.",False,Stork.png,440,440,RGBA,6e980376b90f6e1ed02adaf61c758e8d214371e752ed4364344831aa5762016b,,PASS_WITH_POLISH,Herons and wetland birds,HOLD,,"Keep the wader family but correct the exact bill geometry, neck length, leg/foot proportions, body depth and tail for the named species.","No critical routing, clipping, eye, or life-stage issue found in the full-size visual pass. Recognizable within the established stylized family language. Keep the wader family but correct the exact bill geometry, neck length, leg/foot proportions, body depth and tail for the named species.",FAIL,PASS_WITH_POLISH -> HOLD
Striped_Hyena,Striped Hyena,FAIL,FAIL,FAIL,FAIL,FAIL,PASS,FAIL,FAIL,FAIL,HIGH,,"Current generic striped quadruped lacks a sloping back, mane, heavy skull, and short rear.",True,Striped_Hyena.png,440,440,RGBA,3781403941832d8c39fea6c1cf0820d5252c850e424fea61b682869a5c6f3f65,,FAIL,Hyenas and relatives,FAIL,,"Use high forequarters, sloping back, heavy neck/head, shorter hindquarters, and rounded ears rather than the generic ungulate body.","Current generic striped quadruped lacks a sloping back, mane, heavy skull, and short rear. Use high forequarters, sloping back, heavy neck/head, shorter hindquarters, and rounded ears rather than the generic ungulate body.",FAIL,UNCHANGED
Sturgeon,Sturgeon,FAIL,FAIL,FAIL,FAIL,FAIL,PASS,FAIL,FAIL,FAIL,HIGH,,"Current generic fish lacks bony scutes, long rostrum, ventral mouth, and shark-like tail.",False,Sturgeon.png,440,440,RGBA,2ed9f3ec222cc579a5a4ed6ed5d19a5498b9e764ce737875a10cb1ddb4cd42c1,,FAIL,Primitive fish,FAIL,,"The portrait relies on a generic torpedo fish. Correct body depth, head/mouth position, dorsal/anal/pectoral fin shape, caudal fin, markings and any diagnostic appendage.","Current generic fish lacks bony scutes, long rostrum, ventral mouth, and shark-like tail. The portrait relies on a generic torpedo fish. Correct body depth, head/mouth position, dorsal/anal/pectoral fin shape, caudal fin, markings and any diagnostic appendage.",FAIL,UNCHANGED
Sugar_Glider,Sugar Glider,FAIL,FAIL,FAIL,FAIL,FAIL,FAIL,FAIL,FAIL,FAIL,HIGH,,"Current small quadruped lacks the gliding membrane, large dark eyes, grasping feet, and long stabilizing tail.",True,Sugar_Glider.png,440,440,RGBA,06487d5fab8ee0a74de88e73b473dadd1d6d45c6ced4ef85c238bde1573ebbcf,,FAIL,Marsupials,FAIL,,"Broad family routing may be usable, but Sugar Glider still needs an unlabeled silhouette check for body plan, head, eyes/sensory structures, appendages and rear/terminal anatomy.","Current small quadruped lacks the gliding membrane, large dark eyes, grasping feet, and long stabilizing tail. Broad family routing may be usable, but Sugar Glider still needs an unlabeled silhouette check for body plan, head, eyes/sensory structures, appendages and rear/terminal anatomy.",FAIL,UNCHANGED
Sun_Bear,Sun Bear,FAIL,FAIL,FAIL,FAIL,FAIL,PASS,FAIL,FAIL,FAIL,HIGH,,"Current pig-like body lacks a compact bear torso, paws, short muzzle, small ears, and chest crescent.",True,Sun_Bear.png,440,440,RGBA,3239610885d15e6fd66b60665bf630c079a2c1a60c44a1bad78147d4e113806c,,FAIL,Bears,FAIL,,"Replace the pig/ungulate scaffold with a heavy plantigrade bear body: broad shoulders, thick torso, short tail, large paws, and ursid skull.","Current pig-like body lacks a compact bear torso, paws, short muzzle, small ears, and chest crescent. Replace the pig/ungulate scaffold with a heavy plantigrade bear body: broad shoulders, thick torso, short tail, large paws, and ursid skull.",FAIL,UNCHANGED
Sunfish,Sunfish,PASS,PASS_WITH_POLISH,PASS,POLISH,POLISH,POLISH,POLISH,POLISH,"Broad family anatomy is usable, but the portrait still shares simplified global body templates and should retain stronger species markers.",MEDIUM,,"No critical routing, clipping, eye, or life-stage issue found in the full-size visual pass. Recognizable within the established stylized family language.",False,Sunfish.png,440,440,RGBA,16d74c93761018794a2d7453b4fc149d7806a1127c85b250542d6fb76c523f39,,PASS_WITH_POLISH,Perch-like freshwater fish,HOLD,,"The portrait relies on a generic torpedo fish. Correct body depth, head/mouth position, dorsal/anal/pectoral fin shape, caudal fin, markings and any diagnostic appendage.","No critical routing, clipping, eye, or life-stage issue found in the full-size visual pass. Recognizable within the established stylized family language. The portrait relies on a generic torpedo fish. Correct body depth, head/mouth position, dorsal/anal/pectoral fin shape, caudal fin, markings and any diagnostic appendage.",FAIL,PASS_WITH_POLISH -> HOLD
Surgeonfish,Surgeonfish,PASS,PASS_WITH_POLISH,PASS,POLISH,POLISH,POLISH,POLISH,POLISH,"Broad family anatomy is usable, but the portrait still shares simplified global body templates and should retain stronger species markers.",MEDIUM,,"No critical routing, clipping, eye, or life-stage issue found in the full-size visual pass. Recognizable within the established stylized family language.",False,Surgeonfish.png,440,440,RGBA,987083734a1d5338fdb4861a9c7e4121227f2c86acf1ba4a9186dd55c09f8283,,PASS_WITH_POLISH,Reef fish,HOLD,,"The portrait relies on a generic torpedo fish. Correct body depth, head/mouth position, dorsal/anal/pectoral fin shape, caudal fin, markings and any diagnostic appendage.","No critical routing, clipping, eye, or life-stage issue found in the full-size visual pass. Recognizable within the established stylized family language. The portrait relies on a generic torpedo fish. Correct body depth, head/mouth position, dorsal/anal/pectoral fin shape, caudal fin, markings and any diagnostic appendage.",FAIL,PASS_WITH_POLISH -> HOLD
Swallow,Swallow,PASS,PASS_WITH_POLISH,PASS,POLISH,POLISH,POLISH,POLISH,POLISH,"Broad family anatomy is usable, but the portrait still shares simplified global body templates and should retain stronger species markers.",HIGH,Finch | Lark | Plover | Robin | Sparrow | Spider | Starling | Swift | Tanager | Weaverbird,"No critical routing, clipping, eye, or life-stage issue found in the full-size visual pass. Recognizable within the established stylized family language.",False,Swallow.png,440,440,RGBA,0398f0fa633b3988d4dbb56d450dea2e9a465372c5595493fa750da0a9673b7a,,PASS_WITH_POLISH,Songbirds,HOLD,,"The named bird relies too heavily on the shared side-bird template. Correct the bill, neck, body depth, wing length, leg type, tail and crest/display structures for the species.","No critical routing, clipping, eye, or life-stage issue found in the full-size visual pass. Recognizable within the established stylized family language. The named bird relies too heavily on the shared side-bird template. Correct the bill, neck, body depth, wing length, leg type, tail and crest/display structures for the species.",FAIL,PASS_WITH_POLISH -> HOLD
Swan,Swan,PASS,PASS_WITH_POLISH,PASS,POLISH,POLISH,PASS,POLISH,POLISH,"Broad family anatomy is usable, but the portrait still shares simplified global body templates and should retain stronger species markers.",MEDIUM,,Long neck is present; broaden waterfowl body and wing mass.,False,Swan.png,440,440,RGBA,5f8006bb3fc456f6a99bc6779ee41330c4d106096d4f43a8c79f3dfae8e16582,,PASS_WITH_POLISH,Waterfowl,HOLD,,"Broad family routing may be usable, but Swan still needs an unlabeled silhouette check for body plan, head, eyes/sensory structures, appendages and rear/terminal anatomy.","Long neck is present; broaden waterfowl body and wing mass. Broad family routing may be usable, but Swan still needs an unlabeled silhouette check for body plan, head, eyes/sensory structures, appendages and rear/terminal anatomy.",FAIL,PASS_WITH_POLISH -> HOLD
Swift,Swift,PASS,PASS_WITH_POLISH,PASS,POLISH,POLISH,POLISH,POLISH,POLISH,"Broad family anatomy is usable, but the portrait still shares simplified global body templates and should retain stronger species markers.",HIGH,Finch | Lark | Plover | Robin | Sparrow | Spider | Starling | Swallow | Tanager | Weaverbird,"No critical routing, clipping, eye, or life-stage issue found in the full-size visual pass. Recognizable within the established stylized family language.",False,Swift.png,440,440,RGBA,9f948a09ce5333aee5f5178b18a4e64b49e90da1efcef3c654e0b6fb5917e52a,,PASS_WITH_POLISH,Songbirds,HOLD,,"The named bird relies too heavily on the shared side-bird template. Correct the bill, neck, body depth, wing length, leg type, tail and crest/display structures for the species.","No critical routing, clipping, eye, or life-stage issue found in the full-size visual pass. Recognizable within the established stylized family language. The named bird relies too heavily on the shared side-bird template. Correct the bill, neck, body depth, wing length, leg type, tail and crest/display structures for the species.",FAIL,PASS_WITH_POLISH -> HOLD
Swordfish,Swordfish,PASS,PASS_WITH_POLISH,PASS,POLISH,POLISH,POLISH,POLISH,POLISH,"Broad family anatomy is usable, but the portrait still shares simplified global body templates and should retain stronger species markers.",MEDIUM,,"No critical routing, clipping, eye, or life-stage issue found in the full-size visual pass. Recognizable within the established stylized family language.",False,Swordfish.png,440,440,RGBA,497792b6564238084274c5620eee9555964bd90fe484d1d03ef4d41a983d634b,,PASS_WITH_POLISH,Ocean predators,HOLD,,"The portrait relies on a generic torpedo fish. Correct body depth, head/mouth position, dorsal/anal/pectoral fin shape, caudal fin, markings and any diagnostic appendage.","No critical routing, clipping, eye, or life-stage issue found in the full-size visual pass. Recognizable within the established stylized family language. The portrait relies on a generic torpedo fish. Correct body depth, head/mouth position, dorsal/anal/pectoral fin shape, caudal fin, markings and any diagnostic appendage.",FAIL,PASS_WITH_POLISH -> HOLD
Tadpole_Shrimp,Tadpole Shrimp,PASS,PASS_WITH_POLISH,PASS,POLISH,POLISH,POLISH,POLISH,POLISH,"Broad family anatomy is usable, but the portrait still shares simplified global body templates and should retain stronger species markers.",MEDIUM,,"No critical routing, clipping, eye, or life-stage issue found in the full-size visual pass. Recognizable within the established stylized family language.",False,Tadpole_Shrimp.png,440,440,RGBA,a8eb2c34766b3464e871d771f17a750d06ca1af2ed5da3c64d0926d09f114e53,,PASS_WITH_POLISH,Crustaceans,HOLD,,"Verify segmented carapace, correct leg/claw count, antennae, abdomen/tail fan and the named species’ defining asymmetry or shell form.","No critical routing, clipping, eye, or life-stage issue found in the full-size visual pass. Recognizable within the established stylized family language. Verify segmented carapace, correct leg/claw count, antennae, abdomen/tail fan and the named species’ defining asymmetry or shell form.",FAIL,PASS_WITH_POLISH -> HOLD
Tahr,Tahr,PASS,PASS_WITH_POLISH,PASS,POLISH,POLISH,POLISH,POLISH,POLISH,"Broad family anatomy is usable, but the portrait still shares simplified global body templates and should retain stronger species markers.",MEDIUM,,"No critical routing, clipping, eye, or life-stage issue found in the full-size visual pass. Recognizable within the established stylized family language.",True,Tahr.png,440,440,RGBA,6794838996dedcc863d6bfd02418cac885353881c86dfbdd5aa5668d9a97aa0c,,PASS_WITH_POLISH,Other or uncertain,HOLD,,"Broad family routing may be usable, but Tahr still needs an unlabeled silhouette check for body plan, head, eyes/sensory structures, appendages and rear/terminal anatomy.","No critical routing, clipping, eye, or life-stage issue found in the full-size visual pass. Recognizable within the established stylized family language. Broad family routing may be usable, but Tahr still needs an unlabeled silhouette check for body plan, head, eyes/sensory structures, appendages and rear/terminal anatomy.",FAIL,PASS_WITH_POLISH -> HOLD
Takin,Takin,PASS,PASS_WITH_POLISH,PASS,POLISH,POLISH,POLISH,POLISH,POLISH,"Broad family anatomy is usable, but the portrait still shares simplified global body templates and should retain stronger species markers.",MEDIUM,,"No critical routing, clipping, eye, or life-stage issue found in the full-size visual pass. Recognizable within the established stylized family language.",True,Takin.png,440,440,RGBA,e82f3f9e3679be3098d5bf2ca92cfa8ea591f867c1674ac9ab1003f0f45aeb70,,PASS_WITH_POLISH,Sheep and goats,HOLD,,"The ungulate base is usable, but the named species must have correct horn/antler geometry, neck, shoulder/croup mass, leg length, hooves, head and tail.","No critical routing, clipping, eye, or life-stage issue found in the full-size visual pass. Recognizable within the established stylized family language. The ungulate base is usable, but the named species must have correct horn/antler geometry, neck, shoulder/croup mass, leg length, hooves, head and tail.",FAIL,PASS_WITH_POLISH -> HOLD
Tamarin,Tamarin,PASS,PASS_WITH_POLISH,PASS,POLISH,POLISH,POLISH,POLISH,POLISH,"Broad family anatomy is usable, but the portrait still shares simplified global body templates and should retain stronger species markers.",MEDIUM,,"No critical routing, clipping, eye, or life-stage issue found in the full-size visual pass. Recognizable within the established stylized family language.",False,Tamarin.png,440,440,RGBA,388e56fd66e05b0c5438be70a72570c55141dc8b7b29aa645257c30a8571f382,,PASS_WITH_POLISH,Primates,HOLD,,"Verify torso posture, arm/leg ratio, hands/feet, face shape and tail state for the named primate.","No critical routing, clipping, eye, or life-stage issue found in the full-size visual pass. Recognizable within the established stylized family language. Verify torso posture, arm/leg ratio, hands/feet, face shape and tail state for the named primate.",FAIL,PASS_WITH_POLISH -> HOLD
Tanager,Tanager,PASS,PASS_WITH_POLISH,PASS,POLISH,POLISH,POLISH,POLISH,POLISH,"Broad family anatomy is usable, but the portrait still shares simplified global body templates and should retain stronger species markers.",HIGH,Finch | Lark | Plover | Robin | Sparrow | Spider | Starling | Swallow | Swift | Weaverbird,"No critical routing, clipping, eye, or life-stage issue found in the full-size visual pass. Recognizable within the established stylized family language.",False,Tanager.png,440,440,RGBA,1856ceda0e50a5ad012ba2215c48bc2b4bfbb07183a5a14f598ada573e07332b,,PASS_WITH_POLISH,Songbirds,HOLD,,"The named bird relies too heavily on the shared side-bird template. Correct the bill, neck, body depth, wing length, leg type, tail and crest/display structures for the species.","No critical routing, clipping, eye, or life-stage issue found in the full-size visual pass. Recognizable within the established stylized family language. The named bird relies too heavily on the shared side-bird template. Correct the bill, neck, body depth, wing length, leg type, tail and crest/display structures for the species.",FAIL,PASS_WITH_POLISH -> HOLD
Tang,Tang,PASS,PASS_WITH_POLISH,PASS,POLISH,POLISH,POLISH,POLISH,POLISH,"Broad family anatomy is usable, but the portrait still shares simplified global body templates and should retain stronger species markers.",MEDIUM,,"No critical routing, clipping, eye, or life-stage issue found in the full-size visual pass. Recognizable within the established stylized family language.",False,Tang.png,440,440,RGBA,11b85f538632cf7a2479bfdb19b50c1056c68e0daed4bf8dad33f70b582b38ad,,PASS_WITH_POLISH,Reef fish,HOLD,,"The portrait relies on a generic torpedo fish. Correct body depth, head/mouth position, dorsal/anal/pectoral fin shape, caudal fin, markings and any diagnostic appendage.","No critical routing, clipping, eye, or life-stage issue found in the full-size visual pass. Recognizable within the established stylized family language. The portrait relies on a generic torpedo fish. Correct body depth, head/mouth position, dorsal/anal/pectoral fin shape, caudal fin, markings and any diagnostic appendage.",FAIL,PASS_WITH_POLISH -> HOLD
Tapir,Tapir,PASS,PASS_WITH_POLISH,PASS,POLISH,POLISH,POLISH,POLISH,POLISH,"Broad family anatomy is usable, but the portrait still shares simplified global body templates and should retain stronger species markers.",MEDIUM,,"No critical routing, clipping, eye, or life-stage issue found in the full-size visual pass. Recognizable within the established stylized family language.",True,Tapir.png,440,440,RGBA,426a4ab509b18e14f2ab243fe55f9290be9774ffa900fb9faaeba908de474fa0,,PASS_WITH_POLISH,Horses and relatives,HOLD,,"Use a dedicated equid scaffold: deep barrel torso, withers, sloped shoulder, muscular croup, long wedge-shaped head, articulated knees/hocks/fetlocks, hooves, mane, and flowing or tufted tail.","No critical routing, clipping, eye, or life-stage issue found in the full-size visual pass. Recognizable within the established stylized family language. Use a dedicated equid scaffold: deep barrel torso, withers, sloped shoulder, muscular croup, long wedge-shaped head, articulated knees/hocks/fetlocks, hooves, mane, and flowing or tufted tail.",FAIL,PASS_WITH_POLISH -> HOLD
Tarantula,Tarantula,PASS,PASS_WITH_POLISH,PASS,POLISH,POLISH,POLISH,POLISH,POLISH,"Broad family anatomy is usable, but the portrait still shares simplified global body templates and should retain stronger species markers.",MEDIUM,,"No critical routing, clipping, eye, or life-stage issue found in the full-size visual pass. Recognizable within the established stylized family language.",False,Tarantula.png,440,440,RGBA,02384e86f1c9d28549c7144b8d863ea643c250c6d8642c0052af142c46592739,,PASS_WITH_POLISH,Ice and cave insects,HOLD,,"Use correct insect anatomy: distinct head/thorax/abdomen, six articulated legs, correct wing count and attachment, antennae, mouthparts and species-specific shell/body proportions.","No critical routing, clipping, eye, or life-stage issue found in the full-size visual pass. Recognizable within the established stylized family language. Use correct insect anatomy: distinct head/thorax/abdomen, six articulated legs, correct wing count and attachment, antennae, mouthparts and species-specific shell/body proportions.",FAIL,PASS_WITH_POLISH -> HOLD
Tardigrade,Tardigrade,FAIL,BLOCKER,FAIL,FAIL,FAIL,CHECK,FAIL,FAIL,FAIL,LOW,,Canonical ownership is duplicated between fauna and microbe libraries. Keep one authoritative animal record and render eight short legs with claws clearly.,True,Tardigrade.png,440,440,RGBA,bee9e87e9aaa8b1acdbe987037674ddbd20e827cdaeaecbeeb507b12d9bfdad1,,BLOCKER,Other or uncertain,BLOCKER,,"Broad family routing may be usable, but Tardigrade still needs an unlabeled silhouette check for body plan, head, eyes/sensory structures, appendages and rear/terminal anatomy.","Canonical ownership is duplicated between fauna and microbe libraries. Keep one authoritative animal record and render eight short legs with claws clearly. Broad family routing may be usable, but Tardigrade still needs an unlabeled silhouette check for body plan, head, eyes/sensory structures, appendages and rear/terminal anatomy.",FAIL,UNCHANGED
Tarpon,Tarpon,PASS,PASS_WITH_POLISH,PASS,POLISH,POLISH,POLISH,POLISH,POLISH,"Broad family anatomy is usable, but the portrait still shares simplified global body templates and should retain stronger species markers.",MEDIUM,,"No critical routing, clipping, eye, or life-stage issue found in the full-size visual pass. Recognizable within the established stylized family language.",False,Tarpon.png,440,440,RGBA,b7a70fd841ae3301502c43b36a9ebcb72ccaa0318e8787a51e76104977b6adf7,,PASS_WITH_POLISH,Coastal fish,HOLD,,"The portrait relies on a generic torpedo fish. Correct body depth, head/mouth position, dorsal/anal/pectoral fin shape, caudal fin, markings and any diagnostic appendage.","No critical routing, clipping, eye, or life-stage issue found in the full-size visual pass. Recognizable within the established stylized family language. The portrait relies on a generic torpedo fish. Correct body depth, head/mouth position, dorsal/anal/pectoral fin shape, caudal fin, markings and any diagnostic appendage.",FAIL,PASS_WITH_POLISH -> HOLD
Tasmanian_Devil,Tasmanian Devil,FAIL,FAIL,FAIL,FAIL,FAIL,PASS,FAIL,FAIL,FAIL,HIGH,,"Current generic low mammal lacks a massive head/jaw, stocky front-heavy torso, short legs, and white chest markings.",True,Tasmanian_Devil.png,440,440,RGBA,31f50bc92e8ca19628d1e01135be7157820d790f1d765bba6af87b3336c506a8,,FAIL,Marsupials,FAIL,,"Broad family routing may be usable, but Tasmanian Devil still needs an unlabeled silhouette check for body plan, head, eyes/sensory structures, appendages and rear/terminal anatomy.","Current generic low mammal lacks a massive head/jaw, stocky front-heavy torso, short legs, and white chest markings. Broad family routing may be usable, but Tasmanian Devil still needs an unlabeled silhouette check for body plan, head, eyes/sensory structures, appendages and rear/terminal anatomy.",FAIL,UNCHANGED
Tegu,Tegu,PASS,PASS_WITH_POLISH,PASS,POLISH,POLISH,POLISH,POLISH,POLISH,"Broad family anatomy is usable, but the portrait still shares simplified global body templates and should retain stronger species markers.",MEDIUM,,"No critical routing, clipping, eye, or life-stage issue found in the full-size visual pass. Recognizable within the established stylized family language.",True,Tegu.png,440,440,RGBA,dec15185c89162c128877eb6f680fc6a538f6b2ef8bc45ee4acc605225be22f9,,PASS_WITH_POLISH,Large lizards,HOLD,,"Verify skull/head profile, limb state, body thickness, scale texture, tail and any crest/frill/horn; do not rely on color alone.","No critical routing, clipping, eye, or life-stage issue found in the full-size visual pass. Recognizable within the established stylized family language. Verify skull/head profile, limb state, body thickness, scale texture, tail and any crest/frill/horn; do not rely on color alone.",FAIL,PASS_WITH_POLISH -> HOLD
Termite,Termite,PASS,PASS_WITH_POLISH,PASS,POLISH,POLISH,POLISH,POLISH,POLISH,"Broad family anatomy is usable, but the portrait still shares simplified global body templates and should retain stronger species markers.",HIGH,Aphid | Black_Fly | Cicada | Cold-Adapted_Insect | Orchid_Bee | Thrips,"No critical routing, clipping, eye, or life-stage issue found in the full-size visual pass. Recognizable within the established stylized family language.",False,Termite.png,440,440,RGBA,ac9815bb16a6c8f8bd123b48c5a4b0993765f3768aaa2133e1881afd99b4eb47,,PASS_WITH_POLISH,Insects,HOLD,,"Use correct insect anatomy: distinct head/thorax/abdomen, six articulated legs, correct wing count and attachment, antennae, mouthparts and species-specific shell/body proportions.","No critical routing, clipping, eye, or life-stage issue found in the full-size visual pass. Recognizable within the established stylized family language. Use correct insect anatomy: distinct head/thorax/abdomen, six articulated legs, correct wing count and attachment, antennae, mouthparts and species-specific shell/body proportions.",FAIL,PASS_WITH_POLISH -> HOLD
Tern,Tern,PASS,PASS_WITH_POLISH,PASS,POLISH,POLISH,POLISH,POLISH,POLISH,"Broad family anatomy is usable, but the portrait still shares simplified global body templates and should retain stronger species markers.",MEDIUM,,"No critical routing, clipping, eye, or life-stage issue found in the full-size visual pass. Recognizable within the established stylized family language.",False,Tern.png,440,440,RGBA,40fb187ff362019bcf6d023e2e6b1cc053be4101b3f77752a23e8c9e0d94012c,,PASS_WITH_POLISH,Seabirds,HOLD,,"The named bird relies too heavily on the shared side-bird template. Correct the bill, neck, body depth, wing length, leg type, tail and crest/display structures for the species.","No critical routing, clipping, eye, or life-stage issue found in the full-size visual pass. Recognizable within the established stylized family language. The named bird relies too heavily on the shared side-bird template. Correct the bill, neck, body depth, wing length, leg type, tail and crest/display structures for the species.",FAIL,PASS_WITH_POLISH -> HOLD
Tetra,Tetra,PASS,PASS_WITH_POLISH,PASS,POLISH,POLISH,POLISH,POLISH,POLISH,"Broad family anatomy is usable, but the portrait still shares simplified global body templates and should retain stronger species markers.",MEDIUM,,"No critical routing, clipping, eye, or life-stage issue found in the full-size visual pass. Recognizable within the established stylized family language.",False,Tetra.png,440,440,RGBA,b7f34d5665b253992c7c5fc28598685a416761685cb1dd9d90bced1120f6ac8e,,PASS_WITH_POLISH,Characins,HOLD,,"Broad family routing may be usable, but Tetra still needs an unlabeled silhouette check for body plan, head, eyes/sensory structures, appendages and rear/terminal anatomy.","No critical routing, clipping, eye, or life-stage issue found in the full-size visual pass. Recognizable within the established stylized family language. Broad family routing may be usable, but Tetra still needs an unlabeled silhouette check for body plan, head, eyes/sensory structures, appendages and rear/terminal anatomy.",FAIL,PASS_WITH_POLISH -> HOLD
Thrips,Thrips,PASS,PASS_WITH_POLISH,PASS,POLISH,POLISH,POLISH,POLISH,POLISH,"Broad family anatomy is usable, but the portrait still shares simplified global body templates and should retain stronger species markers.",HIGH,Aphid | Black_Fly | Cicada | Cold-Adapted_Insect | Orchid_Bee | Termite,"No critical routing, clipping, eye, or life-stage issue found in the full-size visual pass. Recognizable within the established stylized family language.",False,Thrips.png,440,440,RGBA,3aaf33771e7219bcdbc39ee9c12cd206da4bf3a7adf838d5a759fbab8c892953,,PASS_WITH_POLISH,Insects,HOLD,,"Use correct insect anatomy: distinct head/thorax/abdomen, six articulated legs, correct wing count and attachment, antennae, mouthparts and species-specific shell/body proportions.","No critical routing, clipping, eye, or life-stage issue found in the full-size visual pass. Recognizable within the established stylized family language. Use correct insect anatomy: distinct head/thorax/abdomen, six articulated legs, correct wing count and attachment, antennae, mouthparts and species-specific shell/body proportions.",FAIL,PASS_WITH_POLISH -> HOLD
Tiger,Tiger,FAIL,FAIL,FAIL,FAIL,FAIL,PASS,FAIL,FAIL,FAIL,HIGH,,"Stripes are present, but the body is ungulate-like. Use a heavy feline torso, broad skull, muscular shoulders, paws, and long striped tail.",True,Tiger.png,440,440,RGBA,eb24c4fbc1357722f1130eae299adc413b22c660553150508e4abf554aece0c7,,FAIL,Big cats,FAIL,,"The catalog repeatedly uses an ungulate-like torso and straight hoof-like legs for felids. Use a feline ribcage/shoulder line, digitigrade legs with paws, feline skull and muzzle, flexible spine, and species-correct tail.","Stripes are present, but the body is ungulate-like. Use a heavy feline torso, broad skull, muscular shoulders, paws, and long striped tail. The catalog repeatedly uses an ungulate-like torso and straight hoof-like legs for felids. Use a feline ribcage/shoulder line, digitigrade legs with paws, feline skull and muzzle, flexible spine, and species-correct tail.",FAIL,UNCHANGED
Tiger_Shark,Tiger Shark,PASS,PASS_WITH_POLISH,PASS,POLISH,POLISH,POLISH,POLISH,POLISH,"Broad family anatomy is usable, but the portrait still shares simplified global body templates and should retain stronger species markers.",MEDIUM,,"No critical routing, clipping, eye, or life-stage issue found in the full-size visual pass. Recognizable within the established stylized family language.",False,Tiger_Shark.png,440,440,RGBA,b0a300d27471649851062afbff85cbb5584c8026df533289e7f081e322f1d91a,,PASS_WITH_POLISH,Sharks,HOLD,,"The portrait relies on a generic torpedo fish. Correct body depth, head/mouth position, dorsal/anal/pectoral fin shape, caudal fin, markings and any diagnostic appendage.","No critical routing, clipping, eye, or life-stage issue found in the full-size visual pass. Recognizable within the established stylized family language. The portrait relies on a generic torpedo fish. Correct body depth, head/mouth position, dorsal/anal/pectoral fin shape, caudal fin, markings and any diagnostic appendage.",FAIL,PASS_WITH_POLISH -> HOLD
Tigerfish,Tigerfish,PASS,PASS_WITH_POLISH,PASS,POLISH,POLISH,POLISH,POLISH,POLISH,"Broad family anatomy is usable, but the portrait still shares simplified global body templates and should retain stronger species markers.",MEDIUM,,"No critical routing, clipping, eye, or life-stage issue found in the full-size visual pass. Recognizable within the established stylized family language.",False,Tigerfish.png,440,440,RGBA,949924f9761e7ee67d0c4cdebc8e807cefdb8a1d0f208f2c3166aea21899bde1,,PASS_WITH_POLISH,Other or uncertain,HOLD,,"Broad family routing may be usable, but Tigerfish still needs an unlabeled silhouette check for body plan, head, eyes/sensory structures, appendages and rear/terminal anatomy.","No critical routing, clipping, eye, or life-stage issue found in the full-size visual pass. Recognizable within the established stylized family language. Broad family routing may be usable, but Tigerfish still needs an unlabeled silhouette check for body plan, head, eyes/sensory structures, appendages and rear/terminal anatomy.",FAIL,PASS_WITH_POLISH -> HOLD
Tilapia,Tilapia,PASS,PASS_WITH_POLISH,PASS,POLISH,POLISH,POLISH,POLISH,POLISH,"Broad family anatomy is usable, but the portrait still shares simplified global body templates and should retain stronger species markers.",MEDIUM,,"No critical routing, clipping, eye, or life-stage issue found in the full-size visual pass. Recognizable within the established stylized family language.",False,Tilapia.png,440,440,RGBA,950078510635db75f2231c87e3bfb8f46e4795bd2ecdcfce350433dad83ee255,,PASS_WITH_POLISH,Cichlids,HOLD,,"Broad family routing may be usable, but Tilapia still needs an unlabeled silhouette check for body plan, head, eyes/sensory structures, appendages and rear/terminal anatomy.","No critical routing, clipping, eye, or life-stage issue found in the full-size visual pass. Recognizable within the established stylized family language. Broad family routing may be usable, but Tilapia still needs an unlabeled silhouette check for body plan, head, eyes/sensory structures, appendages and rear/terminal anatomy.",FAIL,PASS_WITH_POLISH -> HOLD
Toad,Toad,PASS,PASS_WITH_POLISH,PASS,POLISH,POLISH,POLISH,POLISH,POLISH,"Broad family anatomy is usable, but the portrait still shares simplified global body templates and should retain stronger species markers.",MEDIUM,,"No critical routing, clipping, eye, or life-stage issue found in the full-size visual pass. Recognizable within the established stylized family language.",False,Toad.png,440,440,RGBA,bee4394e29f1539d1b8e5ceedc1e3803af523e55508deb092b32979bbec3adba,,PASS_WITH_POLISH,Frogs and toads,HOLD,,"Verify body width, head/mouth, eye placement, fore/hind limb proportions, toes, tail state and skin texture; color alone should not define the species.","No critical routing, clipping, eye, or life-stage issue found in the full-size visual pass. Recognizable within the established stylized family language. Verify body width, head/mouth, eye placement, fore/hind limb proportions, toes, tail state and skin texture; color alone should not define the species.",FAIL,PASS_WITH_POLISH -> HOLD
Tortoise,Tortoise,FAIL,FAIL,FAIL,FAIL,FAIL,PASS,FAIL,FAIL,FAIL,HIGH,,"Current wheeled-shell silhouette lacks visible elephantine legs, domed shell integration, head/neck posture, and short tail.",False,Tortoise.png,440,440,RGBA,d791c893cb4837fcf0e07b20bd35bdd6468c41d3c7bffe131c50707f0c0b8658,,FAIL,Turtles and tortoises,FAIL,,"Use species-correct shell profile, neck/head, limb type (flipper, webbed foot or columnar leg), tail and shell texture rather than one generic turtle.","Current wheeled-shell silhouette lacks visible elephantine legs, domed shell integration, head/neck posture, and short tail. Use species-correct shell profile, neck/head, limb type (flipper, webbed foot or columnar leg), tail and shell texture rather than one generic turtle.",FAIL,UNCHANGED
Toucan,Toucan,PASS,PASS_WITH_POLISH,PASS,POLISH,POLISH,POLISH,POLISH,POLISH,"Broad family anatomy is usable, but the portrait still shares simplified global body templates and should retain stronger species markers.",MEDIUM,,"No critical routing, clipping, eye, or life-stage issue found in the full-size visual pass. Recognizable within the established stylized family language.",False,Toucan.png,440,440,RGBA,30b6ca8e7ed42250d9f1ce53de494c851780828538c94ad1a45f47d87540b490,,PASS_WITH_POLISH,Tropical display birds,HOLD,,"Broad family routing may be usable, but Toucan still needs an unlabeled silhouette check for body plan, head, eyes/sensory structures, appendages and rear/terminal anatomy.","No critical routing, clipping, eye, or life-stage issue found in the full-size visual pass. Recognizable within the established stylized family language. Broad family routing may be usable, but Toucan still needs an unlabeled silhouette check for body plan, head, eyes/sensory structures, appendages and rear/terminal anatomy.",FAIL,PASS_WITH_POLISH -> HOLD
Tree_Frog,Tree Frog,PASS,PASS_WITH_POLISH,PASS,POLISH,POLISH,POLISH,POLISH,POLISH,"Broad family anatomy is usable, but the portrait still shares simplified global body templates and should retain stronger species markers.",MEDIUM,,"No critical routing, clipping, eye, or life-stage issue found in the full-size visual pass. Recognizable within the established stylized family language.",False,Tree_Frog.png,440,440,RGBA,9d497367dce6838d9efd98087e7e802af0e249dd748ef5a57a8091a446e645ee,,PASS_WITH_POLISH,Frogs,HOLD,,"Verify body width, head/mouth, eye placement, fore/hind limb proportions, toes, tail state and skin texture; color alone should not define the species.","No critical routing, clipping, eye, or life-stage issue found in the full-size visual pass. Recognizable within the established stylized family language. Verify body width, head/mouth, eye placement, fore/hind limb proportions, toes, tail state and skin texture; color alone should not define the species.",FAIL,PASS_WITH_POLISH -> HOLD
Tree_Shrew,Tree Shrew,PASS,PASS_WITH_POLISH,PASS,POLISH,POLISH,POLISH,POLISH,POLISH,"Broad family anatomy is usable, but the portrait still shares simplified global body templates and should retain stronger species markers.",MEDIUM,,"No critical routing, clipping, eye, or life-stage issue found in the full-size visual pass. Recognizable within the established stylized family language.",False,Tree_Shrew.png,440,440,RGBA,95394b3951e5cdc4ab7285ba1e8c73d66e8f2da5501f94977324cc76876aad3b,,PASS_WITH_POLISH,Other or uncertain,HOLD,,"Broad family routing may be usable, but Tree Shrew still needs an unlabeled silhouette check for body plan, head, eyes/sensory structures, appendages and rear/terminal anatomy.","No critical routing, clipping, eye, or life-stage issue found in the full-size visual pass. Recognizable within the established stylized family language. Broad family routing may be usable, but Tree Shrew still needs an unlabeled silhouette check for body plan, head, eyes/sensory structures, appendages and rear/terminal anatomy.",FAIL,PASS_WITH_POLISH -> HOLD
Tree_Snake,Tree Snake,PASS,PASS_WITH_POLISH,PASS,POLISH,POLISH,POLISH,POLISH,POLISH,"Broad family anatomy is usable, but the portrait still shares simplified global body templates and should retain stronger species markers.",MEDIUM,,"No critical routing, clipping, eye, or life-stage issue found in the full-size visual pass. Recognizable within the established stylized family language.",False,Tree_Snake.png,440,440,RGBA,b2172b023f64f307ac7e92ea670b24c3a902da9b4ef74248c3d1692c0720e110,,PASS_WITH_POLISH,Other snakes,HOLD,,"Verify skull/head profile, limb state, body thickness, scale texture, tail and any crest/frill/horn; do not rely on color alone.","No critical routing, clipping, eye, or life-stage issue found in the full-size visual pass. Recognizable within the established stylized family language. Verify skull/head profile, limb state, body thickness, scale texture, tail and any crest/frill/horn; do not rely on color alone.",FAIL,PASS_WITH_POLISH -> HOLD
Triggerfish,Triggerfish,PASS,PASS_WITH_POLISH,PASS,POLISH,POLISH,POLISH,POLISH,POLISH,"Broad family anatomy is usable, but the portrait still shares simplified global body templates and should retain stronger species markers.",MEDIUM,,"No critical routing, clipping, eye, or life-stage issue found in the full-size visual pass. Recognizable within the established stylized family language.",False,Triggerfish.png,440,440,RGBA,f90883fe0305bc429c83338399dc9caa213cb07b363bf4709e954cb98f3819c8,,PASS_WITH_POLISH,Reef fish,HOLD,,"The portrait relies on a generic torpedo fish. Correct body depth, head/mouth position, dorsal/anal/pectoral fin shape, caudal fin, markings and any diagnostic appendage.","No critical routing, clipping, eye, or life-stage issue found in the full-size visual pass. Recognizable within the established stylized family language. The portrait relies on a generic torpedo fish. Correct body depth, head/mouth position, dorsal/anal/pectoral fin shape, caudal fin, markings and any diagnostic appendage.",FAIL,PASS_WITH_POLISH -> HOLD
Tripod_Fish,Tripod Fish,PASS,PASS,PASS,PASS,PASS,PASS,PASS,PASS,All major regions and defining features are readable at the current stylized scale.,LOW,,Elongated support rays visibly create the tripod stance.,True,Tripod_Fish.png,440,440,RGBA,922c2c55bbd5ace7ef1a777100eb453dcd0fae92de5e09dd646f406d2f25eb5e,,PASS,Strange deep-sea fish,PASS,,"The portrait relies on a generic torpedo fish. Correct body depth, head/mouth position, dorsal/anal/pectoral fin shape, caudal fin, markings and any diagnostic appendage.",PASS — Leave alone at the current stylized resolution. Major body regions and defining silhouette are sufficiently represented.,PASS,UNCHANGED
Tropicbird,Tropicbird,PASS,PASS_WITH_POLISH,PASS,POLISH,POLISH,POLISH,POLISH,POLISH,"Broad family anatomy is usable, but the portrait still shares simplified global body templates and should retain stronger species markers.",MEDIUM,,"No critical routing, clipping, eye, or life-stage issue found in the full-size visual pass. Recognizable within the established stylized family language.",False,Tropicbird.png,440,440,RGBA,82b8b70e9050f84b6a69e477f50eaa3634c3169ab45660020757ce2e5e5190ec,,PASS_WITH_POLISH,Other distinctive birds,HOLD,,"Broad family routing may be usable, but Tropicbird still needs an unlabeled silhouette check for body plan, head, eyes/sensory structures, appendages and rear/terminal anatomy.","No critical routing, clipping, eye, or life-stage issue found in the full-size visual pass. Recognizable within the established stylized family language. Broad family routing may be usable, but Tropicbird still needs an unlabeled silhouette check for body plan, head, eyes/sensory structures, appendages and rear/terminal anatomy.",FAIL,PASS_WITH_POLISH -> HOLD
Trout,Trout,PASS,PASS_WITH_POLISH,PASS,POLISH,POLISH,POLISH,POLISH,POLISH,"Broad family anatomy is usable, but the portrait still shares simplified global body templates and should retain stronger species markers.",MEDIUM,,"No critical routing, clipping, eye, or life-stage issue found in the full-size visual pass. Recognizable within the established stylized family language.",False,Trout.png,440,440,RGBA,648ab241b543e4a6e1cf4584a2d1821d938a77c0efda54f504dbc6bcdb553798,,PASS_WITH_POLISH,Salmon-like fish,HOLD,,"The portrait relies on a generic torpedo fish. Correct body depth, head/mouth position, dorsal/anal/pectoral fin shape, caudal fin, markings and any diagnostic appendage.","No critical routing, clipping, eye, or life-stage issue found in the full-size visual pass. Recognizable within the established stylized family language. The portrait relies on a generic torpedo fish. Correct body depth, head/mouth position, dorsal/anal/pectoral fin shape, caudal fin, markings and any diagnostic appendage.",FAIL,PASS_WITH_POLISH -> HOLD
Tube_Worm,Tube Worm,PASS,PASS_WITH_POLISH,PASS,POLISH,POLISH,POLISH,POLISH,POLISH,"Broad family anatomy is usable, but the portrait still shares simplified global body templates and should retain stronger species markers.",MEDIUM,,"No critical routing, clipping, eye, or life-stage issue found in the full-size visual pass. Recognizable within the established stylized family language.",False,Tube_Worm.png,440,440,RGBA,e84eaffba53c18bf75a8d8d3fa14b4387cbe061c036d44e1b2f871ceb9a72894,,PASS_WITH_POLISH,Other mollusks,HOLD,,"Broad family routing may be usable, but Tube Worm still needs an unlabeled silhouette check for body plan, head, eyes/sensory structures, appendages and rear/terminal anatomy.","No critical routing, clipping, eye, or life-stage issue found in the full-size visual pass. Recognizable within the established stylized family language. Broad family routing may be usable, but Tube Worm still needs an unlabeled silhouette check for body plan, head, eyes/sensory structures, appendages and rear/terminal anatomy.",FAIL,PASS_WITH_POLISH -> HOLD
Tuna,Tuna,PASS,PASS_WITH_POLISH,PASS,POLISH,POLISH,POLISH,POLISH,POLISH,"Broad family anatomy is usable, but the portrait still shares simplified global body templates and should retain stronger species markers.",MEDIUM,,"No critical routing, clipping, eye, or life-stage issue found in the full-size visual pass. Recognizable within the established stylized family language.",False,Tuna.png,440,440,RGBA,83241be39e3481fb3e07525a1b4edf450966960b86c9941c9d019cd77e8678e8,,PASS_WITH_POLISH,Ocean predators,HOLD,,"The portrait relies on a generic torpedo fish. Correct body depth, head/mouth position, dorsal/anal/pectoral fin shape, caudal fin, markings and any diagnostic appendage.","No critical routing, clipping, eye, or life-stage issue found in the full-size visual pass. Recognizable within the established stylized family language. The portrait relies on a generic torpedo fish. Correct body depth, head/mouth position, dorsal/anal/pectoral fin shape, caudal fin, markings and any diagnostic appendage.",FAIL,PASS_WITH_POLISH -> HOLD
Turkey,Turkey,PASS,PASS_WITH_POLISH,PASS,POLISH,POLISH,POLISH,POLISH,POLISH,"Broad family anatomy is usable, but the portrait still shares simplified global body templates and should retain stronger species markers.",MEDIUM,,"No critical routing, clipping, eye, or life-stage issue found in the full-size visual pass. Recognizable within the established stylized family language.",False,Turkey.png,440,440,RGBA,90e4ed9e3c3b01bd33609e6708a616fd345381f755c64af622510cfcceef0e1e,,PASS_WITH_POLISH,Gamebirds,HOLD,,"The named bird relies too heavily on the shared side-bird template. Correct the bill, neck, body depth, wing length, leg type, tail and crest/display structures for the species.","No critical routing, clipping, eye, or life-stage issue found in the full-size visual pass. Recognizable within the established stylized family language. The named bird relies too heavily on the shared side-bird template. Correct the bill, neck, body depth, wing length, leg type, tail and crest/display structures for the species.",FAIL,PASS_WITH_POLISH -> HOLD
Turtle,Turtle,PASS,PASS_WITH_POLISH,PASS,POLISH,POLISH,POLISH,POLISH,POLISH,"Broad family anatomy is usable, but the portrait still shares simplified global body templates and should retain stronger species markers.",MEDIUM,,"No critical routing, clipping, eye, or life-stage issue found in the full-size visual pass. Recognizable within the established stylized family language.",False,Turtle.png,440,440,RGBA,5c5b24dd97818407c11b94ffd3a1e85c43b2836175a5eac3f051ec5e1e49566f,,PASS_WITH_POLISH,Turtles,HOLD,,"Use species-correct shell profile, neck/head, limb type (flipper, webbed foot or columnar leg), tail and shell texture rather than one generic turtle.","No critical routing, clipping, eye, or life-stage issue found in the full-size visual pass. Recognizable within the established stylized family language. Use species-correct shell profile, neck/head, limb type (flipper, webbed foot or columnar leg), tail and shell texture rather than one generic turtle.",FAIL,PASS_WITH_POLISH -> HOLD
Vampire_Bat,Vampire Bat,PASS,PASS_WITH_POLISH,PASS,POLISH,POLISH,POLISH,POLISH,POLISH,"Broad family anatomy is usable, but the portrait still shares simplified global body templates and should retain stronger species markers.",MEDIUM,,"No critical routing, clipping, eye, or life-stage issue found in the full-size visual pass. Recognizable within the established stylized family language.",False,Vampire_Bat.png,440,440,RGBA,cf20f4acc7090d55a26b054bc852adfe55b93fb21a5abbda61f03beeb5a70c38,,PASS_WITH_POLISH,Bats,HOLD,,"Broad family routing may be usable, but Vampire Bat still needs an unlabeled silhouette check for body plan, head, eyes/sensory structures, appendages and rear/terminal anatomy.","No critical routing, clipping, eye, or life-stage issue found in the full-size visual pass. Recognizable within the established stylized family language. Broad family routing may be usable, but Vampire Bat still needs an unlabeled silhouette check for body plan, head, eyes/sensory structures, appendages and rear/terminal anatomy.",FAIL,PASS_WITH_POLISH -> HOLD
Vampire_Squid,Vampire Squid,FAIL,FAIL,FAIL,FAIL,FAIL,FAIL,FAIL,FAIL,FAIL,HIGH,,"Current fish-like body lacks a cephalopod mantle, webbed arms, large eyes, and trailing filaments.",False,Vampire_Squid.png,440,440,RGBA,458cda2f35e6cd0cdb58a1026e80ca8aaec58d8f12f380bf068ca470f9dd2686,,FAIL,Cephalopods,FAIL,,"Verify mantle form, eye/head placement, arm count, feeding tentacles, fin skirt/fins and rear mantle taper for the named cephalopod.","Current fish-like body lacks a cephalopod mantle, webbed arms, large eyes, and trailing filaments. Verify mantle form, eye/head placement, arm count, feeding tentacles, fin skirt/fins and rear mantle taper for the named cephalopod.",FAIL,UNCHANGED
Vent_Crab,Vent Crab,PASS,PASS_WITH_POLISH,PASS,POLISH,POLISH,POLISH,POLISH,POLISH,"Broad family anatomy is usable, but the portrait still shares simplified global body templates and should retain stronger species markers.",MEDIUM,,"No critical routing, clipping, eye, or life-stage issue found in the full-size visual pass. Recognizable within the established stylized family language.",False,Vent_Crab.png,440,440,RGBA,c5299836ff14f9f41f0d92ebf691c310acd9cc0bc37fd0b8a951026be06bbbe9,,PASS_WITH_POLISH,Crustaceans,HOLD,,"Verify segmented carapace, correct leg/claw count, antennae, abdomen/tail fan and the named species’ defining asymmetry or shell form.","No critical routing, clipping, eye, or life-stage issue found in the full-size visual pass. Recognizable within the established stylized family language. Verify segmented carapace, correct leg/claw count, antennae, abdomen/tail fan and the named species’ defining asymmetry or shell form.",FAIL,PASS_WITH_POLISH -> HOLD
Vent_Shrimp,Vent Shrimp,PASS,PASS_WITH_POLISH,PASS,POLISH,POLISH,POLISH,POLISH,POLISH,"Broad family anatomy is usable, but the portrait still shares simplified global body templates and should retain stronger species markers.",MEDIUM,,"No critical routing, clipping, eye, or life-stage issue found in the full-size visual pass. Recognizable within the established stylized family language.",False,Vent_Shrimp.png,440,440,RGBA,4a2fb110c5e3314cf78e82552c748f4343eb78bf47e3266109a637868ea4532a,,PASS_WITH_POLISH,Crustaceans,HOLD,,"Verify segmented carapace, correct leg/claw count, antennae, abdomen/tail fan and the named species’ defining asymmetry or shell form.","No critical routing, clipping, eye, or life-stage issue found in the full-size visual pass. Recognizable within the established stylized family language. Verify segmented carapace, correct leg/claw count, antennae, abdomen/tail fan and the named species’ defining asymmetry or shell form.",FAIL,PASS_WITH_POLISH -> HOLD
Vine_Snake,Vine Snake,PASS,PASS_WITH_POLISH,PASS,POLISH,POLISH,POLISH,POLISH,POLISH,"Broad family anatomy is usable, but the portrait still shares simplified global body templates and should retain stronger species markers.",MEDIUM,,"No critical routing, clipping, eye, or life-stage issue found in the full-size visual pass. Recognizable within the established stylized family language.",False,Vine_Snake.png,440,440,RGBA,13cd4adba7ac1d208153c0552e7b502b541833157a54b9b4aa065ab6531cdc53,,PASS_WITH_POLISH,Other snakes,HOLD,,"Verify skull/head profile, limb state, body thickness, scale texture, tail and any crest/frill/horn; do not rely on color alone.","No critical routing, clipping, eye, or life-stage issue found in the full-size visual pass. Recognizable within the established stylized family language. Verify skull/head profile, limb state, body thickness, scale texture, tail and any crest/frill/horn; do not rely on color alone.",FAIL,PASS_WITH_POLISH -> HOLD
Viper,Viper,PASS,PASS_WITH_POLISH,PASS,POLISH,POLISH,POLISH,POLISH,POLISH,"Broad family anatomy is usable, but the portrait still shares simplified global body templates and should retain stronger species markers.",MEDIUM,,"No critical routing, clipping, eye, or life-stage issue found in the full-size visual pass. Recognizable within the established stylized family language.",False,Viper.png,440,440,RGBA,81b2cc29aa874522662e4bbabf0b82f6e2753214f5c2c5cf237d4be8922d7386,,PASS_WITH_POLISH,Venomous snakes,HOLD,,"Verify skull/head profile, limb state, body thickness, scale texture, tail and any crest/frill/horn; do not rely on color alone.","No critical routing, clipping, eye, or life-stage issue found in the full-size visual pass. Recognizable within the established stylized family language. Verify skull/head profile, limb state, body thickness, scale texture, tail and any crest/frill/horn; do not rely on color alone.",FAIL,PASS_WITH_POLISH -> HOLD
Viperfish,Viperfish,FAIL,FAIL,FAIL,FAIL,FAIL,PASS,FAIL,FAIL,FAIL,LOW,,Add oversized teeth and a deep-sea predatory head.,True,Viperfish.png,440,440,RGBA,42be9ffb2c2aa9cfa842d7dbf094a3da9ea05d188f805a80c110d49e8666417e,,FAIL,Strange deep-sea fish,FAIL,,"The portrait relies on a generic torpedo fish. Correct body depth, head/mouth position, dorsal/anal/pectoral fin shape, caudal fin, markings and any diagnostic appendage.","Add oversized teeth and a deep-sea predatory head. The portrait relies on a generic torpedo fish. Correct body depth, head/mouth position, dorsal/anal/pectoral fin shape, caudal fin, markings and any diagnostic appendage.",FAIL,UNCHANGED
Vole,Vole,PASS,PASS_WITH_POLISH,PASS,POLISH,POLISH,POLISH,POLISH,POLISH,"Broad family anatomy is usable, but the portrait still shares simplified global body templates and should retain stronger species markers.",MEDIUM,,"No critical routing, clipping, eye, or life-stage issue found in the full-size visual pass. Recognizable within the established stylized family language.",False,Vole.png,440,440,RGBA,57e318f22be98f793496b837ebe4ddd7f3f5c9b038cab8ddfb07bddb62ecffb1,,PASS_WITH_POLISH,Rodents,HOLD,,"Verify rodent/lagomorph skull, incisors/muzzle, fore/hind foot proportions, body posture and tail; several currently inherit the rabbit-like template.","No critical routing, clipping, eye, or life-stage issue found in the full-size visual pass. Recognizable within the established stylized family language. Verify rodent/lagomorph skull, incisors/muzzle, fore/hind foot proportions, body posture and tail; several currently inherit the rabbit-like template.",FAIL,PASS_WITH_POLISH -> HOLD
Vulture,Vulture,FAIL,FAIL,FAIL,FAIL,FAIL,PASS,FAIL,FAIL,FAIL,HIGH,,"Current generic bird lacks bald head/neck, hooked scavenger bill, broad soaring wings, and heavy body.",False,Vulture.png,440,440,RGBA,93d5ca1027e9bfbfeffe1beca39129722fc68c379cdbb818fc1c391b983c3a4a,,FAIL,Birds of prey,FAIL,,"Replace the generic compact bird body with species-correct raptor mass, hooked bill, wing proportions, talons, tail and head/crest.","Current generic bird lacks bald head/neck, hooked scavenger bill, broad soaring wings, and heavy body. Replace the generic compact bird body with species-correct raptor mass, hooked bill, wing proportions, talons, tail and head/crest.",FAIL,UNCHANGED
Wahoo,Wahoo,PASS,PASS_WITH_POLISH,PASS,POLISH,POLISH,POLISH,POLISH,POLISH,"Broad family anatomy is usable, but the portrait still shares simplified global body templates and should retain stronger species markers.",MEDIUM,,"No critical routing, clipping, eye, or life-stage issue found in the full-size visual pass. Recognizable within the established stylized family language.",False,Wahoo.png,440,440,RGBA,f280d83ee63b10371aa696982c16384f033f71e5b1fa276af3f7eb7cadf4e4a8,,PASS_WITH_POLISH,Ocean predators,HOLD,,"The portrait relies on a generic torpedo fish. Correct body depth, head/mouth position, dorsal/anal/pectoral fin shape, caudal fin, markings and any diagnostic appendage.","No critical routing, clipping, eye, or life-stage issue found in the full-size visual pass. Recognizable within the established stylized family language. The portrait relies on a generic torpedo fish. Correct body depth, head/mouth position, dorsal/anal/pectoral fin shape, caudal fin, markings and any diagnostic appendage.",FAIL,PASS_WITH_POLISH -> HOLD
Wall_Lizard,Wall Lizard,PASS,PASS_WITH_POLISH,PASS,POLISH,POLISH,POLISH,POLISH,POLISH,"Broad family anatomy is usable, but the portrait still shares simplified global body templates and should retain stronger species markers.",MEDIUM,,"No critical routing, clipping, eye, or life-stage issue found in the full-size visual pass. Recognizable within the established stylized family language.",True,Wall_Lizard.png,440,440,RGBA,d483684e7df5d4c2dadd9307b9a65ac03d47201b8a58de73ca3d2a21f17cab42,,PASS_WITH_POLISH,Medium and small lizards,HOLD,,"Verify skull/head profile, limb state, body thickness, scale texture, tail and any crest/frill/horn; do not rely on color alone.","No critical routing, clipping, eye, or life-stage issue found in the full-size visual pass. Recognizable within the established stylized family language. Verify skull/head profile, limb state, body thickness, scale texture, tail and any crest/frill/horn; do not rely on color alone.",FAIL,PASS_WITH_POLISH -> HOLD
Wallaby,Wallaby,PASS,PASS_WITH_POLISH,PASS,POLISH,POLISH,POLISH,POLISH,POLISH,"Broad family anatomy is usable, but the portrait still shares simplified global body templates and should retain stronger species markers.",MEDIUM,,"No critical routing, clipping, eye, or life-stage issue found in the full-size visual pass. Recognizable within the established stylized family language.",False,Wallaby.png,440,440,RGBA,1256e8ac2cbc55dd855d70f736af97a566f659a0ddcf0ace9d6e669331e133fc,,PASS_WITH_POLISH,Marsupials,HOLD,,"Broad family routing may be usable, but Wallaby still needs an unlabeled silhouette check for body plan, head, eyes/sensory structures, appendages and rear/terminal anatomy.","No critical routing, clipping, eye, or life-stage issue found in the full-size visual pass. Recognizable within the established stylized family language. Broad family routing may be usable, but Wallaby still needs an unlabeled silhouette check for body plan, head, eyes/sensory structures, appendages and rear/terminal anatomy.",FAIL,PASS_WITH_POLISH -> HOLD
Walleye,Walleye,PASS,PASS_WITH_POLISH,PASS,POLISH,POLISH,POLISH,POLISH,POLISH,"Broad family anatomy is usable, but the portrait still shares simplified global body templates and should retain stronger species markers.",MEDIUM,,"No critical routing, clipping, eye, or life-stage issue found in the full-size visual pass. Recognizable within the established stylized family language.",False,Walleye.png,440,440,RGBA,8e75d26660de03b0e10a1befeef679d9f9b12a931aa706c2fa324009edda52d7,,PASS_WITH_POLISH,Perch-like freshwater fish,HOLD,,"The portrait relies on a generic torpedo fish. Correct body depth, head/mouth position, dorsal/anal/pectoral fin shape, caudal fin, markings and any diagnostic appendage.","No critical routing, clipping, eye, or life-stage issue found in the full-size visual pass. Recognizable within the established stylized family language. The portrait relies on a generic torpedo fish. Correct body depth, head/mouth position, dorsal/anal/pectoral fin shape, caudal fin, markings and any diagnostic appendage.",FAIL,PASS_WITH_POLISH -> HOLD
Walrus,Walrus,PASS,PASS,PASS,PASS,PASS,PASS,PASS,PASS,All major regions and defining features are readable at the current stylized scale.,LOW,,"Low horizontal torso, front flippers, broad muzzle, and tusks are clearly readable.",True,Walrus.png,440,440,RGBA,b4771f01eccc04ccfa42597ce7bc5fb0fb316de7f37eb27643b231c74bb50834,,PASS,Marine mammals,PASS,,"Strengthen real marine-mammal proportions: streamlined body, species-correct rostrum/head, dorsal fin placement, pectoral flippers, peduncle and horizontal flukes.",PASS — Leave alone at the current stylized resolution. Major body regions and defining silhouette are sufficiently represented.,PASS,UNCHANGED
Warthog,Warthog,PASS,PASS_WITH_POLISH,PASS,POLISH,POLISH,POLISH,POLISH,POLISH,"Broad family anatomy is usable, but the portrait still shares simplified global body templates and should retain stronger species markers.",MEDIUM,,"No critical routing, clipping, eye, or life-stage issue found in the full-size visual pass. Recognizable within the established stylized family language.",True,Warthog.png,440,440,RGBA,e646b1eb65762f676f9cb51838ac8943e96ab389acf67e9ff55c29db4cd5f432,,PASS_WITH_POLISH,Pigs and relatives,HOLD,,"Broad family routing may be usable, but Warthog still needs an unlabeled silhouette check for body plan, head, eyes/sensory structures, appendages and rear/terminal anatomy.","No critical routing, clipping, eye, or life-stage issue found in the full-size visual pass. Recognizable within the established stylized family language. Broad family routing may be usable, but Warthog still needs an unlabeled silhouette check for body plan, head, eyes/sensory structures, appendages and rear/terminal anatomy.",FAIL,PASS_WITH_POLISH -> HOLD
Wasp,Wasp,PASS,PASS,PASS,PASS,PASS,PASS,PASS,PASS,All major regions and defining features are readable at the current stylized scale.,LOW,,"Wings, narrow waist, and segmented insect body are now readable.",True,Wasp.png,440,440,RGBA,29c76af030ea0e72f2aff654a34061421e3facf1d451f1c604fec6d895a49808,,PASS,Insects,PASS,,"Use correct insect anatomy: distinct head/thorax/abdomen, six articulated legs, correct wing count and attachment, antennae, mouthparts and species-specific shell/body proportions.",PASS — Leave alone at the current stylized resolution. Major body regions and defining silhouette are sufficiently represented.,PASS,UNCHANGED
Water_Beetle,Water Beetle,PASS,PASS_WITH_POLISH,PASS,POLISH,POLISH,POLISH,POLISH,POLISH,"Broad family anatomy is usable, but the portrait still shares simplified global body templates and should retain stronger species markers.",HIGH,Diving_Beetle,"No critical routing, clipping, eye, or life-stage issue found in the full-size visual pass. Recognizable within the established stylized family language.",False,Water_Beetle.png,440,440,RGBA,3545859f8abafe2d9b08c485357b5db00477e7322693543727c87821a3630b53,,PASS_WITH_POLISH,Insects,HOLD,,"Use correct insect anatomy: distinct head/thorax/abdomen, six articulated legs, correct wing count and attachment, antennae, mouthparts and species-specific shell/body proportions.","No critical routing, clipping, eye, or life-stage issue found in the full-size visual pass. Recognizable within the established stylized family language. Use correct insect anatomy: distinct head/thorax/abdomen, six articulated legs, correct wing count and attachment, antennae, mouthparts and species-specific shell/body proportions.",FAIL,PASS_WITH_POLISH -> HOLD
Water_Buffalo,Water Buffalo,PASS,PASS_WITH_POLISH,PASS,POLISH,POLISH,POLISH,POLISH,POLISH,"Broad family anatomy is usable, but the portrait still shares simplified global body templates and should retain stronger species markers.",MEDIUM,,"No critical routing, clipping, eye, or life-stage issue found in the full-size visual pass. Recognizable within the established stylized family language.",True,Water_Buffalo.png,440,440,RGBA,e6798ded2164db6210ba09d55eb855258da1b79dabe8197b4346b84f7ede30cc,,PASS_WITH_POLISH,Cattle and bovids,HOLD,,"The ungulate base is usable, but the named species must have correct horn/antler geometry, neck, shoulder/croup mass, leg length, hooves, head and tail.","No critical routing, clipping, eye, or life-stage issue found in the full-size visual pass. Recognizable within the established stylized family language. The ungulate base is usable, but the named species must have correct horn/antler geometry, neck, shoulder/croup mass, leg length, hooves, head and tail.",FAIL,PASS_WITH_POLISH -> HOLD
Water_Flea,Water Flea,PASS,PASS_WITH_POLISH,PASS,POLISH,POLISH,POLISH,POLISH,POLISH,"Broad family anatomy is usable, but the portrait still shares simplified global body templates and should retain stronger species markers.",MEDIUM,,"No critical routing, clipping, eye, or life-stage issue found in the full-size visual pass. Recognizable within the established stylized family language.",False,Water_Flea.png,440,440,RGBA,705fe3d49a6c0482836dd1254da7aa75d06a4c7ac85fec6c88e8dbbaab584b84,,PASS_WITH_POLISH,Ice and cave insects,HOLD,,"Use correct insect anatomy: distinct head/thorax/abdomen, six articulated legs, correct wing count and attachment, antennae, mouthparts and species-specific shell/body proportions.","No critical routing, clipping, eye, or life-stage issue found in the full-size visual pass. Recognizable within the established stylized family language. Use correct insect anatomy: distinct head/thorax/abdomen, six articulated legs, correct wing count and attachment, antennae, mouthparts and species-specific shell/body proportions.",FAIL,PASS_WITH_POLISH -> HOLD
Water_Snail,Water Snail,PASS,PASS_WITH_POLISH,PASS,POLISH,POLISH,POLISH,POLISH,POLISH,"Broad family anatomy is usable, but the portrait still shares simplified global body templates and should retain stronger species markers.",MEDIUM,,"No critical routing, clipping, eye, or life-stage issue found in the full-size visual pass. Recognizable within the established stylized family language.",False,Water_Snail.png,440,440,RGBA,3a1d399c0d2b4ff0f7dc77b54d5325a159e52b210a04709d4c67dfb9cadf1e71,,PASS_WITH_POLISH,Gastropods,HOLD,,"Broad family routing may be usable, but Water Snail still needs an unlabeled silhouette check for body plan, head, eyes/sensory structures, appendages and rear/terminal anatomy.","No critical routing, clipping, eye, or life-stage issue found in the full-size visual pass. Recognizable within the established stylized family language. Broad family routing may be usable, but Water Snail still needs an unlabeled silhouette check for body plan, head, eyes/sensory structures, appendages and rear/terminal anatomy.",FAIL,PASS_WITH_POLISH -> HOLD
Water_Snake,Water Snake,PASS,PASS_WITH_POLISH,PASS,POLISH,POLISH,POLISH,POLISH,POLISH,"Broad family anatomy is usable, but the portrait still shares simplified global body templates and should retain stronger species markers.",MEDIUM,,"No critical routing, clipping, eye, or life-stage issue found in the full-size visual pass. Recognizable within the established stylized family language.",False,Water_Snake.png,440,440,RGBA,efb6d023f56cb0b1b4f5739117b123a9d68e289c37cd12aa43f32a8e68a6225d,,PASS_WITH_POLISH,Other snakes,HOLD,,"Verify skull/head profile, limb state, body thickness, scale texture, tail and any crest/frill/horn; do not rely on color alone.","No critical routing, clipping, eye, or life-stage issue found in the full-size visual pass. Recognizable within the established stylized family language. Verify skull/head profile, limb state, body thickness, scale texture, tail and any crest/frill/horn; do not rely on color alone.",FAIL,PASS_WITH_POLISH -> HOLD
Water_Strider,Water Strider,FAIL,FAIL,FAIL,FAIL,FAIL,PASS,FAIL,FAIL,FAIL,HIGH,Chiton,Current tiny bead insect lacks extremely long surface-spanning legs and narrow skating body.,False,Water_Strider.png,440,440,RGBA,22f958617b85210789b968587fa3e184dfeae7c28d78137d1155dedac06200c9,,FAIL,True bugs,FAIL,,"Use correct insect anatomy: distinct head/thorax/abdomen, six articulated legs, correct wing count and attachment, antennae, mouthparts and species-specific shell/body proportions.","Current tiny bead insect lacks extremely long surface-spanning legs and narrow skating body. Use correct insect anatomy: distinct head/thorax/abdomen, six articulated legs, correct wing count and attachment, antennae, mouthparts and species-specific shell/body proportions.",FAIL,UNCHANGED
Water_Vole,Water Vole,PASS,PASS_WITH_POLISH,PASS,POLISH,POLISH,POLISH,POLISH,POLISH,"Broad family anatomy is usable, but the portrait still shares simplified global body templates and should retain stronger species markers.",MEDIUM,,"No critical routing, clipping, eye, or life-stage issue found in the full-size visual pass. Recognizable within the established stylized family language.",False,Water_Vole.png,440,440,RGBA,adf0a4accd4f1ca90c3bcba519a06c8870db4c27c545bd3174bb5945c84f0827,,PASS_WITH_POLISH,Rodents,HOLD,,"Verify rodent/lagomorph skull, incisors/muzzle, fore/hind foot proportions, body posture and tail; several currently inherit the rabbit-like template.","No critical routing, clipping, eye, or life-stage issue found in the full-size visual pass. Recognizable within the established stylized family language. Verify rodent/lagomorph skull, incisors/muzzle, fore/hind foot proportions, body posture and tail; several currently inherit the rabbit-like template.",FAIL,PASS_WITH_POLISH -> HOLD
Weasel,Weasel,PASS,PASS_WITH_POLISH,PASS,POLISH,POLISH,POLISH,POLISH,POLISH,"Broad family anatomy is usable, but the portrait still shares simplified global body templates and should retain stronger species markers.",MEDIUM,,"No critical routing, clipping, eye, or life-stage issue found in the full-size visual pass. Recognizable within the established stylized family language.",True,Weasel.png,440,440,RGBA,a36fd611d34756234df76e212a5d5f9fa7e10079fbba9922a4e77f0bec941f0a,,PASS_WITH_POLISH,Weasels and relatives,HOLD,,"Use the correct low flexible carnivoran torso, pawed limbs, skull/muzzle, and species-specific tail instead of one shared long-body template.","No critical routing, clipping, eye, or life-stage issue found in the full-size visual pass. Recognizable within the established stylized family language. Use the correct low flexible carnivoran torso, pawed limbs, skull/muzzle, and species-specific tail instead of one shared long-body template.",FAIL,PASS_WITH_POLISH -> HOLD
Weaverbird,Weaverbird,PASS,PASS_WITH_POLISH,PASS,POLISH,POLISH,POLISH,POLISH,POLISH,"Broad family anatomy is usable, but the portrait still shares simplified global body templates and should retain stronger species markers.",HIGH,Finch | Lark | Plover | Robin | Sparrow | Spider | Starling | Swallow | Swift | Tanager,"No critical routing, clipping, eye, or life-stage issue found in the full-size visual pass. Recognizable within the established stylized family language.",False,Weaverbird.png,440,440,RGBA,7adab709bd183ac72c85be24099a29ec8e73bc5942a8f9b9e6206237917896ce,,PASS_WITH_POLISH,Other or uncertain,HOLD,,"Broad family routing may be usable, but Weaverbird still needs an unlabeled silhouette check for body plan, head, eyes/sensory structures, appendages and rear/terminal anatomy.","No critical routing, clipping, eye, or life-stage issue found in the full-size visual pass. Recognizable within the established stylized family language. Broad family routing may be usable, but Weaverbird still needs an unlabeled silhouette check for body plan, head, eyes/sensory structures, appendages and rear/terminal anatomy.",FAIL,PASS_WITH_POLISH -> HOLD
Whale,Whale,FAIL,FAIL,FAIL,FAIL,FAIL,PASS,FAIL,FAIL,FAIL,HIGH,,"Current dark fish-like blob lacks a cetacean body, blowhole/head, pectoral flippers, and horizontal flukes.",False,Whale.png,440,440,RGBA,6f8fe916d31669dfa548e8c7593fcd198559b7dacb8e9e503c9efd33fcff3ac9,,FAIL,Cetaceans,FAIL,,"Strengthen real marine-mammal proportions: streamlined body, species-correct rostrum/head, dorsal fin placement, pectoral flippers, peduncle and horizontal flukes.","Current dark fish-like blob lacks a cetacean body, blowhole/head, pectoral flippers, and horizontal flukes. Strengthen real marine-mammal proportions: streamlined body, species-correct rostrum/head, dorsal fin placement, pectoral flippers, peduncle and horizontal flukes.",FAIL,UNCHANGED
Whale_Shark,Whale Shark,FAIL,FAIL,FAIL,FAIL,FAIL,PASS,FAIL,FAIL,FAIL,HIGH,,"Spots are present, but the body needs a broad flat filter-feeding head, large mouth, stronger gill region, and shark tail.",False,Whale_Shark.png,440,440,RGBA,b4eefae67f81da5d5cc09cfd636b37cace244640e40c469bcc4970a1f4d22429,,FAIL,Sharks,FAIL,,"The portrait relies on a generic torpedo fish. Correct body depth, head/mouth position, dorsal/anal/pectoral fin shape, caudal fin, markings and any diagnostic appendage.","Spots are present, but the body needs a broad flat filter-feeding head, large mouth, stronger gill region, and shark tail. The portrait relies on a generic torpedo fish. Correct body depth, head/mouth position, dorsal/anal/pectoral fin shape, caudal fin, markings and any diagnostic appendage.",FAIL,UNCHANGED
Whip_Snake,Whip Snake,PASS,PASS_WITH_POLISH,PASS,POLISH,POLISH,POLISH,POLISH,POLISH,"Broad family anatomy is usable, but the portrait still shares simplified global body templates and should retain stronger species markers.",HIGH,Anaconda,"No critical routing, clipping, eye, or life-stage issue found in the full-size visual pass. Recognizable within the established stylized family language.",False,Whip_Snake.png,440,440,RGBA,37fdde8d19b57ea00bd704fde656f446490c113f8b07efb335f973fab0a28a86,,PASS_WITH_POLISH,Other snakes,HOLD,,"Verify skull/head profile, limb state, body thickness, scale texture, tail and any crest/frill/horn; do not rely on color alone.","No critical routing, clipping, eye, or life-stage issue found in the full-size visual pass. Recognizable within the established stylized family language. Verify skull/head profile, limb state, body thickness, scale texture, tail and any crest/frill/horn; do not rely on color alone.",FAIL,PASS_WITH_POLISH -> HOLD
Whiptail,Whiptail,PASS,PASS_WITH_POLISH,PASS,POLISH,POLISH,POLISH,POLISH,POLISH,"Broad family anatomy is usable, but the portrait still shares simplified global body templates and should retain stronger species markers.",MEDIUM,,"No critical routing, clipping, eye, or life-stage issue found in the full-size visual pass. Recognizable within the established stylized family language.",True,Whiptail.png,440,440,RGBA,2fd4003036bf69b9ef936cde1c71f71f361b97b86fd6c85f7a851c3cdcd6ed19,,PASS_WITH_POLISH,Medium and small lizards,HOLD,,"Verify skull/head profile, limb state, body thickness, scale texture, tail and any crest/frill/horn; do not rely on color alone.","No critical routing, clipping, eye, or life-stage issue found in the full-size visual pass. Recognizable within the established stylized family language. Verify skull/head profile, limb state, body thickness, scale texture, tail and any crest/frill/horn; do not rely on color alone.",FAIL,PASS_WITH_POLISH -> HOLD
Whitefish,Whitefish,PASS,PASS_WITH_POLISH,PASS,POLISH,POLISH,POLISH,POLISH,POLISH,"Broad family anatomy is usable, but the portrait still shares simplified global body templates and should retain stronger species markers.",MEDIUM,,"No critical routing, clipping, eye, or life-stage issue found in the full-size visual pass. Recognizable within the established stylized family language.",False,Whitefish.png,440,440,RGBA,07e954cd00740398c856a6b59ac242b0a1527ec910ae78cbc965594d298fc75e,,PASS_WITH_POLISH,Salmon-like fish,HOLD,,"The portrait relies on a generic torpedo fish. Correct body depth, head/mouth position, dorsal/anal/pectoral fin shape, caudal fin, markings and any diagnostic appendage.","No critical routing, clipping, eye, or life-stage issue found in the full-size visual pass. Recognizable within the established stylized family language. The portrait relies on a generic torpedo fish. Correct body depth, head/mouth position, dorsal/anal/pectoral fin shape, caudal fin, markings and any diagnostic appendage.",FAIL,PASS_WITH_POLISH -> HOLD
Wild_Ass,Wild Ass,PASS,PASS_WITH_POLISH,PASS,POLISH,POLISH,POLISH,POLISH,POLISH,"Broad family anatomy is usable, but the portrait still shares simplified global body templates and should retain stronger species markers.",MEDIUM,,"No critical routing, clipping, eye, or life-stage issue found in the full-size visual pass. Recognizable within the established stylized family language.",True,Wild_Ass.png,440,440,RGBA,595d4901443a27b99339170eecc2be7fdc99d2dcefd009fe6a10edcdd68d2cc0,,PASS_WITH_POLISH,Horses and relatives,HOLD,,"Use a dedicated equid scaffold: deep barrel torso, withers, sloped shoulder, muscular croup, long wedge-shaped head, articulated knees/hocks/fetlocks, hooves, mane, and flowing or tufted tail.","No critical routing, clipping, eye, or life-stage issue found in the full-size visual pass. Recognizable within the established stylized family language. Use a dedicated equid scaffold: deep barrel torso, withers, sloped shoulder, muscular croup, long wedge-shaped head, articulated knees/hocks/fetlocks, hooves, mane, and flowing or tufted tail.",FAIL,PASS_WITH_POLISH -> HOLD
Wild_Boar,Wild Boar,PASS,PASS_WITH_POLISH,PASS,POLISH,POLISH,POLISH,POLISH,POLISH,"Broad family anatomy is usable, but the portrait still shares simplified global body templates and should retain stronger species markers.",MEDIUM,,"No critical routing, clipping, eye, or life-stage issue found in the full-size visual pass. Recognizable within the established stylized family language.",True,Wild_Boar.png,440,440,RGBA,e4f62d7a261986544b5b2c82a0bfc278b887b7f563732213b0d9f5e42989836c,,PASS_WITH_POLISH,Pigs and relatives,HOLD,,"Broad family routing may be usable, but Wild Boar still needs an unlabeled silhouette check for body plan, head, eyes/sensory structures, appendages and rear/terminal anatomy.","No critical routing, clipping, eye, or life-stage issue found in the full-size visual pass. Recognizable within the established stylized family language. Broad family routing may be usable, but Wild Boar still needs an unlabeled silhouette check for body plan, head, eyes/sensory structures, appendages and rear/terminal anatomy.",FAIL,PASS_WITH_POLISH -> HOLD
Wild_Horse,Wild Horse,FAIL,FAIL,FAIL,FAIL,FAIL,PASS,FAIL,FAIL,FAIL,HIGH,,"Current generic ungulate lacks an equine skull, mane, chest, horse joints/hooves, and flowing tail.",True,Wild_Horse.png,440,440,RGBA,f947195471acd9c293b0fae607ccdd703a3d4e65db0e8927365a0a8a70d2c78f,,FAIL,Equids,FAIL,,"Use a dedicated equid scaffold: deep barrel torso, withers, sloped shoulder, muscular croup, long wedge-shaped head, articulated knees/hocks/fetlocks, hooves, mane, and flowing or tufted tail.","Current generic ungulate lacks an equine skull, mane, chest, horse joints/hooves, and flowing tail. Use a dedicated equid scaffold: deep barrel torso, withers, sloped shoulder, muscular croup, long wedge-shaped head, articulated knees/hocks/fetlocks, hooves, mane, and flowing or tufted tail.",FAIL,UNCHANGED
Wild_Pig,Wild Pig,PASS,PASS_WITH_POLISH,PASS,POLISH,POLISH,POLISH,POLISH,POLISH,"Broad family anatomy is usable, but the portrait still shares simplified global body templates and should retain stronger species markers.",MEDIUM,,"No critical routing, clipping, eye, or life-stage issue found in the full-size visual pass. Recognizable within the established stylized family language.",True,Wild_Pig.png,440,440,RGBA,ec0ebc0153c5cf2d44980cf7a290025d9c8dd0546f2f091e1cc9279eaf8caab6,,PASS_WITH_POLISH,Other or uncertain,HOLD,,"Broad family routing may be usable, but Wild Pig still needs an unlabeled silhouette check for body plan, head, eyes/sensory structures, appendages and rear/terminal anatomy.","No critical routing, clipping, eye, or life-stage issue found in the full-size visual pass. Recognizable within the established stylized family language. Broad family routing may be usable, but Wild Pig still needs an unlabeled silhouette check for body plan, head, eyes/sensory structures, appendages and rear/terminal anatomy.",FAIL,PASS_WITH_POLISH -> HOLD
Wild_Pony,Wild Pony,PASS,PASS_WITH_POLISH,PASS,POLISH,POLISH,POLISH,POLISH,POLISH,"Broad family anatomy is usable, but the portrait still shares simplified global body templates and should retain stronger species markers.",MEDIUM,,"No critical routing, clipping, eye, or life-stage issue found in the full-size visual pass. Recognizable within the established stylized family language.",True,Wild_Pony.png,440,440,RGBA,338da17ee6f2187d4f917b6465e92f40e6f096522ed18b6d89cde452e40a659f,,PASS_WITH_POLISH,Equids,HOLD,,"Use a dedicated equid scaffold: deep barrel torso, withers, sloped shoulder, muscular croup, long wedge-shaped head, articulated knees/hocks/fetlocks, hooves, mane, and flowing or tufted tail.","No critical routing, clipping, eye, or life-stage issue found in the full-size visual pass. Recognizable within the established stylized family language. Use a dedicated equid scaffold: deep barrel torso, withers, sloped shoulder, muscular croup, long wedge-shaped head, articulated knees/hocks/fetlocks, hooves, mane, and flowing or tufted tail.",FAIL,PASS_WITH_POLISH -> HOLD
Wild_Sheep,Wild Sheep,PASS,PASS_WITH_POLISH,PASS,POLISH,POLISH,POLISH,POLISH,POLISH,"Broad family anatomy is usable, but the portrait still shares simplified global body templates and should retain stronger species markers.",MEDIUM,,"No critical routing, clipping, eye, or life-stage issue found in the full-size visual pass. Recognizable within the established stylized family language.",True,Wild_Sheep.png,440,440,RGBA,7d555e89e6a8a120d05a023dffb126c93c5e15fab890ff78e294600fed96a69e,,PASS_WITH_POLISH,Other or uncertain,HOLD,,"Broad family routing may be usable, but Wild Sheep still needs an unlabeled silhouette check for body plan, head, eyes/sensory structures, appendages and rear/terminal anatomy.","No critical routing, clipping, eye, or life-stage issue found in the full-size visual pass. Recognizable within the established stylized family language. Broad family routing may be usable, but Wild Sheep still needs an unlabeled silhouette check for body plan, head, eyes/sensory structures, appendages and rear/terminal anatomy.",FAIL,PASS_WITH_POLISH -> HOLD
Wildcat,Wildcat,FAIL,FAIL,FAIL,FAIL,FAIL,PASS,FAIL,FAIL,FAIL,HIGH,,"Current generic spotted quadruped lacks feline torso, paws, cat skull, and full tail.",True,Wildcat.png,440,440,RGBA,068ebc0196b5081ecc409119f95b3540e30a9aa7ee945f6b67dcd87f8e0a0a16,,FAIL,Small and domestic cats,FAIL,,"The catalog repeatedly uses an ungulate-like torso and straight hoof-like legs for felids. Use a feline ribcage/shoulder line, digitigrade legs with paws, feline skull and muzzle, flexible spine, and species-correct tail.","Current generic spotted quadruped lacks feline torso, paws, cat skull, and full tail. The catalog repeatedly uses an ungulate-like torso and straight hoof-like legs for felids. Use a feline ribcage/shoulder line, digitigrade legs with paws, feline skull and muzzle, flexible spine, and species-correct tail.",FAIL,UNCHANGED
Wildebeest,Wildebeest,PASS,PASS_WITH_POLISH,PASS,POLISH,POLISH,POLISH,POLISH,POLISH,"Broad family anatomy is usable, but the portrait still shares simplified global body templates and should retain stronger species markers.",MEDIUM,,"No critical routing, clipping, eye, or life-stage issue found in the full-size visual pass. Recognizable within the established stylized family language.",True,Wildebeest.png,440,440,RGBA,9d97fce4f066b150a5adc3a2ca09b47820332074985dec5e3e20dd1ded83df95,,PASS_WITH_POLISH,Cattle and bovids,HOLD,,"The ungulate base is usable, but the named species must have correct horn/antler geometry, neck, shoulder/croup mass, leg length, hooves, head and tail.","No critical routing, clipping, eye, or life-stage issue found in the full-size visual pass. Recognizable within the established stylized family language. The ungulate base is usable, but the named species must have correct horn/antler geometry, neck, shoulder/croup mass, leg length, hooves, head and tail.",FAIL,PASS_WITH_POLISH -> HOLD
Wolf,Wolf,FAIL,FAIL,FAIL,FAIL,FAIL,PASS,FAIL,FAIL,FAIL,HIGH,,"Current deer-like body lacks a powerful canine chest, large paws, wolf muzzle, neck ruff, and full tail.",True,Wolf.png,440,440,RGBA,64973bdc2620e85f8ca392c4e2fe044e4ba5042b25dd0f7e30b4c4f24218c1c2,,FAIL,Dogs and dog-like mammals,FAIL,,"The catalog repeatedly uses a deer-like quadruped for canids. Use a deep canine chest, digitigrade paws/hocks, canine skull and muzzle, and a properly furred tail.","Current deer-like body lacks a powerful canine chest, large paws, wolf muzzle, neck ruff, and full tail. The catalog repeatedly uses a deer-like quadruped for canids. Use a deep canine chest, digitigrade paws/hocks, canine skull and muzzle, and a properly furred tail.",FAIL,UNCHANGED
Wolverine,Wolverine,PASS,PASS_WITH_POLISH,PASS,POLISH,POLISH,POLISH,POLISH,POLISH,"Broad family anatomy is usable, but the portrait still shares simplified global body templates and should retain stronger species markers.",MEDIUM,,"No critical routing, clipping, eye, or life-stage issue found in the full-size visual pass. Recognizable within the established stylized family language.",True,Wolverine.png,440,440,RGBA,c76eb35e8a13b742b8e08cbeb8621768e652f8fb5e92d244911b4ce0b668a8d9,,PASS_WITH_POLISH,Weasels and relatives,HOLD,,"Use the correct low flexible carnivoran torso, pawed limbs, skull/muzzle, and species-specific tail instead of one shared long-body template.","No critical routing, clipping, eye, or life-stage issue found in the full-size visual pass. Recognizable within the established stylized family language. Use the correct low flexible carnivoran torso, pawed limbs, skull/muzzle, and species-specific tail instead of one shared long-body template.",FAIL,PASS_WITH_POLISH -> HOLD
Wombat,Wombat,PASS,PASS_WITH_POLISH,PASS,POLISH,POLISH,POLISH,POLISH,POLISH,"Broad family anatomy is usable, but the portrait still shares simplified global body templates and should retain stronger species markers.",MEDIUM,,"No critical routing, clipping, eye, or life-stage issue found in the full-size visual pass. Recognizable within the established stylized family language.",True,Wombat.png,440,440,RGBA,24b9c0cf2ee2faf3d36f7667e3ccba5d8446434e432b0b4822410e7c42ad9c54,,PASS_WITH_POLISH,Marsupials,HOLD,,"Broad family routing may be usable, but Wombat still needs an unlabeled silhouette check for body plan, head, eyes/sensory structures, appendages and rear/terminal anatomy.","No critical routing, clipping, eye, or life-stage issue found in the full-size visual pass. Recognizable within the established stylized family language. Broad family routing may be usable, but Wombat still needs an unlabeled silhouette check for body plan, head, eyes/sensory structures, appendages and rear/terminal anatomy.",FAIL,PASS_WITH_POLISH -> HOLD
Wood_Frog,Wood Frog,PASS,PASS_WITH_POLISH,PASS,POLISH,POLISH,POLISH,POLISH,POLISH,"Broad family anatomy is usable, but the portrait still shares simplified global body templates and should retain stronger species markers.",MEDIUM,,"No critical routing, clipping, eye, or life-stage issue found in the full-size visual pass. Recognizable within the established stylized family language.",False,Wood_Frog.png,440,440,RGBA,43c8b2eb2ca5e8750b24732c1454a0a492691822deca8abc7fddb7d19fb35dd8,,PASS_WITH_POLISH,Frogs and toads,HOLD,,"Verify body width, head/mouth, eye placement, fore/hind limb proportions, toes, tail state and skin texture; color alone should not define the species.","No critical routing, clipping, eye, or life-stage issue found in the full-size visual pass. Recognizable within the established stylized family language. Verify body width, head/mouth, eye placement, fore/hind limb proportions, toes, tail state and skin texture; color alone should not define the species.",FAIL,PASS_WITH_POLISH -> HOLD
Woodpecker,Woodpecker,FAIL,FAIL,FAIL,FAIL,FAIL,PASS,FAIL,FAIL,FAIL,HIGH,,"Current generic songbird lacks a long chisel bill, stiff tail, climbing feet, and upright trunk-clinging posture.",False,Woodpecker.png,440,440,RGBA,4e45df27b611e6b4a523d5f2e599d312e6bd6ee8e08dfbc24719f62d17bdaee9,,FAIL,Woodpeckers,FAIL,,"Broad family routing may be usable, but Woodpecker still needs an unlabeled silhouette check for body plan, head, eyes/sensory structures, appendages and rear/terminal anatomy.","Current generic songbird lacks a long chisel bill, stiff tail, climbing feet, and upright trunk-clinging posture. Broad family routing may be usable, but Woodpecker still needs an unlabeled silhouette check for body plan, head, eyes/sensory structures, appendages and rear/terminal anatomy.",FAIL,UNCHANGED
Wrasse,Wrasse,PASS,PASS_WITH_POLISH,PASS,POLISH,POLISH,POLISH,POLISH,POLISH,"Broad family anatomy is usable, but the portrait still shares simplified global body templates and should retain stronger species markers.",HIGH,Blind_Fish,"No critical routing, clipping, eye, or life-stage issue found in the full-size visual pass. Recognizable within the established stylized family language.",False,Wrasse.png,440,440,RGBA,786bd8d18a344331bbb8a740c52c9f8e265ee6f7999b3d7e18f534ceba34a03f,,PASS_WITH_POLISH,Reef fish,HOLD,,"The portrait relies on a generic torpedo fish. Correct body depth, head/mouth position, dorsal/anal/pectoral fin shape, caudal fin, markings and any diagnostic appendage.","No critical routing, clipping, eye, or life-stage issue found in the full-size visual pass. Recognizable within the established stylized family language. The portrait relies on a generic torpedo fish. Correct body depth, head/mouth position, dorsal/anal/pectoral fin shape, caudal fin, markings and any diagnostic appendage.",FAIL,PASS_WITH_POLISH -> HOLD
Yak,Yak,PASS,PASS_WITH_POLISH,PASS,POLISH,POLISH,POLISH,POLISH,POLISH,"Broad family anatomy is usable, but the portrait still shares simplified global body templates and should retain stronger species markers.",MEDIUM,,"No critical routing, clipping, eye, or life-stage issue found in the full-size visual pass. Recognizable within the established stylized family language.",True,Yak.png,440,440,RGBA,ae741d5b791b3ddf2dd04f44f823f466a8bb629a6806931a52c22689adc959a2,,PASS_WITH_POLISH,Cattle and bovids,HOLD,,"The ungulate base is usable, but the named species must have correct horn/antler geometry, neck, shoulder/croup mass, leg length, hooves, head and tail.","No critical routing, clipping, eye, or life-stage issue found in the full-size visual pass. Recognizable within the established stylized family language. The ungulate base is usable, but the named species must have correct horn/antler geometry, neck, shoulder/croup mass, leg length, hooves, head and tail.",FAIL,PASS_WITH_POLISH -> HOLD
Zebra,Zebra,PASS,PASS_WITH_POLISH,PASS,POLISH,POLISH,POLISH,POLISH,POLISH,"Broad family anatomy is usable, but the portrait still shares simplified global body templates and should retain stronger species markers.",MEDIUM,,"No critical routing, clipping, eye, or life-stage issue found in the full-size visual pass. Recognizable within the established stylized family language.",True,Zebra.png,440,440,RGBA,1e25400883022a72c7724067d16debfab64ff075b441fede66f1af03e82caccf,,PASS_WITH_POLISH,Horses and relatives,HOLD,,"Use a dedicated equid scaffold: deep barrel torso, withers, sloped shoulder, muscular croup, long wedge-shaped head, articulated knees/hocks/fetlocks, hooves, mane, and flowing or tufted tail.","No critical routing, clipping, eye, or life-stage issue found in the full-size visual pass. Recognizable within the established stylized family language. Use a dedicated equid scaffold: deep barrel torso, withers, sloped shoulder, muscular croup, long wedge-shaped head, articulated knees/hocks/fetlocks, hooves, mane, and flowing or tufted tail.",FAIL,PASS_WITH_POLISH -> HOLD
